country,iso3,year,debt_default_usd_mil,default_state,default_lag1,default_lag2,default_lead1,onset_next_year,hard_onset_next_year,incidence_next_year,continuation_next_year
Afghanistan,AFG,1960,0.0,0,,,0.0,0,0,0,0
Afghanistan,AFG,1961,0.0,0,0.0,,0.0,0,0,0,0
Afghanistan,AFG,1962,0.0,0,0.0,0.0,0.0,0,0,0,0
Afghanistan,AFG,1963,0.0,0,0.0,0.0,1.0,1,1,1,0
Afghanistan,AFG,1964,267.0,1,0.0,0.0,1.0,0,0,1,1
Afghanistan,AFG,1965,267.0,1,1.0,0.0,1.0,0,0,1,1
Afghanistan,AFG,1966,267.0,1,1.0,1.0,1.0,0,0,1,1
Afghanistan,AFG,1967,2.7,1,1.0,1.0,0.0,0,0,0,0
Afghanistan,AFG,1968,0.0,0,1.0,1.0,0.0,0,0,0,0
Afghanistan,AFG,1969,0.0,0,0.0,1.0,0.0,0,0,0,0
Afghanistan,AFG,1970,0.0,0,0.0,0.0,0.0,0,0,0,0
Afghanistan,AFG,1971,0.0,0,0.0,0.0,1.0,1,1,1,0
Afghanistan,AFG,1972,37.0,1,0.0,0.0,0.0,0,0,0,0
Afghanistan,AFG,1973,0.0,0,1.0,0.0,0.0,0,0,0,0
Afghanistan,AFG,1974,0.0,0,0.0,1.0,0.0,0,0,0,0
Afghanistan,AFG,1975,0.0,0,0.0,0.0,1.0,1,1,1,0
Afghanistan,AFG,1976,437.0,1,0.0,0.0,0.0,0,0,0,0
Afghanistan,AFG,1977,0.0,0,1.0,0.0,0.0,0,0,0,0
Afghanistan,AFG,1978,0.0,0,0.0,1.0,0.0,0,0,0,0
Afghanistan,AFG,1979,0.0,0,0.0,0.0,1.0,1,1,1,0
Afghanistan,AFG,1980,15.0,1,0.0,0.0,0.0,0,0,0,0
Afghanistan,AFG,1981,0.0,0,1.0,0.0,1.0,1,0,1,0
Afghanistan,AFG,1982,3.0,1,0.0,1.0,0.0,0,0,0,0
Afghanistan,AFG,1983,0.0,0,1.0,0.0,0.0,0,0,0,0
Afghanistan,AFG,1984,0.0,0,0.0,1.0,1.0,1,1,1,0
Afghanistan,AFG,1985,10.0,1,0.0,0.0,1.0,0,0,1,1
Afghanistan,AFG,1986,10.0,1,1.0,0.0,0.0,0,0,0,0
Afghanistan,AFG,1987,0.0,0,1.0,1.0,0.0,0,0,0,0
Afghanistan,AFG,1988,0.0,0,0.0,1.0,1.0,1,1,1,0
Afghanistan,AFG,1989,0.372,1,0.0,0.0,0.0,0,0,0,0
Afghanistan,AFG,1990,0.0,0,1.0,0.0,0.0,0,0,0,0
Afghanistan,AFG,1991,0.0,0,0.0,1.0,1.0,1,1,1,0
Afghanistan,AFG,1992,5.023,1,0.0,0.0,1.0,0,0,1,1
Afghanistan,AFG,1993,115.793,1,1.0,0.0,1.0,0,0,1,1
Afghanistan,AFG,1994,30.348,1,1.0,1.0,1.0,0,0,1,1
Afghanistan,AFG,1995,249.562,1,1.0,1.0,1.0,0,0,1,1
Afghanistan,AFG,1996,27.483999999999998,1,1.0,1.0,1.0,0,0,1,1
Afghanistan,AFG,1997,32.6023271775,1,1.0,1.0,1.0,0,0,1,1
Afghanistan,AFG,1998,112.64898667637357,1,1.0,1.0,1.0,0,0,1,1
Afghanistan,AFG,1999,42.152287665509625,1,1.0,1.0,1.0,0,0,1,1
Afghanistan,AFG,2000,396.3200181561572,1,1.0,1.0,1.0,0,0,1,1
Afghanistan,AFG,2001,288.78969941102474,1,1.0,1.0,1.0,0,0,1,1
Afghanistan,AFG,2002,113.34601563427105,1,1.0,1.0,1.0,0,0,1,1
Afghanistan,AFG,2003,0.208,1,1.0,1.0,1.0,0,0,1,1
Afghanistan,AFG,2004,3.845,1,1.0,1.0,0.0,0,0,0,0
Afghanistan,AFG,2005,0.0,0,1.0,1.0,1.0,1,0,1,0
Afghanistan,AFG,2006,2533.5376051999997,1,0.0,1.0,1.0,0,0,1,1
Afghanistan,AFG,2007,164.3903983,1,1.0,0.0,1.0,0,0,1,1
Afghanistan,AFG,2008,170.87456389999997,1,1.0,1.0,1.0,0,0,1,1
Afghanistan,AFG,2009,91.30992790000002,1,1.0,1.0,1.0,0,0,1,1
Afghanistan,AFG,2010,1092.0,1,1.0,1.0,1.0,0,0,1,1
Afghanistan,AFG,2011,144.105277,1,1.0,1.0,1.0,0,0,1,1
Afghanistan,AFG,2012,172.65312169999999,1,1.0,1.0,1.0,0,0,1,1
Afghanistan,AFG,2013,201.3618485,1,1.0,1.0,1.0,0,0,1,1
Afghanistan,AFG,2014,320.22705160000004,1,1.0,1.0,1.0,0,0,1,1
Afghanistan,AFG,2015,367.92815040000005,1,1.0,1.0,1.0,0,0,1,1
Afghanistan,AFG,2016,445.6615443,1,1.0,1.0,1.0,0,0,1,1
Afghanistan,AFG,2017,529.599005,1,1.0,1.0,1.0,0,0,1,1
Afghanistan,AFG,2018,605.330004,1,1.0,1.0,1.0,0,0,1,1
Afghanistan,AFG,2019,679.09,1,1.0,1.0,1.0,0,0,1,1
Afghanistan,AFG,2020,751.568,1,1.0,1.0,1.0,0,0,1,1
Afghanistan,AFG,2021,825.7948050999998,1,1.0,1.0,1.0,0,0,1,1
Afghanistan,AFG,2022,2471.7,1,1.0,1.0,1.0,0,0,1,1
Afghanistan,AFG,2023,2505.0,1,1.0,1.0,,0,0,0,0
Albania,ALB,1960,0.0,0,,,0.0,0,0,0,0
Albania,ALB,1961,0.0,0,0.0,,0.0,0,0,0,0
Albania,ALB,1962,0.0,0,0.0,0.0,0.0,0,0,0,0
Albania,ALB,1963,0.0,0,0.0,0.0,0.0,0,0,0,0
Albania,ALB,1964,0.0,0,0.0,0.0,0.0,0,0,0,0
Albania,ALB,1965,0.0,0,0.0,0.0,0.0,0,0,0,0
Albania,ALB,1966,0.0,0,0.0,0.0,0.0,0,0,0,0
Albania,ALB,1967,0.0,0,0.0,0.0,0.0,0,0,0,0
Albania,ALB,1968,0.0,0,0.0,0.0,0.0,0,0,0,0
Albania,ALB,1969,0.0,0,0.0,0.0,0.0,0,0,0,0
Albania,ALB,1970,0.0,0,0.0,0.0,0.0,0,0,0,0
Albania,ALB,1971,0.0,0,0.0,0.0,0.0,0,0,0,0
Albania,ALB,1972,0.0,0,0.0,0.0,0.0,0,0,0,0
Albania,ALB,1973,0.0,0,0.0,0.0,0.0,0,0,0,0
Albania,ALB,1974,0.0,0,0.0,0.0,0.0,0,0,0,0
Albania,ALB,1975,0.0,0,0.0,0.0,0.0,0,0,0,0
Albania,ALB,1976,0.0,0,0.0,0.0,0.0,0,0,0,0
Albania,ALB,1977,0.0,0,0.0,0.0,0.0,0,0,0,0
Albania,ALB,1978,0.0,0,0.0,0.0,0.0,0,0,0,0
Albania,ALB,1979,0.0,0,0.0,0.0,0.0,0,0,0,0
Albania,ALB,1980,0.0,0,0.0,0.0,0.0,0,0,0,0
Albania,ALB,1981,0.0,0,0.0,0.0,0.0,0,0,0,0
Albania,ALB,1982,0.0,0,0.0,0.0,0.0,0,0,0,0
Albania,ALB,1983,0.0,0,0.0,0.0,0.0,0,0,0,0
Albania,ALB,1984,0.0,0,0.0,0.0,0.0,0,0,0,0
Albania,ALB,1985,0.0,0,0.0,0.0,0.0,0,0,0,0
Albania,ALB,1986,0.0,0,0.0,0.0,0.0,0,0,0,0
Albania,ALB,1987,0.0,0,0.0,0.0,0.0,0,0,0,0
Albania,ALB,1988,0.0,0,0.0,0.0,0.0,0,0,0,0
Albania,ALB,1989,0.0,0,0.0,0.0,1.0,1,1,1,0
Albania,ALB,1990,0.764,1,0.0,0.0,1.0,0,0,1,1
Albania,ALB,1991,1266.744727,1,1.0,0.0,1.0,0,0,1,1
Albania,ALB,1992,1483.2603098999998,1,1.0,1.0,1.0,0,0,1,1
Albania,ALB,1993,982.6755633,1,1.0,1.0,1.0,0,0,1,1
Albania,ALB,1994,627.299091,1,1.0,1.0,1.0,0,0,1,1
Albania,ALB,1995,3374.6613992000002,1,1.0,1.0,1.0,0,0,1,1
Albania,ALB,1996,34.9580796,1,1.0,1.0,1.0,0,0,1,1
Albania,ALB,1997,37.2224148,1,1.0,1.0,1.0,0,0,1,1
Albania,ALB,1998,97.864,1,1.0,1.0,1.0,0,0,1,1
Albania,ALB,1999,37.3537398,1,1.0,1.0,1.0,0,0,1,1
Albania,ALB,2000,107.7722548,1,1.0,1.0,1.0,0,0,1,1
Albania,ALB,2001,274.09285950000003,1,1.0,1.0,1.0,0,0,1,1
Albania,ALB,2002,272.4353328,1,1.0,1.0,1.0,0,0,1,1
Albania,ALB,2003,44.208035800000005,1,1.0,1.0,1.0,0,0,1,1
Albania,ALB,2004,17.0,1,1.0,1.0,1.0,0,0,1,1
Albania,ALB,2005,17.0,1,1.0,1.0,1.0,0,0,1,1
Albania,ALB,2006,18.8771944,1,1.0,1.0,1.0,0,0,1,1
Albania,ALB,2007,18.0596989,1,1.0,1.0,1.0,0,0,1,1
Albania,ALB,2008,8.700948899999998,1,1.0,1.0,1.0,0,0,1,1
Albania,ALB,2009,0.3054115,1,1.0,1.0,0.0,0,0,0,0
Albania,ALB,2010,0.0,0,1.0,1.0,0.0,0,0,0,0
Albania,ALB,2011,0.0,0,0.0,1.0,0.0,0,0,0,0
Albania,ALB,2012,0.0,0,0.0,0.0,1.0,1,1,1,0
Albania,ALB,2013,1.232,1,0.0,0.0,0.0,0,0,0,0
Albania,ALB,2014,0.0,0,1.0,0.0,0.0,0,0,0,0
Albania,ALB,2015,0.0,0,0.0,1.0,0.0,0,0,0,0
Albania,ALB,2016,0.0,0,0.0,0.0,1.0,1,1,1,0
Albania,ALB,2017,0.6,1,0.0,0.0,0.0,0,0,0,0
Albania,ALB,2018,0.0,0,1.0,0.0,1.0,1,0,1,0
Albania,ALB,2019,0.0548619,1,0.0,1.0,0.0,0,0,0,0
Albania,ALB,2020,0.0,0,1.0,0.0,0.0,0,0,0,0
Albania,ALB,2021,0.0,0,0.0,1.0,0.0,0,0,0,0
Albania,ALB,2022,0.0,0,0.0,0.0,0.0,0,0,0,0
Albania,ALB,2023,0.0,0,0.0,0.0,,0,0,0,0
Algeria,DZA,1960,,0,,,0.0,0,0,0,0
Algeria,DZA,1961,,0,0.0,,0.0,0,0,0,0
Algeria,DZA,1962,0.0,0,0.0,0.0,0.0,0,0,0,0
Algeria,DZA,1963,0.0,0,0.0,0.0,0.0,0,0,0,0
Algeria,DZA,1964,0.0,0,0.0,0.0,0.0,0,0,0,0
Algeria,DZA,1965,0.0,0,0.0,0.0,0.0,0,0,0,0
Algeria,DZA,1966,0.0,0,0.0,0.0,0.0,0,0,0,0
Algeria,DZA,1967,0.0,0,0.0,0.0,0.0,0,0,0,0
Algeria,DZA,1968,0.0,0,0.0,0.0,0.0,0,0,0,0
Algeria,DZA,1969,0.0,0,0.0,0.0,0.0,0,0,0,0
Algeria,DZA,1970,0.0,0,0.0,0.0,0.0,0,0,0,0
Algeria,DZA,1971,0.0,0,0.0,0.0,0.0,0,0,0,0
Algeria,DZA,1972,0.0,0,0.0,0.0,0.0,0,0,0,0
Algeria,DZA,1973,0.0,0,0.0,0.0,0.0,0,0,0,0
Algeria,DZA,1974,0.0,0,0.0,0.0,0.0,0,0,0,0
Algeria,DZA,1975,0.0,0,0.0,0.0,1.0,1,1,1,0
Algeria,DZA,1976,6.423,1,0.0,0.0,1.0,0,0,1,1
Algeria,DZA,1977,13.012,1,1.0,0.0,1.0,0,0,1,1
Algeria,DZA,1978,0.959,1,1.0,1.0,1.0,0,0,1,1
Algeria,DZA,1979,3.4855522999999997,1,1.0,1.0,1.0,0,0,1,1
Algeria,DZA,1980,1.699,1,1.0,1.0,1.0,0,0,1,1
Algeria,DZA,1981,1.699,1,1.0,1.0,1.0,0,0,1,1
Algeria,DZA,1982,1.699,1,1.0,1.0,1.0,0,0,1,1
Algeria,DZA,1983,1.699,1,1.0,1.0,0.0,0,0,0,0
Algeria,DZA,1984,0.0,0,1.0,1.0,0.0,0,0,0,0
Algeria,DZA,1985,0.0,0,0.0,1.0,1.0,1,1,1,0
Algeria,DZA,1986,0.0161943,1,0.0,0.0,1.0,0,0,1,1
Algeria,DZA,1987,0.0158919,1,1.0,0.0,0.0,0,0,0,0
Algeria,DZA,1988,0.0,0,1.0,1.0,1.0,1,0,1,0
Algeria,DZA,1989,0.3190972,1,0.0,1.0,1.0,0,0,1,1
Algeria,DZA,1990,0.7640313,1,1.0,0.0,1.0,0,0,1,1
Algeria,DZA,1991,6.618182900000001,1,1.0,1.0,1.0,0,0,1,1
Algeria,DZA,1992,8.4612908,1,1.0,1.0,1.0,0,0,1,1
Algeria,DZA,1993,3580.7574465,1,1.0,1.0,1.0,0,0,1,1
Algeria,DZA,1994,9549.884548999999,1,1.0,1.0,1.0,0,0,1,1
Algeria,DZA,1995,10454.9721961,1,1.0,1.0,1.0,0,0,1,1
Algeria,DZA,1996,2371.1718045,1,1.0,1.0,1.0,0,0,1,1
Algeria,DZA,1997,710.1301498,1,1.0,1.0,1.0,0,0,1,1
Algeria,DZA,1998,93.66916299259259,1,1.0,1.0,1.0,0,0,1,1
Algeria,DZA,1999,12.592592592592592,1,1.0,1.0,1.0,0,0,1,1
Algeria,DZA,2000,14.88888888888889,1,1.0,1.0,1.0,0,0,1,1
Algeria,DZA,2001,17.333333333333332,1,1.0,1.0,1.0,0,0,1,1
Algeria,DZA,2002,15.811765777777778,1,1.0,1.0,1.0,0,0,1,1
Algeria,DZA,2003,19.010401799999997,1,1.0,1.0,1.0,0,0,1,1
Algeria,DZA,2004,0.0108711,1,1.0,1.0,1.0,0,0,1,1
Algeria,DZA,2005,85.0100049,1,1.0,1.0,1.0,0,0,1,1
Algeria,DZA,2006,105.0,1,1.0,1.0,1.0,0,0,1,1
Algeria,DZA,2007,55.0,1,1.0,1.0,1.0,0,0,1,1
Algeria,DZA,2008,51.0,1,1.0,1.0,1.0,0,0,1,1
Algeria,DZA,2009,36.0,1,1.0,1.0,1.0,0,0,1,1
Algeria,DZA,2010,46.0,1,1.0,1.0,1.0,0,0,1,1
Algeria,DZA,2011,46.0,1,1.0,1.0,1.0,0,0,1,1
Algeria,DZA,2012,78.7,1,1.0,1.0,1.0,0,0,1,1
Algeria,DZA,2013,1.9,1,1.0,1.0,1.0,0,0,1,1
Algeria,DZA,2014,2.0,1,1.0,1.0,1.0,0,0,1,1
Algeria,DZA,2015,2.0,1,1.0,1.0,1.0,0,0,1,1
Algeria,DZA,2016,2.0,1,1.0,1.0,1.0,0,0,1,1
Algeria,DZA,2017,2.0,1,1.0,1.0,1.0,0,0,1,1
Algeria,DZA,2018,2.1712819,1,1.0,1.0,1.0,0,0,1,1
Algeria,DZA,2019,2.0,1,1.0,1.0,0.0,0,0,0,0
Algeria,DZA,2020,0.0,0,1.0,1.0,0.0,0,0,0,0
Algeria,DZA,2021,0.0,0,0.0,1.0,0.0,0,0,0,0
Algeria,DZA,2022,0.0,0,0.0,0.0,0.0,0,0,0,0
Algeria,DZA,2023,0.0,0,0.0,0.0,,0,0,0,0
Angola,AGO,1960,,0,,,0.0,0,0,0,0
Angola,AGO,1961,,0,0.0,,0.0,0,0,0,0
Angola,AGO,1962,,0,0.0,0.0,0.0,0,0,0,0
Angola,AGO,1963,,0,0.0,0.0,0.0,0,0,0,0
Angola,AGO,1964,,0,0.0,0.0,0.0,0,0,0,0
Angola,AGO,1965,,0,0.0,0.0,0.0,0,0,0,0
Angola,AGO,1966,,0,0.0,0.0,0.0,0,0,0,0
Angola,AGO,1967,,0,0.0,0.0,0.0,0,0,0,0
Angola,AGO,1968,,0,0.0,0.0,0.0,0,0,0,0
Angola,AGO,1969,,0,0.0,0.0,0.0,0,0,0,0
Angola,AGO,1970,,0,0.0,0.0,0.0,0,0,0,0
Angola,AGO,1971,,0,0.0,0.0,0.0,0,0,0,0
Angola,AGO,1972,,0,0.0,0.0,0.0,0,0,0,0
Angola,AGO,1973,,0,0.0,0.0,0.0,0,0,0,0
Angola,AGO,1974,,0,0.0,0.0,0.0,0,0,0,0
Angola,AGO,1975,,0,0.0,0.0,0.0,0,0,0,0
Angola,AGO,1976,,0,0.0,0.0,0.0,0,0,0,0
Angola,AGO,1977,,0,0.0,0.0,0.0,0,0,0,0
Angola,AGO,1978,,0,0.0,0.0,0.0,0,0,0,0
Angola,AGO,1979,,0,0.0,0.0,0.0,0,0,0,0
Angola,AGO,1980,,0,0.0,0.0,0.0,0,0,0,0
Angola,AGO,1981,,0,0.0,0.0,0.0,0,0,0,0
Angola,AGO,1982,,0,0.0,0.0,0.0,0,0,0,0
Angola,AGO,1983,,0,0.0,0.0,0.0,0,0,0,0
Angola,AGO,1984,,0,0.0,0.0,0.0,0,0,0,0
Angola,AGO,1985,,0,0.0,0.0,0.0,0,0,0,0
Angola,AGO,1986,,0,0.0,0.0,1.0,1,1,1,0
Angola,AGO,1987,227.0,1,0.0,0.0,1.0,0,0,1,1
Angola,AGO,1988,225.0,1,1.0,0.0,1.0,0,0,1,1
Angola,AGO,1989,969.4733929289999,1,1.0,1.0,1.0,0,0,1,1
Angola,AGO,1990,1321.3502240540001,1,1.0,1.0,1.0,0,0,1,1
Angola,AGO,1991,793.890390089,1,1.0,1.0,1.0,0,0,1,1
Angola,AGO,1992,1164.048011181818,1,1.0,1.0,1.0,0,0,1,1
Angola,AGO,1993,1135.1730805000002,1,1.0,1.0,1.0,0,0,1,1
Angola,AGO,1994,4697.673706972728,1,1.0,1.0,1.0,0,0,1,1
Angola,AGO,1995,2642.3837131,1,1.0,1.0,1.0,0,0,1,1
Angola,AGO,1996,5884.1720014,1,1.0,1.0,1.0,0,0,1,1
Angola,AGO,1997,1267.8391011150002,1,1.0,1.0,1.0,0,0,1,1
Angola,AGO,1998,1624.562565922,1,1.0,1.0,1.0,0,0,1,1
Angola,AGO,1999,1803.524352122,1,1.0,1.0,1.0,0,0,1,1
Angola,AGO,2000,1890.4739336750001,1,1.0,1.0,1.0,0,0,1,1
Angola,AGO,2001,2186.11425128,1,1.0,1.0,1.0,0,0,1,1
Angola,AGO,2002,1539.1850218000002,1,1.0,1.0,1.0,0,0,1,1
Angola,AGO,2003,1872.238906,1,1.0,1.0,1.0,0,0,1,1
Angola,AGO,2004,3191.5842081,1,1.0,1.0,1.0,0,0,1,1
Angola,AGO,2005,1862.19898,1,1.0,1.0,1.0,0,0,1,1
Angola,AGO,2006,1218.783332,1,1.0,1.0,1.0,0,0,1,1
Angola,AGO,2007,501.12119329999996,1,1.0,1.0,1.0,0,0,1,1
Angola,AGO,2008,352.211653,1,1.0,1.0,1.0,0,0,1,1
Angola,AGO,2009,390.7931008,1,1.0,1.0,1.0,0,0,1,1
Angola,AGO,2010,2126.2511239,1,1.0,1.0,1.0,0,0,1,1
Angola,AGO,2011,322.40492370000004,1,1.0,1.0,1.0,0,0,1,1
Angola,AGO,2012,310.9544314,1,1.0,1.0,1.0,0,0,1,1
Angola,AGO,2013,323.1529007,1,1.0,1.0,1.0,0,0,1,1
Angola,AGO,2014,312.3872166,1,1.0,1.0,1.0,0,0,1,1
Angola,AGO,2015,221.38466150000002,1,1.0,1.0,1.0,0,0,1,1
Angola,AGO,2016,214.16006760000002,1,1.0,1.0,1.0,0,0,1,1
Angola,AGO,2017,95.0515244,1,1.0,1.0,1.0,0,0,1,1
Angola,AGO,2018,75.21292,1,1.0,1.0,1.0,0,0,1,1
Angola,AGO,2019,65.42663619999999,1,1.0,1.0,1.0,0,0,1,1
Angola,AGO,2020,14386.670014,1,1.0,1.0,1.0,0,0,1,1
Angola,AGO,2021,5006.6111109,1,1.0,1.0,1.0,0,0,1,1
Angola,AGO,2022,122.4090338,1,1.0,1.0,1.0,0,0,1,1
Angola,AGO,2023,215.0,1,1.0,1.0,,0,0,0,0
Anguila,AIA,1960,,0,,,0.0,0,0,0,0
Anguila,AIA,1961,,0,0.0,,0.0,0,0,0,0
Anguila,AIA,1962,,0,0.0,0.0,0.0,0,0,0,0
Anguila,AIA,1963,,0,0.0,0.0,0.0,0,0,0,0
Anguila,AIA,1964,,0,0.0,0.0,0.0,0,0,0,0
Anguila,AIA,1965,,0,0.0,0.0,0.0,0,0,0,0
Anguila,AIA,1966,,0,0.0,0.0,0.0,0,0,0,0
Anguila,AIA,1967,,0,0.0,0.0,0.0,0,0,0,0
Anguila,AIA,1968,,0,0.0,0.0,0.0,0,0,0,0
Anguila,AIA,1969,,0,0.0,0.0,0.0,0,0,0,0
Anguila,AIA,1970,,0,0.0,0.0,0.0,0,0,0,0
Anguila,AIA,1971,,0,0.0,0.0,0.0,0,0,0,0
Anguila,AIA,1972,,0,0.0,0.0,0.0,0,0,0,0
Anguila,AIA,1973,,0,0.0,0.0,0.0,0,0,0,0
Anguila,AIA,1974,,0,0.0,0.0,0.0,0,0,0,0
Anguila,AIA,1975,,0,0.0,0.0,0.0,0,0,0,0
Anguila,AIA,1976,,0,0.0,0.0,0.0,0,0,0,0
Anguila,AIA,1977,,0,0.0,0.0,0.0,0,0,0,0
Anguila,AIA,1978,,0,0.0,0.0,0.0,0,0,0,0
Anguila,AIA,1979,,0,0.0,0.0,0.0,0,0,0,0
Anguila,AIA,1980,,0,0.0,0.0,0.0,0,0,0,0
Anguila,AIA,1981,,0,0.0,0.0,0.0,0,0,0,0
Anguila,AIA,1982,,0,0.0,0.0,0.0,0,0,0,0
Anguila,AIA,1983,,0,0.0,0.0,0.0,0,0,0,0
Anguila,AIA,1984,,0,0.0,0.0,0.0,0,0,0,0
Anguila,AIA,1985,,0,0.0,0.0,0.0,0,0,0,0
Anguila,AIA,1986,,0,0.0,0.0,0.0,0,0,0,0
Anguila,AIA,1987,,0,0.0,0.0,0.0,0,0,0,0
Anguila,AIA,1988,,0,0.0,0.0,0.0,0,0,0,0
Anguila,AIA,1989,,0,0.0,0.0,0.0,0,0,0,0
Anguila,AIA,1990,,0,0.0,0.0,0.0,0,0,0,0
Anguila,AIA,1991,,0,0.0,0.0,0.0,0,0,0,0
Anguila,AIA,1992,,0,0.0,0.0,0.0,0,0,0,0
Anguila,AIA,1993,,0,0.0,0.0,0.0,0,0,0,0
Anguila,AIA,1994,,0,0.0,0.0,0.0,0,0,0,0
Anguila,AIA,1995,,0,0.0,0.0,0.0,0,0,0,0
Anguila,AIA,1996,,0,0.0,0.0,0.0,0,0,0,0
Anguila,AIA,1997,,0,0.0,0.0,0.0,0,0,0,0
Anguila,AIA,1998,,0,0.0,0.0,0.0,0,0,0,0
Anguila,AIA,1999,,0,0.0,0.0,0.0,0,0,0,0
Anguila,AIA,2000,,0,0.0,0.0,0.0,0,0,0,0
Anguila,AIA,2001,,0,0.0,0.0,0.0,0,0,0,0
Anguila,AIA,2002,,0,0.0,0.0,0.0,0,0,0,0
Anguila,AIA,2003,,0,0.0,0.0,0.0,0,0,0,0
Anguila,AIA,2004,,0,0.0,0.0,0.0,0,0,0,0
Anguila,AIA,2005,,0,0.0,0.0,0.0,0,0,0,0
Anguila,AIA,2006,,0,0.0,0.0,0.0,0,0,0,0
Anguila,AIA,2007,,0,0.0,0.0,0.0,0,0,0,0
Anguila,AIA,2008,,0,0.0,0.0,0.0,0,0,0,0
Anguila,AIA,2009,,0,0.0,0.0,0.0,0,0,0,0
Anguila,AIA,2010,,0,0.0,0.0,0.0,0,0,0,0
Anguila,AIA,2011,,0,0.0,0.0,0.0,0,0,0,0
Anguila,AIA,2012,,0,0.0,0.0,0.0,0,0,0,0
Anguila,AIA,2013,,0,0.0,0.0,0.0,0,0,0,0
Anguila,AIA,2014,,0,0.0,0.0,0.0,0,0,0,0
Anguila,AIA,2015,,0,0.0,0.0,0.0,0,0,0,0
Anguila,AIA,2016,,0,0.0,0.0,0.0,0,0,0,0
Anguila,AIA,2017,,0,0.0,0.0,0.0,0,0,0,0
Anguila,AIA,2018,,0,0.0,0.0,0.0,0,0,0,0
Anguila,AIA,2019,,0,0.0,0.0,0.0,0,0,0,0
Anguila,AIA,2020,,0,0.0,0.0,0.0,0,0,0,0
Anguila,AIA,2021,,0,0.0,0.0,0.0,0,0,0,0
Anguila,AIA,2022,,0,0.0,0.0,0.0,0,0,0,0
Anguila,AIA,2023,,0,0.0,0.0,,0,0,0,0
Antigua and Barbuda,ATG,1960,,0,,,0.0,0,0,0,0
Antigua and Barbuda,ATG,1961,,0,0.0,,0.0,0,0,0,0
Antigua and Barbuda,ATG,1962,,0,0.0,0.0,0.0,0,0,0,0
Antigua and Barbuda,ATG,1963,,0,0.0,0.0,0.0,0,0,0,0
Antigua and Barbuda,ATG,1964,,0,0.0,0.0,0.0,0,0,0,0
Antigua and Barbuda,ATG,1965,,0,0.0,0.0,0.0,0,0,0,0
Antigua and Barbuda,ATG,1966,,0,0.0,0.0,0.0,0,0,0,0
Antigua and Barbuda,ATG,1967,,0,0.0,0.0,0.0,0,0,0,0
Antigua and Barbuda,ATG,1968,,0,0.0,0.0,0.0,0,0,0,0
Antigua and Barbuda,ATG,1969,,0,0.0,0.0,0.0,0,0,0,0
Antigua and Barbuda,ATG,1970,,0,0.0,0.0,0.0,0,0,0,0
Antigua and Barbuda,ATG,1971,,0,0.0,0.0,0.0,0,0,0,0
Antigua and Barbuda,ATG,1972,,0,0.0,0.0,0.0,0,0,0,0
Antigua and Barbuda,ATG,1973,,0,0.0,0.0,0.0,0,0,0,0
Antigua and Barbuda,ATG,1974,,0,0.0,0.0,0.0,0,0,0,0
Antigua and Barbuda,ATG,1975,,0,0.0,0.0,0.0,0,0,0,0
Antigua and Barbuda,ATG,1976,,0,0.0,0.0,0.0,0,0,0,0
Antigua and Barbuda,ATG,1977,,0,0.0,0.0,0.0,0,0,0,0
Antigua and Barbuda,ATG,1978,,0,0.0,0.0,0.0,0,0,0,0
Antigua and Barbuda,ATG,1979,,0,0.0,0.0,1.0,1,1,1,0
Antigua and Barbuda,ATG,1980,1.7,1,0.0,0.0,1.0,0,0,1,1
Antigua and Barbuda,ATG,1981,4.9,1,1.0,0.0,1.0,0,0,1,1
Antigua and Barbuda,ATG,1982,14.1,1,1.0,1.0,1.0,0,0,1,1
Antigua and Barbuda,ATG,1983,17.6,1,1.0,1.0,1.0,0,0,1,1
Antigua and Barbuda,ATG,1984,24.7,1,1.0,1.0,1.0,0,0,1,1
Antigua and Barbuda,ATG,1985,24.0,1,1.0,1.0,1.0,0,0,1,1
Antigua and Barbuda,ATG,1986,40.2,1,1.0,1.0,1.0,0,0,1,1
Antigua and Barbuda,ATG,1987,63.9,1,1.0,1.0,1.0,0,0,1,1
Antigua and Barbuda,ATG,1988,76.9,1,1.0,1.0,0.0,0,0,0,0
Antigua and Barbuda,ATG,1989,0.0,0,1.0,1.0,0.0,0,0,0,0
Antigua and Barbuda,ATG,1990,0.0,0,0.0,1.0,0.0,0,0,0,0
Antigua and Barbuda,ATG,1991,0.0,0,0.0,0.0,0.0,0,0,0,0
Antigua and Barbuda,ATG,1992,0.0,0,0.0,0.0,0.0,0,0,0,0
Antigua and Barbuda,ATG,1993,0.0,0,0.0,0.0,0.0,0,0,0,0
Antigua and Barbuda,ATG,1994,0.0,0,0.0,0.0,0.0,0,0,0,0
Antigua and Barbuda,ATG,1995,0.0,0,0.0,0.0,1.0,1,1,1,0
Antigua and Barbuda,ATG,1996,161.0,1,0.0,0.0,1.0,0,0,1,1
Antigua and Barbuda,ATG,1997,175.0,1,1.0,0.0,1.0,0,0,1,1
Antigua and Barbuda,ATG,1998,403.5925925925926,1,1.0,1.0,1.0,0,0,1,1
Antigua and Barbuda,ATG,1999,714.7065925925926,1,1.0,1.0,1.0,0,0,1,1
Antigua and Barbuda,ATG,2000,754.7902988888889,1,1.0,1.0,1.0,0,0,1,1
Antigua and Barbuda,ATG,2001,616.3911646586346,1,1.0,1.0,1.0,0,0,1,1
Antigua and Barbuda,ATG,2002,664.7777777777778,1,1.0,1.0,1.0,0,0,1,1
Antigua and Barbuda,ATG,2003,813.0,1,1.0,1.0,1.0,0,0,1,1
Antigua and Barbuda,ATG,2004,838.0,1,1.0,1.0,1.0,0,0,1,1
Antigua and Barbuda,ATG,2005,764.0,1,1.0,1.0,1.0,0,0,1,1
Antigua and Barbuda,ATG,2006,762.0,1,1.0,1.0,1.0,0,0,1,1
Antigua and Barbuda,ATG,2007,612.0,1,1.0,1.0,1.0,0,0,1,1
Antigua and Barbuda,ATG,2008,631.0,1,1.0,1.0,1.0,0,0,1,1
Antigua and Barbuda,ATG,2009,707.0,1,1.0,1.0,1.0,0,0,1,1
Antigua and Barbuda,ATG,2010,684.0,1,1.0,1.0,1.0,0,0,1,1
Antigua and Barbuda,ATG,2011,515.0,1,1.0,1.0,1.0,0,0,1,1
Antigua and Barbuda,ATG,2012,0.4,1,1.0,1.0,1.0,0,0,1,1
Antigua and Barbuda,ATG,2013,2.9,1,1.0,1.0,1.0,0,0,1,1
Antigua and Barbuda,ATG,2014,12.0,1,1.0,1.0,1.0,0,0,1,1
Antigua and Barbuda,ATG,2015,20.0,1,1.0,1.0,1.0,0,0,1,1
Antigua and Barbuda,ATG,2016,8.0,1,1.0,1.0,1.0,0,0,1,1
Antigua and Barbuda,ATG,2017,14.0,1,1.0,1.0,1.0,0,0,1,1
Antigua and Barbuda,ATG,2018,153.0,1,1.0,1.0,1.0,0,0,1,1
Antigua and Barbuda,ATG,2019,148.0,1,1.0,1.0,1.0,0,0,1,1
Antigua and Barbuda,ATG,2020,171.9,1,1.0,1.0,1.0,0,0,1,1
Antigua and Barbuda,ATG,2021,219.0,1,1.0,1.0,1.0,0,0,1,1
Antigua and Barbuda,ATG,2022,216.0,1,1.0,1.0,1.0,0,0,1,1
Antigua and Barbuda,ATG,2023,198.0,1,1.0,1.0,,0,0,0,0
Argentina,ARG,1960,100.0,1,,,1.0,0,0,1,1
Argentina,ARG,1961,462.0,1,1.0,,1.0,0,0,1,1
Argentina,ARG,1962,362.0,1,1.0,1.0,1.0,0,0,1,1
Argentina,ARG,1963,15.0,1,1.0,1.0,0.0,0,0,0,0
Argentina,ARG,1964,0.0,0,1.0,1.0,1.0,1,0,1,0
Argentina,ARG,1965,472.0,1,0.0,1.0,0.0,0,0,0,0
Argentina,ARG,1966,0.0,0,1.0,0.0,0.0,0,0,0,0
Argentina,ARG,1967,0.0,0,0.0,1.0,0.0,0,0,0,0
Argentina,ARG,1968,0.0,0,0.0,0.0,0.0,0,0,0,0
Argentina,ARG,1969,0.0,0,0.0,0.0,0.0,0,0,0,0
Argentina,ARG,1970,0.0,0,0.0,0.0,0.0,0,0,0,0
Argentina,ARG,1971,0.0,0,0.0,0.0,0.0,0,0,0,0
Argentina,ARG,1972,0.0,0,0.0,0.0,0.0,0,0,0,0
Argentina,ARG,1973,0.0,0,0.0,0.0,0.0,0,0,0,0
Argentina,ARG,1974,0.0,0,0.0,0.0,0.0,0,0,0,0
Argentina,ARG,1975,0.0,0,0.0,0.0,1.0,1,1,1,0
Argentina,ARG,1976,970.0,1,0.0,0.0,0.0,0,0,0,0
Argentina,ARG,1977,0.0,0,1.0,0.0,0.0,0,0,0,0
Argentina,ARG,1978,0.0,0,0.0,1.0,0.0,0,0,0,0
Argentina,ARG,1979,0.0,0,0.0,0.0,0.0,0,0,0,0
Argentina,ARG,1980,0.0,0,0.0,0.0,0.0,0,0,0,0
Argentina,ARG,1981,0.0,0,0.0,0.0,1.0,1,1,1,0
Argentina,ARG,1982,3870.0,1,0.0,0.0,1.0,0,0,1,1
Argentina,ARG,1983,3507.1109767,1,1.0,0.0,1.0,0,0,1,1
Argentina,ARG,1984,5535.486145299999,1,1.0,1.0,1.0,0,0,1,1
Argentina,ARG,1985,11649.648,1,1.0,1.0,1.0,0,0,1,1
Argentina,ARG,1986,4521.0114614,1,1.0,1.0,1.0,0,0,1,1
Argentina,ARG,1987,31736.4000089,1,1.0,1.0,1.0,0,0,1,1
Argentina,ARG,1988,24529.2383035,1,1.0,1.0,1.0,0,0,1,1
Argentina,ARG,1989,35044.0,1,1.0,1.0,1.0,0,0,1,1
Argentina,ARG,1990,32776.014798000004,1,1.0,1.0,1.0,0,0,1,1
Argentina,ARG,1991,33826.0,1,1.0,1.0,1.0,0,0,1,1
Argentina,ARG,1992,31176.0,1,1.0,1.0,1.0,0,0,1,1
Argentina,ARG,1993,47553.7935328,1,1.0,1.0,1.0,0,0,1,1
Argentina,ARG,1994,839.5572524000002,1,1.0,1.0,1.0,0,0,1,1
Argentina,ARG,1995,248.4530347,1,1.0,1.0,1.0,0,0,1,1
Argentina,ARG,1996,0.19799999999999998,1,1.0,1.0,1.0,0,0,1,1
Argentina,ARG,1997,0.0076953,1,1.0,1.0,1.0,0,0,1,1
Argentina,ARG,1998,0.0041841000000000005,1,1.0,1.0,0.0,0,0,0,0
Argentina,ARG,1999,0.0,0,1.0,1.0,1.0,1,0,1,0
Argentina,ARG,2000,826.4138191999999,1,0.0,1.0,1.0,0,0,1,1
Argentina,ARG,2001,84830.0,1,1.0,0.0,1.0,0,0,1,1
Argentina,ARG,2002,104158.0,1,1.0,1.0,1.0,0,0,1,1
Argentina,ARG,2003,115104.0,1,1.0,1.0,1.0,0,0,1,1
Argentina,ARG,2004,112963.0,1,1.0,1.0,1.0,0,0,1,1
Argentina,ARG,2005,106041.0,1,1.0,1.0,1.0,0,0,1,1
Argentina,ARG,2006,32587.7142376,1,1.0,1.0,1.0,0,0,1,1
Argentina,ARG,2007,35844.6467529,1,1.0,1.0,1.0,0,0,1,1
Argentina,ARG,2008,35585.6387143,1,1.0,1.0,1.0,0,0,1,1
Argentina,ARG,2009,36224.1102971,1,1.0,1.0,1.0,0,0,1,1
Argentina,ARG,2010,15547.0,1,1.0,1.0,1.0,0,0,1,1
Argentina,ARG,2011,17425.5740323,1,1.0,1.0,1.0,0,0,1,1
Argentina,ARG,2012,17490.7892494,1,1.0,1.0,1.0,0,0,1,1
Argentina,ARG,2013,17640.0758119,1,1.0,1.0,1.0,0,0,1,1
Argentina,ARG,2014,55914.0,1,1.0,1.0,1.0,0,0,1,1
Argentina,ARG,2015,44787.0,1,1.0,1.0,1.0,0,0,1,1
Argentina,ARG,2016,47535.0,1,1.0,1.0,1.0,0,0,1,1
Argentina,ARG,2017,22105.1906235,1,1.0,1.0,1.0,0,0,1,1
Argentina,ARG,2018,22695.3714165,1,1.0,1.0,1.0,0,0,1,1
Argentina,ARG,2019,28660.4329893,1,1.0,1.0,1.0,0,0,1,1
Argentina,ARG,2020,70956.5638798,1,1.0,1.0,1.0,0,0,1,1
Argentina,ARG,2021,13300.0784402,1,1.0,1.0,1.0,0,0,1,1
Argentina,ARG,2022,14290.5729639,1,1.0,1.0,1.0,0,0,1,1
Argentina,ARG,2023,22813.0,1,1.0,1.0,,0,0,0,0
Armenia,ARM,1960,,0,,,0.0,0,0,0,0
Armenia,ARM,1961,,0,0.0,,0.0,0,0,0,0
Armenia,ARM,1962,,0,0.0,0.0,0.0,0,0,0,0
Armenia,ARM,1963,,0,0.0,0.0,0.0,0,0,0,0
Armenia,ARM,1964,,0,0.0,0.0,0.0,0,0,0,0
Armenia,ARM,1965,,0,0.0,0.0,0.0,0,0,0,0
Armenia,ARM,1966,,0,0.0,0.0,0.0,0,0,0,0
Armenia,ARM,1967,,0,0.0,0.0,0.0,0,0,0,0
Armenia,ARM,1968,,0,0.0,0.0,0.0,0,0,0,0
Armenia,ARM,1969,,0,0.0,0.0,0.0,0,0,0,0
Armenia,ARM,1970,,0,0.0,0.0,0.0,0,0,0,0
Armenia,ARM,1971,,0,0.0,0.0,0.0,0,0,0,0
Armenia,ARM,1972,,0,0.0,0.0,0.0,0,0,0,0
Armenia,ARM,1973,,0,0.0,0.0,0.0,0,0,0,0
Armenia,ARM,1974,,0,0.0,0.0,0.0,0,0,0,0
Armenia,ARM,1975,,0,0.0,0.0,0.0,0,0,0,0
Armenia,ARM,1976,,0,0.0,0.0,0.0,0,0,0,0
Armenia,ARM,1977,,0,0.0,0.0,0.0,0,0,0,0
Armenia,ARM,1978,,0,0.0,0.0,0.0,0,0,0,0
Armenia,ARM,1979,,0,0.0,0.0,0.0,0,0,0,0
Armenia,ARM,1980,,0,0.0,0.0,0.0,0,0,0,0
Armenia,ARM,1981,,0,0.0,0.0,0.0,0,0,0,0
Armenia,ARM,1982,,0,0.0,0.0,0.0,0,0,0,0
Armenia,ARM,1983,,0,0.0,0.0,0.0,0,0,0,0
Armenia,ARM,1984,,0,0.0,0.0,0.0,0,0,0,0
Armenia,ARM,1985,,0,0.0,0.0,0.0,0,0,0,0
Armenia,ARM,1986,,0,0.0,0.0,0.0,0,0,0,0
Armenia,ARM,1987,,0,0.0,0.0,0.0,0,0,0,0
Armenia,ARM,1988,,0,0.0,0.0,0.0,0,0,0,0
Armenia,ARM,1989,,0,0.0,0.0,0.0,0,0,0,0
Armenia,ARM,1990,,0,0.0,0.0,0.0,0,0,0,0
Armenia,ARM,1991,0.0,0,0.0,0.0,1.0,1,1,1,0
Armenia,ARM,1992,15.558490566037737,1,0.0,0.0,1.0,0,0,1,1
Armenia,ARM,1993,202.59629629629632,1,1.0,0.0,1.0,0,0,1,1
Armenia,ARM,1994,61.539344827586206,1,1.0,1.0,1.0,0,0,1,1
Armenia,ARM,1995,87.92451773049645,1,1.0,1.0,1.0,0,0,1,1
Armenia,ARM,1996,64.034,1,1.0,1.0,1.0,0,0,1,1
Armenia,ARM,1997,138.929,1,1.0,1.0,1.0,0,0,1,1
Armenia,ARM,1998,52.56304214559387,1,1.0,1.0,1.0,0,0,1,1
Armenia,ARM,1999,58.229007633587784,1,1.0,1.0,1.0,0,0,1,1
Armenia,ARM,2000,80.99289855072465,1,1.0,1.0,1.0,0,0,1,1
Armenia,ARM,2001,93.868,1,1.0,1.0,1.0,0,0,1,1
Armenia,ARM,2002,44.991,1,1.0,1.0,1.0,0,0,1,1
Armenia,ARM,2003,46.06,1,1.0,1.0,0.0,0,0,0,0
Armenia,ARM,2004,0.0,0,1.0,1.0,0.0,0,0,0,0
Armenia,ARM,2005,0.0,0,0.0,1.0,0.0,0,0,0,0
Armenia,ARM,2006,0.0,0,0.0,0.0,0.0,0,0,0,0
Armenia,ARM,2007,0.0,0,0.0,0.0,0.0,0,0,0,0
Armenia,ARM,2008,0.0,0,0.0,0.0,0.0,0,0,0,0
Armenia,ARM,2009,0.0,0,0.0,0.0,0.0,0,0,0,0
Armenia,ARM,2010,0.0,0,0.0,0.0,0.0,0,0,0,0
Armenia,ARM,2011,0.0,0,0.0,0.0,0.0,0,0,0,0
Armenia,ARM,2012,0.0,0,0.0,0.0,0.0,0,0,0,0
Armenia,ARM,2013,0.0,0,0.0,0.0,0.0,0,0,0,0
Armenia,ARM,2014,0.0,0,0.0,0.0,0.0,0,0,0,0
Armenia,ARM,2015,0.0,0,0.0,0.0,0.0,0,0,0,0
Armenia,ARM,2016,0.0,0,0.0,0.0,0.0,0,0,0,0
Armenia,ARM,2017,0.0,0,0.0,0.0,0.0,0,0,0,0
Armenia,ARM,2018,0.0,0,0.0,0.0,0.0,0,0,0,0
Armenia,ARM,2019,0.0,0,0.0,0.0,0.0,0,0,0,0
Armenia,ARM,2020,0.0,0,0.0,0.0,0.0,0,0,0,0
Armenia,ARM,2021,0.0,0,0.0,0.0,0.0,0,0,0,0
Armenia,ARM,2022,0.0,0,0.0,0.0,0.0,0,0,0,0
Armenia,ARM,2023,0.0,0,0.0,0.0,,0,0,0,0
Aruba,ABW,1960,,0,,,0.0,0,0,0,0
Aruba,ABW,1961,,0,0.0,,0.0,0,0,0,0
Aruba,ABW,1962,,0,0.0,0.0,0.0,0,0,0,0
Aruba,ABW,1963,,0,0.0,0.0,0.0,0,0,0,0
Aruba,ABW,1964,,0,0.0,0.0,0.0,0,0,0,0
Aruba,ABW,1965,,0,0.0,0.0,0.0,0,0,0,0
Aruba,ABW,1966,,0,0.0,0.0,0.0,0,0,0,0
Aruba,ABW,1967,,0,0.0,0.0,0.0,0,0,0,0
Aruba,ABW,1968,,0,0.0,0.0,0.0,0,0,0,0
Aruba,ABW,1969,,0,0.0,0.0,0.0,0,0,0,0
Aruba,ABW,1970,,0,0.0,0.0,0.0,0,0,0,0
Aruba,ABW,1971,,0,0.0,0.0,0.0,0,0,0,0
Aruba,ABW,1972,,0,0.0,0.0,0.0,0,0,0,0
Aruba,ABW,1973,,0,0.0,0.0,0.0,0,0,0,0
Aruba,ABW,1974,,0,0.0,0.0,0.0,0,0,0,0
Aruba,ABW,1975,,0,0.0,0.0,0.0,0,0,0,0
Aruba,ABW,1976,,0,0.0,0.0,0.0,0,0,0,0
Aruba,ABW,1977,,0,0.0,0.0,0.0,0,0,0,0
Aruba,ABW,1978,,0,0.0,0.0,0.0,0,0,0,0
Aruba,ABW,1979,,0,0.0,0.0,0.0,0,0,0,0
Aruba,ABW,1980,,0,0.0,0.0,0.0,0,0,0,0
Aruba,ABW,1981,,0,0.0,0.0,0.0,0,0,0,0
Aruba,ABW,1982,,0,0.0,0.0,0.0,0,0,0,0
Aruba,ABW,1983,,0,0.0,0.0,0.0,0,0,0,0
Aruba,ABW,1984,,0,0.0,0.0,0.0,0,0,0,0
Aruba,ABW,1985,,0,0.0,0.0,0.0,0,0,0,0
Aruba,ABW,1986,,0,0.0,0.0,0.0,0,0,0,0
Aruba,ABW,1987,,0,0.0,0.0,0.0,0,0,0,0
Aruba,ABW,1988,,0,0.0,0.0,0.0,0,0,0,0
Aruba,ABW,1989,,0,0.0,0.0,0.0,0,0,0,0
Aruba,ABW,1990,,0,0.0,0.0,0.0,0,0,0,0
Aruba,ABW,1991,,0,0.0,0.0,0.0,0,0,0,0
Aruba,ABW,1992,,0,0.0,0.0,0.0,0,0,0,0
Aruba,ABW,1993,,0,0.0,0.0,0.0,0,0,0,0
Aruba,ABW,1994,,0,0.0,0.0,0.0,0,0,0,0
Aruba,ABW,1995,,0,0.0,0.0,0.0,0,0,0,0
Aruba,ABW,1996,,0,0.0,0.0,0.0,0,0,0,0
Aruba,ABW,1997,,0,0.0,0.0,0.0,0,0,0,0
Aruba,ABW,1998,,0,0.0,0.0,0.0,0,0,0,0
Aruba,ABW,1999,,0,0.0,0.0,0.0,0,0,0,0
Aruba,ABW,2000,,0,0.0,0.0,0.0,0,0,0,0
Aruba,ABW,2001,,0,0.0,0.0,0.0,0,0,0,0
Aruba,ABW,2002,,0,0.0,0.0,0.0,0,0,0,0
Aruba,ABW,2003,,0,0.0,0.0,0.0,0,0,0,0
Aruba,ABW,2004,,0,0.0,0.0,0.0,0,0,0,0
Aruba,ABW,2005,,0,0.0,0.0,0.0,0,0,0,0
Aruba,ABW,2006,,0,0.0,0.0,0.0,0,0,0,0
Aruba,ABW,2007,,0,0.0,0.0,0.0,0,0,0,0
Aruba,ABW,2008,,0,0.0,0.0,0.0,0,0,0,0
Aruba,ABW,2009,,0,0.0,0.0,0.0,0,0,0,0
Aruba,ABW,2010,,0,0.0,0.0,0.0,0,0,0,0
Aruba,ABW,2011,,0,0.0,0.0,0.0,0,0,0,0
Aruba,ABW,2012,,0,0.0,0.0,0.0,0,0,0,0
Aruba,ABW,2013,,0,0.0,0.0,0.0,0,0,0,0
Aruba,ABW,2014,,0,0.0,0.0,0.0,0,0,0,0
Aruba,ABW,2015,,0,0.0,0.0,0.0,0,0,0,0
Aruba,ABW,2016,,0,0.0,0.0,0.0,0,0,0,0
Aruba,ABW,2017,,0,0.0,0.0,0.0,0,0,0,0
Aruba,ABW,2018,,0,0.0,0.0,0.0,0,0,0,0
Aruba,ABW,2019,,0,0.0,0.0,0.0,0,0,0,0
Aruba,ABW,2020,,0,0.0,0.0,0.0,0,0,0,0
Aruba,ABW,2021,,0,0.0,0.0,0.0,0,0,0,0
Aruba,ABW,2022,,0,0.0,0.0,0.0,0,0,0,0
Aruba,ABW,2023,,0,0.0,0.0,,0,0,0,0
Azerbaijan,AZE,1960,,0,,,0.0,0,0,0,0
Azerbaijan,AZE,1961,,0,0.0,,0.0,0,0,0,0
Azerbaijan,AZE,1962,,0,0.0,0.0,0.0,0,0,0,0
Azerbaijan,AZE,1963,,0,0.0,0.0,0.0,0,0,0,0
Azerbaijan,AZE,1964,,0,0.0,0.0,0.0,0,0,0,0
Azerbaijan,AZE,1965,,0,0.0,0.0,0.0,0,0,0,0
Azerbaijan,AZE,1966,,0,0.0,0.0,0.0,0,0,0,0
Azerbaijan,AZE,1967,,0,0.0,0.0,0.0,0,0,0,0
Azerbaijan,AZE,1968,,0,0.0,0.0,0.0,0,0,0,0
Azerbaijan,AZE,1969,,0,0.0,0.0,0.0,0,0,0,0
Azerbaijan,AZE,1970,,0,0.0,0.0,0.0,0,0,0,0
Azerbaijan,AZE,1971,,0,0.0,0.0,0.0,0,0,0,0
Azerbaijan,AZE,1972,,0,0.0,0.0,0.0,0,0,0,0
Azerbaijan,AZE,1973,,0,0.0,0.0,0.0,0,0,0,0
Azerbaijan,AZE,1974,,0,0.0,0.0,0.0,0,0,0,0
Azerbaijan,AZE,1975,,0,0.0,0.0,0.0,0,0,0,0
Azerbaijan,AZE,1976,,0,0.0,0.0,0.0,0,0,0,0
Azerbaijan,AZE,1977,,0,0.0,0.0,0.0,0,0,0,0
Azerbaijan,AZE,1978,,0,0.0,0.0,0.0,0,0,0,0
Azerbaijan,AZE,1979,,0,0.0,0.0,0.0,0,0,0,0
Azerbaijan,AZE,1980,,0,0.0,0.0,0.0,0,0,0,0
Azerbaijan,AZE,1981,,0,0.0,0.0,0.0,0,0,0,0
Azerbaijan,AZE,1982,,0,0.0,0.0,0.0,0,0,0,0
Azerbaijan,AZE,1983,,0,0.0,0.0,0.0,0,0,0,0
Azerbaijan,AZE,1984,,0,0.0,0.0,0.0,0,0,0,0
Azerbaijan,AZE,1985,,0,0.0,0.0,0.0,0,0,0,0
Azerbaijan,AZE,1986,,0,0.0,0.0,0.0,0,0,0,0
Azerbaijan,AZE,1987,,0,0.0,0.0,0.0,0,0,0,0
Azerbaijan,AZE,1988,,0,0.0,0.0,0.0,0,0,0,0
Azerbaijan,AZE,1989,,0,0.0,0.0,0.0,0,0,0,0
Azerbaijan,AZE,1990,0.0,0,0.0,0.0,0.0,0,0,0,0
Azerbaijan,AZE,1991,0.0,0,0.0,0.0,0.0,0,0,0,0
Azerbaijan,AZE,1992,0.0,0,0.0,0.0,0.0,0,0,0,0
Azerbaijan,AZE,1993,0.0,0,0.0,0.0,1.0,1,1,1,0
Azerbaijan,AZE,1994,23.899,1,0.0,0.0,1.0,0,0,1,1
Azerbaijan,AZE,1995,41.532,1,1.0,0.0,1.0,0,0,1,1
Azerbaijan,AZE,1996,37.981,1,1.0,1.0,1.0,0,0,1,1
Azerbaijan,AZE,1997,37.981,1,1.0,1.0,0.0,0,0,0,0
Azerbaijan,AZE,1998,0.0,0,1.0,1.0,0.0,0,0,0,0
Azerbaijan,AZE,1999,0.0,0,0.0,1.0,0.0,0,0,0,0
Azerbaijan,AZE,2000,0.0,0,0.0,0.0,0.0,0,0,0,0
Azerbaijan,AZE,2001,0.0,0,0.0,0.0,0.0,0,0,0,0
Azerbaijan,AZE,2002,0.0,0,0.0,0.0,0.0,0,0,0,0
Azerbaijan,AZE,2003,0.0,0,0.0,0.0,1.0,1,1,1,0
Azerbaijan,AZE,2004,74.817,1,0.0,0.0,0.0,0,0,0,0
Azerbaijan,AZE,2005,0.0,0,1.0,0.0,0.0,0,0,0,0
Azerbaijan,AZE,2006,0.0,0,0.0,1.0,0.0,0,0,0,0
Azerbaijan,AZE,2007,0.0,0,0.0,0.0,0.0,0,0,0,0
Azerbaijan,AZE,2008,0.0,0,0.0,0.0,0.0,0,0,0,0
Azerbaijan,AZE,2009,0.0,0,0.0,0.0,0.0,0,0,0,0
Azerbaijan,AZE,2010,0.0,0,0.0,0.0,0.0,0,0,0,0
Azerbaijan,AZE,2011,0.0,0,0.0,0.0,0.0,0,0,0,0
Azerbaijan,AZE,2012,0.0,0,0.0,0.0,0.0,0,0,0,0
Azerbaijan,AZE,2013,0.0,0,0.0,0.0,0.0,0,0,0,0
Azerbaijan,AZE,2014,0.0,0,0.0,0.0,0.0,0,0,0,0
Azerbaijan,AZE,2015,0.0,0,0.0,0.0,0.0,0,0,0,0
Azerbaijan,AZE,2016,0.0,0,0.0,0.0,0.0,0,0,0,0
Azerbaijan,AZE,2017,0.0,0,0.0,0.0,0.0,0,0,0,0
Azerbaijan,AZE,2018,0.0,0,0.0,0.0,0.0,0,0,0,0
Azerbaijan,AZE,2019,0.0,0,0.0,0.0,1.0,1,1,1,0
Azerbaijan,AZE,2020,0.36498359999999996,1,0.0,0.0,0.0,0,0,0,0
Azerbaijan,AZE,2021,0.0,0,1.0,0.0,0.0,0,0,0,0
Azerbaijan,AZE,2022,0.0,0,0.0,1.0,0.0,0,0,0,0
Azerbaijan,AZE,2023,0.0,0,0.0,0.0,,0,0,0,0
Bahamas,BHS,1960,,0,,,0.0,0,0,0,0
Bahamas,BHS,1961,,0,0.0,,0.0,0,0,0,0
Bahamas,BHS,1962,,0,0.0,0.0,0.0,0,0,0,0
Bahamas,BHS,1963,,0,0.0,0.0,0.0,0,0,0,0
Bahamas,BHS,1964,,0,0.0,0.0,0.0,0,0,0,0
Bahamas,BHS,1965,,0,0.0,0.0,0.0,0,0,0,0
Bahamas,BHS,1966,,0,0.0,0.0,0.0,0,0,0,0
Bahamas,BHS,1967,,0,0.0,0.0,0.0,0,0,0,0
Bahamas,BHS,1968,,0,0.0,0.0,0.0,0,0,0,0
Bahamas,BHS,1969,,0,0.0,0.0,0.0,0,0,0,0
Bahamas,BHS,1970,,0,0.0,0.0,0.0,0,0,0,0
Bahamas,BHS,1971,,0,0.0,0.0,0.0,0,0,0,0
Bahamas,BHS,1972,,0,0.0,0.0,0.0,0,0,0,0
Bahamas,BHS,1973,,0,0.0,0.0,0.0,0,0,0,0
Bahamas,BHS,1974,,0,0.0,0.0,0.0,0,0,0,0
Bahamas,BHS,1975,,0,0.0,0.0,0.0,0,0,0,0
Bahamas,BHS,1976,,0,0.0,0.0,0.0,0,0,0,0
Bahamas,BHS,1977,,0,0.0,0.0,0.0,0,0,0,0
Bahamas,BHS,1978,,0,0.0,0.0,0.0,0,0,0,0
Bahamas,BHS,1979,,0,0.0,0.0,0.0,0,0,0,0
Bahamas,BHS,1980,,0,0.0,0.0,0.0,0,0,0,0
Bahamas,BHS,1981,,0,0.0,0.0,0.0,0,0,0,0
Bahamas,BHS,1982,,0,0.0,0.0,0.0,0,0,0,0
Bahamas,BHS,1983,,0,0.0,0.0,0.0,0,0,0,0
Bahamas,BHS,1984,,0,0.0,0.0,0.0,0,0,0,0
Bahamas,BHS,1985,,0,0.0,0.0,0.0,0,0,0,0
Bahamas,BHS,1986,,0,0.0,0.0,0.0,0,0,0,0
Bahamas,BHS,1987,,0,0.0,0.0,0.0,0,0,0,0
Bahamas,BHS,1988,,0,0.0,0.0,0.0,0,0,0,0
Bahamas,BHS,1989,,0,0.0,0.0,0.0,0,0,0,0
Bahamas,BHS,1990,,0,0.0,0.0,0.0,0,0,0,0
Bahamas,BHS,1991,,0,0.0,0.0,0.0,0,0,0,0
Bahamas,BHS,1992,,0,0.0,0.0,0.0,0,0,0,0
Bahamas,BHS,1993,,0,0.0,0.0,0.0,0,0,0,0
Bahamas,BHS,1994,,0,0.0,0.0,0.0,0,0,0,0
Bahamas,BHS,1995,,0,0.0,0.0,0.0,0,0,0,0
Bahamas,BHS,1996,,0,0.0,0.0,0.0,0,0,0,0
Bahamas,BHS,1997,,0,0.0,0.0,0.0,0,0,0,0
Bahamas,BHS,1998,,0,0.0,0.0,0.0,0,0,0,0
Bahamas,BHS,1999,,0,0.0,0.0,0.0,0,0,0,0
Bahamas,BHS,2000,,0,0.0,0.0,0.0,0,0,0,0
Bahamas,BHS,2001,,0,0.0,0.0,0.0,0,0,0,0
Bahamas,BHS,2002,,0,0.0,0.0,0.0,0,0,0,0
Bahamas,BHS,2003,,0,0.0,0.0,0.0,0,0,0,0
Bahamas,BHS,2004,,0,0.0,0.0,0.0,0,0,0,0
Bahamas,BHS,2005,,0,0.0,0.0,0.0,0,0,0,0
Bahamas,BHS,2006,,0,0.0,0.0,0.0,0,0,0,0
Bahamas,BHS,2007,,0,0.0,0.0,0.0,0,0,0,0
Bahamas,BHS,2008,,0,0.0,0.0,0.0,0,0,0,0
Bahamas,BHS,2009,,0,0.0,0.0,0.0,0,0,0,0
Bahamas,BHS,2010,,0,0.0,0.0,0.0,0,0,0,0
Bahamas,BHS,2011,,0,0.0,0.0,0.0,0,0,0,0
Bahamas,BHS,2012,,0,0.0,0.0,0.0,0,0,0,0
Bahamas,BHS,2013,,0,0.0,0.0,0.0,0,0,0,0
Bahamas,BHS,2014,,0,0.0,0.0,0.0,0,0,0,0
Bahamas,BHS,2015,,0,0.0,0.0,0.0,0,0,0,0
Bahamas,BHS,2016,,0,0.0,0.0,0.0,0,0,0,0
Bahamas,BHS,2017,,0,0.0,0.0,0.0,0,0,0,0
Bahamas,BHS,2018,,0,0.0,0.0,0.0,0,0,0,0
Bahamas,BHS,2019,,0,0.0,0.0,0.0,0,0,0,0
Bahamas,BHS,2020,,0,0.0,0.0,0.0,0,0,0,0
Bahamas,BHS,2021,,0,0.0,0.0,0.0,0,0,0,0
Bahamas,BHS,2022,,0,0.0,0.0,0.0,0,0,0,0
Bahamas,BHS,2023,,0,0.0,0.0,,0,0,0,0
Bangladesh,BGD,1960,,0,,,0.0,0,0,0,0
Bangladesh,BGD,1961,,0,0.0,,0.0,0,0,0,0
Bangladesh,BGD,1962,,0,0.0,0.0,0.0,0,0,0,0
Bangladesh,BGD,1963,,0,0.0,0.0,0.0,0,0,0,0
Bangladesh,BGD,1964,,0,0.0,0.0,0.0,0,0,0,0
Bangladesh,BGD,1965,,0,0.0,0.0,0.0,0,0,0,0
Bangladesh,BGD,1966,,0,0.0,0.0,0.0,0,0,0,0
Bangladesh,BGD,1967,,0,0.0,0.0,0.0,0,0,0,0
Bangladesh,BGD,1968,,0,0.0,0.0,0.0,0,0,0,0
Bangladesh,BGD,1969,,0,0.0,0.0,0.0,0,0,0,0
Bangladesh,BGD,1970,,0,0.0,0.0,0.0,0,0,0,0
Bangladesh,BGD,1971,0.0,0,0.0,0.0,0.0,0,0,0,0
Bangladesh,BGD,1972,0.0,0,0.0,0.0,1.0,1,1,1,0
Bangladesh,BGD,1973,0.53,1,0.0,0.0,1.0,0,0,1,1
Bangladesh,BGD,1974,1.033,1,1.0,0.0,1.0,0,0,1,1
Bangladesh,BGD,1975,2.027,1,1.0,1.0,1.0,0,0,1,1
Bangladesh,BGD,1976,3.2249999999999996,1,1.0,1.0,1.0,0,0,1,1
Bangladesh,BGD,1977,4.046,1,1.0,1.0,1.0,0,0,1,1
Bangladesh,BGD,1978,5.4590000000000005,1,1.0,1.0,1.0,0,0,1,1
Bangladesh,BGD,1979,1.275,1,1.0,1.0,1.0,0,0,1,1
Bangladesh,BGD,1980,0.243,1,1.0,1.0,1.0,0,0,1,1
Bangladesh,BGD,1981,0.258,1,1.0,1.0,1.0,0,0,1,1
Bangladesh,BGD,1982,0.27,1,1.0,1.0,1.0,0,0,1,1
Bangladesh,BGD,1983,0.289,1,1.0,1.0,1.0,0,0,1,1
Bangladesh,BGD,1984,0.267,1,1.0,1.0,1.0,0,0,1,1
Bangladesh,BGD,1985,1.9989999999999999,1,1.0,1.0,1.0,0,0,1,1
Bangladesh,BGD,1986,4.667,1,1.0,1.0,1.0,0,0,1,1
Bangladesh,BGD,1987,10.989,1,1.0,1.0,1.0,0,0,1,1
Bangladesh,BGD,1988,12.297000000000002,1,1.0,1.0,1.0,0,0,1,1
Bangladesh,BGD,1989,13.910000000000002,1,1.0,1.0,1.0,0,0,1,1
Bangladesh,BGD,1990,16.22,1,1.0,1.0,1.0,0,0,1,1
Bangladesh,BGD,1991,314.32,1,1.0,1.0,1.0,0,0,1,1
Bangladesh,BGD,1992,18.375999999999998,1,1.0,1.0,1.0,0,0,1,1
Bangladesh,BGD,1993,22.1,1,1.0,1.0,1.0,0,0,1,1
Bangladesh,BGD,1994,31.357,1,1.0,1.0,1.0,0,0,1,1
Bangladesh,BGD,1995,28.227,1,1.0,1.0,1.0,0,0,1,1
Bangladesh,BGD,1996,3.394,1,1.0,1.0,1.0,0,0,1,1
Bangladesh,BGD,1997,3.214,1,1.0,1.0,1.0,0,0,1,1
Bangladesh,BGD,1998,3.532,1,1.0,1.0,1.0,0,0,1,1
Bangladesh,BGD,1999,4.401,1,1.0,1.0,1.0,0,0,1,1
Bangladesh,BGD,2000,4.401,1,1.0,1.0,1.0,0,0,1,1
Bangladesh,BGD,2001,78.253,1,1.0,1.0,1.0,0,0,1,1
Bangladesh,BGD,2002,103.40850241545895,1,1.0,1.0,1.0,0,0,1,1
Bangladesh,BGD,2003,117.80499999999999,1,1.0,1.0,1.0,0,0,1,1
Bangladesh,BGD,2004,161.543,1,1.0,1.0,1.0,0,0,1,1
Bangladesh,BGD,2005,17.245,1,1.0,1.0,1.0,0,0,1,1
Bangladesh,BGD,2006,86.3947262,1,1.0,1.0,1.0,0,0,1,1
Bangladesh,BGD,2007,259.55463149999997,1,1.0,1.0,1.0,0,0,1,1
Bangladesh,BGD,2008,535.8351801,1,1.0,1.0,1.0,0,0,1,1
Bangladesh,BGD,2009,7.320644216691068,1,1.0,1.0,1.0,0,0,1,1
Bangladesh,BGD,2010,256.3063054,1,1.0,1.0,1.0,0,0,1,1
Bangladesh,BGD,2011,16.459106900000002,1,1.0,1.0,1.0,0,0,1,1
Bangladesh,BGD,2012,63.372859500000004,1,1.0,1.0,1.0,0,0,1,1
Bangladesh,BGD,2013,26.6839961,1,1.0,1.0,1.0,0,0,1,1
Bangladesh,BGD,2014,8.8727516,1,1.0,1.0,0.0,0,0,0,0
Bangladesh,BGD,2015,0.0,0,1.0,1.0,0.0,0,0,0,0
Bangladesh,BGD,2016,0.0,0,0.0,1.0,0.0,0,0,0,0
Bangladesh,BGD,2017,0.0,0,0.0,0.0,0.0,0,0,0,0
Bangladesh,BGD,2018,0.0,0,0.0,0.0,0.0,0,0,0,0
Bangladesh,BGD,2019,0.0,0,0.0,0.0,0.0,0,0,0,0
Bangladesh,BGD,2020,0.0,0,0.0,0.0,0.0,0,0,0,0
Bangladesh,BGD,2021,0.0,0,0.0,0.0,0.0,0,0,0,0
Bangladesh,BGD,2022,0.0,0,0.0,0.0,1.0,1,1,1,0
Bangladesh,BGD,2023,969.0,1,0.0,0.0,,0,0,0,0
Barbados,BRB,1960,,0,,,0.0,0,0,0,0
Barbados,BRB,1961,,0,0.0,,0.0,0,0,0,0
Barbados,BRB,1962,,0,0.0,0.0,0.0,0,0,0,0
Barbados,BRB,1963,,0,0.0,0.0,0.0,0,0,0,0
Barbados,BRB,1964,,0,0.0,0.0,0.0,0,0,0,0
Barbados,BRB,1965,,0,0.0,0.0,0.0,0,0,0,0
Barbados,BRB,1966,0.0,0,0.0,0.0,0.0,0,0,0,0
Barbados,BRB,1967,0.0,0,0.0,0.0,0.0,0,0,0,0
Barbados,BRB,1968,0.0,0,0.0,0.0,0.0,0,0,0,0
Barbados,BRB,1969,0.0,0,0.0,0.0,0.0,0,0,0,0
Barbados,BRB,1970,0.0,0,0.0,0.0,0.0,0,0,0,0
Barbados,BRB,1971,0.0,0,0.0,0.0,0.0,0,0,0,0
Barbados,BRB,1972,0.0,0,0.0,0.0,0.0,0,0,0,0
Barbados,BRB,1973,0.0,0,0.0,0.0,0.0,0,0,0,0
Barbados,BRB,1974,0.0,0,0.0,0.0,0.0,0,0,0,0
Barbados,BRB,1975,0.0,0,0.0,0.0,0.0,0,0,0,0
Barbados,BRB,1976,0.0,0,0.0,0.0,0.0,0,0,0,0
Barbados,BRB,1977,0.0,0,0.0,0.0,0.0,0,0,0,0
Barbados,BRB,1978,0.0,0,0.0,0.0,0.0,0,0,0,0
Barbados,BRB,1979,0.0,0,0.0,0.0,0.0,0,0,0,0
Barbados,BRB,1980,0.0,0,0.0,0.0,0.0,0,0,0,0
Barbados,BRB,1981,0.0,0,0.0,0.0,0.0,0,0,0,0
Barbados,BRB,1982,0.0,0,0.0,0.0,0.0,0,0,0,0
Barbados,BRB,1983,0.0,0,0.0,0.0,0.0,0,0,0,0
Barbados,BRB,1984,0.0,0,0.0,0.0,0.0,0,0,0,0
Barbados,BRB,1985,0.0,0,0.0,0.0,0.0,0,0,0,0
Barbados,BRB,1986,0.0,0,0.0,0.0,0.0,0,0,0,0
Barbados,BRB,1987,0.0,0,0.0,0.0,0.0,0,0,0,0
Barbados,BRB,1988,0.0,0,0.0,0.0,0.0,0,0,0,0
Barbados,BRB,1989,0.0,0,0.0,0.0,0.0,0,0,0,0
Barbados,BRB,1990,0.0,0,0.0,0.0,0.0,0,0,0,0
Barbados,BRB,1991,0.0,0,0.0,0.0,0.0,0,0,0,0
Barbados,BRB,1992,0.0,0,0.0,0.0,0.0,0,0,0,0
Barbados,BRB,1993,0.0,0,0.0,0.0,0.0,0,0,0,0
Barbados,BRB,1994,0.0,0,0.0,0.0,0.0,0,0,0,0
Barbados,BRB,1995,0.0,0,0.0,0.0,0.0,0,0,0,0
Barbados,BRB,1996,0.0,0,0.0,0.0,0.0,0,0,0,0
Barbados,BRB,1997,0.0,0,0.0,0.0,0.0,0,0,0,0
Barbados,BRB,1998,0.0,0,0.0,0.0,0.0,0,0,0,0
Barbados,BRB,1999,0.0,0,0.0,0.0,0.0,0,0,0,0
Barbados,BRB,2000,0.0,0,0.0,0.0,0.0,0,0,0,0
Barbados,BRB,2001,0.0,0,0.0,0.0,0.0,0,0,0,0
Barbados,BRB,2002,0.0,0,0.0,0.0,0.0,0,0,0,0
Barbados,BRB,2003,0.0,0,0.0,0.0,0.0,0,0,0,0
Barbados,BRB,2004,0.0,0,0.0,0.0,0.0,0,0,0,0
Barbados,BRB,2005,0.0,0,0.0,0.0,0.0,0,0,0,0
Barbados,BRB,2006,0.0,0,0.0,0.0,0.0,0,0,0,0
Barbados,BRB,2007,0.0,0,0.0,0.0,0.0,0,0,0,0
Barbados,BRB,2008,0.0,0,0.0,0.0,0.0,0,0,0,0
Barbados,BRB,2009,0.0,0,0.0,0.0,0.0,0,0,0,0
Barbados,BRB,2010,0.0,0,0.0,0.0,0.0,0,0,0,0
Barbados,BRB,2011,0.0,0,0.0,0.0,0.0,0,0,0,0
Barbados,BRB,2012,0.0,0,0.0,0.0,0.0,0,0,0,0
Barbados,BRB,2013,0.0,0,0.0,0.0,0.0,0,0,0,0
Barbados,BRB,2014,0.0,0,0.0,0.0,0.0,0,0,0,0
Barbados,BRB,2015,0.0,0,0.0,0.0,0.0,0,0,0,0
Barbados,BRB,2016,0.0,0,0.0,0.0,0.0,0,0,0,0
Barbados,BRB,2017,0.0,0,0.0,0.0,1.0,1,1,1,0
Barbados,BRB,2018,6960.4,1,0.0,0.0,1.0,0,0,1,1
Barbados,BRB,2019,1101.4,1,1.0,0.0,1.0,0,0,1,1
Barbados,BRB,2020,25.0,1,1.0,1.0,0.0,0,0,0,0
Barbados,BRB,2021,0.0,0,1.0,1.0,1.0,1,0,1,0
Barbados,BRB,2022,150.5,1,0.0,1.0,0.0,0,0,0,0
Barbados,BRB,2023,0.0,0,1.0,0.0,,0,0,0,0
Belarus,BLR,1960,,0,,,0.0,0,0,0,0
Belarus,BLR,1961,,0,0.0,,0.0,0,0,0,0
Belarus,BLR,1962,,0,0.0,0.0,0.0,0,0,0,0
Belarus,BLR,1963,,0,0.0,0.0,0.0,0,0,0,0
Belarus,BLR,1964,,0,0.0,0.0,0.0,0,0,0,0
Belarus,BLR,1965,,0,0.0,0.0,0.0,0,0,0,0
Belarus,BLR,1966,,0,0.0,0.0,0.0,0,0,0,0
Belarus,BLR,1967,,0,0.0,0.0,0.0,0,0,0,0
Belarus,BLR,1968,,0,0.0,0.0,0.0,0,0,0,0
Belarus,BLR,1969,,0,0.0,0.0,0.0,0,0,0,0
Belarus,BLR,1970,,0,0.0,0.0,0.0,0,0,0,0
Belarus,BLR,1971,,0,0.0,0.0,0.0,0,0,0,0
Belarus,BLR,1972,,0,0.0,0.0,0.0,0,0,0,0
Belarus,BLR,1973,,0,0.0,0.0,0.0,0,0,0,0
Belarus,BLR,1974,,0,0.0,0.0,0.0,0,0,0,0
Belarus,BLR,1975,,0,0.0,0.0,0.0,0,0,0,0
Belarus,BLR,1976,,0,0.0,0.0,0.0,0,0,0,0
Belarus,BLR,1977,,0,0.0,0.0,0.0,0,0,0,0
Belarus,BLR,1978,,0,0.0,0.0,0.0,0,0,0,0
Belarus,BLR,1979,,0,0.0,0.0,0.0,0,0,0,0
Belarus,BLR,1980,,0,0.0,0.0,0.0,0,0,0,0
Belarus,BLR,1981,,0,0.0,0.0,0.0,0,0,0,0
Belarus,BLR,1982,,0,0.0,0.0,0.0,0,0,0,0
Belarus,BLR,1983,,0,0.0,0.0,0.0,0,0,0,0
Belarus,BLR,1984,,0,0.0,0.0,0.0,0,0,0,0
Belarus,BLR,1985,,0,0.0,0.0,0.0,0,0,0,0
Belarus,BLR,1986,,0,0.0,0.0,0.0,0,0,0,0
Belarus,BLR,1987,,0,0.0,0.0,0.0,0,0,0,0
Belarus,BLR,1988,,0,0.0,0.0,0.0,0,0,0,0
Belarus,BLR,1989,,0,0.0,0.0,0.0,0,0,0,0
Belarus,BLR,1990,,0,0.0,0.0,0.0,0,0,0,0
Belarus,BLR,1991,0.0,0,0.0,0.0,0.0,0,0,0,0
Belarus,BLR,1992,0.0,0,0.0,0.0,1.0,1,1,1,0
Belarus,BLR,1993,6.933,1,0.0,0.0,1.0,0,0,1,1
Belarus,BLR,1994,149.758,1,1.0,0.0,1.0,0,0,1,1
Belarus,BLR,1995,644.5029999999999,1,1.0,1.0,1.0,0,0,1,1
Belarus,BLR,1996,315.748,1,1.0,1.0,1.0,0,0,1,1
Belarus,BLR,1997,158.102,1,1.0,1.0,1.0,0,0,1,1
Belarus,BLR,1998,453.073,1,1.0,1.0,1.0,0,0,1,1
Belarus,BLR,1999,400.964,1,1.0,1.0,1.0,0,0,1,1
Belarus,BLR,2000,464.408,1,1.0,1.0,1.0,0,0,1,1
Belarus,BLR,2001,242.951,1,1.0,1.0,1.0,0,0,1,1
Belarus,BLR,2002,210.905,1,1.0,1.0,1.0,0,0,1,1
Belarus,BLR,2003,193.532,1,1.0,1.0,1.0,0,0,1,1
Belarus,BLR,2004,167.511,1,1.0,1.0,1.0,0,0,1,1
Belarus,BLR,2005,137.637,1,1.0,1.0,1.0,0,0,1,1
Belarus,BLR,2006,26.318,1,1.0,1.0,1.0,0,0,1,1
Belarus,BLR,2007,11.896,1,1.0,1.0,1.0,0,0,1,1
Belarus,BLR,2008,5.477,1,1.0,1.0,1.0,0,0,1,1
Belarus,BLR,2009,37.061,1,1.0,1.0,1.0,0,0,1,1
Belarus,BLR,2010,10.642,1,1.0,1.0,1.0,0,0,1,1
Belarus,BLR,2011,16.1,1,1.0,1.0,1.0,0,0,1,1
Belarus,BLR,2012,12.227,1,1.0,1.0,1.0,0,0,1,1
Belarus,BLR,2013,12.462,1,1.0,1.0,1.0,0,0,1,1
Belarus,BLR,2014,15.216,1,1.0,1.0,1.0,0,0,1,1
Belarus,BLR,2015,14.519,1,1.0,1.0,1.0,0,0,1,1
Belarus,BLR,2016,11.487,1,1.0,1.0,1.0,0,0,1,1
Belarus,BLR,2017,11.612,1,1.0,1.0,1.0,0,0,1,1
Belarus,BLR,2018,12.161,1,1.0,1.0,1.0,0,0,1,1
Belarus,BLR,2019,14.629,1,1.0,1.0,1.0,0,0,1,1
Belarus,BLR,2020,218.5,1,1.0,1.0,0.0,0,0,0,0
Belarus,BLR,2021,0.0,0,1.0,1.0,1.0,1,0,1,0
Belarus,BLR,2022,13493.499,1,0.0,1.0,1.0,0,0,1,1
Belarus,BLR,2023,14197.0,1,1.0,0.0,,0,0,0,0
Belize,BLZ,1960,,0,,,0.0,0,0,0,0
Belize,BLZ,1961,,0,0.0,,0.0,0,0,0,0
Belize,BLZ,1962,,0,0.0,0.0,0.0,0,0,0,0
Belize,BLZ,1963,,0,0.0,0.0,0.0,0,0,0,0
Belize,BLZ,1964,,0,0.0,0.0,0.0,0,0,0,0
Belize,BLZ,1965,,0,0.0,0.0,0.0,0,0,0,0
Belize,BLZ,1966,,0,0.0,0.0,0.0,0,0,0,0
Belize,BLZ,1967,,0,0.0,0.0,0.0,0,0,0,0
Belize,BLZ,1968,,0,0.0,0.0,0.0,0,0,0,0
Belize,BLZ,1969,,0,0.0,0.0,0.0,0,0,0,0
Belize,BLZ,1970,,0,0.0,0.0,0.0,0,0,0,0
Belize,BLZ,1971,,0,0.0,0.0,0.0,0,0,0,0
Belize,BLZ,1972,,0,0.0,0.0,0.0,0,0,0,0
Belize,BLZ,1973,,0,0.0,0.0,0.0,0,0,0,0
Belize,BLZ,1974,,0,0.0,0.0,0.0,0,0,0,0
Belize,BLZ,1975,,0,0.0,0.0,0.0,0,0,0,0
Belize,BLZ,1976,,0,0.0,0.0,0.0,0,0,0,0
Belize,BLZ,1977,,0,0.0,0.0,0.0,0,0,0,0
Belize,BLZ,1978,,0,0.0,0.0,0.0,0,0,0,0
Belize,BLZ,1979,,0,0.0,0.0,0.0,0,0,0,0
Belize,BLZ,1980,,0,0.0,0.0,1.0,1,1,1,0
Belize,BLZ,1981,0.197632,1,0.0,0.0,1.0,0,0,1,1
Belize,BLZ,1982,0.472821,1,1.0,0.0,1.0,0,0,1,1
Belize,BLZ,1983,3.230595,1,1.0,1.0,1.0,0,0,1,1
Belize,BLZ,1984,6.144993,1,1.0,1.0,1.0,0,0,1,1
Belize,BLZ,1985,3.088055,1,1.0,1.0,1.0,0,0,1,1
Belize,BLZ,1986,2.702375,1,1.0,1.0,1.0,0,0,1,1
Belize,BLZ,1987,2.4605189999999997,1,1.0,1.0,1.0,0,0,1,1
Belize,BLZ,1988,3.563852,1,1.0,1.0,1.0,0,0,1,1
Belize,BLZ,1989,2.642822,1,1.0,1.0,1.0,0,0,1,1
Belize,BLZ,1990,12.01195,1,1.0,1.0,1.0,0,0,1,1
Belize,BLZ,1991,1.764069,1,1.0,1.0,1.0,0,0,1,1
Belize,BLZ,1992,3.048357,1,1.0,1.0,1.0,0,0,1,1
Belize,BLZ,1993,4.723085,1,1.0,1.0,1.0,0,0,1,1
Belize,BLZ,1994,8.268537,1,1.0,1.0,1.0,0,0,1,1
Belize,BLZ,1995,1.5458530000000001,1,1.0,1.0,1.0,0,0,1,1
Belize,BLZ,1996,1.179583,1,1.0,1.0,1.0,0,0,1,1
Belize,BLZ,1997,0.014,1,1.0,1.0,0.0,0,0,0,0
Belize,BLZ,1998,0.0,0,1.0,1.0,1.0,1,0,1,0
Belize,BLZ,1999,8.64e-05,1,0.0,1.0,0.0,0,0,0,0
Belize,BLZ,2000,0.0,0,1.0,0.0,1.0,1,0,1,0
Belize,BLZ,2001,0.012,1,0.0,1.0,1.0,0,0,1,1
Belize,BLZ,2002,1.899912,1,1.0,0.0,1.0,0,0,1,1
Belize,BLZ,2003,0.983129,1,1.0,1.0,1.0,0,0,1,1
Belize,BLZ,2004,1.307858,1,1.0,1.0,1.0,0,0,1,1
Belize,BLZ,2005,8.724944,1,1.0,1.0,1.0,0,0,1,1
Belize,BLZ,2006,555.1334897,1,1.0,1.0,1.0,0,0,1,1
Belize,BLZ,2007,558.2671750000001,1,1.0,1.0,1.0,0,0,1,1
Belize,BLZ,2008,14.766910000000001,1,1.0,1.0,1.0,0,0,1,1
Belize,BLZ,2009,10.7616391,1,1.0,1.0,1.0,0,0,1,1
Belize,BLZ,2010,7.8089341999999995,1,1.0,1.0,1.0,0,0,1,1
Belize,BLZ,2011,8.2695553,1,1.0,1.0,1.0,0,0,1,1
Belize,BLZ,2012,550.2003365,1,1.0,1.0,1.0,0,0,1,1
Belize,BLZ,2013,1105.045724,1,1.0,1.0,1.0,0,0,1,1
Belize,BLZ,2014,6.0339148,1,1.0,1.0,1.0,0,0,1,1
Belize,BLZ,2015,7.278380100000001,1,1.0,1.0,1.0,0,0,1,1
Belize,BLZ,2016,530.1031292,1,1.0,1.0,1.0,0,0,1,1
Belize,BLZ,2017,532.9293698,1,1.0,1.0,1.0,0,0,1,1
Belize,BLZ,2018,13.5237911,1,1.0,1.0,1.0,0,0,1,1
Belize,BLZ,2019,22.731,1,1.0,1.0,1.0,0,0,1,1
Belize,BLZ,2020,55.604799099999994,1,1.0,1.0,1.0,0,0,1,1
Belize,BLZ,2021,606.5460793999999,1,1.0,1.0,1.0,0,0,1,1
Belize,BLZ,2022,56.0,1,1.0,1.0,1.0,0,0,1,1
Belize,BLZ,2023,11.0,1,1.0,1.0,,0,0,0,0
Benin,BEN,1960,0.8,1,,,1.0,0,0,1,1
Benin,BEN,1961,0.8,1,1.0,,1.0,0,0,1,1
Benin,BEN,1962,0.8,1,1.0,1.0,1.0,0,0,1,1
Benin,BEN,1963,0.8,1,1.0,1.0,1.0,0,0,1,1
Benin,BEN,1964,0.8,1,1.0,1.0,1.0,0,0,1,1
Benin,BEN,1965,4.3,1,1.0,1.0,1.0,0,0,1,1
Benin,BEN,1966,4.3,1,1.0,1.0,1.0,0,0,1,1
Benin,BEN,1967,14.0,1,1.0,1.0,1.0,0,0,1,1
Benin,BEN,1968,14.0,1,1.0,1.0,1.0,0,0,1,1
Benin,BEN,1969,14.0,1,1.0,1.0,1.0,0,0,1,1
Benin,BEN,1970,4.340489,1,1.0,1.0,1.0,0,0,1,1
Benin,BEN,1971,5.999383,1,1.0,1.0,1.0,0,0,1,1
Benin,BEN,1972,9.316107,1,1.0,1.0,1.0,0,0,1,1
Benin,BEN,1973,12.619379,1,1.0,1.0,1.0,0,0,1,1
Benin,BEN,1974,14.759542,1,1.0,1.0,1.0,0,0,1,1
Benin,BEN,1975,16.719825,1,1.0,1.0,1.0,0,0,1,1
Benin,BEN,1976,15.442523000000001,1,1.0,1.0,1.0,0,0,1,1
Benin,BEN,1977,16.832511,1,1.0,1.0,1.0,0,0,1,1
Benin,BEN,1978,19.098179,1,1.0,1.0,1.0,0,0,1,1
Benin,BEN,1979,20.004136,1,1.0,1.0,1.0,0,0,1,1
Benin,BEN,1980,18.905969000000002,1,1.0,1.0,1.0,0,0,1,1
Benin,BEN,1981,15.504892000000002,1,1.0,1.0,1.0,0,0,1,1
Benin,BEN,1982,4.996686,1,1.0,1.0,1.0,0,0,1,1
Benin,BEN,1983,44.907587,1,1.0,1.0,1.0,0,0,1,1
Benin,BEN,1984,87.56664,1,1.0,1.0,1.0,0,0,1,1
Benin,BEN,1985,166.74584000000002,1,1.0,1.0,1.0,0,0,1,1
Benin,BEN,1986,265.92719,1,1.0,1.0,1.0,0,0,1,1
Benin,BEN,1987,394.35031,1,1.0,1.0,1.0,0,0,1,1
Benin,BEN,1988,440.11551,1,1.0,1.0,1.0,0,0,1,1
Benin,BEN,1989,360.262,1,1.0,1.0,1.0,0,0,1,1
Benin,BEN,1990,221.9191478,1,1.0,1.0,1.0,0,0,1,1
Benin,BEN,1991,211.769505,1,1.0,1.0,1.0,0,0,1,1
Benin,BEN,1992,93.54894949999999,1,1.0,1.0,1.0,0,0,1,1
Benin,BEN,1993,114.629216,1,1.0,1.0,1.0,0,0,1,1
Benin,BEN,1994,90.97452259999999,1,1.0,1.0,1.0,0,0,1,1
Benin,BEN,1995,219.6226326,1,1.0,1.0,1.0,0,0,1,1
Benin,BEN,1996,216.6763905,1,1.0,1.0,1.0,0,0,1,1
Benin,BEN,1997,80.5670728,1,1.0,1.0,1.0,0,0,1,1
Benin,BEN,1998,81.2973527,1,1.0,1.0,1.0,0,0,1,1
Benin,BEN,1999,81.3373879,1,1.0,1.0,1.0,0,0,1,1
Benin,BEN,2000,56.5082853,1,1.0,1.0,1.0,0,0,1,1
Benin,BEN,2001,20.867973900000003,1,1.0,1.0,1.0,0,0,1,1
Benin,BEN,2002,20.3576519,1,1.0,1.0,1.0,0,0,1,1
Benin,BEN,2003,238.4258446,1,1.0,1.0,1.0,0,0,1,1
Benin,BEN,2004,22.8420781,1,1.0,1.0,1.0,0,0,1,1
Benin,BEN,2005,22.1998107,1,1.0,1.0,1.0,0,0,1,1
Benin,BEN,2006,1085.2449848,1,1.0,1.0,1.0,0,0,1,1
Benin,BEN,2007,14.1242376,1,1.0,1.0,1.0,0,0,1,1
Benin,BEN,2008,22.8865755,1,1.0,1.0,1.0,0,0,1,1
Benin,BEN,2009,61.2825959,1,1.0,1.0,1.0,0,0,1,1
Benin,BEN,2010,60.8486456,1,1.0,1.0,1.0,0,0,1,1
Benin,BEN,2011,62.905303700000005,1,1.0,1.0,1.0,0,0,1,1
Benin,BEN,2012,75.906302,1,1.0,1.0,1.0,0,0,1,1
Benin,BEN,2013,83.2349419,1,1.0,1.0,1.0,0,0,1,1
Benin,BEN,2014,54.2749346,1,1.0,1.0,1.0,0,0,1,1
Benin,BEN,2015,82.4819234,1,1.0,1.0,1.0,0,0,1,1
Benin,BEN,2016,74.3387503,1,1.0,1.0,1.0,0,0,1,1
Benin,BEN,2017,80.7037155,1,1.0,1.0,1.0,0,0,1,1
Benin,BEN,2018,84.5108121,1,1.0,1.0,0.0,0,0,0,0
Benin,BEN,2019,0.0,0,1.0,1.0,0.0,0,0,0,0
Benin,BEN,2020,0.0,0,0.0,1.0,0.0,0,0,0,0
Benin,BEN,2021,0.0,0,0.0,0.0,0.0,0,0,0,0
Benin,BEN,2022,0.0,0,0.0,0.0,0.0,0,0,0,0
Benin,BEN,2023,0.0,0,0.0,0.0,,0,0,0,0
Bhutan,BTN,1960,0.0,0,,,0.0,0,0,0,0
Bhutan,BTN,1961,0.0,0,0.0,,0.0,0,0,0,0
Bhutan,BTN,1962,0.0,0,0.0,0.0,0.0,0,0,0,0
Bhutan,BTN,1963,0.0,0,0.0,0.0,0.0,0,0,0,0
Bhutan,BTN,1964,0.0,0,0.0,0.0,0.0,0,0,0,0
Bhutan,BTN,1965,0.0,0,0.0,0.0,0.0,0,0,0,0
Bhutan,BTN,1966,0.0,0,0.0,0.0,0.0,0,0,0,0
Bhutan,BTN,1967,0.0,0,0.0,0.0,0.0,0,0,0,0
Bhutan,BTN,1968,0.0,0,0.0,0.0,0.0,0,0,0,0
Bhutan,BTN,1969,0.0,0,0.0,0.0,0.0,0,0,0,0
Bhutan,BTN,1970,0.0,0,0.0,0.0,0.0,0,0,0,0
Bhutan,BTN,1971,0.0,0,0.0,0.0,0.0,0,0,0,0
Bhutan,BTN,1972,0.0,0,0.0,0.0,0.0,0,0,0,0
Bhutan,BTN,1973,0.0,0,0.0,0.0,0.0,0,0,0,0
Bhutan,BTN,1974,0.0,0,0.0,0.0,0.0,0,0,0,0
Bhutan,BTN,1975,0.0,0,0.0,0.0,0.0,0,0,0,0
Bhutan,BTN,1976,0.0,0,0.0,0.0,0.0,0,0,0,0
Bhutan,BTN,1977,0.0,0,0.0,0.0,0.0,0,0,0,0
Bhutan,BTN,1978,0.0,0,0.0,0.0,0.0,0,0,0,0
Bhutan,BTN,1979,0.0,0,0.0,0.0,0.0,0,0,0,0
Bhutan,BTN,1980,0.0,0,0.0,0.0,0.0,0,0,0,0
Bhutan,BTN,1981,0.0,0,0.0,0.0,0.0,0,0,0,0
Bhutan,BTN,1982,0.0,0,0.0,0.0,0.0,0,0,0,0
Bhutan,BTN,1983,0.0,0,0.0,0.0,0.0,0,0,0,0
Bhutan,BTN,1984,0.0,0,0.0,0.0,0.0,0,0,0,0
Bhutan,BTN,1985,0.0,0,0.0,0.0,0.0,0,0,0,0
Bhutan,BTN,1986,0.0,0,0.0,0.0,0.0,0,0,0,0
Bhutan,BTN,1987,0.0,0,0.0,0.0,0.0,0,0,0,0
Bhutan,BTN,1988,0.0,0,0.0,0.0,0.0,0,0,0,0
Bhutan,BTN,1989,0.0,0,0.0,0.0,1.0,1,1,1,0
Bhutan,BTN,1990,1.72,1,0.0,0.0,1.0,0,0,1,1
Bhutan,BTN,1991,3.541,1,1.0,0.0,1.0,0,0,1,1
Bhutan,BTN,1992,3.488,1,1.0,1.0,1.0,0,0,1,1
Bhutan,BTN,1993,2.842,1,1.0,1.0,1.0,0,0,1,1
Bhutan,BTN,1994,2.034,1,1.0,1.0,1.0,0,0,1,1
Bhutan,BTN,1995,0.814,1,1.0,1.0,1.0,0,0,1,1
Bhutan,BTN,1996,0.277,1,1.0,1.0,0.0,0,0,0,0
Bhutan,BTN,1997,0.0,0,1.0,1.0,0.0,0,0,0,0
Bhutan,BTN,1998,0.0,0,0.0,1.0,0.0,0,0,0,0
Bhutan,BTN,1999,0.0,0,0.0,0.0,0.0,0,0,0,0
Bhutan,BTN,2000,0.0,0,0.0,0.0,0.0,0,0,0,0
Bhutan,BTN,2001,0.0,0,0.0,0.0,0.0,0,0,0,0
Bhutan,BTN,2002,0.0,0,0.0,0.0,0.0,0,0,0,0
Bhutan,BTN,2003,0.0,0,0.0,0.0,0.0,0,0,0,0
Bhutan,BTN,2004,0.0,0,0.0,0.0,1.0,1,1,1,0
Bhutan,BTN,2005,8.618,1,0.0,0.0,0.0,0,0,0,0
Bhutan,BTN,2006,0.0,0,1.0,0.0,0.0,0,0,0,0
Bhutan,BTN,2007,0.0,0,0.0,1.0,0.0,0,0,0,0
Bhutan,BTN,2008,0.0,0,0.0,0.0,0.0,0,0,0,0
Bhutan,BTN,2009,0.0,0,0.0,0.0,0.0,0,0,0,0
Bhutan,BTN,2010,0.0,0,0.0,0.0,0.0,0,0,0,0
Bhutan,BTN,2011,0.0,0,0.0,0.0,0.0,0,0,0,0
Bhutan,BTN,2012,0.0,0,0.0,0.0,0.0,0,0,0,0
Bhutan,BTN,2013,0.0,0,0.0,0.0,0.0,0,0,0,0
Bhutan,BTN,2014,0.0,0,0.0,0.0,0.0,0,0,0,0
Bhutan,BTN,2015,0.0,0,0.0,0.0,0.0,0,0,0,0
Bhutan,BTN,2016,0.0,0,0.0,0.0,0.0,0,0,0,0
Bhutan,BTN,2017,0.0,0,0.0,0.0,0.0,0,0,0,0
Bhutan,BTN,2018,0.0,0,0.0,0.0,0.0,0,0,0,0
Bhutan,BTN,2019,0.0,0,0.0,0.0,0.0,0,0,0,0
Bhutan,BTN,2020,0.0,0,0.0,0.0,0.0,0,0,0,0
Bhutan,BTN,2021,0.0,0,0.0,0.0,0.0,0,0,0,0
Bhutan,BTN,2022,0.0,0,0.0,0.0,0.0,0,0,0,0
Bhutan,BTN,2023,0.0,0,0.0,0.0,,0,0,0,0
Bolivia,BOL,1960,116.547,1,,,1.0,0,0,1,1
Bolivia,BOL,1961,121.19,1,1.0,,1.0,0,0,1,1
Bolivia,BOL,1962,97.833,1,1.0,1.0,1.0,0,0,1,1
Bolivia,BOL,1963,102.776,1,1.0,1.0,1.0,0,0,1,1
Bolivia,BOL,1964,106.119,1,1.0,1.0,1.0,0,0,1,1
Bolivia,BOL,1965,109.762,1,1.0,1.0,1.0,0,0,1,1
Bolivia,BOL,1966,112.405,1,1.0,1.0,1.0,0,0,1,1
Bolivia,BOL,1967,72.048,1,1.0,1.0,1.0,0,0,1,1
Bolivia,BOL,1968,74.691,1,1.0,1.0,1.0,0,0,1,1
Bolivia,BOL,1969,77.334,1,1.0,1.0,1.0,0,0,1,1
Bolivia,BOL,1970,2.999,1,1.0,1.0,1.0,0,0,1,1
Bolivia,BOL,1971,5.298,1,1.0,1.0,1.0,0,0,1,1
Bolivia,BOL,1972,4.134,1,1.0,1.0,1.0,0,0,1,1
Bolivia,BOL,1973,6.378,1,1.0,1.0,1.0,0,0,1,1
Bolivia,BOL,1974,5.418,1,1.0,1.0,1.0,0,0,1,1
Bolivia,BOL,1975,5.225,1,1.0,1.0,1.0,0,0,1,1
Bolivia,BOL,1976,5.225,1,1.0,1.0,1.0,0,0,1,1
Bolivia,BOL,1977,5.225,1,1.0,1.0,1.0,0,0,1,1
Bolivia,BOL,1978,6.663,1,1.0,1.0,1.0,0,0,1,1
Bolivia,BOL,1979,26.6888,1,1.0,1.0,1.0,0,0,1,1
Bolivia,BOL,1980,196.20253,1,1.0,1.0,1.0,0,0,1,1
Bolivia,BOL,1981,558.1625300000001,1,1.0,1.0,1.0,0,0,1,1
Bolivia,BOL,1982,438.08103,1,1.0,1.0,1.0,0,0,1,1
Bolivia,BOL,1983,735.1463,1,1.0,1.0,1.0,0,0,1,1
Bolivia,BOL,1984,586.7305,1,1.0,1.0,1.0,0,0,1,1
Bolivia,BOL,1985,891.3575999999999,1,1.0,1.0,1.0,0,0,1,1
Bolivia,BOL,1986,2268.40625,1,1.0,1.0,1.0,0,0,1,1
Bolivia,BOL,1987,2157.8275,1,1.0,1.0,1.0,0,0,1,1
Bolivia,BOL,1988,958.55435,1,1.0,1.0,1.0,0,0,1,1
Bolivia,BOL,1989,1255.8836000000001,1,1.0,1.0,1.0,0,0,1,1
Bolivia,BOL,1990,560.5145,1,1.0,1.0,1.0,0,0,1,1
Bolivia,BOL,1991,800.7350049999999,1,1.0,1.0,1.0,0,0,1,1
Bolivia,BOL,1992,424.43072715,1,1.0,1.0,1.0,0,0,1,1
Bolivia,BOL,1993,555.6749,1,1.0,1.0,1.0,0,0,1,1
Bolivia,BOL,1994,168.5568,1,1.0,1.0,1.0,0,0,1,1
Bolivia,BOL,1995,1402.920323533438,1,1.0,1.0,1.0,0,0,1,1
Bolivia,BOL,1996,709.1283432394412,1,1.0,1.0,1.0,0,0,1,1
Bolivia,BOL,1997,442.0447432394412,1,1.0,1.0,1.0,0,0,1,1
Bolivia,BOL,1998,570.385,1,1.0,1.0,1.0,0,0,1,1
Bolivia,BOL,1999,76.19946,1,1.0,1.0,1.0,0,0,1,1
Bolivia,BOL,2000,67.10209,1,1.0,1.0,1.0,0,0,1,1
Bolivia,BOL,2001,685.0,1,1.0,1.0,1.0,0,0,1,1
Bolivia,BOL,2002,65.32556,1,1.0,1.0,1.0,0,0,1,1
Bolivia,BOL,2003,55.66054,1,1.0,1.0,1.0,0,0,1,1
Bolivia,BOL,2004,85.82444,1,1.0,1.0,1.0,0,0,1,1
Bolivia,BOL,2005,65.0878,1,1.0,1.0,1.0,0,0,1,1
Bolivia,BOL,2006,1775.3677371999997,1,1.0,1.0,1.0,0,0,1,1
Bolivia,BOL,2007,1174.7825398,1,1.0,1.0,1.0,0,0,1,1
Bolivia,BOL,2008,19.300715099999998,1,1.0,1.0,1.0,0,0,1,1
Bolivia,BOL,2009,85.30806410000001,1,1.0,1.0,0.0,0,0,0,0
Bolivia,BOL,2010,0.0,0,1.0,1.0,0.0,0,0,0,0
Bolivia,BOL,2011,0.0,0,0.0,1.0,0.0,0,0,0,0
Bolivia,BOL,2012,0.0,0,0.0,0.0,0.0,0,0,0,0
Bolivia,BOL,2013,0.0,0,0.0,0.0,1.0,1,1,1,0
Bolivia,BOL,2014,0.442,1,0.0,0.0,1.0,0,0,1,1
Bolivia,BOL,2015,3.1,1,1.0,0.0,0.0,0,0,0,0
Bolivia,BOL,2016,0.0,0,1.0,1.0,1.0,1,0,1,0
Bolivia,BOL,2017,1.7310396000000001,1,0.0,1.0,0.0,0,0,0,0
Bolivia,BOL,2018,0.0,0,1.0,0.0,0.0,0,0,0,0
Bolivia,BOL,2019,0.0,0,0.0,1.0,1.0,1,1,1,0
Bolivia,BOL,2020,2.08,1,0.0,0.0,1.0,0,0,1,1
Bolivia,BOL,2021,0.14,1,1.0,0.0,1.0,0,0,1,1
Bolivia,BOL,2022,0.239,1,1.0,1.0,1.0,0,0,1,1
Bolivia,BOL,2023,0.426,1,1.0,1.0,,0,0,0,0
Bosnia & Herzegovina,BIH,1960,,0,,,0.0,0,0,0,0
Bosnia & Herzegovina,BIH,1961,,0,0.0,,0.0,0,0,0,0
Bosnia & Herzegovina,BIH,1962,,0,0.0,0.0,0.0,0,0,0,0
Bosnia & Herzegovina,BIH,1963,,0,0.0,0.0,0.0,0,0,0,0
Bosnia & Herzegovina,BIH,1964,,0,0.0,0.0,0.0,0,0,0,0
Bosnia & Herzegovina,BIH,1965,,0,0.0,0.0,0.0,0,0,0,0
Bosnia & Herzegovina,BIH,1966,,0,0.0,0.0,0.0,0,0,0,0
Bosnia & Herzegovina,BIH,1967,,0,0.0,0.0,0.0,0,0,0,0
Bosnia & Herzegovina,BIH,1968,,0,0.0,0.0,0.0,0,0,0,0
Bosnia & Herzegovina,BIH,1969,,0,0.0,0.0,0.0,0,0,0,0
Bosnia & Herzegovina,BIH,1970,,0,0.0,0.0,0.0,0,0,0,0
Bosnia & Herzegovina,BIH,1971,,0,0.0,0.0,0.0,0,0,0,0
Bosnia & Herzegovina,BIH,1972,,0,0.0,0.0,0.0,0,0,0,0
Bosnia & Herzegovina,BIH,1973,,0,0.0,0.0,0.0,0,0,0,0
Bosnia & Herzegovina,BIH,1974,,0,0.0,0.0,0.0,0,0,0,0
Bosnia & Herzegovina,BIH,1975,,0,0.0,0.0,0.0,0,0,0,0
Bosnia & Herzegovina,BIH,1976,,0,0.0,0.0,0.0,0,0,0,0
Bosnia & Herzegovina,BIH,1977,,0,0.0,0.0,0.0,0,0,0,0
Bosnia & Herzegovina,BIH,1978,,0,0.0,0.0,0.0,0,0,0,0
Bosnia & Herzegovina,BIH,1979,,0,0.0,0.0,0.0,0,0,0,0
Bosnia & Herzegovina,BIH,1980,,0,0.0,0.0,0.0,0,0,0,0
Bosnia & Herzegovina,BIH,1981,,0,0.0,0.0,0.0,0,0,0,0
Bosnia & Herzegovina,BIH,1982,,0,0.0,0.0,0.0,0,0,0,0
Bosnia & Herzegovina,BIH,1983,,0,0.0,0.0,0.0,0,0,0,0
Bosnia & Herzegovina,BIH,1984,,0,0.0,0.0,0.0,0,0,0,0
Bosnia & Herzegovina,BIH,1985,,0,0.0,0.0,0.0,0,0,0,0
Bosnia & Herzegovina,BIH,1986,,0,0.0,0.0,0.0,0,0,0,0
Bosnia & Herzegovina,BIH,1987,,0,0.0,0.0,0.0,0,0,0,0
Bosnia & Herzegovina,BIH,1988,,0,0.0,0.0,0.0,0,0,0,0
Bosnia & Herzegovina,BIH,1989,,0,0.0,0.0,0.0,0,0,0,0
Bosnia & Herzegovina,BIH,1990,,0,0.0,0.0,0.0,0,0,0,0
Bosnia & Herzegovina,BIH,1991,,0,0.0,0.0,1.0,1,1,1,0
Bosnia & Herzegovina,BIH,1992,975.7775976664325,1,0.0,0.0,1.0,0,0,1,1
Bosnia & Herzegovina,BIH,1993,1110.1312229993937,1,1.0,0.0,1.0,0,0,1,1
Bosnia & Herzegovina,BIH,1994,1181.3565701545413,1,1.0,1.0,1.0,0,0,1,1
Bosnia & Herzegovina,BIH,1995,2326.0606291646654,1,1.0,1.0,1.0,0,0,1,1
Bosnia & Herzegovina,BIH,1996,2493.0,1,1.0,1.0,1.0,0,0,1,1
Bosnia & Herzegovina,BIH,1997,2552.0,1,1.0,1.0,1.0,0,0,1,1
Bosnia & Herzegovina,BIH,1998,1192.0,1,1.0,1.0,1.0,0,0,1,1
Bosnia & Herzegovina,BIH,1999,1349.1182,1,1.0,1.0,1.0,0,0,1,1
Bosnia & Herzegovina,BIH,2000,584.2447987999999,1,1.0,1.0,0.0,0,0,0,0
Bosnia & Herzegovina,BIH,2001,0.0,0,1.0,1.0,1.0,1,0,1,0
Bosnia & Herzegovina,BIH,2002,1.6905043999999998,1,0.0,1.0,0.0,0,0,0,0
Bosnia & Herzegovina,BIH,2003,0.0,0,1.0,0.0,0.0,0,0,0,0
Bosnia & Herzegovina,BIH,2004,0.0,0,0.0,1.0,0.0,0,0,0,0
Bosnia & Herzegovina,BIH,2005,0.0,0,0.0,0.0,0.0,0,0,0,0
Bosnia & Herzegovina,BIH,2006,0.0,0,0.0,0.0,0.0,0,0,0,0
Bosnia & Herzegovina,BIH,2007,0.0,0,0.0,0.0,0.0,0,0,0,0
Bosnia & Herzegovina,BIH,2008,0.0,0,0.0,0.0,1.0,1,1,1,0
Bosnia & Herzegovina,BIH,2009,27.5612593,1,0.0,0.0,0.0,0,0,0,0
Bosnia & Herzegovina,BIH,2010,0.0,0,1.0,0.0,0.0,0,0,0,0
Bosnia & Herzegovina,BIH,2011,0.0,0,0.0,1.0,0.0,0,0,0,0
Bosnia & Herzegovina,BIH,2012,0.0,0,0.0,0.0,0.0,0,0,0,0
Bosnia & Herzegovina,BIH,2013,0.0,0,0.0,0.0,0.0,0,0,0,0
Bosnia & Herzegovina,BIH,2014,0.0,0,0.0,0.0,0.0,0,0,0,0
Bosnia & Herzegovina,BIH,2015,0.0,0,0.0,0.0,1.0,1,1,1,0
Bosnia & Herzegovina,BIH,2016,0.5993151,1,0.0,0.0,1.0,0,0,1,1
Bosnia & Herzegovina,BIH,2017,14.4842715,1,1.0,0.0,0.0,0,0,0,0
Bosnia & Herzegovina,BIH,2018,0.0,0,1.0,1.0,0.0,0,0,0,0
Bosnia & Herzegovina,BIH,2019,0.0,0,0.0,1.0,1.0,1,1,1,0
Bosnia & Herzegovina,BIH,2020,45.6588291,1,0.0,0.0,0.0,0,0,0,0
Bosnia & Herzegovina,BIH,2021,0.0,0,1.0,0.0,0.0,0,0,0,0
Bosnia & Herzegovina,BIH,2022,0.0,0,0.0,1.0,0.0,0,0,0,0
Bosnia & Herzegovina,BIH,2023,0.0,0,0.0,0.0,,0,0,0,0
Botswana,BWA,1960,,0,,,0.0,0,0,0,0
Botswana,BWA,1961,,0,0.0,,0.0,0,0,0,0
Botswana,BWA,1962,,0,0.0,0.0,0.0,0,0,0,0
Botswana,BWA,1963,,0,0.0,0.0,0.0,0,0,0,0
Botswana,BWA,1964,,0,0.0,0.0,0.0,0,0,0,0
Botswana,BWA,1965,,0,0.0,0.0,0.0,0,0,0,0
Botswana,BWA,1966,0.0,0,0.0,0.0,0.0,0,0,0,0
Botswana,BWA,1967,0.0,0,0.0,0.0,0.0,0,0,0,0
Botswana,BWA,1968,0.0,0,0.0,0.0,0.0,0,0,0,0
Botswana,BWA,1969,0.0,0,0.0,0.0,0.0,0,0,0,0
Botswana,BWA,1970,0.0,0,0.0,0.0,0.0,0,0,0,0
Botswana,BWA,1971,0.0,0,0.0,0.0,0.0,0,0,0,0
Botswana,BWA,1972,0.0,0,0.0,0.0,0.0,0,0,0,0
Botswana,BWA,1973,0.0,0,0.0,0.0,0.0,0,0,0,0
Botswana,BWA,1974,0.0,0,0.0,0.0,0.0,0,0,0,0
Botswana,BWA,1975,0.0,0,0.0,0.0,0.0,0,0,0,0
Botswana,BWA,1976,0.0,0,0.0,0.0,0.0,0,0,0,0
Botswana,BWA,1977,0.0,0,0.0,0.0,0.0,0,0,0,0
Botswana,BWA,1978,0.0,0,0.0,0.0,1.0,1,1,1,0
Botswana,BWA,1979,0.273,1,0.0,0.0,0.0,0,0,0,0
Botswana,BWA,1980,0.0,0,1.0,0.0,0.0,0,0,0,0
Botswana,BWA,1981,0.0,0,0.0,1.0,0.0,0,0,0,0
Botswana,BWA,1982,0.0,0,0.0,0.0,0.0,0,0,0,0
Botswana,BWA,1983,0.0,0,0.0,0.0,0.0,0,0,0,0
Botswana,BWA,1984,0.0,0,0.0,0.0,0.0,0,0,0,0
Botswana,BWA,1985,0.0,0,0.0,0.0,1.0,1,1,1,0
Botswana,BWA,1986,0.112,1,0.0,0.0,1.0,0,0,1,1
Botswana,BWA,1987,1.807,1,1.0,0.0,1.0,0,0,1,1
Botswana,BWA,1988,0.983,1,1.0,1.0,1.0,0,0,1,1
Botswana,BWA,1989,2.646,1,1.0,1.0,1.0,0,0,1,1
Botswana,BWA,1990,7.266,1,1.0,1.0,1.0,0,0,1,1
Botswana,BWA,1991,9.121,1,1.0,1.0,1.0,0,0,1,1
Botswana,BWA,1992,12.696,1,1.0,1.0,1.0,0,0,1,1
Botswana,BWA,1993,13.59,1,1.0,1.0,1.0,0,0,1,1
Botswana,BWA,1994,22.055999999999997,1,1.0,1.0,1.0,0,0,1,1
Botswana,BWA,1995,16.858,1,1.0,1.0,1.0,0,0,1,1
Botswana,BWA,1996,1.633,1,1.0,1.0,1.0,0,0,1,1
Botswana,BWA,1997,2.055,1,1.0,1.0,1.0,0,0,1,1
Botswana,BWA,1998,4.186,1,1.0,1.0,1.0,0,0,1,1
Botswana,BWA,1999,4.198,1,1.0,1.0,1.0,0,0,1,1
Botswana,BWA,2000,4.858,1,1.0,1.0,1.0,0,0,1,1
Botswana,BWA,2001,3.827,1,1.0,1.0,1.0,0,0,1,1
Botswana,BWA,2002,1.44,1,1.0,1.0,1.0,0,0,1,1
Botswana,BWA,2003,2.84,1,1.0,1.0,1.0,0,0,1,1
Botswana,BWA,2004,1.006,1,1.0,1.0,1.0,0,0,1,1
Botswana,BWA,2005,5.49,1,1.0,1.0,1.0,0,0,1,1
Botswana,BWA,2006,27.582674,1,1.0,1.0,0.0,0,0,0,0
Botswana,BWA,2007,0.0,0,1.0,1.0,1.0,1,0,1,0
Botswana,BWA,2008,0.0200235,1,0.0,1.0,1.0,0,0,1,1
Botswana,BWA,2009,0.4303648,1,1.0,0.0,0.0,0,0,0,0
Botswana,BWA,2010,0.0,0,1.0,1.0,0.0,0,0,0,0
Botswana,BWA,2011,0.0,0,0.0,1.0,0.0,0,0,0,0
Botswana,BWA,2012,0.0,0,0.0,0.0,0.0,0,0,0,0
Botswana,BWA,2013,0.0,0,0.0,0.0,0.0,0,0,0,0
Botswana,BWA,2014,0.0,0,0.0,0.0,0.0,0,0,0,0
Botswana,BWA,2015,0.0,0,0.0,0.0,0.0,0,0,0,0
Botswana,BWA,2016,0.0,0,0.0,0.0,1.0,1,1,1,0
Botswana,BWA,2017,0.0042724,1,0.0,0.0,1.0,0,0,1,1
Botswana,BWA,2018,8.0319882,1,1.0,0.0,0.0,0,0,0,0
Botswana,BWA,2019,0.0,0,1.0,1.0,1.0,1,0,1,0
Botswana,BWA,2020,0.0028806,1,0.0,1.0,0.0,0,0,0,0
Botswana,BWA,2021,0.0,0,1.0,0.0,0.0,0,0,0,0
Botswana,BWA,2022,0.0,0,0.0,1.0,0.0,0,0,0,0
Botswana,BWA,2023,0.0,0,0.0,0.0,,0,0,0,0
Brazil,BRA,1960,48.0,1,,,1.0,0,0,1,1
Brazil,BRA,1961,811.6,1,1.0,,1.0,0,0,1,1
Brazil,BRA,1962,43.5,1,1.0,1.0,1.0,0,0,1,1
Brazil,BRA,1963,112.0,1,1.0,1.0,1.0,0,0,1,1
Brazil,BRA,1964,416.0,1,1.0,1.0,1.0,0,0,1,1
Brazil,BRA,1965,43.0,1,1.0,1.0,0.0,0,0,0,0
Brazil,BRA,1966,0.0,0,1.0,1.0,0.0,0,0,0,0
Brazil,BRA,1967,0.0,0,0.0,1.0,0.0,0,0,0,0
Brazil,BRA,1968,0.0,0,0.0,0.0,0.0,0,0,0,0
Brazil,BRA,1969,0.0,0,0.0,0.0,0.0,0,0,0,0
Brazil,BRA,1970,0.0,0,0.0,0.0,1.0,1,1,1,0
Brazil,BRA,1971,20.8,1,0.0,0.0,1.0,0,0,1,1
Brazil,BRA,1972,35.0,1,1.0,0.0,1.0,0,0,1,1
Brazil,BRA,1973,40.800000000000004,1,1.0,1.0,1.0,0,0,1,1
Brazil,BRA,1974,39.800000000000004,1,1.0,1.0,1.0,0,0,1,1
Brazil,BRA,1975,47.371,1,1.0,1.0,1.0,0,0,1,1
Brazil,BRA,1976,62.83,1,1.0,1.0,1.0,0,0,1,1
Brazil,BRA,1977,137.893,1,1.0,1.0,1.0,0,0,1,1
Brazil,BRA,1978,286.377,1,1.0,1.0,1.0,0,0,1,1
Brazil,BRA,1979,352.69,1,1.0,1.0,1.0,0,0,1,1
Brazil,BRA,1980,411.435,1,1.0,1.0,1.0,0,0,1,1
Brazil,BRA,1981,439.47799999999995,1,1.0,1.0,1.0,0,0,1,1
Brazil,BRA,1982,441.296,1,1.0,1.0,1.0,0,0,1,1
Brazil,BRA,1983,28266.533,1,1.0,1.0,1.0,0,0,1,1
Brazil,BRA,1984,26641.555,1,1.0,1.0,1.0,0,0,1,1
Brazil,BRA,1985,17329.883,1,1.0,1.0,1.0,0,0,1,1
Brazil,BRA,1986,54301.686,1,1.0,1.0,1.0,0,0,1,1
Brazil,BRA,1987,98751.7,1,1.0,1.0,1.0,0,0,1,1
Brazil,BRA,1988,68315.1,1,1.0,1.0,1.0,0,0,1,1
Brazil,BRA,1989,85564.51999999999,1,1.0,1.0,1.0,0,0,1,1
Brazil,BRA,1990,148584.7,1,1.0,1.0,1.0,0,0,1,1
Brazil,BRA,1991,91440.6,1,1.0,1.0,1.0,0,0,1,1
Brazil,BRA,1992,31888.5,1,1.0,1.0,1.0,0,0,1,1
Brazil,BRA,1993,63096.476,1,1.0,1.0,1.0,0,0,1,1
Brazil,BRA,1994,92622.26000000001,1,1.0,1.0,1.0,0,0,1,1
Brazil,BRA,1995,5450.4580000000005,1,1.0,1.0,1.0,0,0,1,1
Brazil,BRA,1996,4901.753000000001,1,1.0,1.0,1.0,0,0,1,1
Brazil,BRA,1997,10851.409,1,1.0,1.0,1.0,0,0,1,1
Brazil,BRA,1998,3561.1050000000005,1,1.0,1.0,1.0,0,0,1,1
Brazil,BRA,1999,10647.549,1,1.0,1.0,1.0,0,0,1,1
Brazil,BRA,2000,14955.630000000001,1,1.0,1.0,0.0,0,0,0,0
Brazil,BRA,2001,0.0,0,1.0,1.0,0.0,0,0,0,0
Brazil,BRA,2002,0.0,0,0.0,1.0,1.0,1,1,1,0
Brazil,BRA,2003,0.2,1,0.0,0.0,1.0,0,0,1,1
Brazil,BRA,2004,0.019,1,1.0,0.0,1.0,0,0,1,1
Brazil,BRA,2005,4274.213,1,1.0,1.0,1.0,0,0,1,1
Brazil,BRA,2006,104.8448138,1,1.0,1.0,1.0,0,0,1,1
Brazil,BRA,2007,24.0988774,1,1.0,1.0,1.0,0,0,1,1
Brazil,BRA,2008,56.432,1,1.0,1.0,1.0,0,0,1,1
Brazil,BRA,2009,47.8951619,1,1.0,1.0,1.0,0,0,1,1
Brazil,BRA,2010,83.7620126,1,1.0,1.0,1.0,0,0,1,1
Brazil,BRA,2011,1.897579,1,1.0,1.0,1.0,0,0,1,1
Brazil,BRA,2012,1.4651520000000002,1,1.0,1.0,1.0,0,0,1,1
Brazil,BRA,2013,102.52561970000002,1,1.0,1.0,1.0,0,0,1,1
Brazil,BRA,2014,649.4064291,1,1.0,1.0,1.0,0,0,1,1
Brazil,BRA,2015,40.6386102,1,1.0,1.0,1.0,0,0,1,1
Brazil,BRA,2016,5.9852037000000005,1,1.0,1.0,1.0,0,0,1,1
Brazil,BRA,2017,21.417,1,1.0,1.0,1.0,0,0,1,1
Brazil,BRA,2018,38175.296959800005,1,1.0,1.0,1.0,0,0,1,1
Brazil,BRA,2019,13.5127694,1,1.0,1.0,1.0,0,0,1,1
Brazil,BRA,2020,8.7721457,1,1.0,1.0,1.0,0,0,1,1
Brazil,BRA,2021,8.556,1,1.0,1.0,1.0,0,0,1,1
Brazil,BRA,2022,12564.2966709,1,1.0,1.0,1.0,0,0,1,1
Brazil,BRA,2023,429.0,1,1.0,1.0,,0,0,0,0
Bulgaria,BGR,1960,131.6891,1,,,1.0,0,0,1,1
Bulgaria,BGR,1961,133.7759,1,1.0,,1.0,0,0,1,1
Bulgaria,BGR,1962,135.86270000000002,1,1.0,1.0,1.0,0,0,1,1
Bulgaria,BGR,1963,137.9495,1,1.0,1.0,1.0,0,0,1,1
Bulgaria,BGR,1964,140.0363,1,1.0,1.0,1.0,0,0,1,1
Bulgaria,BGR,1965,142.12310000000002,1,1.0,1.0,1.0,0,0,1,1
Bulgaria,BGR,1966,144.2099,1,1.0,1.0,1.0,0,0,1,1
Bulgaria,BGR,1967,128.21710000000002,1,1.0,1.0,1.0,0,0,1,1
Bulgaria,BGR,1968,130.07350000000002,1,1.0,1.0,1.0,0,0,1,1
Bulgaria,BGR,1969,131.92990000000003,1,1.0,1.0,1.0,0,0,1,1
Bulgaria,BGR,1970,133.31703000000005,1,1.0,1.0,1.0,0,0,1,1
Bulgaria,BGR,1971,141.81809,1,1.0,1.0,1.0,0,0,1,1
Bulgaria,BGR,1972,134.61436,1,1.0,1.0,1.0,0,0,1,1
Bulgaria,BGR,1973,135.46310000000003,1,1.0,1.0,1.0,0,0,1,1
Bulgaria,BGR,1974,137.76573000000002,1,1.0,1.0,1.0,0,0,1,1
Bulgaria,BGR,1975,124.14164000000002,1,1.0,1.0,1.0,0,0,1,1
Bulgaria,BGR,1976,108.64894000000001,1,1.0,1.0,1.0,0,0,1,1
Bulgaria,BGR,1977,118.75365000000002,1,1.0,1.0,1.0,0,0,1,1
Bulgaria,BGR,1978,127.50815000000003,1,1.0,1.0,1.0,0,0,1,1
Bulgaria,BGR,1979,140.07170000000005,1,1.0,1.0,1.0,0,0,1,1
Bulgaria,BGR,1980,123.81445000000004,1,1.0,1.0,1.0,0,0,1,1
Bulgaria,BGR,1981,101.19970000000002,1,1.0,1.0,1.0,0,0,1,1
Bulgaria,BGR,1982,87.21918000000002,1,1.0,1.0,1.0,0,0,1,1
Bulgaria,BGR,1983,77.81345000000002,1,1.0,1.0,1.0,0,0,1,1
Bulgaria,BGR,1984,65.43929000000001,1,1.0,1.0,1.0,0,0,1,1
Bulgaria,BGR,1985,80.01648000000002,1,1.0,1.0,1.0,0,0,1,1
Bulgaria,BGR,1986,80.84592000000002,1,1.0,1.0,1.0,0,0,1,1
Bulgaria,BGR,1987,103.79577,1,1.0,1.0,0.0,0,0,0,0
Bulgaria,BGR,1988,0.0,0,1.0,1.0,1.0,1,0,1,0
Bulgaria,BGR,1989,3.0572241,1,0.0,1.0,1.0,0,0,1,1
Bulgaria,BGR,1990,6484.8525594,1,1.0,0.0,1.0,0,0,1,1
Bulgaria,BGR,1991,7651.0,1,1.0,1.0,1.0,0,0,1,1
Bulgaria,BGR,1992,8235.3037103,1,1.0,1.0,1.0,0,0,1,1
Bulgaria,BGR,1993,8222.055053,1,1.0,1.0,1.0,0,0,1,1
Bulgaria,BGR,1994,14448.0,1,1.0,1.0,1.0,0,0,1,1
Bulgaria,BGR,1995,348.0281504,1,1.0,1.0,1.0,0,0,1,1
Bulgaria,BGR,1996,231.6969987,1,1.0,1.0,1.0,0,0,1,1
Bulgaria,BGR,1997,514.5601481,1,1.0,1.0,1.0,0,0,1,1
Bulgaria,BGR,1998,267.2956915,1,1.0,1.0,1.0,0,0,1,1
Bulgaria,BGR,1999,337.149,1,1.0,1.0,1.0,0,0,1,1
Bulgaria,BGR,2000,18.097293800000003,1,1.0,1.0,1.0,0,0,1,1
Bulgaria,BGR,2001,226.58764240000002,1,1.0,1.0,1.0,0,0,1,1
Bulgaria,BGR,2002,22.743,1,1.0,1.0,1.0,0,0,1,1
Bulgaria,BGR,2003,4.51,1,1.0,1.0,1.0,0,0,1,1
Bulgaria,BGR,2004,38.6,1,1.0,1.0,1.0,0,0,1,1
Bulgaria,BGR,2005,72.17,1,1.0,1.0,1.0,0,0,1,1
Bulgaria,BGR,2006,14.2498023,1,1.0,1.0,1.0,0,0,1,1
Bulgaria,BGR,2007,19.6137959,1,1.0,1.0,1.0,0,0,1,1
Bulgaria,BGR,2008,86.3156237,1,1.0,1.0,1.0,0,0,1,1
Bulgaria,BGR,2009,122.8879841,1,1.0,1.0,0.0,0,0,0,0
Bulgaria,BGR,2010,0.0,0,1.0,1.0,0.0,0,0,0,0
Bulgaria,BGR,2011,0.0,0,0.0,1.0,0.0,0,0,0,0
Bulgaria,BGR,2012,0.0,0,0.0,0.0,1.0,1,1,1,0
Bulgaria,BGR,2013,0.9481954,1,0.0,0.0,1.0,0,0,1,1
Bulgaria,BGR,2014,0.0252513,1,1.0,0.0,0.0,0,0,0,0
Bulgaria,BGR,2015,0.0,0,1.0,1.0,0.0,0,0,0,0
Bulgaria,BGR,2016,0.0,0,0.0,1.0,0.0,0,0,0,0
Bulgaria,BGR,2017,0.0,0,0.0,0.0,0.0,0,0,0,0
Bulgaria,BGR,2018,0.0,0,0.0,0.0,0.0,0,0,0,0
Bulgaria,BGR,2019,0.0,0,0.0,0.0,0.0,0,0,0,0
Bulgaria,BGR,2020,0.0,0,0.0,0.0,0.0,0,0,0,0
Bulgaria,BGR,2021,0.0,0,0.0,0.0,1.0,1,1,1,0
Bulgaria,BGR,2022,0.0136949,1,0.0,0.0,0.0,0,0,0,0
Bulgaria,BGR,2023,0.0,0,1.0,0.0,,0,0,0,0
Burkina Faso,BFA,1960,0.0,0,,,0.0,0,0,0,0
Burkina Faso,BFA,1961,0.0,0,0.0,,0.0,0,0,0,0
Burkina Faso,BFA,1962,0.0,0,0.0,0.0,0.0,0,0,0,0
Burkina Faso,BFA,1963,0.0,0,0.0,0.0,0.0,0,0,0,0
Burkina Faso,BFA,1964,0.0,0,0.0,0.0,0.0,0,0,0,0
Burkina Faso,BFA,1965,0.0,0,0.0,0.0,0.0,0,0,0,0
Burkina Faso,BFA,1966,0.0,0,0.0,0.0,0.0,0,0,0,0
Burkina Faso,BFA,1967,0.0,0,0.0,0.0,0.0,0,0,0,0
Burkina Faso,BFA,1968,0.0,0,0.0,0.0,0.0,0,0,0,0
Burkina Faso,BFA,1969,0.0,0,0.0,0.0,0.0,0,0,0,0
Burkina Faso,BFA,1970,0.0,0,0.0,0.0,0.0,0,0,0,0
Burkina Faso,BFA,1971,0.0,0,0.0,0.0,0.0,0,0,0,0
Burkina Faso,BFA,1972,0.0,0,0.0,0.0,0.0,0,0,0,0
Burkina Faso,BFA,1973,0.0,0,0.0,0.0,0.0,0,0,0,0
Burkina Faso,BFA,1974,0.0,0,0.0,0.0,0.0,0,0,0,0
Burkina Faso,BFA,1975,0.0,0,0.0,0.0,0.0,0,0,0,0
Burkina Faso,BFA,1976,0.0,0,0.0,0.0,0.0,0,0,0,0
Burkina Faso,BFA,1977,0.0,0,0.0,0.0,1.0,1,1,1,0
Burkina Faso,BFA,1978,0.01,1,0.0,0.0,1.0,0,0,1,1
Burkina Faso,BFA,1979,0.05,1,1.0,0.0,1.0,0,0,1,1
Burkina Faso,BFA,1980,0.25,1,1.0,1.0,1.0,0,0,1,1
Burkina Faso,BFA,1981,0.24,1,1.0,1.0,1.0,0,0,1,1
Burkina Faso,BFA,1982,1.13,1,1.0,1.0,1.0,0,0,1,1
Burkina Faso,BFA,1983,0.99,1,1.0,1.0,1.0,0,0,1,1
Burkina Faso,BFA,1984,7.2700000000000005,1,1.0,1.0,1.0,0,0,1,1
Burkina Faso,BFA,1985,12.330000000000002,1,1.0,1.0,1.0,0,0,1,1
Burkina Faso,BFA,1986,30.97,1,1.0,1.0,1.0,0,0,1,1
Burkina Faso,BFA,1987,51.93,1,1.0,1.0,1.0,0,0,1,1
Burkina Faso,BFA,1988,61.019999999999996,1,1.0,1.0,1.0,0,0,1,1
Burkina Faso,BFA,1989,255.91,1,1.0,1.0,1.0,0,0,1,1
Burkina Faso,BFA,1990,90.52,1,1.0,1.0,1.0,0,0,1,1
Burkina Faso,BFA,1991,129.297,1,1.0,1.0,1.0,0,0,1,1
Burkina Faso,BFA,1992,52.437999999999995,1,1.0,1.0,1.0,0,0,1,1
Burkina Faso,BFA,1993,55.594,1,1.0,1.0,1.0,0,0,1,1
Burkina Faso,BFA,1994,171.2646054,1,1.0,1.0,1.0,0,0,1,1
Burkina Faso,BFA,1995,63.938,1,1.0,1.0,1.0,0,0,1,1
Burkina Faso,BFA,1996,77.63378089999999,1,1.0,1.0,1.0,0,0,1,1
Burkina Faso,BFA,1997,40.837,1,1.0,1.0,1.0,0,0,1,1
Burkina Faso,BFA,1998,47.257,1,1.0,1.0,1.0,0,0,1,1
Burkina Faso,BFA,1999,44.013,1,1.0,1.0,1.0,0,0,1,1
Burkina Faso,BFA,2000,184.7,1,1.0,1.0,1.0,0,0,1,1
Burkina Faso,BFA,2001,68.40100000000001,1,1.0,1.0,1.0,0,0,1,1
Burkina Faso,BFA,2002,101.7,1,1.0,1.0,1.0,0,0,1,1
Burkina Faso,BFA,2003,81.075,1,1.0,1.0,1.0,0,0,1,1
Burkina Faso,BFA,2004,181.387,1,1.0,1.0,1.0,0,0,1,1
Burkina Faso,BFA,2005,94.112,1,1.0,1.0,1.0,0,0,1,1
Burkina Faso,BFA,2006,1327.7173763,1,1.0,1.0,1.0,0,0,1,1
Burkina Faso,BFA,2007,38.108241,1,1.0,1.0,1.0,0,0,1,1
Burkina Faso,BFA,2008,40.627404,1,1.0,1.0,1.0,0,0,1,1
Burkina Faso,BFA,2009,36.3811224,1,1.0,1.0,1.0,0,0,1,1
Burkina Faso,BFA,2010,40.268291,1,1.0,1.0,1.0,0,0,1,1
Burkina Faso,BFA,2011,34.2371277,1,1.0,1.0,1.0,0,0,1,1
Burkina Faso,BFA,2012,34.3367474,1,1.0,1.0,1.0,0,0,1,1
Burkina Faso,BFA,2013,35.1766047,1,1.0,1.0,1.0,0,0,1,1
Burkina Faso,BFA,2014,35.0963188,1,1.0,1.0,1.0,0,0,1,1
Burkina Faso,BFA,2015,34.6258727,1,1.0,1.0,1.0,0,0,1,1
Burkina Faso,BFA,2016,79.814487,1,1.0,1.0,1.0,0,0,1,1
Burkina Faso,BFA,2017,87.3352312,1,1.0,1.0,1.0,0,0,1,1
Burkina Faso,BFA,2018,85.5904882,1,1.0,1.0,1.0,0,0,1,1
Burkina Faso,BFA,2019,82.5904882,1,1.0,1.0,1.0,0,0,1,1
Burkina Faso,BFA,2020,99.5904882,1,1.0,1.0,1.0,0,0,1,1
Burkina Faso,BFA,2021,100.8217931,1,1.0,1.0,1.0,0,0,1,1
Burkina Faso,BFA,2022,80.0181141,1,1.0,1.0,1.0,0,0,1,1
Burkina Faso,BFA,2023,56.0,1,1.0,1.0,,0,0,0,0
Burundi,BDI,1960,,0,,,0.0,0,0,0,0
Burundi,BDI,1961,,0,0.0,,0.0,0,0,0,0
Burundi,BDI,1962,0.0,0,0.0,0.0,0.0,0,0,0,0
Burundi,BDI,1963,0.0,0,0.0,0.0,0.0,0,0,0,0
Burundi,BDI,1964,0.0,0,0.0,0.0,0.0,0,0,0,0
Burundi,BDI,1965,0.0,0,0.0,0.0,0.0,0,0,0,0
Burundi,BDI,1966,0.0,0,0.0,0.0,0.0,0,0,0,0
Burundi,BDI,1967,0.0,0,0.0,0.0,0.0,0,0,0,0
Burundi,BDI,1968,0.0,0,0.0,0.0,0.0,0,0,0,0
Burundi,BDI,1969,0.0,0,0.0,0.0,0.0,0,0,0,0
Burundi,BDI,1970,0.0,0,0.0,0.0,1.0,1,1,1,0
Burundi,BDI,1971,0.051408,1,0.0,0.0,1.0,0,0,1,1
Burundi,BDI,1972,0.156153,1,1.0,0.0,1.0,0,0,1,1
Burundi,BDI,1973,0.307066,1,1.0,1.0,0.0,0,0,0,0
Burundi,BDI,1974,0.0,0,1.0,1.0,0.0,0,0,0,0
Burundi,BDI,1975,0.0,0,0.0,1.0,0.0,0,0,0,0
Burundi,BDI,1976,0.0,0,0.0,0.0,0.0,0,0,0,0
Burundi,BDI,1977,0.0,0,0.0,0.0,0.0,0,0,0,0
Burundi,BDI,1978,0.0,0,0.0,0.0,0.0,0,0,0,0
Burundi,BDI,1979,0.0,0,0.0,0.0,0.0,0,0,0,0
Burundi,BDI,1980,0.0,0,0.0,0.0,0.0,0,0,0,0
Burundi,BDI,1981,0.0,0,0.0,0.0,1.0,1,1,1,0
Burundi,BDI,1982,2.6005,1,0.0,0.0,1.0,0,0,1,1
Burundi,BDI,1983,5.0482,1,1.0,0.0,1.0,0,0,1,1
Burundi,BDI,1984,5.393457000000001,1,1.0,1.0,1.0,0,0,1,1
Burundi,BDI,1985,7.32057,1,1.0,1.0,1.0,0,0,1,1
Burundi,BDI,1986,9.832113,1,1.0,1.0,1.0,0,0,1,1
Burundi,BDI,1987,10.974013,1,1.0,1.0,1.0,0,0,1,1
Burundi,BDI,1988,1.7297200000000001,1,1.0,1.0,1.0,0,0,1,1
Burundi,BDI,1989,14.617685,1,1.0,1.0,1.0,0,0,1,1
Burundi,BDI,1990,0.729982,1,1.0,1.0,1.0,0,0,1,1
Burundi,BDI,1991,0.069691,1,1.0,1.0,1.0,0,0,1,1
Burundi,BDI,1992,6.170704,1,1.0,1.0,1.0,0,0,1,1
Burundi,BDI,1993,13.271309,1,1.0,1.0,1.0,0,0,1,1
Burundi,BDI,1994,12.705122999999999,1,1.0,1.0,1.0,0,0,1,1
Burundi,BDI,1995,5.881301,1,1.0,1.0,1.0,0,0,1,1
Burundi,BDI,1996,19.903632,1,1.0,1.0,1.0,0,0,1,1
Burundi,BDI,1997,35.526891,1,1.0,1.0,1.0,0,0,1,1
Burundi,BDI,1998,56.149840999999995,1,1.0,1.0,1.0,0,0,1,1
Burundi,BDI,1999,78.43641099999999,1,1.0,1.0,1.0,0,0,1,1
Burundi,BDI,2000,101.81277399999999,1,1.0,1.0,1.0,0,0,1,1
Burundi,BDI,2001,106.5866,1,1.0,1.0,1.0,0,0,1,1
Burundi,BDI,2002,131.9666,1,1.0,1.0,1.0,0,0,1,1
Burundi,BDI,2003,161.459,1,1.0,1.0,1.0,0,0,1,1
Burundi,BDI,2004,140.652446,1,1.0,1.0,1.0,0,0,1,1
Burundi,BDI,2005,110.565076,1,1.0,1.0,1.0,0,0,1,1
Burundi,BDI,2006,140.39271399999998,1,1.0,1.0,1.0,0,0,1,1
Burundi,BDI,2007,106.7239149,1,1.0,1.0,1.0,0,0,1,1
Burundi,BDI,2008,117.74386780000002,1,1.0,1.0,1.0,0,0,1,1
Burundi,BDI,2009,895.6492382,1,1.0,1.0,1.0,0,0,1,1
Burundi,BDI,2010,48.0488106,1,1.0,1.0,1.0,0,0,1,1
Burundi,BDI,2011,47.8467222,1,1.0,1.0,1.0,0,0,1,1
Burundi,BDI,2012,4.893,1,1.0,1.0,1.0,0,0,1,1
Burundi,BDI,2013,6.522,1,1.0,1.0,1.0,0,0,1,1
Burundi,BDI,2014,5.582,1,1.0,1.0,1.0,0,0,1,1
Burundi,BDI,2015,5.982,1,1.0,1.0,1.0,0,0,1,1
Burundi,BDI,2016,5.9020667,1,1.0,1.0,1.0,0,0,1,1
Burundi,BDI,2017,5.5648482999999995,1,1.0,1.0,1.0,0,0,1,1
Burundi,BDI,2018,5.5517816,1,1.0,1.0,1.0,0,0,1,1
Burundi,BDI,2019,5.5767656,1,1.0,1.0,1.0,0,0,1,1
Burundi,BDI,2020,6.364,1,1.0,1.0,1.0,0,0,1,1
Burundi,BDI,2021,6.383,1,1.0,1.0,1.0,0,0,1,1
Burundi,BDI,2022,6.4699778,1,1.0,1.0,1.0,0,0,1,1
Burundi,BDI,2023,6.0,1,1.0,1.0,,0,0,0,0
Cabo Verde,CPV,1960,,0,,,0.0,0,0,0,0
Cabo Verde,CPV,1961,,0,0.0,,0.0,0,0,0,0
Cabo Verde,CPV,1962,,0,0.0,0.0,0.0,0,0,0,0
Cabo Verde,CPV,1963,,0,0.0,0.0,0.0,0,0,0,0
Cabo Verde,CPV,1964,,0,0.0,0.0,0.0,0,0,0,0
Cabo Verde,CPV,1965,,0,0.0,0.0,0.0,0,0,0,0
Cabo Verde,CPV,1966,,0,0.0,0.0,0.0,0,0,0,0
Cabo Verde,CPV,1967,,0,0.0,0.0,0.0,0,0,0,0
Cabo Verde,CPV,1968,,0,0.0,0.0,0.0,0,0,0,0
Cabo Verde,CPV,1969,,0,0.0,0.0,0.0,0,0,0,0
Cabo Verde,CPV,1970,,0,0.0,0.0,0.0,0,0,0,0
Cabo Verde,CPV,1971,,0,0.0,0.0,0.0,0,0,0,0
Cabo Verde,CPV,1972,,0,0.0,0.0,0.0,0,0,0,0
Cabo Verde,CPV,1973,,0,0.0,0.0,0.0,0,0,0,0
Cabo Verde,CPV,1974,,0,0.0,0.0,0.0,0,0,0,0
Cabo Verde,CPV,1975,0.0,0,0.0,0.0,0.0,0,0,0,0
Cabo Verde,CPV,1976,0.0,0,0.0,0.0,0.0,0,0,0,0
Cabo Verde,CPV,1977,0.0,0,0.0,0.0,0.0,0,0,0,0
Cabo Verde,CPV,1978,0.0,0,0.0,0.0,0.0,0,0,0,0
Cabo Verde,CPV,1979,0.0,0,0.0,0.0,0.0,0,0,0,0
Cabo Verde,CPV,1980,0.0,0,0.0,0.0,1.0,1,1,1,0
Cabo Verde,CPV,1981,0.006,1,0.0,0.0,1.0,0,0,1,1
Cabo Verde,CPV,1982,0.019112,1,1.0,0.0,1.0,0,0,1,1
Cabo Verde,CPV,1983,0.017049,1,1.0,1.0,0.0,0,0,0,0
Cabo Verde,CPV,1984,0.0,0,1.0,1.0,1.0,1,0,1,0
Cabo Verde,CPV,1985,37.559953609631876,1,0.0,1.0,1.0,0,0,1,1
Cabo Verde,CPV,1986,43.30993841123132,1,1.0,0.0,1.0,0,0,1,1
Cabo Verde,CPV,1987,48.82399461459721,1,1.0,1.0,1.0,0,0,1,1
Cabo Verde,CPV,1988,54.545791898369345,1,1.0,1.0,1.0,0,0,1,1
Cabo Verde,CPV,1989,63.02642422359649,1,1.0,1.0,1.0,0,0,1,1
Cabo Verde,CPV,1990,80.40443760328534,1,1.0,1.0,1.0,0,0,1,1
Cabo Verde,CPV,1991,69.02361760328535,1,1.0,1.0,1.0,0,0,1,1
Cabo Verde,CPV,1992,66.54060760328535,1,1.0,1.0,1.0,0,0,1,1
Cabo Verde,CPV,1993,68.76545760328536,1,1.0,1.0,1.0,0,0,1,1
Cabo Verde,CPV,1994,68.77714760328534,1,1.0,1.0,1.0,0,0,1,1
Cabo Verde,CPV,1995,70.72084760328535,1,1.0,1.0,1.0,0,0,1,1
Cabo Verde,CPV,1996,27.92118,1,1.0,1.0,1.0,0,0,1,1
Cabo Verde,CPV,1997,24.29847,1,1.0,1.0,1.0,0,0,1,1
Cabo Verde,CPV,1998,84.7440987204564,1,1.0,1.0,1.0,0,0,1,1
Cabo Verde,CPV,1999,205.94066,1,1.0,1.0,1.0,0,0,1,1
Cabo Verde,CPV,2000,207.07554,1,1.0,1.0,1.0,0,0,1,1
Cabo Verde,CPV,2001,106.58294000000001,1,1.0,1.0,1.0,0,0,1,1
Cabo Verde,CPV,2002,31.48318,1,1.0,1.0,1.0,0,0,1,1
Cabo Verde,CPV,2003,24.63438,1,1.0,1.0,1.0,0,0,1,1
Cabo Verde,CPV,2004,12.608418,1,1.0,1.0,1.0,0,0,1,1
Cabo Verde,CPV,2005,4.0506709999999995,1,1.0,1.0,1.0,0,0,1,1
Cabo Verde,CPV,2006,3.157,1,1.0,1.0,1.0,0,0,1,1
Cabo Verde,CPV,2007,6.122999999999999,1,1.0,1.0,1.0,0,0,1,1
Cabo Verde,CPV,2008,3.8775402999999997,1,1.0,1.0,1.0,0,0,1,1
Cabo Verde,CPV,2009,3.895,1,1.0,1.0,1.0,0,0,1,1
Cabo Verde,CPV,2010,8.440454545454546,1,1.0,1.0,0.0,0,0,0,0
Cabo Verde,CPV,2011,0.0,0,1.0,1.0,0.0,0,0,0,0
Cabo Verde,CPV,2012,0.0,0,0.0,1.0,0.0,0,0,0,0
Cabo Verde,CPV,2013,0.0,0,0.0,0.0,0.0,0,0,0,0
Cabo Verde,CPV,2014,0.0,0,0.0,0.0,0.0,0,0,0,0
Cabo Verde,CPV,2015,0.0,0,0.0,0.0,1.0,1,1,1,0
Cabo Verde,CPV,2016,1.54,1,0.0,0.0,0.0,0,0,0,0
Cabo Verde,CPV,2017,0.0,0,1.0,0.0,1.0,1,0,1,0
Cabo Verde,CPV,2018,118.50979552510438,1,0.0,1.0,1.0,0,0,1,1
Cabo Verde,CPV,2019,115.055313,1,1.0,0.0,1.0,0,0,1,1
Cabo Verde,CPV,2020,147.7664685,1,1.0,1.0,1.0,0,0,1,1
Cabo Verde,CPV,2021,145.2429081,1,1.0,1.0,0.0,0,0,0,0
Cabo Verde,CPV,2022,0.0,0,1.0,1.0,0.0,0,0,0,0
Cabo Verde,CPV,2023,0.0,0,0.0,1.0,,0,0,0,0
Cambodia,KHM,1960,0.0,0,,,0.0,0,0,0,0
Cambodia,KHM,1961,0.0,0,0.0,,0.0,0,0,0,0
Cambodia,KHM,1962,0.0,0,0.0,0.0,0.0,0,0,0,0
Cambodia,KHM,1963,0.0,0,0.0,0.0,0.0,0,0,0,0
Cambodia,KHM,1964,0.0,0,0.0,0.0,0.0,0,0,0,0
Cambodia,KHM,1965,0.0,0,0.0,0.0,0.0,0,0,0,0
Cambodia,KHM,1966,0.0,0,0.0,0.0,0.0,0,0,0,0
Cambodia,KHM,1967,0.0,0,0.0,0.0,0.0,0,0,0,0
Cambodia,KHM,1968,0.0,0,0.0,0.0,0.0,0,0,0,0
Cambodia,KHM,1969,0.0,0,0.0,0.0,0.0,0,0,0,0
Cambodia,KHM,1970,0.0,0,0.0,0.0,1.0,1,1,1,0
Cambodia,KHM,1971,10.0,1,0.0,0.0,1.0,0,0,1,1
Cambodia,KHM,1972,17.0,1,1.0,0.0,1.0,0,0,1,1
Cambodia,KHM,1973,11.0,1,1.0,1.0,1.0,0,0,1,1
Cambodia,KHM,1974,16.0,1,1.0,1.0,1.0,0,0,1,1
Cambodia,KHM,1975,380.0,1,1.0,1.0,1.0,0,0,1,1
Cambodia,KHM,1976,294.0,1,1.0,1.0,1.0,0,0,1,1
Cambodia,KHM,1977,298.0,1,1.0,1.0,1.0,0,0,1,1
Cambodia,KHM,1978,304.4909207916925,1,1.0,1.0,1.0,0,0,1,1
Cambodia,KHM,1979,310.0260162570903,1,1.0,1.0,1.0,0,0,1,1
Cambodia,KHM,1980,314.9628330629512,1,1.0,1.0,1.0,0,0,1,1
Cambodia,KHM,1981,319.9408990236917,1,1.0,1.0,1.0,0,0,1,1
Cambodia,KHM,1982,325.8086970646619,1,1.0,1.0,1.0,0,0,1,1
Cambodia,KHM,1983,331.66107110672914,1,1.0,1.0,1.0,0,0,1,1
Cambodia,KHM,1984,337.2879308553207,1,1.0,1.0,1.0,0,0,1,1
Cambodia,KHM,1985,347.7247996419554,1,1.0,1.0,1.0,0,0,1,1
Cambodia,KHM,1986,1033.5785505784575,1,1.0,1.0,1.0,0,0,1,1
Cambodia,KHM,1987,1134.324242883439,1,1.0,1.0,1.0,0,0,1,1
Cambodia,KHM,1988,1227.2958313097392,1,1.0,1.0,1.0,0,0,1,1
Cambodia,KHM,1989,1322.2947024215712,1,1.0,1.0,1.0,0,0,1,1
Cambodia,KHM,1990,1362.8037952079449,1,1.0,1.0,1.0,0,0,1,1
Cambodia,KHM,1991,2006.8024887195331,1,1.0,1.0,1.0,0,0,1,1
Cambodia,KHM,1992,752.087800975228,1,1.0,1.0,1.0,0,0,1,1
Cambodia,KHM,1993,849.7677151462595,1,1.0,1.0,1.0,0,0,1,1
Cambodia,KHM,1994,927.3199999999999,1,1.0,1.0,1.0,0,0,1,1
Cambodia,KHM,1995,1225.7210000000002,1,1.0,1.0,1.0,0,0,1,1
Cambodia,KHM,1996,883.89,1,1.0,1.0,1.0,0,0,1,1
Cambodia,KHM,1997,1010.87,1,1.0,1.0,1.0,0,0,1,1
Cambodia,KHM,1998,940.0,1,1.0,1.0,1.0,0,0,1,1
Cambodia,KHM,1999,1265.6,1,1.0,1.0,1.0,0,0,1,1
Cambodia,KHM,2000,1408.3,1,1.0,1.0,1.0,0,0,1,1
Cambodia,KHM,2001,1463.6999999999998,1,1.0,1.0,1.0,0,0,1,1
Cambodia,KHM,2002,1551.4,1,1.0,1.0,1.0,0,0,1,1
Cambodia,KHM,2003,1609.39,1,1.0,1.0,1.0,0,0,1,1
Cambodia,KHM,2004,1672.0,1,1.0,1.0,1.0,0,0,1,1
Cambodia,KHM,2005,1729.2000000000003,1,1.0,1.0,1.0,0,0,1,1
Cambodia,KHM,2006,1787.11,1,1.0,1.0,1.0,0,0,1,1
Cambodia,KHM,2007,1774.06,1,1.0,1.0,1.0,0,0,1,1
Cambodia,KHM,2008,1949.3056495266,1,1.0,1.0,1.0,0,0,1,1
Cambodia,KHM,2009,1956.09016483445,1,1.0,1.0,1.0,0,0,1,1
Cambodia,KHM,2010,1767.3371263234499,1,1.0,1.0,1.0,0,0,1,1
Cambodia,KHM,2011,1969.96808093093,1,1.0,1.0,1.0,0,0,1,1
Cambodia,KHM,2012,1982.67099675299,1,1.0,1.0,1.0,0,0,1,1
Cambodia,KHM,2013,1990.86827439718,1,1.0,1.0,1.0,0,0,1,1
Cambodia,KHM,2014,1998.18072534058,1,1.0,1.0,1.0,0,0,1,1
Cambodia,KHM,2015,1999.00359429322,1,1.0,1.0,1.0,0,0,1,1
Cambodia,KHM,2016,2006.53854856705,1,1.0,1.0,1.0,0,0,1,1
Cambodia,KHM,2017,2014.18728065041,1,1.0,1.0,1.0,0,0,1,1
Cambodia,KHM,2018,2025.0,1,1.0,1.0,1.0,0,0,1,1
Cambodia,KHM,2019,633.0,1,1.0,1.0,1.0,0,0,1,1
Cambodia,KHM,2020,633.0,1,1.0,1.0,1.0,0,0,1,1
Cambodia,KHM,2021,629.0,1,1.0,1.0,1.0,0,0,1,1
Cambodia,KHM,2022,631.0,1,1.0,1.0,1.0,0,0,1,1
Cambodia,KHM,2023,633.0,1,1.0,1.0,,0,0,0,0
Cameroon,CMR,1960,0.0,0,,,0.0,0,0,0,0
Cameroon,CMR,1961,0.0,0,0.0,,0.0,0,0,0,0
Cameroon,CMR,1962,0.0,0,0.0,0.0,0.0,0,0,0,0
Cameroon,CMR,1963,0.0,0,0.0,0.0,0.0,0,0,0,0
Cameroon,CMR,1964,0.0,0,0.0,0.0,0.0,0,0,0,0
Cameroon,CMR,1965,0.0,0,0.0,0.0,0.0,0,0,0,0
Cameroon,CMR,1966,0.0,0,0.0,0.0,0.0,0,0,0,0
Cameroon,CMR,1967,0.0,0,0.0,0.0,0.0,0,0,0,0
Cameroon,CMR,1968,0.0,0,0.0,0.0,0.0,0,0,0,0
Cameroon,CMR,1969,0.0,0,0.0,0.0,0.0,0,0,0,0
Cameroon,CMR,1970,0.0,0,0.0,0.0,0.0,0,0,0,0
Cameroon,CMR,1971,0.0,0,0.0,0.0,1.0,1,1,1,0
Cameroon,CMR,1972,0.01218,1,0.0,0.0,1.0,0,0,1,1
Cameroon,CMR,1973,0.051054,1,1.0,0.0,1.0,0,0,1,1
Cameroon,CMR,1974,2.961478,1,1.0,1.0,1.0,0,0,1,1
Cameroon,CMR,1975,1.611226,1,1.0,1.0,0.0,0,0,0,0
Cameroon,CMR,1976,0.0,0,1.0,1.0,1.0,1,0,1,0
Cameroon,CMR,1977,1.321999,1,0.0,1.0,1.0,0,0,1,1
Cameroon,CMR,1978,0.868855,1,1.0,0.0,1.0,0,0,1,1
Cameroon,CMR,1979,19.138695000000002,1,1.0,1.0,1.0,0,0,1,1
Cameroon,CMR,1980,16.133273,1,1.0,1.0,1.0,0,0,1,1
Cameroon,CMR,1981,22.181074000000002,1,1.0,1.0,1.0,0,0,1,1
Cameroon,CMR,1982,28.799838,1,1.0,1.0,1.0,0,0,1,1
Cameroon,CMR,1983,32.798015,1,1.0,1.0,1.0,0,0,1,1
Cameroon,CMR,1984,36.687588999999996,1,1.0,1.0,1.0,0,0,1,1
Cameroon,CMR,1985,405.895552,1,1.0,1.0,1.0,0,0,1,1
Cameroon,CMR,1986,444.03195,1,1.0,1.0,1.0,0,0,1,1
Cameroon,CMR,1987,515.8385722999999,1,1.0,1.0,1.0,0,0,1,1
Cameroon,CMR,1988,645.4890214999998,1,1.0,1.0,1.0,0,0,1,1
Cameroon,CMR,1989,1110.0854842127997,1,1.0,1.0,1.0,0,0,1,1
Cameroon,CMR,1990,837.4911640072412,1,1.0,1.0,1.0,0,0,1,1
Cameroon,CMR,1991,1107.0632983072412,1,1.0,1.0,1.0,0,0,1,1
Cameroon,CMR,1992,1762.331853907241,1,1.0,1.0,1.0,0,0,1,1
Cameroon,CMR,1993,1289.0394022072412,1,1.0,1.0,1.0,0,0,1,1
Cameroon,CMR,1994,3419.2999415072413,1,1.0,1.0,1.0,0,0,1,1
Cameroon,CMR,1995,2040.4949598072412,1,1.0,1.0,1.0,0,0,1,1
Cameroon,CMR,1996,1921.2548914072413,1,1.0,1.0,1.0,0,0,1,1
Cameroon,CMR,1997,2264.6018968890594,1,1.0,1.0,1.0,0,0,1,1
Cameroon,CMR,1998,1041.5399396072412,1,1.0,1.0,1.0,0,0,1,1
Cameroon,CMR,1999,1064.1112396072413,1,1.0,1.0,1.0,0,0,1,1
Cameroon,CMR,2000,984.3253396072412,1,1.0,1.0,1.0,0,0,1,1
Cameroon,CMR,2001,2016.2542396072413,1,1.0,1.0,1.0,0,0,1,1
Cameroon,CMR,2002,1076.5197396072413,1,1.0,1.0,1.0,0,0,1,1
Cameroon,CMR,2003,1280.7662,1,1.0,1.0,1.0,0,0,1,1
Cameroon,CMR,2004,2189.4544,1,1.0,1.0,1.0,0,0,1,1
Cameroon,CMR,2005,5536.504,1,1.0,1.0,1.0,0,0,1,1
Cameroon,CMR,2006,6278.8854457,1,1.0,1.0,1.0,0,0,1,1
Cameroon,CMR,2007,364.50486109999997,1,1.0,1.0,1.0,0,0,1,1
Cameroon,CMR,2008,92.5489886,1,1.0,1.0,1.0,0,0,1,1
Cameroon,CMR,2009,79.46576540000001,1,1.0,1.0,1.0,0,0,1,1
Cameroon,CMR,2010,145.58723600000002,1,1.0,1.0,1.0,0,0,1,1
Cameroon,CMR,2011,0.0030705,1,1.0,1.0,1.0,0,0,1,1
Cameroon,CMR,2012,64.0237824,1,1.0,1.0,1.0,0,0,1,1
Cameroon,CMR,2013,178.7807244,1,1.0,1.0,1.0,0,0,1,1
Cameroon,CMR,2014,26.989043200000005,1,1.0,1.0,1.0,0,0,1,1
Cameroon,CMR,2015,16.027,1,1.0,1.0,0.0,0,0,0,0
Cameroon,CMR,2016,0.0,0,1.0,1.0,1.0,1,0,1,0
Cameroon,CMR,2017,30.008,1,0.0,1.0,1.0,0,0,1,1
Cameroon,CMR,2018,17.554,1,1.0,0.0,1.0,0,0,1,1
Cameroon,CMR,2019,104.1246536,1,1.0,1.0,1.0,0,0,1,1
Cameroon,CMR,2020,303.12198589999997,1,1.0,1.0,1.0,0,0,1,1
Cameroon,CMR,2021,407.2645052,1,1.0,1.0,1.0,0,0,1,1
Cameroon,CMR,2022,102.1835327,1,1.0,1.0,1.0,0,0,1,1
Cameroon,CMR,2023,60.0,1,1.0,1.0,,0,0,0,0
Central African Republic,CAF,1960,0.0,0,,,0.0,0,0,0,0
Central African Republic,CAF,1961,0.0,0,0.0,,0.0,0,0,0,0
Central African Republic,CAF,1962,0.0,0,0.0,0.0,0.0,0,0,0,0
Central African Republic,CAF,1963,0.0,0,0.0,0.0,0.0,0,0,0,0
Central African Republic,CAF,1964,0.0,0,0.0,0.0,0.0,0,0,0,0
Central African Republic,CAF,1965,0.0,0,0.0,0.0,0.0,0,0,0,0
Central African Republic,CAF,1966,0.0,0,0.0,0.0,0.0,0,0,0,0
Central African Republic,CAF,1967,0.0,0,0.0,0.0,0.0,0,0,0,0
Central African Republic,CAF,1968,0.0,0,0.0,0.0,0.0,0,0,0,0
Central African Republic,CAF,1969,0.0,0,0.0,0.0,1.0,1,1,1,0
Central African Republic,CAF,1970,0.390259,1,0.0,0.0,1.0,0,0,1,1
Central African Republic,CAF,1971,1.431715,1,1.0,0.0,1.0,0,0,1,1
Central African Republic,CAF,1972,2.8572319999999998,1,1.0,1.0,1.0,0,0,1,1
Central African Republic,CAF,1973,5.044441,1,1.0,1.0,1.0,0,0,1,1
Central African Republic,CAF,1974,7.879889,1,1.0,1.0,1.0,0,0,1,1
Central African Republic,CAF,1975,13.445459,1,1.0,1.0,1.0,0,0,1,1
Central African Republic,CAF,1976,21.878594,1,1.0,1.0,1.0,0,0,1,1
Central African Republic,CAF,1977,29.237699,1,1.0,1.0,1.0,0,0,1,1
Central African Republic,CAF,1978,30.716725999999998,1,1.0,1.0,1.0,0,0,1,1
Central African Republic,CAF,1979,38.3298,1,1.0,1.0,1.0,0,0,1,1
Central African Republic,CAF,1980,54.12997,1,1.0,1.0,1.0,0,0,1,1
Central African Republic,CAF,1981,37.600024,1,1.0,1.0,1.0,0,0,1,1
Central African Republic,CAF,1982,33.72152,1,1.0,1.0,1.0,0,0,1,1
Central African Republic,CAF,1983,18.619143,1,1.0,1.0,1.0,0,0,1,1
Central African Republic,CAF,1984,7.578862000000001,1,1.0,1.0,1.0,0,0,1,1
Central African Republic,CAF,1985,31.567211,1,1.0,1.0,1.0,0,0,1,1
Central African Republic,CAF,1986,3.8015030000000003,1,1.0,1.0,1.0,0,0,1,1
Central African Republic,CAF,1987,14.433297,1,1.0,1.0,1.0,0,0,1,1
Central African Republic,CAF,1988,60.368182,1,1.0,1.0,1.0,0,0,1,1
Central African Republic,CAF,1989,57.70153,1,1.0,1.0,1.0,0,0,1,1
Central African Republic,CAF,1990,203.519851,1,1.0,1.0,1.0,0,0,1,1
Central African Republic,CAF,1991,58.807615,1,1.0,1.0,1.0,0,0,1,1
Central African Republic,CAF,1992,78.93813,1,1.0,1.0,1.0,0,0,1,1
Central African Republic,CAF,1993,112.02189,1,1.0,1.0,1.0,0,0,1,1
Central African Republic,CAF,1994,179.0756388,1,1.0,1.0,1.0,0,0,1,1
Central African Republic,CAF,1995,118.71618000000001,1,1.0,1.0,1.0,0,0,1,1
Central African Republic,CAF,1996,135.09844,1,1.0,1.0,1.0,0,0,1,1
Central African Republic,CAF,1997,142.72384,1,1.0,1.0,1.0,0,0,1,1
Central African Republic,CAF,1998,210.44957,1,1.0,1.0,1.0,0,0,1,1
Central African Republic,CAF,1999,187.89130999999998,1,1.0,1.0,1.0,0,0,1,1
Central African Republic,CAF,2000,175.44083,1,1.0,1.0,1.0,0,0,1,1
Central African Republic,CAF,2001,172.97106999999997,1,1.0,1.0,1.0,0,0,1,1
Central African Republic,CAF,2002,235.79487,1,1.0,1.0,1.0,0,0,1,1
Central African Republic,CAF,2003,335.79988000000003,1,1.0,1.0,1.0,0,0,1,1
Central African Republic,CAF,2004,395.38390000000004,1,1.0,1.0,1.0,0,0,1,1
Central African Republic,CAF,2005,434.53702,1,1.0,1.0,1.0,0,0,1,1
Central African Republic,CAF,2006,434.86835,1,1.0,1.0,1.0,0,0,1,1
Central African Republic,CAF,2007,357.5543048,1,1.0,1.0,1.0,0,0,1,1
Central African Republic,CAF,2008,319.59596220000003,1,1.0,1.0,1.0,0,0,1,1
Central African Republic,CAF,2009,873.2368271,1,1.0,1.0,1.0,0,0,1,1
Central African Republic,CAF,2010,307.5655193,1,1.0,1.0,1.0,0,0,1,1
Central African Republic,CAF,2011,241.80892839999999,1,1.0,1.0,1.0,0,0,1,1
Central African Republic,CAF,2012,247.1791184,1,1.0,1.0,1.0,0,0,1,1
Central African Republic,CAF,2013,262.20133450000003,1,1.0,1.0,1.0,0,0,1,1
Central African Republic,CAF,2014,260.2290999,1,1.0,1.0,1.0,0,0,1,1
Central African Republic,CAF,2015,274.0791152,1,1.0,1.0,1.0,0,0,1,1
Central African Republic,CAF,2016,282.5402884,1,1.0,1.0,1.0,0,0,1,1
Central African Republic,CAF,2017,280.7501572,1,1.0,1.0,1.0,0,0,1,1
Central African Republic,CAF,2018,252.0713218,1,1.0,1.0,1.0,0,0,1,1
Central African Republic,CAF,2019,256.9524216,1,1.0,1.0,1.0,0,0,1,1
Central African Republic,CAF,2020,238.09999150000002,1,1.0,1.0,1.0,0,0,1,1
Central African Republic,CAF,2021,220.791885,1,1.0,1.0,1.0,0,0,1,1
Central African Republic,CAF,2022,216.63265859999998,1,1.0,1.0,1.0,0,0,1,1
Central African Republic,CAF,2023,230.0,1,1.0,1.0,,0,0,0,0
Chad,TCD,1960,0.0,0,,,0.0,0,0,0,0
Chad,TCD,1961,0.0,0,0.0,,0.0,0,0,0,0
Chad,TCD,1962,0.0,0,0.0,0.0,0.0,0,0,0,0
Chad,TCD,1963,0.0,0,0.0,0.0,0.0,0,0,0,0
Chad,TCD,1964,0.0,0,0.0,0.0,0.0,0,0,0,0
Chad,TCD,1965,0.0,0,0.0,0.0,0.0,0,0,0,0
Chad,TCD,1966,0.0,0,0.0,0.0,0.0,0,0,0,0
Chad,TCD,1967,0.0,0,0.0,0.0,0.0,0,0,0,0
Chad,TCD,1968,0.0,0,0.0,0.0,0.0,0,0,0,0
Chad,TCD,1969,0.0,0,0.0,0.0,1.0,1,1,1,0
Chad,TCD,1970,1.836463,1,0.0,0.0,1.0,0,0,1,1
Chad,TCD,1971,2.144935,1,1.0,0.0,1.0,0,0,1,1
Chad,TCD,1972,3.264371,1,1.0,1.0,1.0,0,0,1,1
Chad,TCD,1973,5.639182,1,1.0,1.0,1.0,0,0,1,1
Chad,TCD,1974,7.534651,1,1.0,1.0,1.0,0,0,1,1
Chad,TCD,1975,9.326071,1,1.0,1.0,1.0,0,0,1,1
Chad,TCD,1976,12.035571,1,1.0,1.0,1.0,0,0,1,1
Chad,TCD,1977,15.67598,1,1.0,1.0,1.0,0,0,1,1
Chad,TCD,1978,22.529149,1,1.0,1.0,1.0,0,0,1,1
Chad,TCD,1979,32.275760000000005,1,1.0,1.0,1.0,0,0,1,1
Chad,TCD,1980,37.69443,1,1.0,1.0,1.0,0,0,1,1
Chad,TCD,1981,35.87198,1,1.0,1.0,1.0,0,0,1,1
Chad,TCD,1982,29.911903,1,1.0,1.0,1.0,0,0,1,1
Chad,TCD,1983,30.449832,1,1.0,1.0,1.0,0,0,1,1
Chad,TCD,1984,42.76725444623037,1,1.0,1.0,1.0,0,0,1,1
Chad,TCD,1985,59.648579999999995,1,1.0,1.0,1.0,0,0,1,1
Chad,TCD,1986,74.89333,1,1.0,1.0,1.0,0,0,1,1
Chad,TCD,1987,93.91732,1,1.0,1.0,1.0,0,0,1,1
Chad,TCD,1988,86.26652,1,1.0,1.0,1.0,0,0,1,1
Chad,TCD,1989,113.42953,1,1.0,1.0,1.0,0,0,1,1
Chad,TCD,1990,39.258706000000004,1,1.0,1.0,1.0,0,0,1,1
Chad,TCD,1991,30.529977000000002,1,1.0,1.0,1.0,0,0,1,1
Chad,TCD,1992,39.396821,1,1.0,1.0,1.0,0,0,1,1
Chad,TCD,1993,43.515519999999995,1,1.0,1.0,1.0,0,0,1,1
Chad,TCD,1994,52.052177,1,1.0,1.0,1.0,0,0,1,1
Chad,TCD,1995,115.142444,1,1.0,1.0,1.0,0,0,1,1
Chad,TCD,1996,60.284651,1,1.0,1.0,1.0,0,0,1,1
Chad,TCD,1997,49.115654,1,1.0,1.0,1.0,0,0,1,1
Chad,TCD,1998,54.517111,1,1.0,1.0,1.0,0,0,1,1
Chad,TCD,1999,55.110028,1,1.0,1.0,1.0,0,0,1,1
Chad,TCD,2000,62.434062000000004,1,1.0,1.0,1.0,0,0,1,1
Chad,TCD,2001,78.346098,1,1.0,1.0,1.0,0,0,1,1
Chad,TCD,2002,75.283878,1,1.0,1.0,1.0,0,0,1,1
Chad,TCD,2003,73.09111,1,1.0,1.0,1.0,0,0,1,1
Chad,TCD,2004,46.560815000000005,1,1.0,1.0,1.0,0,0,1,1
Chad,TCD,2005,49.775116000000004,1,1.0,1.0,1.0,0,0,1,1
Chad,TCD,2006,53.7796808,1,1.0,1.0,1.0,0,0,1,1
Chad,TCD,2007,31.941676700000002,1,1.0,1.0,1.0,0,0,1,1
Chad,TCD,2008,35.270841000000004,1,1.0,1.0,1.0,0,0,1,1
Chad,TCD,2009,37.2056703,1,1.0,1.0,1.0,0,0,1,1
Chad,TCD,2010,51.1065982,1,1.0,1.0,1.0,0,0,1,1
Chad,TCD,2011,48.914660299999994,1,1.0,1.0,1.0,0,0,1,1
Chad,TCD,2012,39.6601685,1,1.0,1.0,1.0,0,0,1,1
Chad,TCD,2013,39.6155642,1,1.0,1.0,1.0,0,0,1,1
Chad,TCD,2014,1519.9753211,1,1.0,1.0,1.0,0,0,1,1
Chad,TCD,2015,2544.7431297,1,1.0,1.0,1.0,0,0,1,1
Chad,TCD,2016,96.7177552,1,1.0,1.0,1.0,0,0,1,1
Chad,TCD,2017,141.91190469999998,1,1.0,1.0,1.0,0,0,1,1
Chad,TCD,2018,1560.4039559,1,1.0,1.0,1.0,0,0,1,1
Chad,TCD,2019,154.4039559,1,1.0,1.0,1.0,0,0,1,1
Chad,TCD,2020,146.4039559,1,1.0,1.0,1.0,0,0,1,1
Chad,TCD,2021,1273.0,1,1.0,1.0,1.0,0,0,1,1
Chad,TCD,2022,1436.0,1,1.0,1.0,1.0,0,0,1,1
Chad,TCD,2023,889.0,1,1.0,1.0,,0,0,0,0
Chile,CHL,1960,0.0,0,,,1.0,1,0,1,0
Chile,CHL,1961,17.8,1,0.0,,0.0,0,0,0,0
Chile,CHL,1962,0.0,0,1.0,0.0,1.0,1,0,1,0
Chile,CHL,1963,15.0,1,0.0,1.0,1.0,0,0,1,1
Chile,CHL,1964,109.0,1,1.0,0.0,1.0,0,0,1,1
Chile,CHL,1965,90.0,1,1.0,1.0,1.0,0,0,1,1
Chile,CHL,1966,66.0,1,1.0,1.0,0.0,0,0,0,0
Chile,CHL,1967,0.0,0,1.0,1.0,0.0,0,0,0,0
Chile,CHL,1968,0.0,0,0.0,1.0,0.0,0,0,0,0
Chile,CHL,1969,0.0,0,0.0,0.0,0.0,0,0,0,0
Chile,CHL,1970,0.0,0,0.0,0.0,1.0,1,1,1,0
Chile,CHL,1971,53.5,1,0.0,0.0,1.0,0,0,1,1
Chile,CHL,1972,562.6,1,1.0,0.0,1.0,0,0,1,1
Chile,CHL,1973,399.0,1,1.0,1.0,1.0,0,0,1,1
Chile,CHL,1974,560.3,1,1.0,1.0,1.0,0,0,1,1
Chile,CHL,1975,281.0,1,1.0,1.0,0.0,0,0,0,0
Chile,CHL,1976,0.0,0,1.0,1.0,0.0,0,0,0,0
Chile,CHL,1977,0.0,0,0.0,1.0,0.0,0,0,0,0
Chile,CHL,1978,0.0,0,0.0,0.0,0.0,0,0,0,0
Chile,CHL,1979,0.0,0,0.0,0.0,0.0,0,0,0,0
Chile,CHL,1980,0.0,0,0.0,0.0,0.0,0,0,0,0
Chile,CHL,1981,0.0,0,0.0,0.0,0.0,0,0,0,0
Chile,CHL,1982,0.0,0,0.0,0.0,1.0,1,1,1,0
Chile,CHL,1983,2850.0,1,0.0,0.0,1.0,0,0,1,1
Chile,CHL,1984,4317.0,1,1.0,0.0,1.0,0,0,1,1
Chile,CHL,1985,8764.0,1,1.0,1.0,1.0,0,0,1,1
Chile,CHL,1986,7602.0,1,1.0,1.0,1.0,0,0,1,1
Chile,CHL,1987,7767.2,1,1.0,1.0,1.0,0,0,1,1
Chile,CHL,1988,7303.0,1,1.0,1.0,1.0,0,0,1,1
Chile,CHL,1989,7020.0,1,1.0,1.0,1.0,0,0,1,1
Chile,CHL,1990,6494.0,1,1.0,1.0,0.0,0,0,0,0
Chile,CHL,1991,0.0,0,1.0,1.0,0.0,0,0,0,0
Chile,CHL,1992,0.0,0,0.0,1.0,0.0,0,0,0,0
Chile,CHL,1993,0.0,0,0.0,0.0,0.0,0,0,0,0
Chile,CHL,1994,0.0,0,0.0,0.0,0.0,0,0,0,0
Chile,CHL,1995,0.0,0,0.0,0.0,0.0,0,0,0,0
Chile,CHL,1996,0.0,0,0.0,0.0,0.0,0,0,0,0
Chile,CHL,1997,0.0,0,0.0,0.0,0.0,0,0,0,0
Chile,CHL,1998,0.0,0,0.0,0.0,0.0,0,0,0,0
Chile,CHL,1999,0.0,0,0.0,0.0,0.0,0,0,0,0
Chile,CHL,2000,0.0,0,0.0,0.0,0.0,0,0,0,0
Chile,CHL,2001,0.0,0,0.0,0.0,0.0,0,0,0,0
Chile,CHL,2002,0.0,0,0.0,0.0,0.0,0,0,0,0
Chile,CHL,2003,0.0,0,0.0,0.0,0.0,0,0,0,0
Chile,CHL,2004,0.0,0,0.0,0.0,0.0,0,0,0,0
Chile,CHL,2005,0.0,0,0.0,0.0,0.0,0,0,0,0
Chile,CHL,2006,0.0,0,0.0,0.0,0.0,0,0,0,0
Chile,CHL,2007,0.0,0,0.0,0.0,0.0,0,0,0,0
Chile,CHL,2008,0.0,0,0.0,0.0,0.0,0,0,0,0
Chile,CHL,2009,0.0,0,0.0,0.0,0.0,0,0,0,0
Chile,CHL,2010,0.0,0,0.0,0.0,0.0,0,0,0,0
Chile,CHL,2011,0.0,0,0.0,0.0,0.0,0,0,0,0
Chile,CHL,2012,0.0,0,0.0,0.0,0.0,0,0,0,0
Chile,CHL,2013,0.0,0,0.0,0.0,0.0,0,0,0,0
Chile,CHL,2014,0.0,0,0.0,0.0,0.0,0,0,0,0
Chile,CHL,2015,0.0,0,0.0,0.0,0.0,0,0,0,0
Chile,CHL,2016,0.0,0,0.0,0.0,0.0,0,0,0,0
Chile,CHL,2017,0.0,0,0.0,0.0,0.0,0,0,0,0
Chile,CHL,2018,0.0,0,0.0,0.0,0.0,0,0,0,0
Chile,CHL,2019,0.0,0,0.0,0.0,0.0,0,0,0,0
Chile,CHL,2020,0.0,0,0.0,0.0,0.0,0,0,0,0
Chile,CHL,2021,0.0,0,0.0,0.0,0.0,0,0,0,0
Chile,CHL,2022,0.0,0,0.0,0.0,0.0,0,0,0,0
Chile,CHL,2023,0.0,0,0.0,0.0,,0,0,0,0
China,CHN,1960,476.0,1,,,1.0,0,0,1,1
China,CHN,1961,500.0,1,1.0,,1.0,0,0,1,1
China,CHN,1962,525.0,1,1.0,1.0,1.0,0,0,1,1
China,CHN,1963,551.0,1,1.0,1.0,1.0,0,0,1,1
China,CHN,1964,578.0,1,1.0,1.0,1.0,0,0,1,1
China,CHN,1965,607.0,1,1.0,1.0,1.0,0,0,1,1
China,CHN,1966,638.0,1,1.0,1.0,1.0,0,0,1,1
China,CHN,1967,574.0,1,1.0,1.0,1.0,0,0,1,1
China,CHN,1968,603.0,1,1.0,1.0,1.0,0,0,1,1
China,CHN,1969,633.0,1,1.0,1.0,1.0,0,0,1,1
China,CHN,1970,664.0,1,1.0,1.0,1.0,0,0,1,1
China,CHN,1971,741.0,1,1.0,1.0,1.0,0,0,1,1
China,CHN,1972,739.0,1,1.0,1.0,1.0,0,0,1,1
China,CHN,1973,747.0,1,1.0,1.0,1.0,0,0,1,1
China,CHN,1974,781.0,1,1.0,1.0,1.0,0,0,1,1
China,CHN,1975,714.0,1,1.0,1.0,1.0,0,0,1,1
China,CHN,1976,675.0,1,1.0,1.0,1.0,0,0,1,1
China,CHN,1977,795.0,1,1.0,1.0,1.0,0,0,1,1
China,CHN,1978,911.0,1,1.0,1.0,1.0,0,0,1,1
China,CHN,1979,957.0,1,1.0,1.0,1.0,0,0,1,1
China,CHN,1980,1078.0,1,1.0,1.0,1.0,0,0,1,1
China,CHN,1981,895.0,1,1.0,1.0,1.0,0,0,1,1
China,CHN,1982,790.0,1,1.0,1.0,1.0,0,0,1,1
China,CHN,1983,746.0,1,1.0,1.0,1.0,0,0,1,1
China,CHN,1984,641.0,1,1.0,1.0,1.0,0,0,1,1
China,CHN,1985,823.0,1,1.0,1.0,1.0,0,0,1,1
China,CHN,1986,894.0,1,1.0,1.0,1.0,0,0,1,1
China,CHN,1987,1197.0,1,1.0,1.0,0.0,0,0,0,0
China,CHN,1988,0.0,0,1.0,1.0,0.0,0,0,0,0
China,CHN,1989,0.0,0,0.0,1.0,0.0,0,0,0,0
China,CHN,1990,0.0,0,0.0,0.0,0.0,0,0,0,0
China,CHN,1991,0.0,0,0.0,0.0,0.0,0,0,0,0
China,CHN,1992,0.0,0,0.0,0.0,0.0,0,0,0,0
China,CHN,1993,0.0,0,0.0,0.0,0.0,0,0,0,0
China,CHN,1994,0.0,0,0.0,0.0,1.0,1,1,1,0
China,CHN,1995,0.0166757,1,0.0,0.0,0.0,0,0,0,0
China,CHN,1996,0.0,0,1.0,0.0,0.0,0,0,0,0
China,CHN,1997,0.0,0,0.0,1.0,0.0,0,0,0,0
China,CHN,1998,0.0,0,0.0,0.0,0.0,0,0,0,0
China,CHN,1999,0.0,0,0.0,0.0,0.0,0,0,0,0
China,CHN,2000,0.0,0,0.0,0.0,0.0,0,0,0,0
China,CHN,2001,0.0,0,0.0,0.0,0.0,0,0,0,0
China,CHN,2002,0.0,0,0.0,0.0,0.0,0,0,0,0
China,CHN,2003,0.0,0,0.0,0.0,0.0,0,0,0,0
China,CHN,2004,0.0,0,0.0,0.0,0.0,0,0,0,0
China,CHN,2005,0.0,0,0.0,0.0,0.0,0,0,0,0
China,CHN,2006,0.0,0,0.0,0.0,0.0,0,0,0,0
China,CHN,2007,0.0,0,0.0,0.0,0.0,0,0,0,0
China,CHN,2008,0.0,0,0.0,0.0,1.0,1,1,1,0
China,CHN,2009,0.00021110000000000004,1,0.0,0.0,1.0,0,0,1,1
China,CHN,2010,2339.0671323999995,1,1.0,0.0,1.0,0,0,1,1
China,CHN,2011,0.0001282,1,1.0,1.0,1.0,0,0,1,1
China,CHN,2012,0.0001308,1,1.0,1.0,1.0,0,0,1,1
China,CHN,2013,0.00013680000000000002,1,1.0,1.0,1.0,0,0,1,1
China,CHN,2014,0.0001204,1,1.0,1.0,1.0,0,0,1,1
China,CHN,2015,0.000108,1,1.0,1.0,0.0,0,0,0,0
China,CHN,2016,0.0,0,1.0,1.0,1.0,1,0,1,0
China,CHN,2017,0.42,1,0.0,1.0,1.0,0,0,1,1
China,CHN,2018,0.423,1,1.0,0.0,1.0,0,0,1,1
China,CHN,2019,0.42,1,1.0,1.0,1.0,0,0,1,1
China,CHN,2020,0.434,1,1.0,1.0,1.0,0,0,1,1
China,CHN,2021,0.422,1,1.0,1.0,1.0,0,0,1,1
China,CHN,2022,0.414,1,1.0,1.0,1.0,0,0,1,1
China,CHN,2023,0.418,1,1.0,1.0,,0,0,0,0
Colombia,COL,1960,0.0,0,,,0.0,0,0,0,0
Colombia,COL,1961,0.0,0,0.0,,0.0,0,0,0,0
Colombia,COL,1962,0.0,0,0.0,0.0,0.0,0,0,0,0
Colombia,COL,1963,0.0,0,0.0,0.0,0.0,0,0,0,0
Colombia,COL,1964,0.0,0,0.0,0.0,0.0,0,0,0,0
Colombia,COL,1965,0.0,0,0.0,0.0,0.0,0,0,0,0
Colombia,COL,1966,0.0,0,0.0,0.0,0.0,0,0,0,0
Colombia,COL,1967,0.0,0,0.0,0.0,0.0,0,0,0,0
Colombia,COL,1968,0.0,0,0.0,0.0,0.0,0,0,0,0
Colombia,COL,1969,0.0,0,0.0,0.0,0.0,0,0,0,0
Colombia,COL,1970,0.0,0,0.0,0.0,0.0,0,0,0,0
Colombia,COL,1971,0.0,0,0.0,0.0,0.0,0,0,0,0
Colombia,COL,1972,0.0,0,0.0,0.0,0.0,0,0,0,0
Colombia,COL,1973,0.0,0,0.0,0.0,0.0,0,0,0,0
Colombia,COL,1974,0.0,0,0.0,0.0,0.0,0,0,0,0
Colombia,COL,1975,0.0,0,0.0,0.0,0.0,0,0,0,0
Colombia,COL,1976,0.0,0,0.0,0.0,0.0,0,0,0,0
Colombia,COL,1977,0.0,0,0.0,0.0,0.0,0,0,0,0
Colombia,COL,1978,0.0,0,0.0,0.0,0.0,0,0,0,0
Colombia,COL,1979,0.0,0,0.0,0.0,1.0,1,1,1,0
Colombia,COL,1980,0.178,1,0.0,0.0,1.0,0,0,1,1
Colombia,COL,1981,0.178,1,1.0,0.0,1.0,0,0,1,1
Colombia,COL,1982,1.31,1,1.0,1.0,1.0,0,0,1,1
Colombia,COL,1983,4.6664171,1,1.0,1.0,1.0,0,0,1,1
Colombia,COL,1984,8.7827262,1,1.0,1.0,1.0,0,0,1,1
Colombia,COL,1985,15.833056599999999,1,1.0,1.0,1.0,0,0,1,1
Colombia,COL,1986,2.6275013000000005,1,1.0,1.0,1.0,0,0,1,1
Colombia,COL,1987,8.7667575,1,1.0,1.0,1.0,0,0,1,1
Colombia,COL,1988,437.5408869,1,1.0,1.0,1.0,0,0,1,1
Colombia,COL,1989,338.0033948,1,1.0,1.0,1.0,0,0,1,1
Colombia,COL,1990,439.699812,1,1.0,1.0,1.0,0,0,1,1
Colombia,COL,1991,273.19925440000003,1,1.0,1.0,1.0,0,0,1,1
Colombia,COL,1992,180.76073780000002,1,1.0,1.0,1.0,0,0,1,1
Colombia,COL,1993,550.3551021,1,1.0,1.0,1.0,0,0,1,1
Colombia,COL,1994,189.3873905,1,1.0,1.0,1.0,0,0,1,1
Colombia,COL,1995,179.0610959,1,1.0,1.0,1.0,0,0,1,1
Colombia,COL,1996,10.0059437,1,1.0,1.0,1.0,0,0,1,1
Colombia,COL,1997,8.7906453,1,1.0,1.0,1.0,0,0,1,1
Colombia,COL,1998,9.3470953,1,1.0,1.0,1.0,0,0,1,1
Colombia,COL,1999,8.0046436,1,1.0,1.0,1.0,0,0,1,1
Colombia,COL,2000,7.5327255,1,1.0,1.0,1.0,0,0,1,1
Colombia,COL,2001,6.596,1,1.0,1.0,1.0,0,0,1,1
Colombia,COL,2002,0.194,1,1.0,1.0,1.0,0,0,1,1
Colombia,COL,2003,0.219,1,1.0,1.0,0.0,0,0,0,0
Colombia,COL,2004,0.0,0,1.0,1.0,0.0,0,0,0,0
Colombia,COL,2005,0.0,0,0.0,1.0,0.0,0,0,0,0
Colombia,COL,2006,0.0,0,0.0,0.0,0.0,0,0,0,0
Colombia,COL,2007,0.0,0,0.0,0.0,0.0,0,0,0,0
Colombia,COL,2008,0.0,0,0.0,0.0,0.0,0,0,0,0
Colombia,COL,2009,0.0,0,0.0,0.0,0.0,0,0,0,0
Colombia,COL,2010,0.0,0,0.0,0.0,0.0,0,0,0,0
Colombia,COL,2011,0.0,0,0.0,0.0,0.0,0,0,0,0
Colombia,COL,2012,0.0,0,0.0,0.0,0.0,0,0,0,0
Colombia,COL,2013,0.0,0,0.0,0.0,0.0,0,0,0,0
Colombia,COL,2014,0.0,0,0.0,0.0,0.0,0,0,0,0
Colombia,COL,2015,0.0,0,0.0,0.0,0.0,0,0,0,0
Colombia,COL,2016,0.0,0,0.0,0.0,1.0,1,1,1,0
Colombia,COL,2017,2796.311,1,0.0,0.0,0.0,0,0,0,0
Colombia,COL,2018,0.0,0,1.0,0.0,0.0,0,0,0,0
Colombia,COL,2019,0.0,0,0.0,1.0,0.0,0,0,0,0
Colombia,COL,2020,0.0,0,0.0,0.0,0.0,0,0,0,0
Colombia,COL,2021,0.0,0,0.0,0.0,0.0,0,0,0,0
Colombia,COL,2022,0.0,0,0.0,0.0,0.0,0,0,0,0
Colombia,COL,2023,0.0,0,0.0,0.0,,0,0,0,0
Comoros,COM,1960,,0,,,0.0,0,0,0,0
Comoros,COM,1961,,0,0.0,,0.0,0,0,0,0
Comoros,COM,1962,,0,0.0,0.0,0.0,0,0,0,0
Comoros,COM,1963,,0,0.0,0.0,0.0,0,0,0,0
Comoros,COM,1964,,0,0.0,0.0,0.0,0,0,0,0
Comoros,COM,1965,,0,0.0,0.0,0.0,0,0,0,0
Comoros,COM,1966,,0,0.0,0.0,0.0,0,0,0,0
Comoros,COM,1967,,0,0.0,0.0,0.0,0,0,0,0
Comoros,COM,1968,,0,0.0,0.0,0.0,0,0,0,0
Comoros,COM,1969,,0,0.0,0.0,0.0,0,0,0,0
Comoros,COM,1970,,0,0.0,0.0,0.0,0,0,0,0
Comoros,COM,1971,,0,0.0,0.0,0.0,0,0,0,0
Comoros,COM,1972,,0,0.0,0.0,0.0,0,0,0,0
Comoros,COM,1973,,0,0.0,0.0,0.0,0,0,0,0
Comoros,COM,1974,,0,0.0,0.0,0.0,0,0,0,0
Comoros,COM,1975,0.0,0,0.0,0.0,1.0,1,1,1,0
Comoros,COM,1976,0.035129,1,0.0,0.0,1.0,0,0,1,1
Comoros,COM,1977,0.389677,1,1.0,0.0,1.0,0,0,1,1
Comoros,COM,1978,1.479199,1,1.0,1.0,1.0,0,0,1,1
Comoros,COM,1979,2.552092,1,1.0,1.0,1.0,0,0,1,1
Comoros,COM,1980,0.002,1,1.0,1.0,1.0,0,0,1,1
Comoros,COM,1981,0.054,1,1.0,1.0,1.0,0,0,1,1
Comoros,COM,1982,0.28800000000000003,1,1.0,1.0,1.0,0,0,1,1
Comoros,COM,1983,0.412,1,1.0,1.0,1.0,0,0,1,1
Comoros,COM,1984,1.873433,1,1.0,1.0,1.0,0,0,1,1
Comoros,COM,1985,2.2887700000000004,1,1.0,1.0,1.0,0,0,1,1
Comoros,COM,1986,7.119565,1,1.0,1.0,1.0,0,0,1,1
Comoros,COM,1987,14.510250000000001,1,1.0,1.0,1.0,0,0,1,1
Comoros,COM,1988,22.33332,1,1.0,1.0,1.0,0,0,1,1
Comoros,COM,1989,55.14220999999999,1,1.0,1.0,1.0,0,0,1,1
Comoros,COM,1990,37.75339,1,1.0,1.0,1.0,0,0,1,1
Comoros,COM,1991,34.06573,1,1.0,1.0,1.0,0,0,1,1
Comoros,COM,1992,30.0,1,1.0,1.0,1.0,0,0,1,1
Comoros,COM,1993,26.0,1,1.0,1.0,1.0,0,0,1,1
Comoros,COM,1994,28.0,1,1.0,1.0,1.0,0,0,1,1
Comoros,COM,1995,36.0,1,1.0,1.0,1.0,0,0,1,1
Comoros,COM,1996,43.0,1,1.0,1.0,1.0,0,0,1,1
Comoros,COM,1997,45.0,1,1.0,1.0,1.0,0,0,1,1
Comoros,COM,1998,51.0,1,1.0,1.0,1.0,0,0,1,1
Comoros,COM,1999,57.0,1,1.0,1.0,1.0,0,0,1,1
Comoros,COM,2000,56.0,1,1.0,1.0,1.0,0,0,1,1
Comoros,COM,2001,81.0,1,1.0,1.0,1.0,0,0,1,1
Comoros,COM,2002,89.14777,1,1.0,1.0,1.0,0,0,1,1
Comoros,COM,2003,92.30127,1,1.0,1.0,1.0,0,0,1,1
Comoros,COM,2004,107.3117,1,1.0,1.0,1.0,0,0,1,1
Comoros,COM,2005,103.0752,1,1.0,1.0,1.0,0,0,1,1
Comoros,COM,2006,108.7713547,1,1.0,1.0,1.0,0,0,1,1
Comoros,COM,2007,111.1815633,1,1.0,1.0,1.0,0,0,1,1
Comoros,COM,2008,28.1669299,1,1.0,1.0,1.0,0,0,1,1
Comoros,COM,2009,38.906038099999996,1,1.0,1.0,1.0,0,0,1,1
Comoros,COM,2010,64.514688,1,1.0,1.0,1.0,0,0,1,1
Comoros,COM,2011,23.3282639,1,1.0,1.0,1.0,0,0,1,1
Comoros,COM,2012,51.4292701,1,1.0,1.0,1.0,0,0,1,1
Comoros,COM,2013,156.8359548,1,1.0,1.0,1.0,0,0,1,1
Comoros,COM,2014,5.2630456,1,1.0,1.0,1.0,0,0,1,1
Comoros,COM,2015,6.181233800000001,1,1.0,1.0,1.0,0,0,1,1
Comoros,COM,2016,7.336987800000001,1,1.0,1.0,1.0,0,0,1,1
Comoros,COM,2017,8.157837,1,1.0,1.0,1.0,0,0,1,1
Comoros,COM,2018,9.4189805,1,1.0,1.0,1.0,0,0,1,1
Comoros,COM,2019,10.891731,1,1.0,1.0,1.0,0,0,1,1
Comoros,COM,2020,12.4533218,1,1.0,1.0,1.0,0,0,1,1
Comoros,COM,2021,15.4017021,1,1.0,1.0,1.0,0,0,1,1
Comoros,COM,2022,11.5644965,1,1.0,1.0,1.0,0,0,1,1
Comoros,COM,2023,8.0,1,1.0,1.0,,0,0,0,0
Cook Islands,COK,1960,0.0,0,,,0.0,0,0,0,0
Cook Islands,COK,1961,0.0,0,0.0,,0.0,0,0,0,0
Cook Islands,COK,1962,0.0,0,0.0,0.0,0.0,0,0,0,0
Cook Islands,COK,1963,0.0,0,0.0,0.0,0.0,0,0,0,0
Cook Islands,COK,1964,0.0,0,0.0,0.0,0.0,0,0,0,0
Cook Islands,COK,1965,0.0,0,0.0,0.0,0.0,0,0,0,0
Cook Islands,COK,1966,0.0,0,0.0,0.0,0.0,0,0,0,0
Cook Islands,COK,1967,0.0,0,0.0,0.0,0.0,0,0,0,0
Cook Islands,COK,1968,0.0,0,0.0,0.0,0.0,0,0,0,0
Cook Islands,COK,1969,0.0,0,0.0,0.0,0.0,0,0,0,0
Cook Islands,COK,1970,0.0,0,0.0,0.0,0.0,0,0,0,0
Cook Islands,COK,1971,0.0,0,0.0,0.0,0.0,0,0,0,0
Cook Islands,COK,1972,0.0,0,0.0,0.0,0.0,0,0,0,0
Cook Islands,COK,1973,0.0,0,0.0,0.0,0.0,0,0,0,0
Cook Islands,COK,1974,0.0,0,0.0,0.0,0.0,0,0,0,0
Cook Islands,COK,1975,0.0,0,0.0,0.0,0.0,0,0,0,0
Cook Islands,COK,1976,0.0,0,0.0,0.0,0.0,0,0,0,0
Cook Islands,COK,1977,0.0,0,0.0,0.0,0.0,0,0,0,0
Cook Islands,COK,1978,0.0,0,0.0,0.0,0.0,0,0,0,0
Cook Islands,COK,1979,0.0,0,0.0,0.0,0.0,0,0,0,0
Cook Islands,COK,1980,0.0,0,0.0,0.0,0.0,0,0,0,0
Cook Islands,COK,1981,0.0,0,0.0,0.0,0.0,0,0,0,0
Cook Islands,COK,1982,0.0,0,0.0,0.0,0.0,0,0,0,0
Cook Islands,COK,1983,0.0,0,0.0,0.0,0.0,0,0,0,0
Cook Islands,COK,1984,0.0,0,0.0,0.0,0.0,0,0,0,0
Cook Islands,COK,1985,0.0,0,0.0,0.0,0.0,0,0,0,0
Cook Islands,COK,1986,0.0,0,0.0,0.0,0.0,0,0,0,0
Cook Islands,COK,1987,0.0,0,0.0,0.0,0.0,0,0,0,0
Cook Islands,COK,1988,0.0,0,0.0,0.0,0.0,0,0,0,0
Cook Islands,COK,1989,0.0,0,0.0,0.0,0.0,0,0,0,0
Cook Islands,COK,1990,0.0,0,0.0,0.0,0.0,0,0,0,0
Cook Islands,COK,1991,0.0,0,0.0,0.0,0.0,0,0,0,0
Cook Islands,COK,1992,0.0,0,0.0,0.0,0.0,0,0,0,0
Cook Islands,COK,1993,0.0,0,0.0,0.0,0.0,0,0,0,0
Cook Islands,COK,1994,0.0,0,0.0,0.0,1.0,1,1,1,0
Cook Islands,COK,1995,46.35761589403974,1,0.0,0.0,1.0,0,0,1,1
Cook Islands,COK,1996,49.195837275307476,1,1.0,0.0,1.0,0,0,1,1
Cook Islands,COK,1997,52.0,1,1.0,1.0,1.0,0,0,1,1
Cook Islands,COK,1998,54.964,1,1.0,1.0,0.0,0,0,0,0
Cook Islands,COK,1999,0.0,0,1.0,1.0,0.0,0,0,0,0
Cook Islands,COK,2000,0.0,0,0.0,1.0,0.0,0,0,0,0
Cook Islands,COK,2001,0.0,0,0.0,0.0,0.0,0,0,0,0
Cook Islands,COK,2002,0.0,0,0.0,0.0,0.0,0,0,0,0
Cook Islands,COK,2003,0.0,0,0.0,0.0,0.0,0,0,0,0
Cook Islands,COK,2004,0.0,0,0.0,0.0,0.0,0,0,0,0
Cook Islands,COK,2005,0.0,0,0.0,0.0,0.0,0,0,0,0
Cook Islands,COK,2006,0.0,0,0.0,0.0,0.0,0,0,0,0
Cook Islands,COK,2007,0.0,0,0.0,0.0,0.0,0,0,0,0
Cook Islands,COK,2008,0.0,0,0.0,0.0,0.0,0,0,0,0
Cook Islands,COK,2009,0.0,0,0.0,0.0,0.0,0,0,0,0
Cook Islands,COK,2010,0.0,0,0.0,0.0,0.0,0,0,0,0
Cook Islands,COK,2011,0.0,0,0.0,0.0,0.0,0,0,0,0
Cook Islands,COK,2012,0.0,0,0.0,0.0,0.0,0,0,0,0
Cook Islands,COK,2013,0.0,0,0.0,0.0,0.0,0,0,0,0
Cook Islands,COK,2014,0.0,0,0.0,0.0,0.0,0,0,0,0
Cook Islands,COK,2015,0.0,0,0.0,0.0,0.0,0,0,0,0
Cook Islands,COK,2016,0.0,0,0.0,0.0,0.0,0,0,0,0
Cook Islands,COK,2017,0.0,0,0.0,0.0,0.0,0,0,0,0
Cook Islands,COK,2018,0.0,0,0.0,0.0,0.0,0,0,0,0
Cook Islands,COK,2019,0.0,0,0.0,0.0,0.0,0,0,0,0
Cook Islands,COK,2020,0.0,0,0.0,0.0,0.0,0,0,0,0
Cook Islands,COK,2021,0.0,0,0.0,0.0,0.0,0,0,0,0
Cook Islands,COK,2022,0.0,0,0.0,0.0,0.0,0,0,0,0
Cook Islands,COK,2023,0.0,0,0.0,0.0,,0,0,0,0
Costa Rica,CRI,1960,0.0,0,,,0.0,0,0,0,0
Costa Rica,CRI,1961,0.0,0,0.0,,1.0,1,1,1,0
Costa Rica,CRI,1962,3.0,1,0.0,0.0,0.0,0,0,0,0
Costa Rica,CRI,1963,0.0,0,1.0,0.0,0.0,0,0,0,0
Costa Rica,CRI,1964,0.0,0,0.0,1.0,1.0,1,1,1,0
Costa Rica,CRI,1965,3.0,1,0.0,0.0,0.0,0,0,0,0
Costa Rica,CRI,1966,0.0,0,1.0,0.0,0.0,0,0,0,0
Costa Rica,CRI,1967,0.0,0,0.0,1.0,0.0,0,0,0,0
Costa Rica,CRI,1968,0.0,0,0.0,0.0,0.0,0,0,0,0
Costa Rica,CRI,1969,0.0,0,0.0,0.0,0.0,0,0,0,0
Costa Rica,CRI,1970,0.0,0,0.0,0.0,1.0,1,1,1,0
Costa Rica,CRI,1971,0.008,1,0.0,0.0,0.0,0,0,0,0
Costa Rica,CRI,1972,0.0,0,1.0,0.0,1.0,1,0,1,0
Costa Rica,CRI,1973,0.20900000000000002,1,0.0,1.0,0.0,0,0,0,0
Costa Rica,CRI,1974,0.0,0,1.0,0.0,0.0,0,0,0,0
Costa Rica,CRI,1975,0.0,0,0.0,1.0,0.0,0,0,0,0
Costa Rica,CRI,1976,0.0,0,0.0,0.0,1.0,1,1,1,0
Costa Rica,CRI,1977,0.615,1,0.0,0.0,1.0,0,0,1,1
Costa Rica,CRI,1978,0.909,1,1.0,0.0,1.0,0,0,1,1
Costa Rica,CRI,1979,0.017,1,1.0,1.0,1.0,0,0,1,1
Costa Rica,CRI,1980,2.416,1,1.0,1.0,1.0,0,0,1,1
Costa Rica,CRI,1981,285.886,1,1.0,1.0,1.0,0,0,1,1
Costa Rica,CRI,1982,923.1610000000001,1,1.0,1.0,1.0,0,0,1,1
Costa Rica,CRI,1983,713.0,1,1.0,1.0,1.0,0,0,1,1
Costa Rica,CRI,1984,308.85,1,1.0,1.0,1.0,0,0,1,1
Costa Rica,CRI,1985,645.0,1,1.0,1.0,1.0,0,0,1,1
Costa Rica,CRI,1986,1786.784,1,1.0,1.0,1.0,0,0,1,1
Costa Rica,CRI,1987,2236.138,1,1.0,1.0,1.0,0,0,1,1
Costa Rica,CRI,1988,2527.822,1,1.0,1.0,1.0,0,0,1,1
Costa Rica,CRI,1989,1752.0,1,1.0,1.0,1.0,0,0,1,1
Costa Rica,CRI,1990,1882.5222435,1,1.0,1.0,1.0,0,0,1,1
Costa Rica,CRI,1991,260.2348941,1,1.0,1.0,1.0,0,0,1,1
Costa Rica,CRI,1992,60.1346892,1,1.0,1.0,1.0,0,0,1,1
Costa Rica,CRI,1993,93.6294034,1,1.0,1.0,1.0,0,0,1,1
Costa Rica,CRI,1994,109.8885646,1,1.0,1.0,1.0,0,0,1,1
Costa Rica,CRI,1995,61.410111,1,1.0,1.0,1.0,0,0,1,1
Costa Rica,CRI,1996,6.5997237,1,1.0,1.0,1.0,0,0,1,1
Costa Rica,CRI,1997,5.0033639,1,1.0,1.0,1.0,0,0,1,1
Costa Rica,CRI,1998,3.4361696999999998,1,1.0,1.0,1.0,0,0,1,1
Costa Rica,CRI,1999,3.124,1,1.0,1.0,1.0,0,0,1,1
Costa Rica,CRI,2000,3.124,1,1.0,1.0,1.0,0,0,1,1
Costa Rica,CRI,2001,3.102,1,1.0,1.0,1.0,0,0,1,1
Costa Rica,CRI,2002,0.21666000000000002,1,1.0,1.0,1.0,0,0,1,1
Costa Rica,CRI,2003,0.325,1,1.0,1.0,1.0,0,0,1,1
Costa Rica,CRI,2004,0.167,1,1.0,1.0,0.0,0,0,0,0
Costa Rica,CRI,2005,0.0,0,1.0,1.0,1.0,1,0,1,0
Costa Rica,CRI,2006,2.023636,1,0.0,1.0,1.0,0,0,1,1
Costa Rica,CRI,2007,0.098675,1,1.0,0.0,1.0,0,0,1,1
Costa Rica,CRI,2008,0.3113093,1,1.0,1.0,1.0,0,0,1,1
Costa Rica,CRI,2009,0.30592840000000004,1,1.0,1.0,1.0,0,0,1,1
Costa Rica,CRI,2010,0.3371017,1,1.0,1.0,1.0,0,0,1,1
Costa Rica,CRI,2011,0.3378458,1,1.0,1.0,1.0,0,0,1,1
Costa Rica,CRI,2012,0.340269,1,1.0,1.0,1.0,0,0,1,1
Costa Rica,CRI,2013,0.34487690000000004,1,1.0,1.0,1.0,0,0,1,1
Costa Rica,CRI,2014,0.32057209999999997,1,1.0,1.0,0.0,0,0,0,0
Costa Rica,CRI,2015,0.0,0,1.0,1.0,0.0,0,0,0,0
Costa Rica,CRI,2016,0.0,0,0.0,1.0,0.0,0,0,0,0
Costa Rica,CRI,2017,0.0,0,0.0,0.0,0.0,0,0,0,0
Costa Rica,CRI,2018,0.0,0,0.0,0.0,0.0,0,0,0,0
Costa Rica,CRI,2019,0.0,0,0.0,0.0,0.0,0,0,0,0
Costa Rica,CRI,2020,0.0,0,0.0,0.0,0.0,0,0,0,0
Costa Rica,CRI,2021,0.0,0,0.0,0.0,0.0,0,0,0,0
Costa Rica,CRI,2022,0.0,0,0.0,0.0,0.0,0,0,0,0
Costa Rica,CRI,2023,0.0,0,0.0,0.0,,0,0,0,0
Croatia,HRV,1960,,0,,,0.0,0,0,0,0
Croatia,HRV,1961,,0,0.0,,0.0,0,0,0,0
Croatia,HRV,1962,,0,0.0,0.0,0.0,0,0,0,0
Croatia,HRV,1963,,0,0.0,0.0,0.0,0,0,0,0
Croatia,HRV,1964,,0,0.0,0.0,0.0,0,0,0,0
Croatia,HRV,1965,,0,0.0,0.0,0.0,0,0,0,0
Croatia,HRV,1966,,0,0.0,0.0,0.0,0,0,0,0
Croatia,HRV,1967,,0,0.0,0.0,0.0,0,0,0,0
Croatia,HRV,1968,,0,0.0,0.0,0.0,0,0,0,0
Croatia,HRV,1969,,0,0.0,0.0,0.0,0,0,0,0
Croatia,HRV,1970,,0,0.0,0.0,0.0,0,0,0,0
Croatia,HRV,1971,,0,0.0,0.0,0.0,0,0,0,0
Croatia,HRV,1972,,0,0.0,0.0,0.0,0,0,0,0
Croatia,HRV,1973,,0,0.0,0.0,0.0,0,0,0,0
Croatia,HRV,1974,,0,0.0,0.0,0.0,0,0,0,0
Croatia,HRV,1975,,0,0.0,0.0,0.0,0,0,0,0
Croatia,HRV,1976,,0,0.0,0.0,0.0,0,0,0,0
Croatia,HRV,1977,,0,0.0,0.0,0.0,0,0,0,0
Croatia,HRV,1978,,0,0.0,0.0,0.0,0,0,0,0
Croatia,HRV,1979,,0,0.0,0.0,0.0,0,0,0,0
Croatia,HRV,1980,,0,0.0,0.0,0.0,0,0,0,0
Croatia,HRV,1981,,0,0.0,0.0,0.0,0,0,0,0
Croatia,HRV,1982,,0,0.0,0.0,0.0,0,0,0,0
Croatia,HRV,1983,,0,0.0,0.0,0.0,0,0,0,0
Croatia,HRV,1984,,0,0.0,0.0,0.0,0,0,0,0
Croatia,HRV,1985,,0,0.0,0.0,0.0,0,0,0,0
Croatia,HRV,1986,,0,0.0,0.0,0.0,0,0,0,0
Croatia,HRV,1987,,0,0.0,0.0,0.0,0,0,0,0
Croatia,HRV,1988,,0,0.0,0.0,0.0,0,0,0,0
Croatia,HRV,1989,,0,0.0,0.0,0.0,0,0,0,0
Croatia,HRV,1990,,0,0.0,0.0,0.0,0,0,0,0
Croatia,HRV,1991,,0,0.0,0.0,1.0,1,1,1,0
Croatia,HRV,1992,1098.0,1,0.0,0.0,1.0,0,0,1,1
Croatia,HRV,1993,1268.0,1,1.0,0.0,1.0,0,0,1,1
Croatia,HRV,1994,1453.0,1,1.0,1.0,1.0,0,0,1,1
Croatia,HRV,1995,2620.0,1,1.0,1.0,1.0,0,0,1,1
Croatia,HRV,1996,2110.0,1,1.0,1.0,0.0,0,0,0,0
Croatia,HRV,1997,0.0,0,1.0,1.0,0.0,0,0,0,0
Croatia,HRV,1998,0.0,0,0.0,1.0,0.0,0,0,0,0
Croatia,HRV,1999,0.0,0,0.0,0.0,0.0,0,0,0,0
Croatia,HRV,2000,0.0,0,0.0,0.0,0.0,0,0,0,0
Croatia,HRV,2001,0.0,0,0.0,0.0,0.0,0,0,0,0
Croatia,HRV,2002,0.0,0,0.0,0.0,0.0,0,0,0,0
Croatia,HRV,2003,0.0,0,0.0,0.0,0.0,0,0,0,0
Croatia,HRV,2004,0.0,0,0.0,0.0,0.0,0,0,0,0
Croatia,HRV,2005,0.0,0,0.0,0.0,0.0,0,0,0,0
Croatia,HRV,2006,0.0,0,0.0,0.0,0.0,0,0,0,0
Croatia,HRV,2007,0.0,0,0.0,0.0,0.0,0,0,0,0
Croatia,HRV,2008,0.0,0,0.0,0.0,0.0,0,0,0,0
Croatia,HRV,2009,0.0,0,0.0,0.0,0.0,0,0,0,0
Croatia,HRV,2010,0.0,0,0.0,0.0,0.0,0,0,0,0
Croatia,HRV,2011,0.0,0,0.0,0.0,0.0,0,0,0,0
Croatia,HRV,2012,0.0,0,0.0,0.0,0.0,0,0,0,0
Croatia,HRV,2013,0.0,0,0.0,0.0,0.0,0,0,0,0
Croatia,HRV,2014,0.0,0,0.0,0.0,0.0,0,0,0,0
Croatia,HRV,2015,0.0,0,0.0,0.0,0.0,0,0,0,0
Croatia,HRV,2016,0.0,0,0.0,0.0,0.0,0,0,0,0
Croatia,HRV,2017,0.0,0,0.0,0.0,0.0,0,0,0,0
Croatia,HRV,2018,0.0,0,0.0,0.0,0.0,0,0,0,0
Croatia,HRV,2019,0.0,0,0.0,0.0,0.0,0,0,0,0
Croatia,HRV,2020,0.0,0,0.0,0.0,0.0,0,0,0,0
Croatia,HRV,2021,0.0,0,0.0,0.0,0.0,0,0,0,0
Croatia,HRV,2022,0.0,0,0.0,0.0,0.0,0,0,0,0
Croatia,HRV,2023,0.0,0,0.0,0.0,,0,0,0,0
Cuba,CUB,1960,69.0,1,,,1.0,0,0,1,1
Cuba,CUB,1961,288.0,1,1.0,,1.0,0,0,1,1
Cuba,CUB,1962,25.0,1,1.0,1.0,1.0,0,0,1,1
Cuba,CUB,1963,25.0,1,1.0,1.0,1.0,0,0,1,1
Cuba,CUB,1964,25.0,1,1.0,1.0,0.0,0,0,0,0
Cuba,CUB,1965,0.0,0,1.0,1.0,0.0,0,0,0,0
Cuba,CUB,1966,0.0,0,0.0,1.0,0.0,0,0,0,0
Cuba,CUB,1967,0.0,0,0.0,0.0,0.0,0,0,0,0
Cuba,CUB,1968,0.0,0,0.0,0.0,0.0,0,0,0,0
Cuba,CUB,1969,0.0,0,0.0,0.0,0.0,0,0,0,0
Cuba,CUB,1970,0.0,0,0.0,0.0,0.0,0,0,0,0
Cuba,CUB,1971,0.0,0,0.0,0.0,0.0,0,0,0,0
Cuba,CUB,1972,0.0,0,0.0,0.0,0.0,0,0,0,0
Cuba,CUB,1973,0.0,0,0.0,0.0,0.0,0,0,0,0
Cuba,CUB,1974,0.0,0,0.0,0.0,0.0,0,0,0,0
Cuba,CUB,1975,0.0,0,0.0,0.0,0.0,0,0,0,0
Cuba,CUB,1976,0.0,0,0.0,0.0,0.0,0,0,0,0
Cuba,CUB,1977,0.0,0,0.0,0.0,0.0,0,0,0,0
Cuba,CUB,1978,0.0,0,0.0,0.0,0.0,0,0,0,0
Cuba,CUB,1979,0.0,0,0.0,0.0,0.0,0,0,0,0
Cuba,CUB,1980,0.0,0,0.0,0.0,0.0,0,0,0,0
Cuba,CUB,1981,0.0,0,0.0,0.0,1.0,1,1,1,0
Cuba,CUB,1982,800.0,1,0.0,0.0,1.0,0,0,1,1
Cuba,CUB,1983,917.2703492,1,1.0,0.0,1.0,0,0,1,1
Cuba,CUB,1984,678.8092648,1,1.0,1.0,1.0,0,0,1,1
Cuba,CUB,1985,807.594474026691,1,1.0,1.0,1.0,0,0,1,1
Cuba,CUB,1986,9420.371465441714,1,1.0,1.0,1.0,0,0,1,1
Cuba,CUB,1987,9774.719529406291,1,1.0,1.0,1.0,0,0,1,1
Cuba,CUB,1988,9895.545219901196,1,1.0,1.0,1.0,0,0,1,1
Cuba,CUB,1989,10915.230442398122,1,1.0,1.0,1.0,0,0,1,1
Cuba,CUB,1990,10365.86696352459,1,1.0,1.0,1.0,0,0,1,1
Cuba,CUB,1991,10543.566970811436,1,1.0,1.0,1.0,0,0,1,1
Cuba,CUB,1992,10783.470147963872,1,1.0,1.0,1.0,0,0,1,1
Cuba,CUB,1993,11063.370698670109,1,1.0,1.0,1.0,0,0,1,1
Cuba,CUB,1994,11531.279380310309,1,1.0,1.0,1.0,0,0,1,1
Cuba,CUB,1995,13225.630733395037,1,1.0,1.0,1.0,0,0,1,1
Cuba,CUB,1996,11840.512512341022,1,1.0,1.0,1.0,0,0,1,1
Cuba,CUB,1997,11748.240599807119,1,1.0,1.0,1.0,0,0,1,1
Cuba,CUB,1998,11859.067022544757,1,1.0,1.0,1.0,0,0,1,1
Cuba,CUB,1999,12134.343622880891,1,1.0,1.0,1.0,0,0,1,1
Cuba,CUB,2000,12293.379847916922,1,1.0,1.0,1.0,0,0,1,1
Cuba,CUB,2001,12182.651746663045,1,1.0,1.0,1.0,0,0,1,1
Cuba,CUB,2002,12599.467324686293,1,1.0,1.0,1.0,0,0,1,1
Cuba,CUB,2003,14220.445305493262,1,1.0,1.0,1.0,0,0,1,1
Cuba,CUB,2004,16723.494594672906,1,1.0,1.0,1.0,0,0,1,1
Cuba,CUB,2005,14550.75788731554,1,1.0,1.0,1.0,0,0,1,1
Cuba,CUB,2006,14822.368396750555,1,1.0,1.0,1.0,0,0,1,1
Cuba,CUB,2007,15233.989194276583,1,1.0,1.0,1.0,0,0,1,1
Cuba,CUB,2008,16168.08821613099,1,1.0,1.0,1.0,0,0,1,1
Cuba,CUB,2009,16370.869491755664,1,1.0,1.0,1.0,0,0,1,1
Cuba,CUB,2010,23102.677805416835,1,1.0,1.0,1.0,0,0,1,1
Cuba,CUB,2011,23174.53669171782,1,1.0,1.0,1.0,0,0,1,1
Cuba,CUB,2012,19177.785711160548,1,1.0,1.0,1.0,0,0,1,1
Cuba,CUB,2013,14788.593453119334,1,1.0,1.0,1.0,0,0,1,1
Cuba,CUB,2014,49247.20858598711,1,1.0,1.0,1.0,0,0,1,1
Cuba,CUB,2015,14003.656502379508,1,1.0,1.0,1.0,0,0,1,1
Cuba,CUB,2016,19551.087923979114,1,1.0,1.0,1.0,0,0,1,1
Cuba,CUB,2017,8903.990716872442,1,1.0,1.0,1.0,0,0,1,1
Cuba,CUB,2018,8483.553713679928,1,1.0,1.0,1.0,0,0,1,1
Cuba,CUB,2019,8109.010982939408,1,1.0,1.0,1.0,0,0,1,1
Cuba,CUB,2020,8209.704100183817,1,1.0,1.0,1.0,0,0,1,1
Cuba,CUB,2021,10527.226418146385,1,1.0,1.0,1.0,0,0,1,1
Cuba,CUB,2022,13404.387081662024,1,1.0,1.0,1.0,0,0,1,1
Cuba,CUB,2023,12550.017376532163,1,1.0,1.0,,0,0,0,0
Curaçao,CUW,1960,,0,,,0.0,0,0,0,0
Curaçao,CUW,1961,,0,0.0,,0.0,0,0,0,0
Curaçao,CUW,1962,,0,0.0,0.0,0.0,0,0,0,0
Curaçao,CUW,1963,,0,0.0,0.0,0.0,0,0,0,0
Curaçao,CUW,1964,,0,0.0,0.0,0.0,0,0,0,0
Curaçao,CUW,1965,,0,0.0,0.0,0.0,0,0,0,0
Curaçao,CUW,1966,,0,0.0,0.0,0.0,0,0,0,0
Curaçao,CUW,1967,,0,0.0,0.0,0.0,0,0,0,0
Curaçao,CUW,1968,,0,0.0,0.0,0.0,0,0,0,0
Curaçao,CUW,1969,,0,0.0,0.0,0.0,0,0,0,0
Curaçao,CUW,1970,,0,0.0,0.0,0.0,0,0,0,0
Curaçao,CUW,1971,,0,0.0,0.0,0.0,0,0,0,0
Curaçao,CUW,1972,,0,0.0,0.0,0.0,0,0,0,0
Curaçao,CUW,1973,,0,0.0,0.0,0.0,0,0,0,0
Curaçao,CUW,1974,,0,0.0,0.0,0.0,0,0,0,0
Curaçao,CUW,1975,,0,0.0,0.0,0.0,0,0,0,0
Curaçao,CUW,1976,,0,0.0,0.0,0.0,0,0,0,0
Curaçao,CUW,1977,,0,0.0,0.0,0.0,0,0,0,0
Curaçao,CUW,1978,,0,0.0,0.0,0.0,0,0,0,0
Curaçao,CUW,1979,,0,0.0,0.0,0.0,0,0,0,0
Curaçao,CUW,1980,,0,0.0,0.0,0.0,0,0,0,0
Curaçao,CUW,1981,,0,0.0,0.0,0.0,0,0,0,0
Curaçao,CUW,1982,,0,0.0,0.0,0.0,0,0,0,0
Curaçao,CUW,1983,,0,0.0,0.0,0.0,0,0,0,0
Curaçao,CUW,1984,,0,0.0,0.0,0.0,0,0,0,0
Curaçao,CUW,1985,,0,0.0,0.0,0.0,0,0,0,0
Curaçao,CUW,1986,,0,0.0,0.0,0.0,0,0,0,0
Curaçao,CUW,1987,,0,0.0,0.0,0.0,0,0,0,0
Curaçao,CUW,1988,,0,0.0,0.0,0.0,0,0,0,0
Curaçao,CUW,1989,,0,0.0,0.0,0.0,0,0,0,0
Curaçao,CUW,1990,,0,0.0,0.0,0.0,0,0,0,0
Curaçao,CUW,1991,,0,0.0,0.0,0.0,0,0,0,0
Curaçao,CUW,1992,,0,0.0,0.0,0.0,0,0,0,0
Curaçao,CUW,1993,0.0,0,0.0,0.0,0.0,0,0,0,0
Curaçao,CUW,1994,0.0,0,0.0,0.0,0.0,0,0,0,0
Curaçao,CUW,1995,0.0,0,0.0,0.0,0.0,0,0,0,0
Curaçao,CUW,1996,0.0,0,0.0,0.0,0.0,0,0,0,0
Curaçao,CUW,1997,0.0,0,0.0,0.0,0.0,0,0,0,0
Curaçao,CUW,1998,0.0,0,0.0,0.0,0.0,0,0,0,0
Curaçao,CUW,1999,0.0,0,0.0,0.0,0.0,0,0,0,0
Curaçao,CUW,2000,0.0,0,0.0,0.0,0.0,0,0,0,0
Curaçao,CUW,2001,0.0,0,0.0,0.0,0.0,0,0,0,0
Curaçao,CUW,2002,0.0,0,0.0,0.0,0.0,0,0,0,0
Curaçao,CUW,2003,0.0,0,0.0,0.0,0.0,0,0,0,0
Curaçao,CUW,2004,0.0,0,0.0,0.0,0.0,0,0,0,0
Curaçao,CUW,2005,0.0,0,0.0,0.0,0.0,0,0,0,0
Curaçao,CUW,2006,0.0,0,0.0,0.0,0.0,0,0,0,0
Curaçao,CUW,2007,0.0,0,0.0,0.0,0.0,0,0,0,0
Curaçao,CUW,2008,0.0,0,0.0,0.0,0.0,0,0,0,0
Curaçao,CUW,2009,0.0,0,0.0,0.0,1.0,1,1,1,0
Curaçao,CUW,2010,1242.5,1,0.0,0.0,0.0,0,0,0,0
Curaçao,CUW,2011,0.0,0,1.0,0.0,0.0,0,0,0,0
Curaçao,CUW,2012,0.0,0,0.0,1.0,0.0,0,0,0,0
Curaçao,CUW,2013,0.0,0,0.0,0.0,0.0,0,0,0,0
Curaçao,CUW,2014,0.0,0,0.0,0.0,0.0,0,0,0,0
Curaçao,CUW,2015,0.0,0,0.0,0.0,0.0,0,0,0,0
Curaçao,CUW,2016,0.0,0,0.0,0.0,0.0,0,0,0,0
Curaçao,CUW,2017,0.0,0,0.0,0.0,0.0,0,0,0,0
Curaçao,CUW,2018,0.0,0,0.0,0.0,0.0,0,0,0,0
Curaçao,CUW,2019,0.0,0,0.0,0.0,0.0,0,0,0,0
Curaçao,CUW,2020,0.0,0,0.0,0.0,0.0,0,0,0,0
Curaçao,CUW,2021,0.0,0,0.0,0.0,1.0,1,1,1,0
Curaçao,CUW,2022,508.9385474860335,1,0.0,0.0,0.0,0,0,0,0
Curaçao,CUW,2023,0.0,0,1.0,0.0,,0,0,0,0
Cyprus,CYP,1960,0.0,0,,,0.0,0,0,0,0
Cyprus,CYP,1961,0.0,0,0.0,,0.0,0,0,0,0
Cyprus,CYP,1962,0.0,0,0.0,0.0,0.0,0,0,0,0
Cyprus,CYP,1963,0.0,0,0.0,0.0,0.0,0,0,0,0
Cyprus,CYP,1964,0.0,0,0.0,0.0,0.0,0,0,0,0
Cyprus,CYP,1965,0.0,0,0.0,0.0,0.0,0,0,0,0
Cyprus,CYP,1966,0.0,0,0.0,0.0,0.0,0,0,0,0
Cyprus,CYP,1967,0.0,0,0.0,0.0,0.0,0,0,0,0
Cyprus,CYP,1968,0.0,0,0.0,0.0,0.0,0,0,0,0
Cyprus,CYP,1969,0.0,0,0.0,0.0,0.0,0,0,0,0
Cyprus,CYP,1970,0.0,0,0.0,0.0,0.0,0,0,0,0
Cyprus,CYP,1971,0.0,0,0.0,0.0,0.0,0,0,0,0
Cyprus,CYP,1972,0.0,0,0.0,0.0,0.0,0,0,0,0
Cyprus,CYP,1973,0.0,0,0.0,0.0,0.0,0,0,0,0
Cyprus,CYP,1974,0.0,0,0.0,0.0,0.0,0,0,0,0
Cyprus,CYP,1975,0.0,0,0.0,0.0,0.0,0,0,0,0
Cyprus,CYP,1976,0.0,0,0.0,0.0,0.0,0,0,0,0
Cyprus,CYP,1977,0.0,0,0.0,0.0,0.0,0,0,0,0
Cyprus,CYP,1978,0.0,0,0.0,0.0,0.0,0,0,0,0
Cyprus,CYP,1979,0.0,0,0.0,0.0,0.0,0,0,0,0
Cyprus,CYP,1980,0.0,0,0.0,0.0,0.0,0,0,0,0
Cyprus,CYP,1981,0.0,0,0.0,0.0,0.0,0,0,0,0
Cyprus,CYP,1982,0.0,0,0.0,0.0,0.0,0,0,0,0
Cyprus,CYP,1983,0.0,0,0.0,0.0,0.0,0,0,0,0
Cyprus,CYP,1984,0.0,0,0.0,0.0,0.0,0,0,0,0
Cyprus,CYP,1985,0.0,0,0.0,0.0,0.0,0,0,0,0
Cyprus,CYP,1986,0.0,0,0.0,0.0,0.0,0,0,0,0
Cyprus,CYP,1987,0.0,0,0.0,0.0,0.0,0,0,0,0
Cyprus,CYP,1988,0.0,0,0.0,0.0,0.0,0,0,0,0
Cyprus,CYP,1989,0.0,0,0.0,0.0,0.0,0,0,0,0
Cyprus,CYP,1990,0.0,0,0.0,0.0,0.0,0,0,0,0
Cyprus,CYP,1991,0.0,0,0.0,0.0,0.0,0,0,0,0
Cyprus,CYP,1992,0.0,0,0.0,0.0,0.0,0,0,0,0
Cyprus,CYP,1993,0.0,0,0.0,0.0,0.0,0,0,0,0
Cyprus,CYP,1994,0.0,0,0.0,0.0,0.0,0,0,0,0
Cyprus,CYP,1995,0.0,0,0.0,0.0,0.0,0,0,0,0
Cyprus,CYP,1996,0.0,0,0.0,0.0,0.0,0,0,0,0
Cyprus,CYP,1997,0.0,0,0.0,0.0,0.0,0,0,0,0
Cyprus,CYP,1998,0.0,0,0.0,0.0,0.0,0,0,0,0
Cyprus,CYP,1999,0.0,0,0.0,0.0,0.0,0,0,0,0
Cyprus,CYP,2000,0.0,0,0.0,0.0,0.0,0,0,0,0
Cyprus,CYP,2001,0.0,0,0.0,0.0,0.0,0,0,0,0
Cyprus,CYP,2002,0.0,0,0.0,0.0,0.0,0,0,0,0
Cyprus,CYP,2003,0.0,0,0.0,0.0,0.0,0,0,0,0
Cyprus,CYP,2004,0.0,0,0.0,0.0,0.0,0,0,0,0
Cyprus,CYP,2005,0.0,0,0.0,0.0,0.0,0,0,0,0
Cyprus,CYP,2006,0.0,0,0.0,0.0,0.0,0,0,0,0
Cyprus,CYP,2007,0.0,0,0.0,0.0,0.0,0,0,0,0
Cyprus,CYP,2008,0.0,0,0.0,0.0,0.0,0,0,0,0
Cyprus,CYP,2009,0.0,0,0.0,0.0,0.0,0,0,0,0
Cyprus,CYP,2010,0.0,0,0.0,0.0,0.0,0,0,0,0
Cyprus,CYP,2011,0.0,0,0.0,0.0,0.0,0,0,0,0
Cyprus,CYP,2012,0.0,0,0.0,0.0,1.0,1,1,1,0
Cyprus,CYP,2013,1698.2364467668192,1,0.0,0.0,0.0,0,0,0,0
Cyprus,CYP,2014,0.0,0,1.0,0.0,0.0,0,0,0,0
Cyprus,CYP,2015,0.0,0,0.0,1.0,0.0,0,0,0,0
Cyprus,CYP,2016,0.0,0,0.0,0.0,0.0,0,0,0,0
Cyprus,CYP,2017,0.0,0,0.0,0.0,0.0,0,0,0,0
Cyprus,CYP,2018,0.0,0,0.0,0.0,0.0,0,0,0,0
Cyprus,CYP,2019,0.0,0,0.0,0.0,0.0,0,0,0,0
Cyprus,CYP,2020,0.0,0,0.0,0.0,0.0,0,0,0,0
Cyprus,CYP,2021,0.0,0,0.0,0.0,0.0,0,0,0,0
Cyprus,CYP,2022,0.0,0,0.0,0.0,0.0,0,0,0,0
Cyprus,CYP,2023,0.0,0,0.0,0.0,,0,0,0,0
Czechoslovakia,CZE,1960,3.7505,1,,,1.0,0,0,1,1
Czechoslovakia,CZE,1961,3.9210000000000003,1,1.0,,1.0,0,0,1,1
Czechoslovakia,CZE,1962,4.0915,1,1.0,1.0,1.0,0,0,1,1
Czechoslovakia,CZE,1963,4.262,1,1.0,1.0,1.0,0,0,1,1
Czechoslovakia,CZE,1964,4.432499999999999,1,1.0,1.0,1.0,0,0,1,1
Czechoslovakia,CZE,1965,4.602999999999999,1,1.0,1.0,1.0,0,0,1,1
Czechoslovakia,CZE,1966,4.7734999999999985,1,1.0,1.0,1.0,0,0,1,1
Czechoslovakia,CZE,1967,4.943999999999998,1,1.0,1.0,1.0,0,0,1,1
Czechoslovakia,CZE,1968,5.114499999999998,1,1.0,1.0,1.0,0,0,1,1
Czechoslovakia,CZE,1969,5.2849999999999975,1,1.0,1.0,1.0,0,0,1,1
Czechoslovakia,CZE,1970,5.455499999999997,1,1.0,1.0,1.0,0,0,1,1
Czechoslovakia,CZE,1971,5.625999999999997,1,1.0,1.0,1.0,0,0,1,1
Czechoslovakia,CZE,1972,5.796499999999996,1,1.0,1.0,1.0,0,0,1,1
Czechoslovakia,CZE,1973,5.966999999999996,1,1.0,1.0,1.0,0,0,1,1
Czechoslovakia,CZE,1974,6.137499999999996,1,1.0,1.0,1.0,0,0,1,1
Czechoslovakia,CZE,1975,6.307999999999995,1,1.0,1.0,1.0,0,0,1,1
Czechoslovakia,CZE,1976,6.478499999999995,1,1.0,1.0,1.0,0,0,1,1
Czechoslovakia,CZE,1977,6.648999999999995,1,1.0,1.0,1.0,0,0,1,1
Czechoslovakia,CZE,1978,6.819499999999994,1,1.0,1.0,1.0,0,0,1,1
Czechoslovakia,CZE,1979,6.989999999999994,1,1.0,1.0,1.0,0,0,1,1
Czechoslovakia,CZE,1980,7.160499999999994,1,1.0,1.0,1.0,0,0,1,1
Czechoslovakia,CZE,1981,7.330999999999993,1,1.0,1.0,1.0,0,0,1,1
Czechoslovakia,CZE,1982,7.501499999999993,1,1.0,1.0,1.0,0,0,1,1
Czechoslovakia,CZE,1983,7.671999999999993,1,1.0,1.0,1.0,0,0,1,1
Czechoslovakia,CZE,1984,7.842499999999992,1,1.0,1.0,1.0,0,0,1,1
Czechoslovakia,CZE,1985,8.012999999999993,1,1.0,1.0,1.0,0,0,1,1
Czechoslovakia,CZE,1986,8.183499999999993,1,1.0,1.0,0.0,0,0,0,0
Czechoslovakia,CZE,1987,0.0,0,1.0,1.0,0.0,0,0,0,0
Czechoslovakia,CZE,1988,0.0,0,0.0,1.0,0.0,0,0,0,0
Czechoslovakia,CZE,1989,0.0,0,0.0,0.0,0.0,0,0,0,0
Czechoslovakia,CZE,1990,0.0,0,0.0,0.0,0.0,0,0,0,0
Czechoslovakia,CZE,1991,0.0,0,0.0,0.0,0.0,0,0,0,0
Czechoslovakia,CZE,1992,0.0,0,0.0,0.0,0.0,0,0,0,0
Czechoslovakia,CZE,1993,,0,0.0,0.0,0.0,0,0,0,0
Czechoslovakia,CZE,1994,,0,0.0,0.0,0.0,0,0,0,0
Czechoslovakia,CZE,1995,,0,0.0,0.0,0.0,0,0,0,0
Czechoslovakia,CZE,1996,,0,0.0,0.0,0.0,0,0,0,0
Czechoslovakia,CZE,1997,,0,0.0,0.0,0.0,0,0,0,0
Czechoslovakia,CZE,1998,,0,0.0,0.0,0.0,0,0,0,0
Czechoslovakia,CZE,1999,,0,0.0,0.0,0.0,0,0,0,0
Czechoslovakia,CZE,2000,,0,0.0,0.0,0.0,0,0,0,0
Czechoslovakia,CZE,2001,,0,0.0,0.0,0.0,0,0,0,0
Czechoslovakia,CZE,2002,,0,0.0,0.0,0.0,0,0,0,0
Czechoslovakia,CZE,2003,,0,0.0,0.0,0.0,0,0,0,0
Czechoslovakia,CZE,2004,,0,0.0,0.0,0.0,0,0,0,0
Czechoslovakia,CZE,2005,,0,0.0,0.0,0.0,0,0,0,0
Czechoslovakia,CZE,2006,,0,0.0,0.0,0.0,0,0,0,0
Czechoslovakia,CZE,2007,,0,0.0,0.0,0.0,0,0,0,0
Czechoslovakia,CZE,2008,,0,0.0,0.0,0.0,0,0,0,0
Czechoslovakia,CZE,2009,,0,0.0,0.0,0.0,0,0,0,0
Czechoslovakia,CZE,2010,,0,0.0,0.0,0.0,0,0,0,0
Czechoslovakia,CZE,2011,,0,0.0,0.0,0.0,0,0,0,0
Czechoslovakia,CZE,2012,,0,0.0,0.0,0.0,0,0,0,0
Czechoslovakia,CZE,2013,,0,0.0,0.0,0.0,0,0,0,0
Czechoslovakia,CZE,2014,,0,0.0,0.0,0.0,0,0,0,0
Czechoslovakia,CZE,2015,,0,0.0,0.0,0.0,0,0,0,0
Czechoslovakia,CZE,2016,,0,0.0,0.0,0.0,0,0,0,0
Czechoslovakia,CZE,2017,,0,0.0,0.0,0.0,0,0,0,0
Czechoslovakia,CZE,2018,,0,0.0,0.0,0.0,0,0,0,0
Czechoslovakia,CZE,2019,,0,0.0,0.0,0.0,0,0,0,0
Czechoslovakia,CZE,2020,,0,0.0,0.0,0.0,0,0,0,0
Czechoslovakia,CZE,2021,,0,0.0,0.0,0.0,0,0,0,0
Czechoslovakia,CZE,2022,,0,0.0,0.0,0.0,0,0,0,0
Czechoslovakia,CZE,2023,,0,0.0,0.0,,0,0,0,0
Côte d’Ivoire,CIV,1960,0.0,0,,,0.0,0,0,0,0
Côte d’Ivoire,CIV,1961,0.0,0,0.0,,0.0,0,0,0,0
Côte d’Ivoire,CIV,1962,0.0,0,0.0,0.0,0.0,0,0,0,0
Côte d’Ivoire,CIV,1963,0.0,0,0.0,0.0,0.0,0,0,0,0
Côte d’Ivoire,CIV,1964,0.0,0,0.0,0.0,0.0,0,0,0,0
Côte d’Ivoire,CIV,1965,0.0,0,0.0,0.0,0.0,0,0,0,0
Côte d’Ivoire,CIV,1966,0.0,0,0.0,0.0,0.0,0,0,0,0
Côte d’Ivoire,CIV,1967,0.0,0,0.0,0.0,0.0,0,0,0,0
Côte d’Ivoire,CIV,1968,0.0,0,0.0,0.0,0.0,0,0,0,0
Côte d’Ivoire,CIV,1969,0.0,0,0.0,0.0,0.0,0,0,0,0
Côte d’Ivoire,CIV,1970,0.0,0,0.0,0.0,0.0,0,0,0,0
Côte d’Ivoire,CIV,1971,0.0,0,0.0,0.0,0.0,0,0,0,0
Côte d’Ivoire,CIV,1972,0.0,0,0.0,0.0,0.0,0,0,0,0
Côte d’Ivoire,CIV,1973,0.0,0,0.0,0.0,1.0,1,1,1,0
Côte d’Ivoire,CIV,1974,0.123298,1,0.0,0.0,1.0,0,0,1,1
Côte d’Ivoire,CIV,1975,0.178353,1,1.0,0.0,1.0,0,0,1,1
Côte d’Ivoire,CIV,1976,0.160974,1,1.0,1.0,0.0,0,0,0,0
Côte d’Ivoire,CIV,1977,0.0,0,1.0,1.0,1.0,1,0,1,0
Côte d’Ivoire,CIV,1978,0.039254,1,0.0,1.0,1.0,0,0,1,1
Côte d’Ivoire,CIV,1979,0.087,1,1.0,0.0,1.0,0,0,1,1
Côte d’Ivoire,CIV,1980,0.511,1,1.0,1.0,1.0,0,0,1,1
Côte d’Ivoire,CIV,1981,8.177999999999999,1,1.0,1.0,1.0,0,0,1,1
Côte d’Ivoire,CIV,1982,4.106,1,1.0,1.0,1.0,0,0,1,1
Côte d’Ivoire,CIV,1983,162.07011,1,1.0,1.0,1.0,0,0,1,1
Côte d’Ivoire,CIV,1984,906.575,1,1.0,1.0,1.0,0,0,1,1
Côte d’Ivoire,CIV,1985,436.0,1,1.0,1.0,1.0,0,0,1,1
Côte d’Ivoire,CIV,1986,1071.0,1,1.0,1.0,1.0,0,0,1,1
Côte d’Ivoire,CIV,1987,4448.644607687101,1,1.0,1.0,1.0,0,0,1,1
Côte d’Ivoire,CIV,1988,4282.262118971935,1,1.0,1.0,1.0,0,0,1,1
Côte d’Ivoire,CIV,1989,5511.595085296037,1,1.0,1.0,1.0,0,0,1,1
Côte d’Ivoire,CIV,1990,5861.462269756188,1,1.0,1.0,1.0,0,0,1,1
Côte d’Ivoire,CIV,1991,6233.6456320246,1,1.0,1.0,1.0,0,0,1,1
Côte d’Ivoire,CIV,1992,6662.445995518949,1,1.0,1.0,1.0,0,0,1,1
Côte d’Ivoire,CIV,1993,7779.664846744705,1,1.0,1.0,1.0,0,0,1,1
Côte d’Ivoire,CIV,1994,8965.753050634436,1,1.0,1.0,1.0,0,0,1,1
Côte d’Ivoire,CIV,1995,7457.531412505559,1,1.0,1.0,1.0,0,0,1,1
Côte d’Ivoire,CIV,1996,7469.431469840802,1,1.0,1.0,1.0,0,0,1,1
Côte d’Ivoire,CIV,1997,9098.924859406532,1,1.0,1.0,1.0,0,0,1,1
Côte d’Ivoire,CIV,1998,7619.943617,1,1.0,1.0,1.0,0,0,1,1
Côte d’Ivoire,CIV,1999,188.28947803981623,1,1.0,1.0,1.0,0,0,1,1
Côte d’Ivoire,CIV,2000,3125.524020567376,1,1.0,1.0,1.0,0,0,1,1
Côte d’Ivoire,CIV,2001,3859.150256326616,1,1.0,1.0,1.0,0,0,1,1
Côte d’Ivoire,CIV,2002,4747.2011566,1,1.0,1.0,1.0,0,0,1,1
Côte d’Ivoire,CIV,2003,3717.8907,1,1.0,1.0,1.0,0,0,1,1
Côte d’Ivoire,CIV,2004,4620.289000000001,1,1.0,1.0,1.0,0,0,1,1
Côte d’Ivoire,CIV,2005,5193.491,1,1.0,1.0,1.0,0,0,1,1
Côte d’Ivoire,CIV,2006,6126.6135919,1,1.0,1.0,1.0,0,0,1,1
Côte d’Ivoire,CIV,2007,7274.5680153768335,1,1.0,1.0,1.0,0,0,1,1
Côte d’Ivoire,CIV,2008,6895.133583499999,1,1.0,1.0,1.0,0,0,1,1
Côte d’Ivoire,CIV,2009,8296.472,1,1.0,1.0,1.0,0,0,1,1
Côte d’Ivoire,CIV,2010,3991.7333407,1,1.0,1.0,1.0,0,0,1,1
Côte d’Ivoire,CIV,2011,4682.538,1,1.0,1.0,1.0,0,0,1,1
Côte d’Ivoire,CIV,2012,8924.7252945,1,1.0,1.0,1.0,0,0,1,1
Côte d’Ivoire,CIV,2013,927.0688128,1,1.0,1.0,1.0,0,0,1,1
Côte d’Ivoire,CIV,2014,490.25885020000004,1,1.0,1.0,1.0,0,0,1,1
Côte d’Ivoire,CIV,2015,684.7640473,1,1.0,1.0,1.0,0,0,1,1
Côte d’Ivoire,CIV,2016,223.9746421,1,1.0,1.0,1.0,0,0,1,1
Côte d’Ivoire,CIV,2017,24.7251059,1,1.0,1.0,1.0,0,0,1,1
Côte d’Ivoire,CIV,2018,46.986721200000005,1,1.0,1.0,1.0,0,0,1,1
Côte d’Ivoire,CIV,2019,36.6643443,1,1.0,1.0,1.0,0,0,1,1
Côte d’Ivoire,CIV,2020,133.6061372,1,1.0,1.0,1.0,0,0,1,1
Côte d’Ivoire,CIV,2021,13.1105438,1,1.0,1.0,1.0,0,0,1,1
Côte d’Ivoire,CIV,2022,5.8281669,1,1.0,1.0,1.0,0,0,1,1
Côte d’Ivoire,CIV,2023,2.0,1,1.0,1.0,,0,0,0,0
Dem. Rep. of Congo (Kinshasa),COD,1960,336.0,1,,,1.0,0,0,1,1
Dem. Rep. of Congo (Kinshasa),COD,1961,368.81,1,1.0,,1.0,0,0,1,1
Dem. Rep. of Congo (Kinshasa),COD,1962,388.5975,1,1.0,1.0,1.0,0,0,1,1
Dem. Rep. of Congo (Kinshasa),COD,1963,407.385,1,1.0,1.0,1.0,0,0,1,1
Dem. Rep. of Congo (Kinshasa),COD,1964,428.1725,1,1.0,1.0,1.0,0,0,1,1
Dem. Rep. of Congo (Kinshasa),COD,1965,449.96,1,1.0,1.0,0.0,0,0,0,0
Dem. Rep. of Congo (Kinshasa),COD,1966,0.0,0,1.0,1.0,0.0,0,0,0,0
Dem. Rep. of Congo (Kinshasa),COD,1967,0.0,0,0.0,1.0,0.0,0,0,0,0
Dem. Rep. of Congo (Kinshasa),COD,1968,0.0,0,0.0,0.0,0.0,0,0,0,0
Dem. Rep. of Congo (Kinshasa),COD,1969,0.0,0,0.0,0.0,0.0,0,0,0,0
Dem. Rep. of Congo (Kinshasa),COD,1970,0.0,0,0.0,0.0,0.0,0,0,0,0
Dem. Rep. of Congo (Kinshasa),COD,1971,0.0,0,0.0,0.0,0.0,0,0,0,0
Dem. Rep. of Congo (Kinshasa),COD,1972,0.0,0,0.0,0.0,1.0,1,1,1,0
Dem. Rep. of Congo (Kinshasa),COD,1973,0.285626,1,0.0,0.0,1.0,0,0,1,1
Dem. Rep. of Congo (Kinshasa),COD,1974,6.699999999999999,1,1.0,0.0,1.0,0,0,1,1
Dem. Rep. of Congo (Kinshasa),COD,1975,94.32101200000001,1,1.0,1.0,1.0,0,0,1,1
Dem. Rep. of Congo (Kinshasa),COD,1976,413.0,1,1.0,1.0,1.0,0,0,1,1
Dem. Rep. of Congo (Kinshasa),COD,1977,554.6,1,1.0,1.0,1.0,0,0,1,1
Dem. Rep. of Congo (Kinshasa),COD,1978,1702.6,1,1.0,1.0,1.0,0,0,1,1
Dem. Rep. of Congo (Kinshasa),COD,1979,2241.5,1,1.0,1.0,1.0,0,0,1,1
Dem. Rep. of Congo (Kinshasa),COD,1980,1039.0,1,1.0,1.0,1.0,0,0,1,1
Dem. Rep. of Congo (Kinshasa),COD,1981,657.1,1,1.0,1.0,1.0,0,0,1,1
Dem. Rep. of Congo (Kinshasa),COD,1982,667.9904,1,1.0,1.0,1.0,0,0,1,1
Dem. Rep. of Congo (Kinshasa),COD,1983,1669.3999999999999,1,1.0,1.0,1.0,0,0,1,1
Dem. Rep. of Congo (Kinshasa),COD,1984,269.7324,1,1.0,1.0,1.0,0,0,1,1
Dem. Rep. of Congo (Kinshasa),COD,1985,551.9,1,1.0,1.0,1.0,0,0,1,1
Dem. Rep. of Congo (Kinshasa),COD,1986,683.9,1,1.0,1.0,1.0,0,0,1,1
Dem. Rep. of Congo (Kinshasa),COD,1987,1341.5,1,1.0,1.0,1.0,0,0,1,1
Dem. Rep. of Congo (Kinshasa),COD,1988,2075.469222641099,1,1.0,1.0,1.0,0,0,1,1
Dem. Rep. of Congo (Kinshasa),COD,1989,2961.1136942134276,1,1.0,1.0,1.0,0,0,1,1
Dem. Rep. of Congo (Kinshasa),COD,1990,1736.9937140999998,1,1.0,1.0,1.0,0,0,1,1
Dem. Rep. of Congo (Kinshasa),COD,1991,2469.4491009,1,1.0,1.0,1.0,0,0,1,1
Dem. Rep. of Congo (Kinshasa),COD,1992,4008.9551073560624,1,1.0,1.0,1.0,0,0,1,1
Dem. Rep. of Congo (Kinshasa),COD,1993,5181.239439441916,1,1.0,1.0,1.0,0,0,1,1
Dem. Rep. of Congo (Kinshasa),COD,1994,6492.069476806776,1,1.0,1.0,1.0,0,0,1,1
Dem. Rep. of Congo (Kinshasa),COD,1995,8132.363744942452,1,1.0,1.0,1.0,0,0,1,1
Dem. Rep. of Congo (Kinshasa),COD,1996,8281.826799654305,1,1.0,1.0,1.0,0,0,1,1
Dem. Rep. of Congo (Kinshasa),COD,1997,8655.701062495544,1,1.0,1.0,1.0,0,0,1,1
Dem. Rep. of Congo (Kinshasa),COD,1998,9465.126682394068,1,1.0,1.0,1.0,0,0,1,1
Dem. Rep. of Congo (Kinshasa),COD,1999,9038.832929635992,1,1.0,1.0,1.0,0,0,1,1
Dem. Rep. of Congo (Kinshasa),COD,2000,8898.762625709205,1,1.0,1.0,1.0,0,0,1,1
Dem. Rep. of Congo (Kinshasa),COD,2001,9394.356112109424,1,1.0,1.0,1.0,0,0,1,1
Dem. Rep. of Congo (Kinshasa),COD,2002,10919.69337639309,1,1.0,1.0,1.0,0,0,1,1
Dem. Rep. of Congo (Kinshasa),COD,2003,1917.9944574,1,1.0,1.0,1.0,0,0,1,1
Dem. Rep. of Congo (Kinshasa),COD,2004,1953.1646056,1,1.0,1.0,1.0,0,0,1,1
Dem. Rep. of Congo (Kinshasa),COD,2005,2054.3408666244727,1,1.0,1.0,1.0,0,0,1,1
Dem. Rep. of Congo (Kinshasa),COD,2006,1649.9126948,1,1.0,1.0,1.0,0,0,1,1
Dem. Rep. of Congo (Kinshasa),COD,2007,1963.8240818,1,1.0,1.0,1.0,0,0,1,1
Dem. Rep. of Congo (Kinshasa),COD,2008,2264.9172971000003,1,1.0,1.0,1.0,0,0,1,1
Dem. Rep. of Congo (Kinshasa),COD,2009,2728.5239705999998,1,1.0,1.0,1.0,0,0,1,1
Dem. Rep. of Congo (Kinshasa),COD,2010,8816.6583418,1,1.0,1.0,1.0,0,0,1,1
Dem. Rep. of Congo (Kinshasa),COD,2011,407.0988184,1,1.0,1.0,1.0,0,0,1,1
Dem. Rep. of Congo (Kinshasa),COD,2012,183.51551930000002,1,1.0,1.0,1.0,0,0,1,1
Dem. Rep. of Congo (Kinshasa),COD,2013,186.9815357,1,1.0,1.0,1.0,0,0,1,1
Dem. Rep. of Congo (Kinshasa),COD,2014,161.1140488,1,1.0,1.0,1.0,0,0,1,1
Dem. Rep. of Congo (Kinshasa),COD,2015,154.55968270000002,1,1.0,1.0,1.0,0,0,1,1
Dem. Rep. of Congo (Kinshasa),COD,2016,216.57243489999996,1,1.0,1.0,1.0,0,0,1,1
Dem. Rep. of Congo (Kinshasa),COD,2017,744.1855922,1,1.0,1.0,1.0,0,0,1,1
Dem. Rep. of Congo (Kinshasa),COD,2018,838.7507849,1,1.0,1.0,1.0,0,0,1,1
Dem. Rep. of Congo (Kinshasa),COD,2019,1461.9101723,1,1.0,1.0,1.0,0,0,1,1
Dem. Rep. of Congo (Kinshasa),COD,2020,1401.4085115,1,1.0,1.0,1.0,0,0,1,1
Dem. Rep. of Congo (Kinshasa),COD,2021,1924.2490258,1,1.0,1.0,1.0,0,0,1,1
Dem. Rep. of Congo (Kinshasa),COD,2022,2896.0,1,1.0,1.0,1.0,0,0,1,1
Dem. Rep. of Congo (Kinshasa),COD,2023,461.0,1,1.0,1.0,,0,0,0,0
Djibouti,DJI,1960,,0,,,0.0,0,0,0,0
Djibouti,DJI,1961,,0,0.0,,0.0,0,0,0,0
Djibouti,DJI,1962,,0,0.0,0.0,0.0,0,0,0,0
Djibouti,DJI,1963,,0,0.0,0.0,0.0,0,0,0,0
Djibouti,DJI,1964,,0,0.0,0.0,0.0,0,0,0,0
Djibouti,DJI,1965,,0,0.0,0.0,0.0,0,0,0,0
Djibouti,DJI,1966,,0,0.0,0.0,0.0,0,0,0,0
Djibouti,DJI,1967,,0,0.0,0.0,0.0,0,0,0,0
Djibouti,DJI,1968,,0,0.0,0.0,0.0,0,0,0,0
Djibouti,DJI,1969,,0,0.0,0.0,0.0,0,0,0,0
Djibouti,DJI,1970,,0,0.0,0.0,0.0,0,0,0,0
Djibouti,DJI,1971,,0,0.0,0.0,0.0,0,0,0,0
Djibouti,DJI,1972,,0,0.0,0.0,0.0,0,0,0,0
Djibouti,DJI,1973,,0,0.0,0.0,0.0,0,0,0,0
Djibouti,DJI,1974,,0,0.0,0.0,0.0,0,0,0,0
Djibouti,DJI,1975,,0,0.0,0.0,0.0,0,0,0,0
Djibouti,DJI,1976,,0,0.0,0.0,0.0,0,0,0,0
Djibouti,DJI,1977,0.0,0,0.0,0.0,0.0,0,0,0,0
Djibouti,DJI,1978,0.0,0,0.0,0.0,0.0,0,0,0,0
Djibouti,DJI,1979,0.0,0,0.0,0.0,0.0,0,0,0,0
Djibouti,DJI,1980,0.0,0,0.0,0.0,0.0,0,0,0,0
Djibouti,DJI,1981,0.0,0,0.0,0.0,0.0,0,0,0,0
Djibouti,DJI,1982,0.0,0,0.0,0.0,0.0,0,0,0,0
Djibouti,DJI,1983,0.0,0,0.0,0.0,1.0,1,1,1,0
Djibouti,DJI,1984,0.75475,1,0.0,0.0,0.0,0,0,0,0
Djibouti,DJI,1985,0.0,0,1.0,0.0,1.0,1,0,1,0
Djibouti,DJI,1986,0.056471,1,0.0,1.0,0.0,0,0,0,0
Djibouti,DJI,1987,0.0,0,1.0,0.0,1.0,1,0,1,0
Djibouti,DJI,1988,0.048643,1,0.0,1.0,1.0,0,0,1,1
Djibouti,DJI,1989,25.84458,1,1.0,0.0,1.0,0,0,1,1
Djibouti,DJI,1990,1.30865,1,1.0,1.0,1.0,0,0,1,1
Djibouti,DJI,1991,3.451803,1,1.0,1.0,1.0,0,0,1,1
Djibouti,DJI,1992,6.106191,1,1.0,1.0,1.0,0,0,1,1
Djibouti,DJI,1993,10.81339,1,1.0,1.0,1.0,0,0,1,1
Djibouti,DJI,1994,13.42243,1,1.0,1.0,1.0,0,0,1,1
Djibouti,DJI,1995,16.60651,1,1.0,1.0,1.0,0,0,1,1
Djibouti,DJI,1996,18.87381,1,1.0,1.0,1.0,0,0,1,1
Djibouti,DJI,1997,32.93713,1,1.0,1.0,1.0,0,0,1,1
Djibouti,DJI,1998,26.79227,1,1.0,1.0,1.0,0,0,1,1
Djibouti,DJI,1999,30.07135,1,1.0,1.0,1.0,0,0,1,1
Djibouti,DJI,2000,31.0,1,1.0,1.0,1.0,0,0,1,1
Djibouti,DJI,2001,32.2566,1,1.0,1.0,1.0,0,0,1,1
Djibouti,DJI,2002,14.89967,1,1.0,1.0,1.0,0,0,1,1
Djibouti,DJI,2003,25.02861,1,1.0,1.0,1.0,0,0,1,1
Djibouti,DJI,2004,29.44953,1,1.0,1.0,1.0,0,0,1,1
Djibouti,DJI,2005,32.01711,1,1.0,1.0,1.0,0,0,1,1
Djibouti,DJI,2006,39.11143859999999,1,1.0,1.0,1.0,0,0,1,1
Djibouti,DJI,2007,111.75426565500686,1,1.0,1.0,1.0,0,0,1,1
Djibouti,DJI,2008,130.5335091,1,1.0,1.0,1.0,0,0,1,1
Djibouti,DJI,2009,13.9423799,1,1.0,1.0,1.0,0,0,1,1
Djibouti,DJI,2010,11.530050300000001,1,1.0,1.0,1.0,0,0,1,1
Djibouti,DJI,2011,2.5121454,1,1.0,1.0,1.0,0,0,1,1
Djibouti,DJI,2012,8.629285,1,1.0,1.0,1.0,0,0,1,1
Djibouti,DJI,2013,14.1989166,1,1.0,1.0,1.0,0,0,1,1
Djibouti,DJI,2014,21.549438300000002,1,1.0,1.0,1.0,0,0,1,1
Djibouti,DJI,2015,20.6673077,1,1.0,1.0,1.0,0,0,1,1
Djibouti,DJI,2016,22.529977600000002,1,1.0,1.0,1.0,0,0,1,1
Djibouti,DJI,2017,32.6241038,1,1.0,1.0,1.0,0,0,1,1
Djibouti,DJI,2018,62.4302104,1,1.0,1.0,1.0,0,0,1,1
Djibouti,DJI,2019,97.1710921,1,1.0,1.0,1.0,0,0,1,1
Djibouti,DJI,2020,146.8009708,1,1.0,1.0,1.0,0,0,1,1
Djibouti,DJI,2021,243.8009708,1,1.0,1.0,1.0,0,0,1,1
Djibouti,DJI,2022,230.9116211,1,1.0,1.0,1.0,0,0,1,1
Djibouti,DJI,2023,1049.0,1,1.0,1.0,,0,0,0,0
Dominica,DMA,1960,,0,,,0.0,0,0,0,0
Dominica,DMA,1961,,0,0.0,,0.0,0,0,0,0
Dominica,DMA,1962,,0,0.0,0.0,0.0,0,0,0,0
Dominica,DMA,1963,,0,0.0,0.0,0.0,0,0,0,0
Dominica,DMA,1964,,0,0.0,0.0,0.0,0,0,0,0
Dominica,DMA,1965,,0,0.0,0.0,0.0,0,0,0,0
Dominica,DMA,1966,,0,0.0,0.0,0.0,0,0,0,0
Dominica,DMA,1967,,0,0.0,0.0,0.0,0,0,0,0
Dominica,DMA,1968,,0,0.0,0.0,0.0,0,0,0,0
Dominica,DMA,1969,,0,0.0,0.0,0.0,0,0,0,0
Dominica,DMA,1970,,0,0.0,0.0,0.0,0,0,0,0
Dominica,DMA,1971,,0,0.0,0.0,0.0,0,0,0,0
Dominica,DMA,1972,,0,0.0,0.0,0.0,0,0,0,0
Dominica,DMA,1973,,0,0.0,0.0,0.0,0,0,0,0
Dominica,DMA,1974,,0,0.0,0.0,0.0,0,0,0,0
Dominica,DMA,1975,,0,0.0,0.0,0.0,0,0,0,0
Dominica,DMA,1976,,0,0.0,0.0,0.0,0,0,0,0
Dominica,DMA,1977,,0,0.0,0.0,0.0,0,0,0,0
Dominica,DMA,1978,0.0,0,0.0,0.0,0.0,0,0,0,0
Dominica,DMA,1979,0.0,0,0.0,0.0,0.0,0,0,0,0
Dominica,DMA,1980,0.0,0,0.0,0.0,1.0,1,1,1,0
Dominica,DMA,1981,0.2385,1,0.0,0.0,1.0,0,0,1,1
Dominica,DMA,1982,0.368106,1,1.0,0.0,1.0,0,0,1,1
Dominica,DMA,1983,0.004018,1,1.0,1.0,1.0,0,0,1,1
Dominica,DMA,1984,0.0037839,1,1.0,1.0,0.0,0,0,0,0
Dominica,DMA,1985,0.0,0,1.0,1.0,0.0,0,0,0,0
Dominica,DMA,1986,0.0,0,0.0,1.0,1.0,1,1,1,0
Dominica,DMA,1987,0.0620725,1,0.0,0.0,1.0,0,0,1,1
Dominica,DMA,1988,0.028,1,1.0,0.0,1.0,0,0,1,1
Dominica,DMA,1989,0.0198653,1,1.0,1.0,1.0,0,0,1,1
Dominica,DMA,1990,3.5203022000000006,1,1.0,1.0,1.0,0,0,1,1
Dominica,DMA,1991,0.1560289,1,1.0,1.0,1.0,0,0,1,1
Dominica,DMA,1992,0.8844986,1,1.0,1.0,1.0,0,0,1,1
Dominica,DMA,1993,0.195892,1,1.0,1.0,1.0,0,0,1,1
Dominica,DMA,1994,0.21998059999999997,1,1.0,1.0,1.0,0,0,1,1
Dominica,DMA,1995,2.2232301,1,1.0,1.0,1.0,0,0,1,1
Dominica,DMA,1996,3.7654412,1,1.0,1.0,1.0,0,0,1,1
Dominica,DMA,1997,0.4741323,1,1.0,1.0,1.0,0,0,1,1
Dominica,DMA,1998,0.4654059,1,1.0,1.0,1.0,0,0,1,1
Dominica,DMA,1999,0.40382270000000003,1,1.0,1.0,1.0,0,0,1,1
Dominica,DMA,2000,0.4051462,1,1.0,1.0,1.0,0,0,1,1
Dominica,DMA,2001,0.3145867,1,1.0,1.0,1.0,0,0,1,1
Dominica,DMA,2002,96.6513313,1,1.0,1.0,1.0,0,0,1,1
Dominica,DMA,2003,150.0293838,1,1.0,1.0,1.0,0,0,1,1
Dominica,DMA,2004,150.5321096,1,1.0,1.0,1.0,0,0,1,1
Dominica,DMA,2005,47.9905452,1,1.0,1.0,1.0,0,0,1,1
Dominica,DMA,2006,54.6567688,1,1.0,1.0,1.0,0,0,1,1
Dominica,DMA,2007,44.1228072,1,1.0,1.0,1.0,0,0,1,1
Dominica,DMA,2008,43.7197013,1,1.0,1.0,1.0,0,0,1,1
Dominica,DMA,2009,43.2967031,1,1.0,1.0,1.0,0,0,1,1
Dominica,DMA,2010,43.3321601,1,1.0,1.0,1.0,0,0,1,1
Dominica,DMA,2011,43.0,1,1.0,1.0,1.0,0,0,1,1
Dominica,DMA,2012,79.087,1,1.0,1.0,1.0,0,0,1,1
Dominica,DMA,2013,8.117887600000001,1,1.0,1.0,1.0,0,0,1,1
Dominica,DMA,2014,8.2150675,1,1.0,1.0,1.0,0,0,1,1
Dominica,DMA,2015,8.093,1,1.0,1.0,1.0,0,0,1,1
Dominica,DMA,2016,7.2746449,1,1.0,1.0,1.0,0,0,1,1
Dominica,DMA,2017,7.217,1,1.0,1.0,1.0,0,0,1,1
Dominica,DMA,2018,7.569,1,1.0,1.0,1.0,0,0,1,1
Dominica,DMA,2019,7.922,1,1.0,1.0,1.0,0,0,1,1
Dominica,DMA,2020,12.398736799999998,1,1.0,1.0,1.0,0,0,1,1
Dominica,DMA,2021,13.778,1,1.0,1.0,1.0,0,0,1,1
Dominica,DMA,2022,8.98,1,1.0,1.0,1.0,0,0,1,1
Dominica,DMA,2023,7.922,1,1.0,1.0,,0,0,0,0
Dominican Republic,DOM,1960,1.0,1,,,1.0,0,0,1,1
Dominican Republic,DOM,1961,13.5,1,1.0,,1.0,0,0,1,1
Dominican Republic,DOM,1962,15.0,1,1.0,1.0,1.0,0,0,1,1
Dominican Republic,DOM,1963,34.0,1,1.0,1.0,1.0,0,0,1,1
Dominican Republic,DOM,1964,61.0,1,1.0,1.0,1.0,0,0,1,1
Dominican Republic,DOM,1965,4.0,1,1.0,1.0,1.0,0,0,1,1
Dominican Republic,DOM,1966,24.0,1,1.0,1.0,1.0,0,0,1,1
Dominican Republic,DOM,1967,47.0,1,1.0,1.0,1.0,0,0,1,1
Dominican Republic,DOM,1968,39.0,1,1.0,1.0,1.0,0,0,1,1
Dominican Republic,DOM,1969,19.0,1,1.0,1.0,1.0,0,0,1,1
Dominican Republic,DOM,1970,0.729,1,1.0,1.0,1.0,0,0,1,1
Dominican Republic,DOM,1971,3.021,1,1.0,1.0,1.0,0,0,1,1
Dominican Republic,DOM,1972,4.26,1,1.0,1.0,1.0,0,0,1,1
Dominican Republic,DOM,1973,1.734,1,1.0,1.0,1.0,0,0,1,1
Dominican Republic,DOM,1974,2.267,1,1.0,1.0,1.0,0,0,1,1
Dominican Republic,DOM,1975,4.156000000000001,1,1.0,1.0,1.0,0,0,1,1
Dominican Republic,DOM,1976,9.208,1,1.0,1.0,1.0,0,0,1,1
Dominican Republic,DOM,1977,17.372,1,1.0,1.0,1.0,0,0,1,1
Dominican Republic,DOM,1978,19.346,1,1.0,1.0,1.0,0,0,1,1
Dominican Republic,DOM,1979,11.42,1,1.0,1.0,1.0,0,0,1,1
Dominican Republic,DOM,1980,26.0717616,1,1.0,1.0,1.0,0,0,1,1
Dominican Republic,DOM,1981,34.036758,1,1.0,1.0,1.0,0,0,1,1
Dominican Republic,DOM,1982,564.3404387,1,1.0,1.0,1.0,0,0,1,1
Dominican Republic,DOM,1983,572.8679681000001,1,1.0,1.0,1.0,0,0,1,1
Dominican Republic,DOM,1984,235.3124542,1,1.0,1.0,1.0,0,0,1,1
Dominican Republic,DOM,1985,1082.0,1,1.0,1.0,1.0,0,0,1,1
Dominican Republic,DOM,1986,990.5055354000001,1,1.0,1.0,1.0,0,0,1,1
Dominican Republic,DOM,1987,1207.4391989,1,1.0,1.0,1.0,0,0,1,1
Dominican Republic,DOM,1988,1389.5084844745,1,1.0,1.0,1.0,0,0,1,1
Dominican Republic,DOM,1989,1550.5427970156793,1,1.0,1.0,1.0,0,0,1,1
Dominican Republic,DOM,1990,1958.624155950365,1,1.0,1.0,1.0,0,0,1,1
Dominican Republic,DOM,1991,2119.283981151437,1,1.0,1.0,1.0,0,0,1,1
Dominican Republic,DOM,1992,1634.60298423519,1,1.0,1.0,1.0,0,0,1,1
Dominican Republic,DOM,1993,1756.2383339255523,1,1.0,1.0,1.0,0,0,1,1
Dominican Republic,DOM,1994,1683.0,1,1.0,1.0,1.0,0,0,1,1
Dominican Republic,DOM,1995,444.20500000000004,1,1.0,1.0,1.0,0,0,1,1
Dominican Republic,DOM,1996,1022.9317247,1,1.0,1.0,1.0,0,0,1,1
Dominican Republic,DOM,1997,1001.6501357,1,1.0,1.0,1.0,0,0,1,1
Dominican Republic,DOM,1998,929.5456796,1,1.0,1.0,1.0,0,0,1,1
Dominican Republic,DOM,1999,942.1165274,1,1.0,1.0,1.0,0,0,1,1
Dominican Republic,DOM,2000,448.0708367,1,1.0,1.0,1.0,0,0,1,1
Dominican Republic,DOM,2001,435.9713341,1,1.0,1.0,1.0,0,0,1,1
Dominican Republic,DOM,2002,463.9298785,1,1.0,1.0,1.0,0,0,1,1
Dominican Republic,DOM,2003,650.6924261,1,1.0,1.0,1.0,0,0,1,1
Dominican Republic,DOM,2004,1412.452,1,1.0,1.0,1.0,0,0,1,1
Dominican Republic,DOM,2005,1570.931,1,1.0,1.0,1.0,0,0,1,1
Dominican Republic,DOM,2006,51.581283400000004,1,1.0,1.0,1.0,0,0,1,1
Dominican Republic,DOM,2007,22.056158099999998,1,1.0,1.0,1.0,0,0,1,1
Dominican Republic,DOM,2008,17.5360269,1,1.0,1.0,1.0,0,0,1,1
Dominican Republic,DOM,2009,0.09235449999999999,1,1.0,1.0,1.0,0,0,1,1
Dominican Republic,DOM,2010,0.107067,1,1.0,1.0,1.0,0,0,1,1
Dominican Republic,DOM,2011,0.3607272,1,1.0,1.0,1.0,0,0,1,1
Dominican Republic,DOM,2012,0.381458,1,1.0,1.0,1.0,0,0,1,1
Dominican Republic,DOM,2013,0.42172940000000003,1,1.0,1.0,1.0,0,0,1,1
Dominican Republic,DOM,2014,2.5389305,1,1.0,1.0,1.0,0,0,1,1
Dominican Republic,DOM,2015,2089.5864639,1,1.0,1.0,1.0,0,0,1,1
Dominican Republic,DOM,2016,2.5884399,1,1.0,1.0,1.0,0,0,1,1
Dominican Republic,DOM,2017,14.0553191,1,1.0,1.0,1.0,0,0,1,1
Dominican Republic,DOM,2018,6.885,1,1.0,1.0,1.0,0,0,1,1
Dominican Republic,DOM,2019,6.885,1,1.0,1.0,1.0,0,0,1,1
Dominican Republic,DOM,2020,23.073,1,1.0,1.0,1.0,0,0,1,1
Dominican Republic,DOM,2021,31.14,1,1.0,1.0,1.0,0,0,1,1
Dominican Republic,DOM,2022,33.072,1,1.0,1.0,1.0,0,0,1,1
Dominican Republic,DOM,2023,33.0,1,1.0,1.0,,0,0,0,0
Ecuador,ECU,1960,0.0,0,,,0.0,0,0,0,0
Ecuador,ECU,1961,0.0,0,0.0,,0.0,0,0,0,0
Ecuador,ECU,1962,0.0,0,0.0,0.0,0.0,0,0,0,0
Ecuador,ECU,1963,0.0,0,0.0,0.0,0.0,0,0,0,0
Ecuador,ECU,1964,0.0,0,0.0,0.0,0.0,0,0,0,0
Ecuador,ECU,1965,0.0,0,0.0,0.0,0.0,0,0,0,0
Ecuador,ECU,1966,0.0,0,0.0,0.0,0.0,0,0,0,0
Ecuador,ECU,1967,0.0,0,0.0,0.0,0.0,0,0,0,0
Ecuador,ECU,1968,0.0,0,0.0,0.0,0.0,0,0,0,0
Ecuador,ECU,1969,0.0,0,0.0,0.0,0.0,0,0,0,0
Ecuador,ECU,1970,0.0,0,0.0,0.0,0.0,0,0,0,0
Ecuador,ECU,1971,0.0,0,0.0,0.0,1.0,1,1,1,0
Ecuador,ECU,1972,0.473,1,0.0,0.0,0.0,0,0,0,0
Ecuador,ECU,1973,0.0,0,1.0,0.0,0.0,0,0,0,0
Ecuador,ECU,1974,0.0,0,0.0,1.0,0.0,0,0,0,0
Ecuador,ECU,1975,0.0,0,0.0,0.0,1.0,1,1,1,0
Ecuador,ECU,1976,1.285007,1,0.0,0.0,1.0,0,0,1,1
Ecuador,ECU,1977,34.67124,1,1.0,0.0,1.0,0,0,1,1
Ecuador,ECU,1978,8.882704,1,1.0,1.0,1.0,0,0,1,1
Ecuador,ECU,1979,234.2605,1,1.0,1.0,1.0,0,0,1,1
Ecuador,ECU,1980,24.32479,1,1.0,1.0,1.0,0,0,1,1
Ecuador,ECU,1981,166.63320000000002,1,1.0,1.0,1.0,0,0,1,1
Ecuador,ECU,1982,2643.4417,1,1.0,1.0,1.0,0,0,1,1
Ecuador,ECU,1983,2978.607,1,1.0,1.0,1.0,0,0,1,1
Ecuador,ECU,1984,3503.4192000000007,1,1.0,1.0,1.0,0,0,1,1
Ecuador,ECU,1985,4766.97,1,1.0,1.0,1.0,0,0,1,1
Ecuador,ECU,1986,1113.3184,1,1.0,1.0,1.0,0,0,1,1
Ecuador,ECU,1987,5726.49243,1,1.0,1.0,1.0,0,0,1,1
Ecuador,ECU,1988,6114.817599999999,1,1.0,1.0,1.0,0,0,1,1
Ecuador,ECU,1989,6278.46718075,1,1.0,1.0,1.0,0,0,1,1
Ecuador,ECU,1990,6583.215765234625,1,1.0,1.0,1.0,0,0,1,1
Ecuador,ECU,1991,7136.179309375074,1,1.0,1.0,1.0,0,0,1,1
Ecuador,ECU,1992,7485.283806445392,1,1.0,1.0,1.0,0,0,1,1
Ecuador,ECU,1993,7103.411788670884,1,1.0,1.0,1.0,0,0,1,1
Ecuador,ECU,1994,6907.886493999999,1,1.0,1.0,1.0,0,0,1,1
Ecuador,ECU,1995,7199.74281,1,1.0,1.0,1.0,0,0,1,1
Ecuador,ECU,1996,348.855301,1,1.0,1.0,1.0,0,0,1,1
Ecuador,ECU,1997,602.0654139999999,1,1.0,1.0,1.0,0,0,1,1
Ecuador,ECU,1998,189.0530502,1,1.0,1.0,1.0,0,0,1,1
Ecuador,ECU,1999,8397.593722,1,1.0,1.0,1.0,0,0,1,1
Ecuador,ECU,2000,8364.722,1,1.0,1.0,1.0,0,0,1,1
Ecuador,ECU,2001,111.09262799999999,1,1.0,1.0,1.0,0,0,1,1
Ecuador,ECU,2002,12.827162999999999,1,1.0,1.0,1.0,0,0,1,1
Ecuador,ECU,2003,85.819,1,1.0,1.0,1.0,0,0,1,1
Ecuador,ECU,2004,37.52704,1,1.0,1.0,1.0,0,0,1,1
Ecuador,ECU,2005,36.93427,1,1.0,1.0,1.0,0,0,1,1
Ecuador,ECU,2006,1.5926748,1,1.0,1.0,1.0,0,0,1,1
Ecuador,ECU,2007,7.460006399999999,1,1.0,1.0,1.0,0,0,1,1
Ecuador,ECU,2008,3194.2744317,1,1.0,1.0,1.0,0,0,1,1
Ecuador,ECU,2009,6238.4947735000005,1,1.0,1.0,1.0,0,0,1,1
Ecuador,ECU,2010,31.3680391,1,1.0,1.0,1.0,0,0,1,1
Ecuador,ECU,2011,57.6472671,1,1.0,1.0,1.0,0,0,1,1
Ecuador,ECU,2012,58.5475084,1,1.0,1.0,1.0,0,0,1,1
Ecuador,ECU,2013,59.2322745,1,1.0,1.0,1.0,0,0,1,1
Ecuador,ECU,2014,39.2068161,1,1.0,1.0,1.0,0,0,1,1
Ecuador,ECU,2015,41.1866493,1,1.0,1.0,1.0,0,0,1,1
Ecuador,ECU,2016,43.1785474,1,1.0,1.0,1.0,0,0,1,1
Ecuador,ECU,2017,1063.1517202,1,1.0,1.0,1.0,0,0,1,1
Ecuador,ECU,2018,49.13969,1,1.0,1.0,1.0,0,0,1,1
Ecuador,ECU,2019,52.1078464,1,1.0,1.0,1.0,0,0,1,1
Ecuador,ECU,2020,23597.2209008,1,1.0,1.0,1.0,0,0,1,1
Ecuador,ECU,2021,299.425597,1,1.0,1.0,1.0,0,0,1,1
Ecuador,ECU,2022,4699.349,1,1.0,1.0,1.0,0,0,1,1
Ecuador,ECU,2023,52.0,1,1.0,1.0,,0,0,0,0
Egypt,EGY,1960,0.0,0,,,0.0,0,0,0,0
Egypt,EGY,1961,0.0,0,0.0,,0.0,0,0,0,0
Egypt,EGY,1962,0.0,0,0.0,0.0,0.0,0,0,0,0
Egypt,EGY,1963,0.0,0,0.0,0.0,1.0,1,1,1,0
Egypt,EGY,1964,277.0,1,0.0,0.0,1.0,0,0,1,1
Egypt,EGY,1965,560.0,1,1.0,0.0,1.0,0,0,1,1
Egypt,EGY,1966,211.5,1,1.0,1.0,1.0,0,0,1,1
Egypt,EGY,1967,62.2,1,1.0,1.0,1.0,0,0,1,1
Egypt,EGY,1968,152.8,1,1.0,1.0,1.0,0,0,1,1
Egypt,EGY,1969,211.0,1,1.0,1.0,1.0,0,0,1,1
Egypt,EGY,1970,86.321,1,1.0,1.0,1.0,0,0,1,1
Egypt,EGY,1971,70.141,1,1.0,1.0,1.0,0,0,1,1
Egypt,EGY,1972,90.779,1,1.0,1.0,1.0,0,0,1,1
Egypt,EGY,1973,25.604999999999997,1,1.0,1.0,1.0,0,0,1,1
Egypt,EGY,1974,39.662,1,1.0,1.0,1.0,0,0,1,1
Egypt,EGY,1975,22.073,1,1.0,1.0,1.0,0,0,1,1
Egypt,EGY,1976,124.98100000000001,1,1.0,1.0,1.0,0,0,1,1
Egypt,EGY,1977,7105.5,1,1.0,1.0,1.0,0,0,1,1
Egypt,EGY,1978,95.50999999999999,1,1.0,1.0,1.0,0,0,1,1
Egypt,EGY,1979,345.53000000000003,1,1.0,1.0,1.0,0,0,1,1
Egypt,EGY,1980,484.27000000000004,1,1.0,1.0,1.0,0,0,1,1
Egypt,EGY,1981,641.921,1,1.0,1.0,1.0,0,0,1,1
Egypt,EGY,1982,977.5649999999999,1,1.0,1.0,1.0,0,0,1,1
Egypt,EGY,1983,1484.128,1,1.0,1.0,1.0,0,0,1,1
Egypt,EGY,1984,2721.969,1,1.0,1.0,1.0,0,0,1,1
Egypt,EGY,1985,4578.438,1,1.0,1.0,1.0,0,0,1,1
Egypt,EGY,1986,13706.771,1,1.0,1.0,1.0,0,0,1,1
Egypt,EGY,1987,10882.292,1,1.0,1.0,1.0,0,0,1,1
Egypt,EGY,1988,8345.556,1,1.0,1.0,1.0,0,0,1,1
Egypt,EGY,1989,11196.253,1,1.0,1.0,1.0,0,0,1,1
Egypt,EGY,1990,18005.132999999998,1,1.0,1.0,1.0,0,0,1,1
Egypt,EGY,1991,23529.016,1,1.0,1.0,1.0,0,0,1,1
Egypt,EGY,1992,877.6510000000001,1,1.0,1.0,1.0,0,0,1,1
Egypt,EGY,1993,724.422,1,1.0,1.0,1.0,0,0,1,1
Egypt,EGY,1994,543.1,1,1.0,1.0,1.0,0,0,1,1
Egypt,EGY,1995,516.029,1,1.0,1.0,1.0,0,0,1,1
Egypt,EGY,1996,366.746,1,1.0,1.0,1.0,0,0,1,1
Egypt,EGY,1997,180.873,1,1.0,1.0,1.0,0,0,1,1
Egypt,EGY,1998,103.104,1,1.0,1.0,1.0,0,0,1,1
Egypt,EGY,1999,113.559,1,1.0,1.0,1.0,0,0,1,1
Egypt,EGY,2000,52.629999999999995,1,1.0,1.0,1.0,0,0,1,1
Egypt,EGY,2001,4.287,1,1.0,1.0,1.0,0,0,1,1
Egypt,EGY,2002,2.3659999999999997,1,1.0,1.0,1.0,0,0,1,1
Egypt,EGY,2003,3.98,1,1.0,1.0,1.0,0,0,1,1
Egypt,EGY,2004,7.751,1,1.0,1.0,1.0,0,0,1,1
Egypt,EGY,2005,10.956,1,1.0,1.0,1.0,0,0,1,1
Egypt,EGY,2006,3.1587278,1,1.0,1.0,1.0,0,0,1,1
Egypt,EGY,2007,2.9681604999999998,1,1.0,1.0,1.0,0,0,1,1
Egypt,EGY,2008,2.1980805,1,1.0,1.0,1.0,0,0,1,1
Egypt,EGY,2009,2.6181354,1,1.0,1.0,1.0,0,0,1,1
Egypt,EGY,2010,0.0030801,1,1.0,1.0,1.0,0,0,1,1
Egypt,EGY,2011,0.0015352999999999999,1,1.0,1.0,1.0,0,0,1,1
Egypt,EGY,2012,6300.0,1,1.0,1.0,1.0,0,0,1,1
Egypt,EGY,2013,5400.00308,1,1.0,1.0,1.0,0,0,1,1
Egypt,EGY,2014,5900.0014488,1,1.0,1.0,1.0,0,0,1,1
Egypt,EGY,2015,3500.0013857,1,1.0,1.0,1.0,0,0,1,1
Egypt,EGY,2016,2400.0013443,1,1.0,1.0,1.0,0,0,1,1
Egypt,EGY,2017,1200.0,1,1.0,1.0,1.0,0,0,1,1
Egypt,EGY,2018,1201.4222306,1,1.0,1.0,1.0,0,0,1,1
Egypt,EGY,2019,1001.4350357,1,1.0,1.0,1.0,0,0,1,1
Egypt,EGY,2020,208.8133659,1,1.0,1.0,1.0,0,0,1,1
Egypt,EGY,2021,0.617267,1,1.0,1.0,0.0,0,0,0,0
Egypt,EGY,2022,0.0,0,1.0,1.0,1.0,1,0,1,0
Egypt,EGY,2023,1.0,1,0.0,1.0,,0,0,0,0
El Salvador,SLV,1960,0.0,0,,,0.0,0,0,0,0
El Salvador,SLV,1961,0.0,0,0.0,,0.0,0,0,0,0
El Salvador,SLV,1962,0.0,0,0.0,0.0,0.0,0,0,0,0
El Salvador,SLV,1963,0.0,0,0.0,0.0,0.0,0,0,0,0
El Salvador,SLV,1964,0.0,0,0.0,0.0,0.0,0,0,0,0
El Salvador,SLV,1965,0.0,0,0.0,0.0,0.0,0,0,0,0
El Salvador,SLV,1966,0.0,0,0.0,0.0,0.0,0,0,0,0
El Salvador,SLV,1967,0.0,0,0.0,0.0,0.0,0,0,0,0
El Salvador,SLV,1968,0.0,0,0.0,0.0,0.0,0,0,0,0
El Salvador,SLV,1969,0.0,0,0.0,0.0,0.0,0,0,0,0
El Salvador,SLV,1970,0.0,0,0.0,0.0,0.0,0,0,0,0
El Salvador,SLV,1971,0.0,0,0.0,0.0,0.0,0,0,0,0
El Salvador,SLV,1972,0.0,0,0.0,0.0,0.0,0,0,0,0
El Salvador,SLV,1973,0.0,0,0.0,0.0,0.0,0,0,0,0
El Salvador,SLV,1974,0.0,0,0.0,0.0,0.0,0,0,0,0
El Salvador,SLV,1975,0.0,0,0.0,0.0,0.0,0,0,0,0
El Salvador,SLV,1976,0.0,0,0.0,0.0,0.0,0,0,0,0
El Salvador,SLV,1977,0.0,0,0.0,0.0,0.0,0,0,0,0
El Salvador,SLV,1978,0.0,0,0.0,0.0,1.0,1,1,1,0
El Salvador,SLV,1979,0.072,1,0.0,0.0,0.0,0,0,0,0
El Salvador,SLV,1980,0.0,0,1.0,0.0,1.0,1,0,1,0
El Salvador,SLV,1981,604.4,1,0.0,1.0,1.0,0,0,1,1
El Salvador,SLV,1982,568.909,1,1.0,0.0,1.0,0,0,1,1
El Salvador,SLV,1983,533.567,1,1.0,1.0,1.0,0,0,1,1
El Salvador,SLV,1984,542.308,1,1.0,1.0,1.0,0,0,1,1
El Salvador,SLV,1985,464.522,1,1.0,1.0,1.0,0,0,1,1
El Salvador,SLV,1986,221.51099999999997,1,1.0,1.0,1.0,0,0,1,1
El Salvador,SLV,1987,208.564,1,1.0,1.0,1.0,0,0,1,1
El Salvador,SLV,1988,199.255,1,1.0,1.0,1.0,0,0,1,1
El Salvador,SLV,1989,226.386,1,1.0,1.0,1.0,0,0,1,1
El Salvador,SLV,1990,251.25,1,1.0,1.0,1.0,0,0,1,1
El Salvador,SLV,1991,146.95732098765433,1,1.0,1.0,1.0,0,0,1,1
El Salvador,SLV,1992,105.69530434782608,1,1.0,1.0,1.0,0,0,1,1
El Salvador,SLV,1993,740.0185402298852,1,1.0,1.0,1.0,0,0,1,1
El Salvador,SLV,1994,59.58599999999999,1,1.0,1.0,1.0,0,0,1,1
El Salvador,SLV,1995,51.431727272727265,1,1.0,1.0,1.0,0,0,1,1
El Salvador,SLV,1996,54.14988505747126,1,1.0,1.0,1.0,0,0,1,1
El Salvador,SLV,1997,15.243,1,1.0,1.0,1.0,0,0,1,1
El Salvador,SLV,1998,5.784000000000001,1,1.0,1.0,1.0,0,0,1,1
El Salvador,SLV,1999,1.476,1,1.0,1.0,1.0,0,0,1,1
El Salvador,SLV,2000,16.999000000000002,1,1.0,1.0,0.0,0,0,0,0
El Salvador,SLV,2001,0.0,0,1.0,1.0,0.0,0,0,0,0
El Salvador,SLV,2002,0.0,0,0.0,1.0,0.0,0,0,0,0
El Salvador,SLV,2003,0.0,0,0.0,0.0,0.0,0,0,0,0
El Salvador,SLV,2004,0.0,0,0.0,0.0,0.0,0,0,0,0
El Salvador,SLV,2005,0.0,0,0.0,0.0,0.0,0,0,0,0
El Salvador,SLV,2006,0.0,0,0.0,0.0,0.0,0,0,0,0
El Salvador,SLV,2007,0.0,0,0.0,0.0,1.0,1,1,1,0
El Salvador,SLV,2008,2.533,1,0.0,0.0,0.0,0,0,0,0
El Salvador,SLV,2009,0.0,0,1.0,0.0,0.0,0,0,0,0
El Salvador,SLV,2010,0.0,0,0.0,1.0,0.0,0,0,0,0
El Salvador,SLV,2011,0.0,0,0.0,0.0,0.0,0,0,0,0
El Salvador,SLV,2012,0.0,0,0.0,0.0,0.0,0,0,0,0
El Salvador,SLV,2013,0.0,0,0.0,0.0,0.0,0,0,0,0
El Salvador,SLV,2014,0.0,0,0.0,0.0,0.0,0,0,0,0
El Salvador,SLV,2015,0.0,0,0.0,0.0,0.0,0,0,0,0
El Salvador,SLV,2016,0.0,0,0.0,0.0,1.0,1,1,1,0
El Salvador,SLV,2017,6033.0,1,0.0,0.0,0.0,0,0,0,0
El Salvador,SLV,2018,0.0,0,1.0,0.0,0.0,0,0,0,0
El Salvador,SLV,2019,0.0,0,0.0,1.0,0.0,0,0,0,0
El Salvador,SLV,2020,0.0,0,0.0,0.0,0.0,0,0,0,0
El Salvador,SLV,2021,0.0,0,0.0,0.0,1.0,1,1,1,0
El Salvador,SLV,2022,648.0,1,0.0,0.0,1.0,0,0,1,1
El Salvador,SLV,2023,1450.0,1,1.0,0.0,,0,0,0,0
Equatorial Guinea,GNQ,1960,,0,,,0.0,0,0,0,0
Equatorial Guinea,GNQ,1961,,0,0.0,,0.0,0,0,0,0
Equatorial Guinea,GNQ,1962,,0,0.0,0.0,0.0,0,0,0,0
Equatorial Guinea,GNQ,1963,,0,0.0,0.0,0.0,0,0,0,0
Equatorial Guinea,GNQ,1964,,0,0.0,0.0,0.0,0,0,0,0
Equatorial Guinea,GNQ,1965,,0,0.0,0.0,0.0,0,0,0,0
Equatorial Guinea,GNQ,1966,,0,0.0,0.0,0.0,0,0,0,0
Equatorial Guinea,GNQ,1967,,0,0.0,0.0,0.0,0,0,0,0
Equatorial Guinea,GNQ,1968,0.0,0,0.0,0.0,0.0,0,0,0,0
Equatorial Guinea,GNQ,1969,0.0,0,0.0,0.0,0.0,0,0,0,0
Equatorial Guinea,GNQ,1970,0.0,0,0.0,0.0,0.0,0,0,0,0
Equatorial Guinea,GNQ,1971,0.0,0,0.0,0.0,0.0,0,0,0,0
Equatorial Guinea,GNQ,1972,0.0,0,0.0,0.0,0.0,0,0,0,0
Equatorial Guinea,GNQ,1973,0.0,0,0.0,0.0,0.0,0,0,0,0
Equatorial Guinea,GNQ,1974,0.0,0,0.0,0.0,0.0,0,0,0,0
Equatorial Guinea,GNQ,1975,0.0,0,0.0,0.0,0.0,0,0,0,0
Equatorial Guinea,GNQ,1976,0.0,0,0.0,0.0,0.0,0,0,0,0
Equatorial Guinea,GNQ,1977,0.0,0,0.0,0.0,0.0,0,0,0,0
Equatorial Guinea,GNQ,1978,0.0,0,0.0,0.0,0.0,0,0,0,0
Equatorial Guinea,GNQ,1979,0.0,0,0.0,0.0,0.0,0,0,0,0
Equatorial Guinea,GNQ,1980,0.0,0,0.0,0.0,1.0,1,1,1,0
Equatorial Guinea,GNQ,1981,2.0,1,0.0,0.0,1.0,0,0,1,1
Equatorial Guinea,GNQ,1982,22.259999999999998,1,1.0,0.0,1.0,0,0,1,1
Equatorial Guinea,GNQ,1983,16.11,1,1.0,1.0,1.0,0,0,1,1
Equatorial Guinea,GNQ,1984,36.33,1,1.0,1.0,1.0,0,0,1,1
Equatorial Guinea,GNQ,1985,38.0,1,1.0,1.0,1.0,0,0,1,1
Equatorial Guinea,GNQ,1986,5.8,1,1.0,1.0,1.0,0,0,1,1
Equatorial Guinea,GNQ,1987,13.4,1,1.0,1.0,1.0,0,0,1,1
Equatorial Guinea,GNQ,1988,23.1,1,1.0,1.0,1.0,0,0,1,1
Equatorial Guinea,GNQ,1989,40.0,1,1.0,1.0,1.0,0,0,1,1
Equatorial Guinea,GNQ,1990,13.4,1,1.0,1.0,1.0,0,0,1,1
Equatorial Guinea,GNQ,1991,16.8,1,1.0,1.0,1.0,0,0,1,1
Equatorial Guinea,GNQ,1992,32.0,1,1.0,1.0,1.0,0,0,1,1
Equatorial Guinea,GNQ,1993,46.0,1,1.0,1.0,1.0,0,0,1,1
Equatorial Guinea,GNQ,1994,51.0,1,1.0,1.0,1.0,0,0,1,1
Equatorial Guinea,GNQ,1995,27.0,1,1.0,1.0,1.0,0,0,1,1
Equatorial Guinea,GNQ,1996,33.9,1,1.0,1.0,1.0,0,0,1,1
Equatorial Guinea,GNQ,1997,35.7,1,1.0,1.0,1.0,0,0,1,1
Equatorial Guinea,GNQ,1998,12.4,1,1.0,1.0,1.0,0,0,1,1
Equatorial Guinea,GNQ,1999,63.0,1,1.0,1.0,1.0,0,0,1,1
Equatorial Guinea,GNQ,2000,98.0,1,1.0,1.0,1.0,0,0,1,1
Equatorial Guinea,GNQ,2001,85.0,1,1.0,1.0,1.0,0,0,1,1
Equatorial Guinea,GNQ,2002,72.0,1,1.0,1.0,1.0,0,0,1,1
Equatorial Guinea,GNQ,2003,64.0,1,1.0,1.0,1.0,0,0,1,1
Equatorial Guinea,GNQ,2004,4.1,1,1.0,1.0,1.0,0,0,1,1
Equatorial Guinea,GNQ,2005,30.0,1,1.0,1.0,0.0,0,0,0,0
Equatorial Guinea,GNQ,2006,0.0,0,1.0,1.0,1.0,1,0,1,0
Equatorial Guinea,GNQ,2007,10.0,1,0.0,1.0,0.0,0,0,0,0
Equatorial Guinea,GNQ,2008,0.0,0,1.0,0.0,0.0,0,0,0,0
Equatorial Guinea,GNQ,2009,0.0,0,0.0,1.0,0.0,0,0,0,0
Equatorial Guinea,GNQ,2010,0.0,0,0.0,0.0,0.0,0,0,0,0
Equatorial Guinea,GNQ,2011,0.0,0,0.0,0.0,0.0,0,0,0,0
Equatorial Guinea,GNQ,2012,0.0,0,0.0,0.0,0.0,0,0,0,0
Equatorial Guinea,GNQ,2013,0.0,0,0.0,0.0,0.0,0,0,0,0
Equatorial Guinea,GNQ,2014,0.0,0,0.0,0.0,0.0,0,0,0,0
Equatorial Guinea,GNQ,2015,0.0,0,0.0,0.0,0.0,0,0,0,0
Equatorial Guinea,GNQ,2016,0.0,0,0.0,0.0,1.0,1,1,1,0
Equatorial Guinea,GNQ,2017,949.0,1,0.0,0.0,1.0,0,0,1,1
Equatorial Guinea,GNQ,2018,117.0,1,1.0,0.0,1.0,0,0,1,1
Equatorial Guinea,GNQ,2019,121.0,1,1.0,1.0,1.0,0,0,1,1
Equatorial Guinea,GNQ,2020,130.0,1,1.0,1.0,1.0,0,0,1,1
Equatorial Guinea,GNQ,2021,1122.0,1,1.0,1.0,1.0,0,0,1,1
Equatorial Guinea,GNQ,2022,86.0,1,1.0,1.0,1.0,0,0,1,1
Equatorial Guinea,GNQ,2023,86.0,1,1.0,1.0,,0,0,0,0
Eritrea,ERI,1960,,0,,,0.0,0,0,0,0
Eritrea,ERI,1961,,0,0.0,,0.0,0,0,0,0
Eritrea,ERI,1962,,0,0.0,0.0,0.0,0,0,0,0
Eritrea,ERI,1963,,0,0.0,0.0,0.0,0,0,0,0
Eritrea,ERI,1964,,0,0.0,0.0,0.0,0,0,0,0
Eritrea,ERI,1965,,0,0.0,0.0,0.0,0,0,0,0
Eritrea,ERI,1966,,0,0.0,0.0,0.0,0,0,0,0
Eritrea,ERI,1967,,0,0.0,0.0,0.0,0,0,0,0
Eritrea,ERI,1968,,0,0.0,0.0,0.0,0,0,0,0
Eritrea,ERI,1969,,0,0.0,0.0,0.0,0,0,0,0
Eritrea,ERI,1970,,0,0.0,0.0,0.0,0,0,0,0
Eritrea,ERI,1971,,0,0.0,0.0,0.0,0,0,0,0
Eritrea,ERI,1972,,0,0.0,0.0,0.0,0,0,0,0
Eritrea,ERI,1973,,0,0.0,0.0,0.0,0,0,0,0
Eritrea,ERI,1974,,0,0.0,0.0,0.0,0,0,0,0
Eritrea,ERI,1975,,0,0.0,0.0,0.0,0,0,0,0
Eritrea,ERI,1976,,0,0.0,0.0,0.0,0,0,0,0
Eritrea,ERI,1977,,0,0.0,0.0,0.0,0,0,0,0
Eritrea,ERI,1978,,0,0.0,0.0,0.0,0,0,0,0
Eritrea,ERI,1979,,0,0.0,0.0,0.0,0,0,0,0
Eritrea,ERI,1980,,0,0.0,0.0,0.0,0,0,0,0
Eritrea,ERI,1981,,0,0.0,0.0,0.0,0,0,0,0
Eritrea,ERI,1982,,0,0.0,0.0,0.0,0,0,0,0
Eritrea,ERI,1983,,0,0.0,0.0,0.0,0,0,0,0
Eritrea,ERI,1984,,0,0.0,0.0,0.0,0,0,0,0
Eritrea,ERI,1985,,0,0.0,0.0,0.0,0,0,0,0
Eritrea,ERI,1986,,0,0.0,0.0,0.0,0,0,0,0
Eritrea,ERI,1987,,0,0.0,0.0,0.0,0,0,0,0
Eritrea,ERI,1988,,0,0.0,0.0,0.0,0,0,0,0
Eritrea,ERI,1989,,0,0.0,0.0,0.0,0,0,0,0
Eritrea,ERI,1990,,0,0.0,0.0,0.0,0,0,0,0
Eritrea,ERI,1991,,0,0.0,0.0,0.0,0,0,0,0
Eritrea,ERI,1992,,0,0.0,0.0,0.0,0,0,0,0
Eritrea,ERI,1993,0.0,0,0.0,0.0,0.0,0,0,0,0
Eritrea,ERI,1994,0.0,0,0.0,0.0,0.0,0,0,0,0
Eritrea,ERI,1995,0.0,0,0.0,0.0,0.0,0,0,0,0
Eritrea,ERI,1996,0.0,0,0.0,0.0,0.0,0,0,0,0
Eritrea,ERI,1997,0.0,0,0.0,0.0,0.0,0,0,0,0
Eritrea,ERI,1998,0.0,0,0.0,0.0,0.0,0,0,0,0
Eritrea,ERI,1999,0.0,0,0.0,0.0,1.0,1,1,1,0
Eritrea,ERI,2000,6.816804599999999,1,0.0,0.0,1.0,0,0,1,1
Eritrea,ERI,2001,7.121,1,1.0,0.0,1.0,0,0,1,1
Eritrea,ERI,2002,7.943,1,1.0,1.0,1.0,0,0,1,1
Eritrea,ERI,2003,19.2941133,1,1.0,1.0,1.0,0,0,1,1
Eritrea,ERI,2004,29.7516224,1,1.0,1.0,1.0,0,0,1,1
Eritrea,ERI,2005,15.4641193,1,1.0,1.0,1.0,0,0,1,1
Eritrea,ERI,2006,24.9244983,1,1.0,1.0,1.0,0,0,1,1
Eritrea,ERI,2007,42.3185658,1,1.0,1.0,1.0,0,0,1,1
Eritrea,ERI,2008,33.743498,1,1.0,1.0,1.0,0,0,1,1
Eritrea,ERI,2009,22.8464947,1,1.0,1.0,1.0,0,0,1,1
Eritrea,ERI,2010,22.4896336,1,1.0,1.0,1.0,0,0,1,1
Eritrea,ERI,2011,28.689354100000003,1,1.0,1.0,1.0,0,0,1,1
Eritrea,ERI,2012,222.429547,1,1.0,1.0,1.0,0,0,1,1
Eritrea,ERI,2013,260.3857299,1,1.0,1.0,1.0,0,0,1,1
Eritrea,ERI,2014,299.1925921,1,1.0,1.0,1.0,0,0,1,1
Eritrea,ERI,2015,332.4867009,1,1.0,1.0,1.0,0,0,1,1
Eritrea,ERI,2016,378.35351306000007,1,1.0,1.0,1.0,0,0,1,1
Eritrea,ERI,2017,417.2776709962001,1,1.0,1.0,1.0,0,0,1,1
Eritrea,ERI,2018,460.9489812069341,1,1.0,1.0,1.0,0,0,1,1
Eritrea,ERI,2019,508.0383915954195,1,1.0,1.0,1.0,0,0,1,1
Eritrea,ERI,2020,562.4687253520989,1,1.0,1.0,1.0,0,0,1,1
Eritrea,ERI,2021,621.2335680617458,1,1.0,1.0,1.0,0,0,1,1
Eritrea,ERI,2022,666.995546510068,1,1.0,1.0,1.0,0,0,1,1
Eritrea,ERI,2023,720.0,1,1.0,1.0,,0,0,0,0
Ethiopia,ETH,1960,0.0,0,,,0.0,0,0,0,0
Ethiopia,ETH,1961,0.0,0,0.0,,0.0,0,0,0,0
Ethiopia,ETH,1962,0.0,0,0.0,0.0,0.0,0,0,0,0
Ethiopia,ETH,1963,0.0,0,0.0,0.0,0.0,0,0,0,0
Ethiopia,ETH,1964,0.0,0,0.0,0.0,0.0,0,0,0,0
Ethiopia,ETH,1965,0.0,0,0.0,0.0,0.0,0,0,0,0
Ethiopia,ETH,1966,0.0,0,0.0,0.0,0.0,0,0,0,0
Ethiopia,ETH,1967,0.0,0,0.0,0.0,0.0,0,0,0,0
Ethiopia,ETH,1968,0.0,0,0.0,0.0,0.0,0,0,0,0
Ethiopia,ETH,1969,0.0,0,0.0,0.0,1.0,1,1,1,0
Ethiopia,ETH,1970,0.455,1,0.0,0.0,1.0,0,0,1,1
Ethiopia,ETH,1971,0.423261,1,1.0,0.0,1.0,0,0,1,1
Ethiopia,ETH,1972,0.772724,1,1.0,1.0,1.0,0,0,1,1
Ethiopia,ETH,1973,0.068228,1,1.0,1.0,1.0,0,0,1,1
Ethiopia,ETH,1974,0.125455,1,1.0,1.0,1.0,0,0,1,1
Ethiopia,ETH,1975,0.32075200000000004,1,1.0,1.0,1.0,0,0,1,1
Ethiopia,ETH,1976,1.201672,1,1.0,1.0,1.0,0,0,1,1
Ethiopia,ETH,1977,1.261873,1,1.0,1.0,1.0,0,0,1,1
Ethiopia,ETH,1978,0.811,1,1.0,1.0,1.0,0,0,1,1
Ethiopia,ETH,1979,1.711364,1,1.0,1.0,1.0,0,0,1,1
Ethiopia,ETH,1980,1.125,1,1.0,1.0,1.0,0,0,1,1
Ethiopia,ETH,1981,1.283953,1,1.0,1.0,1.0,0,0,1,1
Ethiopia,ETH,1982,1.356151,1,1.0,1.0,1.0,0,0,1,1
Ethiopia,ETH,1983,1.221464,1,1.0,1.0,1.0,0,0,1,1
Ethiopia,ETH,1984,1.290765,1,1.0,1.0,1.0,0,0,1,1
Ethiopia,ETH,1985,1.416306,1,1.0,1.0,1.0,0,0,1,1
Ethiopia,ETH,1986,1.137,1,1.0,1.0,1.0,0,0,1,1
Ethiopia,ETH,1987,54.11032,1,1.0,1.0,1.0,0,0,1,1
Ethiopia,ETH,1988,15.693944,1,1.0,1.0,1.0,0,0,1,1
Ethiopia,ETH,1989,68.51748,1,1.0,1.0,1.0,0,0,1,1
Ethiopia,ETH,1990,278.93998999999997,1,1.0,1.0,1.0,0,0,1,1
Ethiopia,ETH,1991,1087.4143,1,1.0,1.0,1.0,0,0,1,1
Ethiopia,ETH,1992,1965.4433989,1,1.0,1.0,1.0,0,0,1,1
Ethiopia,ETH,1993,2517.8305,1,1.0,1.0,1.0,0,0,1,1
Ethiopia,ETH,1994,3259.0126,1,1.0,1.0,1.0,0,0,1,1
Ethiopia,ETH,1995,4099.5904,1,1.0,1.0,1.0,0,0,1,1
Ethiopia,ETH,1996,4801.6143,1,1.0,1.0,1.0,0,0,1,1
Ethiopia,ETH,1997,5413.2293,1,1.0,1.0,1.0,0,0,1,1
Ethiopia,ETH,1998,5828.385399999999,1,1.0,1.0,1.0,0,0,1,1
Ethiopia,ETH,1999,1448.3972,1,1.0,1.0,1.0,0,0,1,1
Ethiopia,ETH,2000,717.0922565000001,1,1.0,1.0,1.0,0,0,1,1
Ethiopia,ETH,2001,685.1745454,1,1.0,1.0,1.0,0,0,1,1
Ethiopia,ETH,2002,722.5874354,1,1.0,1.0,1.0,0,0,1,1
Ethiopia,ETH,2003,761.4861267,1,1.0,1.0,1.0,0,0,1,1
Ethiopia,ETH,2004,1534.6442519,1,1.0,1.0,1.0,0,0,1,1
Ethiopia,ETH,2005,2117.2136861,1,1.0,1.0,1.0,0,0,1,1
Ethiopia,ETH,2006,4791.839256300001,1,1.0,1.0,1.0,0,0,1,1
Ethiopia,ETH,2007,449.11791089999997,1,1.0,1.0,1.0,0,0,1,1
Ethiopia,ETH,2008,465.95093810000003,1,1.0,1.0,1.0,0,0,1,1
Ethiopia,ETH,2009,435.3624529,1,1.0,1.0,1.0,0,0,1,1
Ethiopia,ETH,2010,595.5407627000001,1,1.0,1.0,1.0,0,0,1,1
Ethiopia,ETH,2011,586.1343624,1,1.0,1.0,1.0,0,0,1,1
Ethiopia,ETH,2012,407.0078903,1,1.0,1.0,1.0,0,0,1,1
Ethiopia,ETH,2013,409.522728,1,1.0,1.0,1.0,0,0,1,1
Ethiopia,ETH,2014,409.44737219999996,1,1.0,1.0,1.0,0,0,1,1
Ethiopia,ETH,2015,409.1492108,1,1.0,1.0,1.0,0,0,1,1
Ethiopia,ETH,2016,409.1131851,1,1.0,1.0,1.0,0,0,1,1
Ethiopia,ETH,2017,410.4536026,1,1.0,1.0,1.0,0,0,1,1
Ethiopia,ETH,2018,2909.7305043,1,1.0,1.0,1.0,0,0,1,1
Ethiopia,ETH,2019,528.4160841,1,1.0,1.0,1.0,0,0,1,1
Ethiopia,ETH,2020,602.6307958,1,1.0,1.0,1.0,0,0,1,1
Ethiopia,ETH,2021,573.9435999,1,1.0,1.0,1.0,0,0,1,1
Ethiopia,ETH,2022,917.4684685,1,1.0,1.0,1.0,0,0,1,1
Ethiopia,ETH,2023,10689.0,1,1.0,1.0,,0,0,0,0
Fiji,FJI,1960,,0,,,0.0,0,0,0,0
Fiji,FJI,1961,,0,0.0,,0.0,0,0,0,0
Fiji,FJI,1962,,0,0.0,0.0,0.0,0,0,0,0
Fiji,FJI,1963,,0,0.0,0.0,0.0,0,0,0,0
Fiji,FJI,1964,,0,0.0,0.0,0.0,0,0,0,0
Fiji,FJI,1965,,0,0.0,0.0,0.0,0,0,0,0
Fiji,FJI,1966,,0,0.0,0.0,0.0,0,0,0,0
Fiji,FJI,1967,,0,0.0,0.0,0.0,0,0,0,0
Fiji,FJI,1968,,0,0.0,0.0,0.0,0,0,0,0
Fiji,FJI,1969,,0,0.0,0.0,0.0,0,0,0,0
Fiji,FJI,1970,0.0,0,0.0,0.0,0.0,0,0,0,0
Fiji,FJI,1971,0.0,0,0.0,0.0,0.0,0,0,0,0
Fiji,FJI,1972,0.0,0,0.0,0.0,0.0,0,0,0,0
Fiji,FJI,1973,0.0,0,0.0,0.0,0.0,0,0,0,0
Fiji,FJI,1974,0.0,0,0.0,0.0,0.0,0,0,0,0
Fiji,FJI,1975,0.0,0,0.0,0.0,1.0,1,1,1,0
Fiji,FJI,1976,0.030419,1,0.0,0.0,1.0,0,0,1,1
Fiji,FJI,1977,0.194038,1,1.0,0.0,0.0,0,0,0,0
Fiji,FJI,1978,0.0,0,1.0,1.0,1.0,1,0,1,0
Fiji,FJI,1979,0.699932,1,0.0,1.0,1.0,0,0,1,1
Fiji,FJI,1980,0.298125,1,1.0,0.0,0.0,0,0,0,0
Fiji,FJI,1981,0.0,0,1.0,1.0,1.0,1,0,1,0
Fiji,FJI,1982,0.001,1,0.0,1.0,0.0,0,0,0,0
Fiji,FJI,1983,0.0,0,1.0,0.0,0.0,0,0,0,0
Fiji,FJI,1984,0.0,0,0.0,1.0,0.0,0,0,0,0
Fiji,FJI,1985,0.0,0,0.0,0.0,0.0,0,0,0,0
Fiji,FJI,1986,0.0,0,0.0,0.0,0.0,0,0,0,0
Fiji,FJI,1987,0.0,0,0.0,0.0,0.0,0,0,0,0
Fiji,FJI,1988,0.0,0,0.0,0.0,0.0,0,0,0,0
Fiji,FJI,1989,0.0,0,0.0,0.0,1.0,1,1,1,0
Fiji,FJI,1990,0.019086,1,0.0,0.0,1.0,0,0,1,1
Fiji,FJI,1991,0.045591,1,1.0,0.0,1.0,0,0,1,1
Fiji,FJI,1992,0.065389,1,1.0,1.0,1.0,0,0,1,1
Fiji,FJI,1993,0.080638,1,1.0,1.0,1.0,0,0,1,1
Fiji,FJI,1994,0.110704,1,1.0,1.0,1.0,0,0,1,1
Fiji,FJI,1995,0.139309,1,1.0,1.0,1.0,0,0,1,1
Fiji,FJI,1996,0.150359,1,1.0,1.0,1.0,0,0,1,1
Fiji,FJI,1997,0.147964,1,1.0,1.0,1.0,0,0,1,1
Fiji,FJI,1998,0.203015,1,1.0,1.0,1.0,0,0,1,1
Fiji,FJI,1999,0.194892,1,1.0,1.0,1.0,0,0,1,1
Fiji,FJI,2000,0.199127,1,1.0,1.0,1.0,0,0,1,1
Fiji,FJI,2001,0.2136654,1,1.0,1.0,1.0,0,0,1,1
Fiji,FJI,2002,0.5577641,1,1.0,1.0,1.0,0,0,1,1
Fiji,FJI,2003,0.7238905,1,1.0,1.0,1.0,0,0,1,1
Fiji,FJI,2004,0.4004574,1,1.0,1.0,1.0,0,0,1,1
Fiji,FJI,2005,0.37042579999999997,1,1.0,1.0,1.0,0,0,1,1
Fiji,FJI,2006,3.9862518,1,1.0,1.0,1.0,0,0,1,1
Fiji,FJI,2007,3.4088032000000004,1,1.0,1.0,1.0,0,0,1,1
Fiji,FJI,2008,2.9018401999999996,1,1.0,1.0,1.0,0,0,1,1
Fiji,FJI,2009,4.136033200000001,1,1.0,1.0,1.0,0,0,1,1
Fiji,FJI,2010,0.141489,1,1.0,1.0,1.0,0,0,1,1
Fiji,FJI,2011,0.5756714,1,1.0,1.0,1.0,0,0,1,1
Fiji,FJI,2012,0.341129,1,1.0,1.0,1.0,0,0,1,1
Fiji,FJI,2013,1.1749733999999998,1,1.0,1.0,1.0,0,0,1,1
Fiji,FJI,2014,0.056,1,1.0,1.0,0.0,0,0,0,0
Fiji,FJI,2015,0.0,0,1.0,1.0,0.0,0,0,0,0
Fiji,FJI,2016,0.0,0,0.0,1.0,1.0,1,1,1,0
Fiji,FJI,2017,6.144393241167435,1,0.0,0.0,0.0,0,0,0,0
Fiji,FJI,2018,0.0,0,1.0,0.0,0.0,0,0,0,0
Fiji,FJI,2019,0.0,0,0.0,1.0,1.0,1,1,1,0
Fiji,FJI,2020,19.088164500000005,1,0.0,0.0,1.0,0,0,1,1
Fiji,FJI,2021,63.651440400000006,1,1.0,0.0,0.0,0,0,0,0
Fiji,FJI,2022,0.0,0,1.0,1.0,0.0,0,0,0,0
Fiji,FJI,2023,0.0,0,0.0,1.0,,0,0,0,0
Gabon,GAB,1960,0.0,0,,,0.0,0,0,0,0
Gabon,GAB,1961,0.0,0,0.0,,0.0,0,0,0,0
Gabon,GAB,1962,0.0,0,0.0,0.0,0.0,0,0,0,0
Gabon,GAB,1963,0.0,0,0.0,0.0,0.0,0,0,0,0
Gabon,GAB,1964,0.0,0,0.0,0.0,0.0,0,0,0,0
Gabon,GAB,1965,0.0,0,0.0,0.0,0.0,0,0,0,0
Gabon,GAB,1966,0.0,0,0.0,0.0,0.0,0,0,0,0
Gabon,GAB,1967,0.0,0,0.0,0.0,0.0,0,0,0,0
Gabon,GAB,1968,0.0,0,0.0,0.0,0.0,0,0,0,0
Gabon,GAB,1969,0.0,0,0.0,0.0,0.0,0,0,0,0
Gabon,GAB,1970,0.0,0,0.0,0.0,0.0,0,0,0,0
Gabon,GAB,1971,0.0,0,0.0,0.0,0.0,0,0,0,0
Gabon,GAB,1972,0.0,0,0.0,0.0,0.0,0,0,0,0
Gabon,GAB,1973,0.0,0,0.0,0.0,0.0,0,0,0,0
Gabon,GAB,1974,0.0,0,0.0,0.0,1.0,1,1,1,0
Gabon,GAB,1975,0.182875,1,0.0,0.0,1.0,0,0,1,1
Gabon,GAB,1976,0.049149,1,1.0,0.0,0.0,0,0,0,0
Gabon,GAB,1977,0.0,0,1.0,1.0,1.0,1,0,1,0
Gabon,GAB,1978,60.0,1,0.0,1.0,0.0,0,0,0,0
Gabon,GAB,1979,0.0,0,1.0,0.0,1.0,1,0,1,0
Gabon,GAB,1980,0.028059,1,0.0,1.0,1.0,0,0,1,1
Gabon,GAB,1981,1.52674,1,1.0,0.0,1.0,0,0,1,1
Gabon,GAB,1982,5.076138,1,1.0,1.0,1.0,0,0,1,1
Gabon,GAB,1983,0.401199,1,1.0,1.0,1.0,0,0,1,1
Gabon,GAB,1984,0.089712,1,1.0,1.0,1.0,0,0,1,1
Gabon,GAB,1985,0.290873,1,1.0,1.0,1.0,0,0,1,1
Gabon,GAB,1986,128.22163,1,1.0,1.0,1.0,0,0,1,1
Gabon,GAB,1987,370.587561,1,1.0,1.0,1.0,0,0,1,1
Gabon,GAB,1988,462.3548409999999,1,1.0,1.0,1.0,0,0,1,1
Gabon,GAB,1989,1003.9435719999999,1,1.0,1.0,1.0,0,0,1,1
Gabon,GAB,1990,719.6204405839999,1,1.0,1.0,1.0,0,0,1,1
Gabon,GAB,1991,927.0287594,1,1.0,1.0,1.0,0,0,1,1
Gabon,GAB,1992,890.9383,1,1.0,1.0,1.0,0,0,1,1
Gabon,GAB,1993,1291.7051,1,1.0,1.0,1.0,0,0,1,1
Gabon,GAB,1994,2066.0824000000002,1,1.0,1.0,1.0,0,0,1,1
Gabon,GAB,1995,1061.21557,1,1.0,1.0,1.0,0,0,1,1
Gabon,GAB,1996,333.702953,1,1.0,1.0,1.0,0,0,1,1
Gabon,GAB,1997,263.866306,1,1.0,1.0,1.0,0,0,1,1
Gabon,GAB,1998,292.340002,1,1.0,1.0,1.0,0,0,1,1
Gabon,GAB,1999,284.5786938373984,1,1.0,1.0,1.0,0,0,1,1
Gabon,GAB,2000,940.7044224225352,1,1.0,1.0,1.0,0,0,1,1
Gabon,GAB,2001,213.05282491639346,1,1.0,1.0,1.0,0,0,1,1
Gabon,GAB,2002,114.41825429208635,1,1.0,1.0,1.0,0,0,1,1
Gabon,GAB,2003,771.4387239758621,1,1.0,1.0,1.0,0,0,1,1
Gabon,GAB,2004,1139.1240568641194,1,1.0,1.0,1.0,0,0,1,1
Gabon,GAB,2005,835.9253087,1,1.0,1.0,1.0,0,0,1,1
Gabon,GAB,2006,1104.303116,1,1.0,1.0,1.0,0,0,1,1
Gabon,GAB,2007,2371.0875441,1,1.0,1.0,1.0,0,0,1,1
Gabon,GAB,2008,2286.1846813,1,1.0,1.0,1.0,0,0,1,1
Gabon,GAB,2009,54.575221,1,1.0,1.0,1.0,0,0,1,1
Gabon,GAB,2010,8.5105797,1,1.0,1.0,1.0,0,0,1,1
Gabon,GAB,2011,9.2354855,1,1.0,1.0,1.0,0,0,1,1
Gabon,GAB,2012,10.958382400000001,1,1.0,1.0,1.0,0,0,1,1
Gabon,GAB,2013,24.6222492,1,1.0,1.0,0.0,0,0,0,0
Gabon,GAB,2014,0.0,0,1.0,1.0,1.0,1,0,1,0
Gabon,GAB,2015,25.437936399999998,1,0.0,1.0,1.0,0,0,1,1
Gabon,GAB,2016,175.45522050101343,1,1.0,0.0,1.0,0,0,1,1
Gabon,GAB,2017,90.91089600000001,1,1.0,1.0,1.0,0,0,1,1
Gabon,GAB,2018,51.849624055944055,1,1.0,1.0,1.0,0,0,1,1
Gabon,GAB,2019,31.662806,1,1.0,1.0,1.0,0,0,1,1
Gabon,GAB,2020,142.425981,1,1.0,1.0,1.0,0,0,1,1
Gabon,GAB,2021,75.5395183,1,1.0,1.0,1.0,0,0,1,1
Gabon,GAB,2022,87.7444487,1,1.0,1.0,1.0,0,0,1,1
Gabon,GAB,2023,210.0,1,1.0,1.0,,0,0,0,0
Georgia,GEO,1960,,0,,,0.0,0,0,0,0
Georgia,GEO,1961,,0,0.0,,0.0,0,0,0,0
Georgia,GEO,1962,,0,0.0,0.0,0.0,0,0,0,0
Georgia,GEO,1963,,0,0.0,0.0,0.0,0,0,0,0
Georgia,GEO,1964,,0,0.0,0.0,0.0,0,0,0,0
Georgia,GEO,1965,,0,0.0,0.0,0.0,0,0,0,0
Georgia,GEO,1966,,0,0.0,0.0,0.0,0,0,0,0
Georgia,GEO,1967,,0,0.0,0.0,0.0,0,0,0,0
Georgia,GEO,1968,,0,0.0,0.0,0.0,0,0,0,0
Georgia,GEO,1969,,0,0.0,0.0,0.0,0,0,0,0
Georgia,GEO,1970,,0,0.0,0.0,0.0,0,0,0,0
Georgia,GEO,1971,,0,0.0,0.0,0.0,0,0,0,0
Georgia,GEO,1972,,0,0.0,0.0,0.0,0,0,0,0
Georgia,GEO,1973,,0,0.0,0.0,0.0,0,0,0,0
Georgia,GEO,1974,,0,0.0,0.0,0.0,0,0,0,0
Georgia,GEO,1975,,0,0.0,0.0,0.0,0,0,0,0
Georgia,GEO,1976,,0,0.0,0.0,0.0,0,0,0,0
Georgia,GEO,1977,,0,0.0,0.0,0.0,0,0,0,0
Georgia,GEO,1978,,0,0.0,0.0,0.0,0,0,0,0
Georgia,GEO,1979,,0,0.0,0.0,0.0,0,0,0,0
Georgia,GEO,1980,,0,0.0,0.0,0.0,0,0,0,0
Georgia,GEO,1981,,0,0.0,0.0,0.0,0,0,0,0
Georgia,GEO,1982,,0,0.0,0.0,0.0,0,0,0,0
Georgia,GEO,1983,,0,0.0,0.0,0.0,0,0,0,0
Georgia,GEO,1984,,0,0.0,0.0,0.0,0,0,0,0
Georgia,GEO,1985,,0,0.0,0.0,0.0,0,0,0,0
Georgia,GEO,1986,,0,0.0,0.0,0.0,0,0,0,0
Georgia,GEO,1987,,0,0.0,0.0,0.0,0,0,0,0
Georgia,GEO,1988,,0,0.0,0.0,0.0,0,0,0,0
Georgia,GEO,1989,,0,0.0,0.0,0.0,0,0,0,0
Georgia,GEO,1990,,0,0.0,0.0,0.0,0,0,0,0
Georgia,GEO,1991,0.0,0,0.0,0.0,1.0,1,1,1,0
Georgia,GEO,1992,1.1,1,0.0,0.0,1.0,0,0,1,1
Georgia,GEO,1993,0.2,1,1.0,0.0,1.0,0,0,1,1
Georgia,GEO,1994,58.35468,1,1.0,1.0,1.0,0,0,1,1
Georgia,GEO,1995,274.41312419999997,1,1.0,1.0,1.0,0,0,1,1
Georgia,GEO,1996,452.22313080000004,1,1.0,1.0,1.0,0,0,1,1
Georgia,GEO,1997,154.74122309999998,1,1.0,1.0,1.0,0,0,1,1
Georgia,GEO,1998,59.17679,1,1.0,1.0,1.0,0,0,1,1
Georgia,GEO,1999,113.4262,1,1.0,1.0,1.0,0,0,1,1
Georgia,GEO,2000,180.669418,1,1.0,1.0,1.0,0,0,1,1
Georgia,GEO,2001,357.45203230000004,1,1.0,1.0,1.0,0,0,1,1
Georgia,GEO,2002,351.5363939,1,1.0,1.0,1.0,0,0,1,1
Georgia,GEO,2003,322.9294132,1,1.0,1.0,1.0,0,0,1,1
Georgia,GEO,2004,423.8916137,1,1.0,1.0,1.0,0,0,1,1
Georgia,GEO,2005,221.73870580000002,1,1.0,1.0,1.0,0,0,1,1
Georgia,GEO,2006,214.7648345,1,1.0,1.0,1.0,0,0,1,1
Georgia,GEO,2007,41.871582800000006,1,1.0,1.0,1.0,0,0,1,1
Georgia,GEO,2008,35.365,1,1.0,1.0,1.0,0,0,1,1
Georgia,GEO,2009,35.365,1,1.0,1.0,1.0,0,0,1,1
Georgia,GEO,2010,35.365,1,1.0,1.0,1.0,0,0,1,1
Georgia,GEO,2011,35.365,1,1.0,1.0,1.0,0,0,1,1
Georgia,GEO,2012,35.675937399999995,1,1.0,1.0,1.0,0,0,1,1
Georgia,GEO,2013,51.6040105,1,1.0,1.0,1.0,0,0,1,1
Georgia,GEO,2014,35.365,1,1.0,1.0,1.0,0,0,1,1
Georgia,GEO,2015,35.365,1,1.0,1.0,1.0,0,0,1,1
Georgia,GEO,2016,35.365,1,1.0,1.0,1.0,0,0,1,1
Georgia,GEO,2017,35.365,1,1.0,1.0,1.0,0,0,1,1
Georgia,GEO,2018,7.295,1,1.0,1.0,1.0,0,0,1,1
Georgia,GEO,2019,7.295,1,1.0,1.0,1.0,0,0,1,1
Georgia,GEO,2020,7.295,1,1.0,1.0,1.0,0,0,1,1
Georgia,GEO,2021,7.295,1,1.0,1.0,1.0,0,0,1,1
Georgia,GEO,2022,7.295,1,1.0,1.0,1.0,0,0,1,1
Georgia,GEO,2023,7.0,1,1.0,1.0,,0,0,0,0
Ghana,GHA,1960,0.0,0,,,0.0,0,0,0,0
Ghana,GHA,1961,0.0,0,0.0,,0.0,0,0,0,0
Ghana,GHA,1962,0.0,0,0.0,0.0,0.0,0,0,0,0
Ghana,GHA,1963,0.0,0,0.0,0.0,0.0,0,0,0,0
Ghana,GHA,1964,0.0,0,0.0,0.0,1.0,1,1,1,0
Ghana,GHA,1965,116.0,1,0.0,0.0,1.0,0,0,1,1
Ghana,GHA,1966,178.65,1,1.0,0.0,1.0,0,0,1,1
Ghana,GHA,1967,57.0,1,1.0,1.0,1.0,0,0,1,1
Ghana,GHA,1968,246.0,1,1.0,1.0,1.0,0,0,1,1
Ghana,GHA,1969,50.0,1,1.0,1.0,1.0,0,0,1,1
Ghana,GHA,1970,43.442139999999995,1,1.0,1.0,1.0,0,0,1,1
Ghana,GHA,1971,34.71794,1,1.0,1.0,1.0,0,0,1,1
Ghana,GHA,1972,76.11708,1,1.0,1.0,1.0,0,0,1,1
Ghana,GHA,1973,112.68011999999999,1,1.0,1.0,1.0,0,0,1,1
Ghana,GHA,1974,221.26566,1,1.0,1.0,1.0,0,0,1,1
Ghana,GHA,1975,54.96482,1,1.0,1.0,1.0,0,0,1,1
Ghana,GHA,1976,34.11602,1,1.0,1.0,1.0,0,0,1,1
Ghana,GHA,1977,38.359840000000005,1,1.0,1.0,1.0,0,0,1,1
Ghana,GHA,1978,28.606257,1,1.0,1.0,1.0,0,0,1,1
Ghana,GHA,1979,924.62383,1,1.0,1.0,1.0,0,0,1,1
Ghana,GHA,1980,9.287514999999999,1,1.0,1.0,1.0,0,0,1,1
Ghana,GHA,1981,18.316591,1,1.0,1.0,1.0,0,0,1,1
Ghana,GHA,1982,2553.047305,1,1.0,1.0,1.0,0,0,1,1
Ghana,GHA,1983,17.894639,1,1.0,1.0,1.0,0,0,1,1
Ghana,GHA,1984,29.699199,1,1.0,1.0,1.0,0,0,1,1
Ghana,GHA,1985,44.13919,1,1.0,1.0,1.0,0,0,1,1
Ghana,GHA,1986,54.115387999999996,1,1.0,1.0,1.0,0,0,1,1
Ghana,GHA,1987,76.11805,1,1.0,1.0,1.0,0,0,1,1
Ghana,GHA,1988,77.44824,1,1.0,1.0,1.0,0,0,1,1
Ghana,GHA,1989,113.48198,1,1.0,1.0,1.0,0,0,1,1
Ghana,GHA,1990,132.97018,1,1.0,1.0,1.0,0,0,1,1
Ghana,GHA,1991,167.23686,1,1.0,1.0,1.0,0,0,1,1
Ghana,GHA,1992,121.9357,1,1.0,1.0,1.0,0,0,1,1
Ghana,GHA,1993,158.64018,1,1.0,1.0,1.0,0,0,1,1
Ghana,GHA,1994,150.98286000000002,1,1.0,1.0,1.0,0,0,1,1
Ghana,GHA,1995,117.10605000000001,1,1.0,1.0,1.0,0,0,1,1
Ghana,GHA,1996,134.78825,1,1.0,1.0,1.0,0,0,1,1
Ghana,GHA,1997,27.13113,1,1.0,1.0,1.0,0,0,1,1
Ghana,GHA,1998,79.17142999999999,1,1.0,1.0,1.0,0,0,1,1
Ghana,GHA,1999,107.99444,1,1.0,1.0,1.0,0,0,1,1
Ghana,GHA,2000,111.1107323,1,1.0,1.0,1.0,0,0,1,1
Ghana,GHA,2001,463.0029507,1,1.0,1.0,1.0,0,0,1,1
Ghana,GHA,2002,361.1504655,1,1.0,1.0,1.0,0,0,1,1
Ghana,GHA,2003,260.61630279999997,1,1.0,1.0,1.0,0,0,1,1
Ghana,GHA,2004,1642.9932577,1,1.0,1.0,1.0,0,0,1,1
Ghana,GHA,2005,145.38873180000002,1,1.0,1.0,1.0,0,0,1,1
Ghana,GHA,2006,4731.0728582,1,1.0,1.0,1.0,0,0,1,1
Ghana,GHA,2007,70.45623760000001,1,1.0,1.0,1.0,0,0,1,1
Ghana,GHA,2008,38.1872759,1,1.0,1.0,1.0,0,0,1,1
Ghana,GHA,2009,45.4940098,1,1.0,1.0,1.0,0,0,1,1
Ghana,GHA,2010,82.21040250000001,1,1.0,1.0,1.0,0,0,1,1
Ghana,GHA,2011,140.3338938,1,1.0,1.0,1.0,0,0,1,1
Ghana,GHA,2012,214.88320069999997,1,1.0,1.0,1.0,0,0,1,1
Ghana,GHA,2013,468.3469245,1,1.0,1.0,1.0,0,0,1,1
Ghana,GHA,2014,1827.8479568,1,1.0,1.0,1.0,0,0,1,1
Ghana,GHA,2015,567.6360181,1,1.0,1.0,1.0,0,0,1,1
Ghana,GHA,2016,600.9085101000001,1,1.0,1.0,1.0,0,0,1,1
Ghana,GHA,2017,893.033569,1,1.0,1.0,1.0,0,0,1,1
Ghana,GHA,2018,1213.0,1,1.0,1.0,1.0,0,0,1,1
Ghana,GHA,2019,1011.4641162,1,1.0,1.0,1.0,0,0,1,1
Ghana,GHA,2020,1625.7675852000002,1,1.0,1.0,1.0,0,0,1,1
Ghana,GHA,2021,158.82649609999999,1,1.0,1.0,1.0,0,0,1,1
Ghana,GHA,2022,27235.0,1,1.0,1.0,1.0,0,0,1,1
Ghana,GHA,2023,37831.8,1,1.0,1.0,,0,0,0,0
Greece,GRC,1960,368.60159999999996,1,,,1.0,0,0,1,1
Greece,GRC,1961,377.7548,1,1.0,,1.0,0,0,1,1
Greece,GRC,1962,386.908,1,1.0,1.0,1.0,0,0,1,1
Greece,GRC,1963,301.0811999999999,1,1.0,1.0,1.0,0,0,1,1
Greece,GRC,1964,307.6443999999999,1,1.0,1.0,1.0,0,0,1,1
Greece,GRC,1965,314.2075999999999,1,1.0,1.0,0.0,0,0,0,0
Greece,GRC,1966,0.0,0,1.0,1.0,0.0,0,0,0,0
Greece,GRC,1967,0.0,0,0.0,1.0,0.0,0,0,0,0
Greece,GRC,1968,0.0,0,0.0,0.0,0.0,0,0,0,0
Greece,GRC,1969,0.0,0,0.0,0.0,0.0,0,0,0,0
Greece,GRC,1970,0.0,0,0.0,0.0,0.0,0,0,0,0
Greece,GRC,1971,0.0,0,0.0,0.0,0.0,0,0,0,0
Greece,GRC,1972,0.0,0,0.0,0.0,0.0,0,0,0,0
Greece,GRC,1973,0.0,0,0.0,0.0,0.0,0,0,0,0
Greece,GRC,1974,0.0,0,0.0,0.0,0.0,0,0,0,0
Greece,GRC,1975,0.0,0,0.0,0.0,0.0,0,0,0,0
Greece,GRC,1976,0.0,0,0.0,0.0,0.0,0,0,0,0
Greece,GRC,1977,0.0,0,0.0,0.0,0.0,0,0,0,0
Greece,GRC,1978,0.0,0,0.0,0.0,0.0,0,0,0,0
Greece,GRC,1979,0.0,0,0.0,0.0,0.0,0,0,0,0
Greece,GRC,1980,0.0,0,0.0,0.0,0.0,0,0,0,0
Greece,GRC,1981,0.0,0,0.0,0.0,0.0,0,0,0,0
Greece,GRC,1982,0.0,0,0.0,0.0,0.0,0,0,0,0
Greece,GRC,1983,0.0,0,0.0,0.0,0.0,0,0,0,0
Greece,GRC,1984,0.0,0,0.0,0.0,0.0,0,0,0,0
Greece,GRC,1985,0.0,0,0.0,0.0,0.0,0,0,0,0
Greece,GRC,1986,0.0,0,0.0,0.0,0.0,0,0,0,0
Greece,GRC,1987,0.0,0,0.0,0.0,0.0,0,0,0,0
Greece,GRC,1988,0.0,0,0.0,0.0,0.0,0,0,0,0
Greece,GRC,1989,0.0,0,0.0,0.0,0.0,0,0,0,0
Greece,GRC,1990,0.0,0,0.0,0.0,0.0,0,0,0,0
Greece,GRC,1991,0.0,0,0.0,0.0,0.0,0,0,0,0
Greece,GRC,1992,0.0,0,0.0,0.0,0.0,0,0,0,0
Greece,GRC,1993,0.0,0,0.0,0.0,0.0,0,0,0,0
Greece,GRC,1994,0.0,0,0.0,0.0,0.0,0,0,0,0
Greece,GRC,1995,0.0,0,0.0,0.0,0.0,0,0,0,0
Greece,GRC,1996,0.0,0,0.0,0.0,0.0,0,0,0,0
Greece,GRC,1997,0.0,0,0.0,0.0,0.0,0,0,0,0
Greece,GRC,1998,0.0,0,0.0,0.0,0.0,0,0,0,0
Greece,GRC,1999,0.0,0,0.0,0.0,0.0,0,0,0,0
Greece,GRC,2000,0.0,0,0.0,0.0,0.0,0,0,0,0
Greece,GRC,2001,0.0,0,0.0,0.0,0.0,0,0,0,0
Greece,GRC,2002,0.0,0,0.0,0.0,0.0,0,0,0,0
Greece,GRC,2003,0.0,0,0.0,0.0,0.0,0,0,0,0
Greece,GRC,2004,0.0,0,0.0,0.0,0.0,0,0,0,0
Greece,GRC,2005,0.0,0,0.0,0.0,0.0,0,0,0,0
Greece,GRC,2006,0.0,0,0.0,0.0,0.0,0,0,0,0
Greece,GRC,2007,0.0,0,0.0,0.0,0.0,0,0,0,0
Greece,GRC,2008,0.0,0,0.0,0.0,0.0,0,0,0,0
Greece,GRC,2009,0.0,0,0.0,0.0,0.0,0,0,0,0
Greece,GRC,2010,0.0,0,0.0,0.0,0.0,0,0,0,0
Greece,GRC,2011,0.0,0,0.0,0.0,1.0,1,1,1,0
Greece,GRC,2012,312420.0,1,0.0,0.0,1.0,0,0,1,1
Greece,GRC,2013,212819.0,1,1.0,0.0,0.0,0,0,0,0
Greece,GRC,2014,0.0,0,1.0,1.0,1.0,1,0,1,0
Greece,GRC,2015,2222.0,1,0.0,1.0,0.0,0,0,0,0
Greece,GRC,2016,0.0,0,1.0,0.0,0.0,0,0,0,0
Greece,GRC,2017,0.0,0,0.0,1.0,1.0,1,1,1,0
Greece,GRC,2018,110938.0,1,0.0,0.0,0.0,0,0,0,0
Greece,GRC,2019,0.0,0,1.0,0.0,0.0,0,0,0,0
Greece,GRC,2020,0.0,0,0.0,1.0,0.0,0,0,0,0
Greece,GRC,2021,0.0,0,0.0,0.0,0.0,0,0,0,0
Greece,GRC,2022,0.0,0,0.0,0.0,0.0,0,0,0,0
Greece,GRC,2023,0.0,0,0.0,0.0,,0,0,0,0
Grenada,GRD,1960,,0,,,0.0,0,0,0,0
Grenada,GRD,1961,,0,0.0,,0.0,0,0,0,0
Grenada,GRD,1962,,0,0.0,0.0,0.0,0,0,0,0
Grenada,GRD,1963,,0,0.0,0.0,0.0,0,0,0,0
Grenada,GRD,1964,,0,0.0,0.0,0.0,0,0,0,0
Grenada,GRD,1965,,0,0.0,0.0,0.0,0,0,0,0
Grenada,GRD,1966,,0,0.0,0.0,0.0,0,0,0,0
Grenada,GRD,1967,,0,0.0,0.0,0.0,0,0,0,0
Grenada,GRD,1968,,0,0.0,0.0,0.0,0,0,0,0
Grenada,GRD,1969,,0,0.0,0.0,0.0,0,0,0,0
Grenada,GRD,1970,,0,0.0,0.0,0.0,0,0,0,0
Grenada,GRD,1971,,0,0.0,0.0,0.0,0,0,0,0
Grenada,GRD,1972,,0,0.0,0.0,0.0,0,0,0,0
Grenada,GRD,1973,,0,0.0,0.0,0.0,0,0,0,0
Grenada,GRD,1974,0.0,0,0.0,0.0,0.0,0,0,0,0
Grenada,GRD,1975,0.0,0,0.0,0.0,0.0,0,0,0,0
Grenada,GRD,1976,0.0,0,0.0,0.0,0.0,0,0,0,0
Grenada,GRD,1977,0.0,0,0.0,0.0,0.0,0,0,0,0
Grenada,GRD,1978,0.0,0,0.0,0.0,0.0,0,0,0,0
Grenada,GRD,1979,0.0,0,0.0,0.0,0.0,0,0,0,0
Grenada,GRD,1980,0.0,0,0.0,0.0,1.0,1,1,1,0
Grenada,GRD,1981,0.415,1,0.0,0.0,1.0,0,0,1,1
Grenada,GRD,1982,0.415,1,1.0,0.0,1.0,0,0,1,1
Grenada,GRD,1983,0.726751,1,1.0,1.0,1.0,0,0,1,1
Grenada,GRD,1984,2.608903,1,1.0,1.0,1.0,0,0,1,1
Grenada,GRD,1985,6.948624000000001,1,1.0,1.0,1.0,0,0,1,1
Grenada,GRD,1986,8.862008,1,1.0,1.0,1.0,0,0,1,1
Grenada,GRD,1987,14.429374000000001,1,1.0,1.0,1.0,0,0,1,1
Grenada,GRD,1988,18.651787,1,1.0,1.0,1.0,0,0,1,1
Grenada,GRD,1989,25.49299,1,1.0,1.0,1.0,0,0,1,1
Grenada,GRD,1990,37.88492,1,1.0,1.0,1.0,0,0,1,1
Grenada,GRD,1991,45.266369999999995,1,1.0,1.0,1.0,0,0,1,1
Grenada,GRD,1992,43.29384,1,1.0,1.0,1.0,0,0,1,1
Grenada,GRD,1993,43.44495,1,1.0,1.0,1.0,0,0,1,1
Grenada,GRD,1994,45.24962,1,1.0,1.0,1.0,0,0,1,1
Grenada,GRD,1995,46.90871,1,1.0,1.0,1.0,0,0,1,1
Grenada,GRD,1996,49.37198,1,1.0,1.0,1.0,0,0,1,1
Grenada,GRD,1997,17.289165,1,1.0,1.0,1.0,0,0,1,1
Grenada,GRD,1998,16.849014,1,1.0,1.0,1.0,0,0,1,1
Grenada,GRD,1999,20.319461,1,1.0,1.0,1.0,0,0,1,1
Grenada,GRD,2000,15.939260299999997,1,1.0,1.0,1.0,0,0,1,1
Grenada,GRD,2001,13.7320254,1,1.0,1.0,1.0,0,0,1,1
Grenada,GRD,2002,12.7360407,1,1.0,1.0,1.0,0,0,1,1
Grenada,GRD,2003,12.2727721,1,1.0,1.0,1.0,0,0,1,1
Grenada,GRD,2004,264.69340869999996,1,1.0,1.0,1.0,0,0,1,1
Grenada,GRD,2005,253.587991,1,1.0,1.0,1.0,0,0,1,1
Grenada,GRD,2006,22.2033608,1,1.0,1.0,1.0,0,0,1,1
Grenada,GRD,2007,26.8293578,1,1.0,1.0,1.0,0,0,1,1
Grenada,GRD,2008,32.3712374,1,1.0,1.0,1.0,0,0,1,1
Grenada,GRD,2009,39.7311585,1,1.0,1.0,1.0,0,0,1,1
Grenada,GRD,2010,41.6504024,1,1.0,1.0,1.0,0,0,1,1
Grenada,GRD,2011,45.276132200000006,1,1.0,1.0,1.0,0,0,1,1
Grenada,GRD,2012,80.6090543,1,1.0,1.0,1.0,0,0,1,1
Grenada,GRD,2013,313.3960558,1,1.0,1.0,1.0,0,0,1,1
Grenada,GRD,2014,329.77471290000005,1,1.0,1.0,1.0,0,0,1,1
Grenada,GRD,2015,402.4849849,1,1.0,1.0,1.0,0,0,1,1
Grenada,GRD,2016,155.91767168599998,1,1.0,1.0,1.0,0,0,1,1
Grenada,GRD,2017,212.0724271191482,1,1.0,1.0,1.0,0,0,1,1
Grenada,GRD,2018,22.576009755,1,1.0,1.0,1.0,0,0,1,1
Grenada,GRD,2019,24.710131268999998,1,1.0,1.0,1.0,0,0,1,1
Grenada,GRD,2020,29.193246284,1,1.0,1.0,1.0,0,0,1,1
Grenada,GRD,2021,30.161354198,1,1.0,1.0,1.0,0,0,1,1
Grenada,GRD,2022,31.457938998,1,1.0,1.0,1.0,0,0,1,1
Grenada,GRD,2023,33.000009798,1,1.0,1.0,,0,0,0,0
Guatemala,GTM,1960,0.0,0,,,0.0,0,0,0,0
Guatemala,GTM,1961,0.0,0,0.0,,0.0,0,0,0,0
Guatemala,GTM,1962,0.0,0,0.0,0.0,0.0,0,0,0,0
Guatemala,GTM,1963,0.0,0,0.0,0.0,0.0,0,0,0,0
Guatemala,GTM,1964,0.0,0,0.0,0.0,0.0,0,0,0,0
Guatemala,GTM,1965,0.0,0,0.0,0.0,0.0,0,0,0,0
Guatemala,GTM,1966,0.0,0,0.0,0.0,0.0,0,0,0,0
Guatemala,GTM,1967,0.0,0,0.0,0.0,0.0,0,0,0,0
Guatemala,GTM,1968,0.0,0,0.0,0.0,0.0,0,0,0,0
Guatemala,GTM,1969,0.0,0,0.0,0.0,0.0,0,0,0,0
Guatemala,GTM,1970,0.0,0,0.0,0.0,0.0,0,0,0,0
Guatemala,GTM,1971,0.0,0,0.0,0.0,0.0,0,0,0,0
Guatemala,GTM,1972,0.0,0,0.0,0.0,0.0,0,0,0,0
Guatemala,GTM,1973,0.0,0,0.0,0.0,0.0,0,0,0,0
Guatemala,GTM,1974,0.0,0,0.0,0.0,0.0,0,0,0,0
Guatemala,GTM,1975,0.0,0,0.0,0.0,0.0,0,0,0,0
Guatemala,GTM,1976,0.0,0,0.0,0.0,0.0,0,0,0,0
Guatemala,GTM,1977,0.0,0,0.0,0.0,0.0,0,0,0,0
Guatemala,GTM,1978,0.0,0,0.0,0.0,0.0,0,0,0,0
Guatemala,GTM,1979,0.0,0,0.0,0.0,0.0,0,0,0,0
Guatemala,GTM,1980,0.0,0,0.0,0.0,0.0,0,0,0,0
Guatemala,GTM,1981,0.0,0,0.0,0.0,0.0,0,0,0,0
Guatemala,GTM,1982,0.0,0,0.0,0.0,1.0,1,1,1,0
Guatemala,GTM,1983,0.25,1,0.0,0.0,1.0,0,0,1,1
Guatemala,GTM,1984,18.07,1,1.0,0.0,1.0,0,0,1,1
Guatemala,GTM,1985,76.56,1,1.0,1.0,1.0,0,0,1,1
Guatemala,GTM,1986,233.543,1,1.0,1.0,1.0,0,0,1,1
Guatemala,GTM,1987,329.26800000000003,1,1.0,1.0,1.0,0,0,1,1
Guatemala,GTM,1988,324.587,1,1.0,1.0,1.0,0,0,1,1
Guatemala,GTM,1989,914.3280000000001,1,1.0,1.0,1.0,0,0,1,1
Guatemala,GTM,1990,506.47,1,1.0,1.0,1.0,0,0,1,1
Guatemala,GTM,1991,533.54,1,1.0,1.0,1.0,0,0,1,1
Guatemala,GTM,1992,519.77,1,1.0,1.0,1.0,0,0,1,1
Guatemala,GTM,1993,907.98,1,1.0,1.0,1.0,0,0,1,1
Guatemala,GTM,1994,447.82,1,1.0,1.0,1.0,0,0,1,1
Guatemala,GTM,1995,477.6,1,1.0,1.0,1.0,0,0,1,1
Guatemala,GTM,1996,488.7,1,1.0,1.0,1.0,0,0,1,1
Guatemala,GTM,1997,474.2,1,1.0,1.0,1.0,0,0,1,1
Guatemala,GTM,1998,461.0,1,1.0,1.0,1.0,0,0,1,1
Guatemala,GTM,1999,492.1,1,1.0,1.0,1.0,0,0,1,1
Guatemala,GTM,2000,541.4010000000001,1,1.0,1.0,1.0,0,0,1,1
Guatemala,GTM,2001,522.9449999999999,1,1.0,1.0,1.0,0,0,1,1
Guatemala,GTM,2002,522.0459999999999,1,1.0,1.0,1.0,0,0,1,1
Guatemala,GTM,2003,534.978,1,1.0,1.0,1.0,0,0,1,1
Guatemala,GTM,2004,544.933,1,1.0,1.0,1.0,0,0,1,1
Guatemala,GTM,2005,544.933,1,1.0,1.0,1.0,0,0,1,1
Guatemala,GTM,2006,128.6,1,1.0,1.0,1.0,0,0,1,1
Guatemala,GTM,2007,0.027,1,1.0,1.0,1.0,0,0,1,1
Guatemala,GTM,2008,0.001,1,1.0,1.0,0.0,0,0,0,0
Guatemala,GTM,2009,0.0,0,1.0,1.0,0.0,0,0,0,0
Guatemala,GTM,2010,0.0,0,0.0,1.0,0.0,0,0,0,0
Guatemala,GTM,2011,0.0,0,0.0,0.0,1.0,1,1,1,0
Guatemala,GTM,2012,0.0040205,1,0.0,0.0,1.0,0,0,1,1
Guatemala,GTM,2013,0.389,1,1.0,0.0,0.0,0,0,0,0
Guatemala,GTM,2014,0.0,0,1.0,1.0,0.0,0,0,0,0
Guatemala,GTM,2015,0.0,0,0.0,1.0,0.0,0,0,0,0
Guatemala,GTM,2016,0.0,0,0.0,0.0,0.0,0,0,0,0
Guatemala,GTM,2017,0.0,0,0.0,0.0,0.0,0,0,0,0
Guatemala,GTM,2018,0.0,0,0.0,0.0,0.0,0,0,0,0
Guatemala,GTM,2019,0.0,0,0.0,0.0,1.0,1,1,1,0
Guatemala,GTM,2020,3.9093041,1,0.0,0.0,0.0,0,0,0,0
Guatemala,GTM,2021,0.0,0,1.0,0.0,1.0,1,0,1,0
Guatemala,GTM,2022,0.2287208,1,0.0,1.0,0.0,0,0,0,0
Guatemala,GTM,2023,0.0,0,1.0,0.0,,0,0,0,0
Guinea,GIN,1960,0.0,0,,,0.0,0,0,0,0
Guinea,GIN,1961,0.0,0,0.0,,0.0,0,0,0,0
Guinea,GIN,1962,0.0,0,0.0,0.0,0.0,0,0,0,0
Guinea,GIN,1963,0.0,0,0.0,0.0,0.0,0,0,0,0
Guinea,GIN,1964,0.0,0,0.0,0.0,1.0,1,1,1,0
Guinea,GIN,1965,29.0,1,0.0,0.0,0.0,0,0,0,0
Guinea,GIN,1966,0.0,0,1.0,0.0,1.0,1,0,1,0
Guinea,GIN,1967,7.0,1,0.0,1.0,1.0,0,0,1,1
Guinea,GIN,1968,9.0,1,1.0,0.0,1.0,0,0,1,1
Guinea,GIN,1969,9.0,1,1.0,1.0,1.0,0,0,1,1
Guinea,GIN,1970,21.639989999999997,1,1.0,1.0,1.0,0,0,1,1
Guinea,GIN,1971,41.883610000000004,1,1.0,1.0,1.0,0,0,1,1
Guinea,GIN,1972,62.846000000000004,1,1.0,1.0,1.0,0,0,1,1
Guinea,GIN,1973,95.89605999999999,1,1.0,1.0,1.0,0,0,1,1
Guinea,GIN,1974,129.62462,1,1.0,1.0,1.0,0,0,1,1
Guinea,GIN,1975,157.77279,1,1.0,1.0,1.0,0,0,1,1
Guinea,GIN,1976,172.31241,1,1.0,1.0,1.0,0,0,1,1
Guinea,GIN,1977,200.73041999999998,1,1.0,1.0,1.0,0,0,1,1
Guinea,GIN,1978,242.93898000000002,1,1.0,1.0,1.0,0,0,1,1
Guinea,GIN,1979,249.02305,1,1.0,1.0,1.0,0,0,1,1
Guinea,GIN,1980,134.27115,1,1.0,1.0,1.0,0,0,1,1
Guinea,GIN,1981,160.13993,1,1.0,1.0,1.0,0,0,1,1
Guinea,GIN,1982,191.2497095,1,1.0,1.0,1.0,0,0,1,1
Guinea,GIN,1983,207.5107698,1,1.0,1.0,1.0,0,0,1,1
Guinea,GIN,1984,201.7278187,1,1.0,1.0,1.0,0,0,1,1
Guinea,GIN,1985,273.3175627,1,1.0,1.0,1.0,0,0,1,1
Guinea,GIN,1986,247.85549790000002,1,1.0,1.0,1.0,0,0,1,1
Guinea,GIN,1987,248.1947548,1,1.0,1.0,1.0,0,0,1,1
Guinea,GIN,1988,355.0882987,1,1.0,1.0,1.0,0,0,1,1
Guinea,GIN,1989,712.0444349999999,1,1.0,1.0,1.0,0,0,1,1
Guinea,GIN,1990,414.66767219999997,1,1.0,1.0,1.0,0,0,1,1
Guinea,GIN,1991,372.90505,1,1.0,1.0,1.0,0,0,1,1
Guinea,GIN,1992,521.0296363,1,1.0,1.0,1.0,0,0,1,1
Guinea,GIN,1993,450.7129365,1,1.0,1.0,1.0,0,0,1,1
Guinea,GIN,1994,565.3299,1,1.0,1.0,1.0,0,0,1,1
Guinea,GIN,1995,628.11721,1,1.0,1.0,1.0,0,0,1,1
Guinea,GIN,1996,534.9474399999999,1,1.0,1.0,1.0,0,0,1,1
Guinea,GIN,1997,605.7742499999999,1,1.0,1.0,1.0,0,0,1,1
Guinea,GIN,1998,697.7782,1,1.0,1.0,1.0,0,0,1,1
Guinea,GIN,1999,575.1535,1,1.0,1.0,1.0,0,0,1,1
Guinea,GIN,2000,399.8925695,1,1.0,1.0,1.0,0,0,1,1
Guinea,GIN,2001,503.809547,1,1.0,1.0,1.0,0,0,1,1
Guinea,GIN,2002,347.1710562,1,1.0,1.0,1.0,0,0,1,1
Guinea,GIN,2003,343.1742307,1,1.0,1.0,1.0,0,0,1,1
Guinea,GIN,2004,328.57734419999997,1,1.0,1.0,1.0,0,0,1,1
Guinea,GIN,2005,331.5535748,1,1.0,1.0,1.0,0,0,1,1
Guinea,GIN,2006,339.81376049999994,1,1.0,1.0,1.0,0,0,1,1
Guinea,GIN,2007,354.6276217,1,1.0,1.0,1.0,0,0,1,1
Guinea,GIN,2008,371.53369169999996,1,1.0,1.0,1.0,0,0,1,1
Guinea,GIN,2009,169.3693755,1,1.0,1.0,1.0,0,0,1,1
Guinea,GIN,2010,248.2491204,1,1.0,1.0,1.0,0,0,1,1
Guinea,GIN,2011,162.93128,1,1.0,1.0,1.0,0,0,1,1
Guinea,GIN,2012,2125.9790534999997,1,1.0,1.0,1.0,0,0,1,1
Guinea,GIN,2013,185.1348386,1,1.0,1.0,1.0,0,0,1,1
Guinea,GIN,2014,170.46856450000004,1,1.0,1.0,1.0,0,0,1,1
Guinea,GIN,2015,89.57098880000001,1,1.0,1.0,1.0,0,0,1,1
Guinea,GIN,2016,88.9352631,1,1.0,1.0,1.0,0,0,1,1
Guinea,GIN,2017,90.9185969,1,1.0,1.0,1.0,0,0,1,1
Guinea,GIN,2018,90.3516404,1,1.0,1.0,1.0,0,0,1,1
Guinea,GIN,2019,90.2151192,1,1.0,1.0,1.0,0,0,1,1
Guinea,GIN,2020,130.3539355,1,1.0,1.0,1.0,0,0,1,1
Guinea,GIN,2021,126.411098,1,1.0,1.0,1.0,0,0,1,1
Guinea,GIN,2022,120.5698196,1,1.0,1.0,1.0,0,0,1,1
Guinea,GIN,2023,126.0,1,1.0,1.0,,0,0,0,0
Guinea-Bissau,GNB,1960,,0,,,0.0,0,0,0,0
Guinea-Bissau,GNB,1961,,0,0.0,,0.0,0,0,0,0
Guinea-Bissau,GNB,1962,,0,0.0,0.0,0.0,0,0,0,0
Guinea-Bissau,GNB,1963,,0,0.0,0.0,0.0,0,0,0,0
Guinea-Bissau,GNB,1964,,0,0.0,0.0,0.0,0,0,0,0
Guinea-Bissau,GNB,1965,,0,0.0,0.0,0.0,0,0,0,0
Guinea-Bissau,GNB,1966,,0,0.0,0.0,0.0,0,0,0,0
Guinea-Bissau,GNB,1967,,0,0.0,0.0,0.0,0,0,0,0
Guinea-Bissau,GNB,1968,,0,0.0,0.0,0.0,0,0,0,0
Guinea-Bissau,GNB,1969,,0,0.0,0.0,0.0,0,0,0,0
Guinea-Bissau,GNB,1970,,0,0.0,0.0,0.0,0,0,0,0
Guinea-Bissau,GNB,1971,,0,0.0,0.0,0.0,0,0,0,0
Guinea-Bissau,GNB,1972,,0,0.0,0.0,0.0,0,0,0,0
Guinea-Bissau,GNB,1973,,0,0.0,0.0,0.0,0,0,0,0
Guinea-Bissau,GNB,1974,0.0,0,0.0,0.0,0.0,0,0,0,0
Guinea-Bissau,GNB,1975,0.0,0,0.0,0.0,1.0,1,1,1,0
Guinea-Bissau,GNB,1976,0.107,1,0.0,0.0,1.0,0,0,1,1
Guinea-Bissau,GNB,1977,0.217,1,1.0,0.0,1.0,0,0,1,1
Guinea-Bissau,GNB,1978,0.621763,1,1.0,1.0,1.0,0,0,1,1
Guinea-Bissau,GNB,1979,2.3204130000000003,1,1.0,1.0,1.0,0,0,1,1
Guinea-Bissau,GNB,1980,5.404953,1,1.0,1.0,1.0,0,0,1,1
Guinea-Bissau,GNB,1981,15.544163999999999,1,1.0,1.0,1.0,0,0,1,1
Guinea-Bissau,GNB,1982,28.114089,1,1.0,1.0,1.0,0,0,1,1
Guinea-Bissau,GNB,1983,32.6941,1,1.0,1.0,1.0,0,0,1,1
Guinea-Bissau,GNB,1984,26.786399,1,1.0,1.0,1.0,0,0,1,1
Guinea-Bissau,GNB,1985,37.532021,1,1.0,1.0,1.0,0,0,1,1
Guinea-Bissau,GNB,1986,48.34625,1,1.0,1.0,1.0,0,0,1,1
Guinea-Bissau,GNB,1987,51.160376,1,1.0,1.0,1.0,0,0,1,1
Guinea-Bissau,GNB,1988,50.317263000000004,1,1.0,1.0,1.0,0,0,1,1
Guinea-Bissau,GNB,1989,117.7511161,1,1.0,1.0,1.0,0,0,1,1
Guinea-Bissau,GNB,1990,163.17352,1,1.0,1.0,1.0,0,0,1,1
Guinea-Bissau,GNB,1991,180.67218,1,1.0,1.0,1.0,0,0,1,1
Guinea-Bissau,GNB,1992,224.90274,1,1.0,1.0,1.0,0,0,1,1
Guinea-Bissau,GNB,1993,272.40372,1,1.0,1.0,1.0,0,0,1,1
Guinea-Bissau,GNB,1994,341.21031000000005,1,1.0,1.0,1.0,0,0,1,1
Guinea-Bissau,GNB,1995,368.9354065,1,1.0,1.0,1.0,0,0,1,1
Guinea-Bissau,GNB,1996,381.9019,1,1.0,1.0,1.0,0,0,1,1
Guinea-Bissau,GNB,1997,14.2816601,1,1.0,1.0,1.0,0,0,1,1
Guinea-Bissau,GNB,1998,254.0876,1,1.0,1.0,1.0,0,0,1,1
Guinea-Bissau,GNB,1999,283.0411,1,1.0,1.0,1.0,0,0,1,1
Guinea-Bissau,GNB,2000,309.938918,1,1.0,1.0,1.0,0,0,1,1
Guinea-Bissau,GNB,2001,339.4006153,1,1.0,1.0,1.0,0,0,1,1
Guinea-Bissau,GNB,2002,354.4785149,1,1.0,1.0,1.0,0,0,1,1
Guinea-Bissau,GNB,2003,399.6654451,1,1.0,1.0,1.0,0,0,1,1
Guinea-Bissau,GNB,2004,518.6349762000001,1,1.0,1.0,1.0,0,0,1,1
Guinea-Bissau,GNB,2005,386.2517443,1,1.0,1.0,1.0,0,0,1,1
Guinea-Bissau,GNB,2006,386.7187595,1,1.0,1.0,1.0,0,0,1,1
Guinea-Bissau,GNB,2007,396.4866924,1,1.0,1.0,1.0,0,0,1,1
Guinea-Bissau,GNB,2008,456.3226284548684,1,1.0,1.0,1.0,0,0,1,1
Guinea-Bissau,GNB,2009,463.4703987,1,1.0,1.0,1.0,0,0,1,1
Guinea-Bissau,GNB,2010,415.9866871,1,1.0,1.0,1.0,0,0,1,1
Guinea-Bissau,GNB,2011,842.576438,1,1.0,1.0,1.0,0,0,1,1
Guinea-Bissau,GNB,2012,77.461,1,1.0,1.0,1.0,0,0,1,1
Guinea-Bissau,GNB,2013,77.494,1,1.0,1.0,1.0,0,0,1,1
Guinea-Bissau,GNB,2014,77.483,1,1.0,1.0,1.0,0,0,1,1
Guinea-Bissau,GNB,2015,77.538,1,1.0,1.0,1.0,0,0,1,1
Guinea-Bissau,GNB,2016,77.561231,1,1.0,1.0,1.0,0,0,1,1
Guinea-Bissau,GNB,2017,63.931786100000004,1,1.0,1.0,1.0,0,0,1,1
Guinea-Bissau,GNB,2018,26.0598158,1,1.0,1.0,1.0,0,0,1,1
Guinea-Bissau,GNB,2019,26.483313,1,1.0,1.0,1.0,0,0,1,1
Guinea-Bissau,GNB,2020,28.3199315,1,1.0,1.0,1.0,0,0,1,1
Guinea-Bissau,GNB,2021,56.8615862,1,1.0,1.0,1.0,0,0,1,1
Guinea-Bissau,GNB,2022,8.0788805,1,1.0,1.0,1.0,0,0,1,1
Guinea-Bissau,GNB,2023,89.0,1,1.0,1.0,,0,0,0,0
Guyana,GUY,1960,,0,,,0.0,0,0,0,0
Guyana,GUY,1961,,0,0.0,,0.0,0,0,0,0
Guyana,GUY,1962,,0,0.0,0.0,0.0,0,0,0,0
Guyana,GUY,1963,,0,0.0,0.0,0.0,0,0,0,0
Guyana,GUY,1964,,0,0.0,0.0,0.0,0,0,0,0
Guyana,GUY,1965,,0,0.0,0.0,0.0,0,0,0,0
Guyana,GUY,1966,0.0,0,0.0,0.0,0.0,0,0,0,0
Guyana,GUY,1967,0.0,0,0.0,0.0,0.0,0,0,0,0
Guyana,GUY,1968,0.0,0,0.0,0.0,0.0,0,0,0,0
Guyana,GUY,1969,0.0,0,0.0,0.0,0.0,0,0,0,0
Guyana,GUY,1970,0.0,0,0.0,0.0,0.0,0,0,0,0
Guyana,GUY,1971,0.0,0,0.0,0.0,1.0,1,1,1,0
Guyana,GUY,1972,0.538,1,0.0,0.0,1.0,0,0,1,1
Guyana,GUY,1973,0.768,1,1.0,0.0,1.0,0,0,1,1
Guyana,GUY,1974,2.157,1,1.0,1.0,1.0,0,0,1,1
Guyana,GUY,1975,3.46,1,1.0,1.0,1.0,0,0,1,1
Guyana,GUY,1976,17.02308,1,1.0,1.0,1.0,0,0,1,1
Guyana,GUY,1977,25.08174,1,1.0,1.0,1.0,0,0,1,1
Guyana,GUY,1978,39.25361,1,1.0,1.0,1.0,0,0,1,1
Guyana,GUY,1979,106.09034,1,1.0,1.0,1.0,0,0,1,1
Guyana,GUY,1980,77.83819,1,1.0,1.0,1.0,0,0,1,1
Guyana,GUY,1981,82.35061,1,1.0,1.0,1.0,0,0,1,1
Guyana,GUY,1982,131.19221,1,1.0,1.0,1.0,0,0,1,1
Guyana,GUY,1983,172.13773,1,1.0,1.0,1.0,0,0,1,1
Guyana,GUY,1984,293.0332436699872,1,1.0,1.0,1.0,0,0,1,1
Guyana,GUY,1985,373.5125103820892,1,1.0,1.0,1.0,0,0,1,1
Guyana,GUY,1986,458.27259027166053,1,1.0,1.0,1.0,0,0,1,1
Guyana,GUY,1987,1009.4057255268057,1,1.0,1.0,1.0,0,0,1,1
Guyana,GUY,1988,1121.7756532248598,1,1.0,1.0,1.0,0,0,1,1
Guyana,GUY,1989,786.6105413887135,1,1.0,1.0,1.0,0,0,1,1
Guyana,GUY,1990,672.2980593349555,1,1.0,1.0,1.0,0,0,1,1
Guyana,GUY,1991,348.0575,1,1.0,1.0,1.0,0,0,1,1
Guyana,GUY,1992,238.0197,1,1.0,1.0,1.0,0,0,1,1
Guyana,GUY,1993,194.3124636,1,1.0,1.0,1.0,0,0,1,1
Guyana,GUY,1994,205.93676,1,1.0,1.0,1.0,0,0,1,1
Guyana,GUY,1995,248.85511000000002,1,1.0,1.0,1.0,0,0,1,1
Guyana,GUY,1996,919.17708,1,1.0,1.0,1.0,0,0,1,1
Guyana,GUY,1997,195.44817,1,1.0,1.0,1.0,0,0,1,1
Guyana,GUY,1998,176.51668,1,1.0,1.0,1.0,0,0,1,1
Guyana,GUY,1999,457.18029809999996,1,1.0,1.0,1.0,0,0,1,1
Guyana,GUY,2000,146.7112146,1,1.0,1.0,1.0,0,0,1,1
Guyana,GUY,2001,153.9844968,1,1.0,1.0,1.0,0,0,1,1
Guyana,GUY,2002,158.2897838,1,1.0,1.0,1.0,0,0,1,1
Guyana,GUY,2003,184.92768999999998,1,1.0,1.0,1.0,0,0,1,1
Guyana,GUY,2004,196.8111211,1,1.0,1.0,1.0,0,0,1,1
Guyana,GUY,2005,227.58376660000002,1,1.0,1.0,1.0,0,0,1,1
Guyana,GUY,2006,456.259668,1,1.0,1.0,1.0,0,0,1,1
Guyana,GUY,2007,595.2238112,1,1.0,1.0,1.0,0,0,1,1
Guyana,GUY,2008,183.2091067,1,1.0,1.0,1.0,0,0,1,1
Guyana,GUY,2009,174.7782115,1,1.0,1.0,1.0,0,0,1,1
Guyana,GUY,2010,185.24750079999998,1,1.0,1.0,1.0,0,0,1,1
Guyana,GUY,2011,189.05905150000004,1,1.0,1.0,1.0,0,0,1,1
Guyana,GUY,2012,192.77207719999998,1,1.0,1.0,1.0,0,0,1,1
Guyana,GUY,2013,474.4171031,1,1.0,1.0,1.0,0,0,1,1
Guyana,GUY,2014,313.3312187,1,1.0,1.0,1.0,0,0,1,1
Guyana,GUY,2015,246.2984403,1,1.0,1.0,1.0,0,0,1,1
Guyana,GUY,2016,170.754481,1,1.0,1.0,1.0,0,0,1,1
Guyana,GUY,2017,164.78817279999998,1,1.0,1.0,1.0,0,0,1,1
Guyana,GUY,2018,166.68321260000002,1,1.0,1.0,1.0,0,0,1,1
Guyana,GUY,2019,97.8542239,1,1.0,1.0,1.0,0,0,1,1
Guyana,GUY,2020,89.01332359999999,1,1.0,1.0,1.0,0,0,1,1
Guyana,GUY,2021,89.8370486,1,1.0,1.0,1.0,0,0,1,1
Guyana,GUY,2022,90.8166555,1,1.0,1.0,1.0,0,0,1,1
Guyana,GUY,2023,74.0,1,1.0,1.0,,0,0,0,0
Haiti,HTI,1960,1.0,1,,,1.0,0,0,1,1
Haiti,HTI,1961,1.0,1,1.0,,1.0,0,0,1,1
Haiti,HTI,1962,1.0,1,1.0,1.0,1.0,0,0,1,1
Haiti,HTI,1963,27.0,1,1.0,1.0,1.0,0,0,1,1
Haiti,HTI,1964,27.0,1,1.0,1.0,1.0,0,0,1,1
Haiti,HTI,1965,29.0,1,1.0,1.0,1.0,0,0,1,1
Haiti,HTI,1966,0.2,1,1.0,1.0,1.0,0,0,1,1
Haiti,HTI,1967,3.55,1,1.0,1.0,1.0,0,0,1,1
Haiti,HTI,1968,4.2,1,1.0,1.0,1.0,0,0,1,1
Haiti,HTI,1969,5.5,1,1.0,1.0,1.0,0,0,1,1
Haiti,HTI,1970,4.32,1,1.0,1.0,1.0,0,0,1,1
Haiti,HTI,1971,4.32,1,1.0,1.0,1.0,0,0,1,1
Haiti,HTI,1972,4.326,1,1.0,1.0,1.0,0,0,1,1
Haiti,HTI,1973,4.052,1,1.0,1.0,1.0,0,0,1,1
Haiti,HTI,1974,0.054,1,1.0,1.0,1.0,0,0,1,1
Haiti,HTI,1975,2.99,1,1.0,1.0,0.0,0,0,0,0
Haiti,HTI,1976,0.0,0,1.0,1.0,0.0,0,0,0,0
Haiti,HTI,1977,0.0,0,0.0,1.0,0.0,0,0,0,0
Haiti,HTI,1978,0.0,0,0.0,0.0,0.0,0,0,0,0
Haiti,HTI,1979,0.0,0,0.0,0.0,0.0,0,0,0,0
Haiti,HTI,1980,0.0,0,0.0,0.0,1.0,1,1,1,0
Haiti,HTI,1981,0.149991,1,0.0,0.0,1.0,0,0,1,1
Haiti,HTI,1982,2.6891119999999997,1,1.0,0.0,1.0,0,0,1,1
Haiti,HTI,1983,9.765266,1,1.0,1.0,1.0,0,0,1,1
Haiti,HTI,1984,17.59743,1,1.0,1.0,1.0,0,0,1,1
Haiti,HTI,1985,29.93381,1,1.0,1.0,1.0,0,0,1,1
Haiti,HTI,1986,38.50497,1,1.0,1.0,1.0,0,0,1,1
Haiti,HTI,1987,41.68147,1,1.0,1.0,1.0,0,0,1,1
Haiti,HTI,1988,104.519117908916,1,1.0,1.0,1.0,0,0,1,1
Haiti,HTI,1989,100.69661187120673,1,1.0,1.0,1.0,0,0,1,1
Haiti,HTI,1990,66.62374,1,1.0,1.0,1.0,0,0,1,1
Haiti,HTI,1991,230.7949,1,1.0,1.0,1.0,0,0,1,1
Haiti,HTI,1992,84.97211,1,1.0,1.0,1.0,0,0,1,1
Haiti,HTI,1993,172.59463673629557,1,1.0,1.0,1.0,0,0,1,1
Haiti,HTI,1994,194.05394215406795,1,1.0,1.0,1.0,0,0,1,1
Haiti,HTI,1995,199.64499999999998,1,1.0,1.0,1.0,0,0,1,1
Haiti,HTI,1996,5.171746,1,1.0,1.0,1.0,0,0,1,1
Haiti,HTI,1997,3.851,1,1.0,1.0,1.0,0,0,1,1
Haiti,HTI,1998,2.88,1,1.0,1.0,1.0,0,0,1,1
Haiti,HTI,1999,3.203,1,1.0,1.0,1.0,0,0,1,1
Haiti,HTI,2000,3.4603197999999997,1,1.0,1.0,1.0,0,0,1,1
Haiti,HTI,2001,12.017,1,1.0,1.0,1.0,0,0,1,1
Haiti,HTI,2002,38.138999999999996,1,1.0,1.0,1.0,0,0,1,1
Haiti,HTI,2003,88.0211996,1,1.0,1.0,1.0,0,0,1,1
Haiti,HTI,2004,89.0,1,1.0,1.0,1.0,0,0,1,1
Haiti,HTI,2005,36.4845049,1,1.0,1.0,1.0,0,0,1,1
Haiti,HTI,2006,69.0,1,1.0,1.0,1.0,0,0,1,1
Haiti,HTI,2007,46.812859100000004,1,1.0,1.0,1.0,0,0,1,1
Haiti,HTI,2008,16.248974999999998,1,1.0,1.0,1.0,0,0,1,1
Haiti,HTI,2009,1027.05441,1,1.0,1.0,1.0,0,0,1,1
Haiti,HTI,2010,773.852047,1,1.0,1.0,1.0,0,0,1,1
Haiti,HTI,2011,557.4025468,1,1.0,1.0,1.0,0,0,1,1
Haiti,HTI,2012,717.626,1,1.0,1.0,1.0,0,0,1,1
Haiti,HTI,2013,870.0,1,1.0,1.0,1.0,0,0,1,1
Haiti,HTI,2014,1023.0,1,1.0,1.0,1.0,0,0,1,1
Haiti,HTI,2015,1176.0,1,1.0,1.0,1.0,0,0,1,1
Haiti,HTI,2016,1600.0,1,1.0,1.0,1.0,0,0,1,1
Haiti,HTI,2017,1684.0,1,1.0,1.0,1.0,0,0,1,1
Haiti,HTI,2018,1768.0,1,1.0,1.0,1.0,0,0,1,1
Haiti,HTI,2019,1853.0,1,1.0,1.0,1.0,0,0,1,1
Haiti,HTI,2020,1841.0,1,1.0,1.0,1.0,0,0,1,1
Haiti,HTI,2021,2017.0,1,1.0,1.0,1.0,0,0,1,1
Haiti,HTI,2022,2159.0,1,1.0,1.0,1.0,0,0,1,1
Haiti,HTI,2023,2256.0,1,1.0,1.0,,0,0,0,0
Honduras,HND,1960,0.0,0,,,0.0,0,0,0,0
Honduras,HND,1961,0.0,0,0.0,,0.0,0,0,0,0
Honduras,HND,1962,0.0,0,0.0,0.0,0.0,0,0,0,0
Honduras,HND,1963,0.0,0,0.0,0.0,0.0,0,0,0,0
Honduras,HND,1964,0.0,0,0.0,0.0,0.0,0,0,0,0
Honduras,HND,1965,0.0,0,0.0,0.0,0.0,0,0,0,0
Honduras,HND,1966,0.0,0,0.0,0.0,0.0,0,0,0,0
Honduras,HND,1967,0.0,0,0.0,0.0,0.0,0,0,0,0
Honduras,HND,1968,0.0,0,0.0,0.0,0.0,0,0,0,0
Honduras,HND,1969,0.0,0,0.0,0.0,0.0,0,0,0,0
Honduras,HND,1970,0.0,0,0.0,0.0,0.0,0,0,0,0
Honduras,HND,1971,0.0,0,0.0,0.0,0.0,0,0,0,0
Honduras,HND,1972,0.0,0,0.0,0.0,0.0,0,0,0,0
Honduras,HND,1973,0.0,0,0.0,0.0,0.0,0,0,0,0
Honduras,HND,1974,0.0,0,0.0,0.0,0.0,0,0,0,0
Honduras,HND,1975,0.0,0,0.0,0.0,0.0,0,0,0,0
Honduras,HND,1976,0.0,0,0.0,0.0,1.0,1,1,1,0
Honduras,HND,1977,0.25,1,0.0,0.0,1.0,0,0,1,1
Honduras,HND,1978,1.01,1,1.0,0.0,1.0,0,0,1,1
Honduras,HND,1979,2.6,1,1.0,1.0,1.0,0,0,1,1
Honduras,HND,1980,2.683,1,1.0,1.0,1.0,0,0,1,1
Honduras,HND,1981,16.052809,1,1.0,1.0,1.0,0,0,1,1
Honduras,HND,1982,98.230143,1,1.0,1.0,1.0,0,0,1,1
Honduras,HND,1983,112.22945999999999,1,1.0,1.0,1.0,0,0,1,1
Honduras,HND,1984,382.42835,1,1.0,1.0,1.0,0,0,1,1
Honduras,HND,1985,338.4562317,1,1.0,1.0,1.0,0,0,1,1
Honduras,HND,1986,426.5203323,1,1.0,1.0,1.0,0,0,1,1
Honduras,HND,1987,519.3420537,1,1.0,1.0,1.0,0,0,1,1
Honduras,HND,1988,596.3168226478504,1,1.0,1.0,1.0,0,0,1,1
Honduras,HND,1989,687.7332365126048,1,1.0,1.0,1.0,0,0,1,1
Honduras,HND,1990,1036.5180640859737,1,1.0,1.0,1.0,0,0,1,1
Honduras,HND,1991,744.4214,1,1.0,1.0,1.0,0,0,1,1
Honduras,HND,1992,306.805,1,1.0,1.0,1.0,0,0,1,1
Honduras,HND,1993,390.6468,1,1.0,1.0,1.0,0,0,1,1
Honduras,HND,1994,342.9063,1,1.0,1.0,1.0,0,0,1,1
Honduras,HND,1995,292.9637,1,1.0,1.0,1.0,0,0,1,1
Honduras,HND,1996,314.5076,1,1.0,1.0,1.0,0,0,1,1
Honduras,HND,1997,353.84587,1,1.0,1.0,1.0,0,0,1,1
Honduras,HND,1998,248.72500000000002,1,1.0,1.0,1.0,0,0,1,1
Honduras,HND,1999,532.8391,1,1.0,1.0,1.0,0,0,1,1
Honduras,HND,2000,256.2719432,1,1.0,1.0,1.0,0,0,1,1
Honduras,HND,2001,202.7571843,1,1.0,1.0,1.0,0,0,1,1
Honduras,HND,2002,176.2386496,1,1.0,1.0,1.0,0,0,1,1
Honduras,HND,2003,226.1658952,1,1.0,1.0,1.0,0,0,1,1
Honduras,HND,2004,501.38022820000003,1,1.0,1.0,1.0,0,0,1,1
Honduras,HND,2005,1011.4178268000002,1,1.0,1.0,1.0,0,0,1,1
Honduras,HND,2006,1519.9403412,1,1.0,1.0,1.0,0,0,1,1
Honduras,HND,2007,1244.1102362,1,1.0,1.0,1.0,0,0,1,1
Honduras,HND,2008,81.71278509999999,1,1.0,1.0,1.0,0,0,1,1
Honduras,HND,2009,47.8192653,1,1.0,1.0,1.0,0,0,1,1
Honduras,HND,2010,48.60275560000001,1,1.0,1.0,1.0,0,0,1,1
Honduras,HND,2011,115.24721930000001,1,1.0,1.0,1.0,0,0,1,1
Honduras,HND,2012,26.8689059,1,1.0,1.0,1.0,0,0,1,1
Honduras,HND,2013,26.131911699999996,1,1.0,1.0,1.0,0,0,1,1
Honduras,HND,2014,23.610013499999997,1,1.0,1.0,1.0,0,0,1,1
Honduras,HND,2015,19.6651527,1,1.0,1.0,1.0,0,0,1,1
Honduras,HND,2016,13.953644999999998,1,1.0,1.0,1.0,0,0,1,1
Honduras,HND,2017,18.0704508,1,1.0,1.0,1.0,0,0,1,1
Honduras,HND,2018,13.798795,1,1.0,1.0,1.0,0,0,1,1
Honduras,HND,2019,11.995000000000001,1,1.0,1.0,1.0,0,0,1,1
Honduras,HND,2020,13.133000000000001,1,1.0,1.0,1.0,0,0,1,1
Honduras,HND,2021,19.161,1,1.0,1.0,1.0,0,0,1,1
Honduras,HND,2022,22.4905774,1,1.0,1.0,1.0,0,0,1,1
Honduras,HND,2023,24.387,1,1.0,1.0,,0,0,0,0
Hungary,HUN,1960,144.8484,1,,,1.0,0,0,1,1
Hungary,HUN,1961,147.7476,1,1.0,,1.0,0,0,1,1
Hungary,HUN,1962,150.64679999999998,1,1.0,1.0,1.0,0,0,1,1
Hungary,HUN,1963,153.54600000000002,1,1.0,1.0,1.0,0,0,1,1
Hungary,HUN,1964,156.4452,1,1.0,1.0,1.0,0,0,1,1
Hungary,HUN,1965,159.34440000000004,1,1.0,1.0,1.0,0,0,1,1
Hungary,HUN,1966,162.24360000000001,1,1.0,1.0,1.0,0,0,1,1
Hungary,HUN,1967,148.79440000000002,1,1.0,1.0,1.0,0,0,1,1
Hungary,HUN,1968,51.59000000000002,1,1.0,1.0,1.0,0,0,1,1
Hungary,HUN,1969,52.47600000000002,1,1.0,1.0,1.0,0,0,1,1
Hungary,HUN,1970,53.36200000000002,1,1.0,1.0,1.0,0,0,1,1
Hungary,HUN,1971,54.248000000000026,1,1.0,1.0,1.0,0,0,1,1
Hungary,HUN,1972,55.13400000000003,1,1.0,1.0,1.0,0,0,1,1
Hungary,HUN,1973,56.02000000000003,1,1.0,1.0,1.0,0,0,1,1
Hungary,HUN,1974,56.906000000000034,1,1.0,1.0,1.0,0,0,1,1
Hungary,HUN,1975,57.79200000000004,1,1.0,1.0,0.0,0,0,0,0
Hungary,HUN,1976,0.0,0,1.0,1.0,0.0,0,0,0,0
Hungary,HUN,1977,0.0,0,0.0,1.0,0.0,0,0,0,0
Hungary,HUN,1978,0.0,0,0.0,0.0,0.0,0,0,0,0
Hungary,HUN,1979,0.0,0,0.0,0.0,0.0,0,0,0,0
Hungary,HUN,1980,0.0,0,0.0,0.0,0.0,0,0,0,0
Hungary,HUN,1981,0.0,0,0.0,0.0,0.0,0,0,0,0
Hungary,HUN,1982,0.0,0,0.0,0.0,0.0,0,0,0,0
Hungary,HUN,1983,0.0,0,0.0,0.0,0.0,0,0,0,0
Hungary,HUN,1984,0.0,0,0.0,0.0,0.0,0,0,0,0
Hungary,HUN,1985,0.0,0,0.0,0.0,0.0,0,0,0,0
Hungary,HUN,1986,0.0,0,0.0,0.0,0.0,0,0,0,0
Hungary,HUN,1987,0.0,0,0.0,0.0,0.0,0,0,0,0
Hungary,HUN,1988,0.0,0,0.0,0.0,0.0,0,0,0,0
Hungary,HUN,1989,0.0,0,0.0,0.0,0.0,0,0,0,0
Hungary,HUN,1990,0.0,0,0.0,0.0,0.0,0,0,0,0
Hungary,HUN,1991,0.0,0,0.0,0.0,0.0,0,0,0,0
Hungary,HUN,1992,0.0,0,0.0,0.0,0.0,0,0,0,0
Hungary,HUN,1993,0.0,0,0.0,0.0,0.0,0,0,0,0
Hungary,HUN,1994,0.0,0,0.0,0.0,0.0,0,0,0,0
Hungary,HUN,1995,0.0,0,0.0,0.0,0.0,0,0,0,0
Hungary,HUN,1996,0.0,0,0.0,0.0,0.0,0,0,0,0
Hungary,HUN,1997,0.0,0,0.0,0.0,0.0,0,0,0,0
Hungary,HUN,1998,0.0,0,0.0,0.0,0.0,0,0,0,0
Hungary,HUN,1999,0.0,0,0.0,0.0,0.0,0,0,0,0
Hungary,HUN,2000,0.0,0,0.0,0.0,0.0,0,0,0,0
Hungary,HUN,2001,0.0,0,0.0,0.0,0.0,0,0,0,0
Hungary,HUN,2002,0.0,0,0.0,0.0,0.0,0,0,0,0
Hungary,HUN,2003,0.0,0,0.0,0.0,0.0,0,0,0,0
Hungary,HUN,2004,0.0,0,0.0,0.0,0.0,0,0,0,0
Hungary,HUN,2005,0.0,0,0.0,0.0,0.0,0,0,0,0
Hungary,HUN,2006,0.0,0,0.0,0.0,0.0,0,0,0,0
Hungary,HUN,2007,0.0,0,0.0,0.0,0.0,0,0,0,0
Hungary,HUN,2008,0.0,0,0.0,0.0,0.0,0,0,0,0
Hungary,HUN,2009,0.0,0,0.0,0.0,0.0,0,0,0,0
Hungary,HUN,2010,0.0,0,0.0,0.0,0.0,0,0,0,0
Hungary,HUN,2011,0.0,0,0.0,0.0,0.0,0,0,0,0
Hungary,HUN,2012,0.0,0,0.0,0.0,0.0,0,0,0,0
Hungary,HUN,2013,0.0,0,0.0,0.0,0.0,0,0,0,0
Hungary,HUN,2014,0.0,0,0.0,0.0,0.0,0,0,0,0
Hungary,HUN,2015,0.0,0,0.0,0.0,0.0,0,0,0,0
Hungary,HUN,2016,0.0,0,0.0,0.0,0.0,0,0,0,0
Hungary,HUN,2017,0.0,0,0.0,0.0,0.0,0,0,0,0
Hungary,HUN,2018,0.0,0,0.0,0.0,0.0,0,0,0,0
Hungary,HUN,2019,0.0,0,0.0,0.0,0.0,0,0,0,0
Hungary,HUN,2020,0.0,0,0.0,0.0,0.0,0,0,0,0
Hungary,HUN,2021,0.0,0,0.0,0.0,0.0,0,0,0,0
Hungary,HUN,2022,0.0,0,0.0,0.0,0.0,0,0,0,0
Hungary,HUN,2023,0.0,0,0.0,0.0,,0,0,0,0
India,IND,1960,0.0,0,,,0.0,0,0,0,0
India,IND,1961,0.0,0,0.0,,0.0,0,0,0,0
India,IND,1962,0.0,0,0.0,0.0,0.0,0,0,0,0
India,IND,1963,0.0,0,0.0,0.0,0.0,0,0,0,0
India,IND,1964,0.0,0,0.0,0.0,0.0,0,0,0,0
India,IND,1965,0.0,0,0.0,0.0,0.0,0,0,0,0
India,IND,1966,0.0,0,0.0,0.0,1.0,1,1,1,0
India,IND,1967,30.0,1,0.0,0.0,1.0,0,0,1,1
India,IND,1968,403.0,1,1.0,0.0,0.0,0,0,0,0
India,IND,1969,0.0,0,1.0,1.0,0.0,0,0,0,0
India,IND,1970,0.0,0,0.0,1.0,0.0,0,0,0,0
India,IND,1971,0.0,0,0.0,0.0,1.0,1,1,1,0
India,IND,1972,153.0,1,0.0,0.0,1.0,0,0,1,1
India,IND,1973,187.0,1,1.0,0.0,1.0,0,0,1,1
India,IND,1974,194.0,1,1.0,1.0,1.0,0,0,1,1
India,IND,1975,228.0,1,1.0,1.0,1.0,0,0,1,1
India,IND,1976,169.0,1,1.0,1.0,0.0,0,0,0,0
India,IND,1977,0.0,0,1.0,1.0,0.0,0,0,0,0
India,IND,1978,0.0,0,0.0,1.0,0.0,0,0,0,0
India,IND,1979,0.0,0,0.0,0.0,0.0,0,0,0,0
India,IND,1980,0.0,0,0.0,0.0,0.0,0,0,0,0
India,IND,1981,0.0,0,0.0,0.0,0.0,0,0,0,0
India,IND,1982,0.0,0,0.0,0.0,0.0,0,0,0,0
India,IND,1983,0.0,0,0.0,0.0,0.0,0,0,0,0
India,IND,1984,0.0,0,0.0,0.0,0.0,0,0,0,0
India,IND,1985,0.0,0,0.0,0.0,0.0,0,0,0,0
India,IND,1986,0.0,0,0.0,0.0,0.0,0,0,0,0
India,IND,1987,0.0,0,0.0,0.0,0.0,0,0,0,0
India,IND,1988,0.0,0,0.0,0.0,0.0,0,0,0,0
India,IND,1989,0.0,0,0.0,0.0,0.0,0,0,0,0
India,IND,1990,0.0,0,0.0,0.0,0.0,0,0,0,0
India,IND,1991,0.0,0,0.0,0.0,1.0,1,1,1,0
India,IND,1992,3.0,1,0.0,0.0,1.0,0,0,1,1
India,IND,1993,9301.1,1,1.0,0.0,0.0,0,0,0,0
India,IND,1994,0.0,0,1.0,1.0,0.0,0,0,0,0
India,IND,1995,0.0,0,0.0,1.0,0.0,0,0,0,0
India,IND,1996,0.0,0,0.0,0.0,0.0,0,0,0,0
India,IND,1997,0.0,0,0.0,0.0,0.0,0,0,0,0
India,IND,1998,0.0,0,0.0,0.0,0.0,0,0,0,0
India,IND,1999,0.0,0,0.0,0.0,0.0,0,0,0,0
India,IND,2000,0.0,0,0.0,0.0,0.0,0,0,0,0
India,IND,2001,0.0,0,0.0,0.0,0.0,0,0,0,0
India,IND,2002,0.0,0,0.0,0.0,0.0,0,0,0,0
India,IND,2003,0.0,0,0.0,0.0,0.0,0,0,0,0
India,IND,2004,0.0,0,0.0,0.0,0.0,0,0,0,0
India,IND,2005,0.0,0,0.0,0.0,0.0,0,0,0,0
India,IND,2006,0.0,0,0.0,0.0,0.0,0,0,0,0
India,IND,2007,0.0,0,0.0,0.0,0.0,0,0,0,0
India,IND,2008,0.0,0,0.0,0.0,0.0,0,0,0,0
India,IND,2009,0.0,0,0.0,0.0,0.0,0,0,0,0
India,IND,2010,0.0,0,0.0,0.0,0.0,0,0,0,0
India,IND,2011,0.0,0,0.0,0.0,0.0,0,0,0,0
India,IND,2012,0.0,0,0.0,0.0,0.0,0,0,0,0
India,IND,2013,0.0,0,0.0,0.0,0.0,0,0,0,0
India,IND,2014,0.0,0,0.0,0.0,0.0,0,0,0,0
India,IND,2015,0.0,0,0.0,0.0,0.0,0,0,0,0
India,IND,2016,0.0,0,0.0,0.0,0.0,0,0,0,0
India,IND,2017,0.0,0,0.0,0.0,0.0,0,0,0,0
India,IND,2018,0.0,0,0.0,0.0,0.0,0,0,0,0
India,IND,2019,0.0,0,0.0,0.0,0.0,0,0,0,0
India,IND,2020,0.0,0,0.0,0.0,0.0,0,0,0,0
India,IND,2021,0.0,0,0.0,0.0,0.0,0,0,0,0
India,IND,2022,0.0,0,0.0,0.0,0.0,0,0,0,0
India,IND,2023,0.0,0,0.0,0.0,,0,0,0,0
Indonesia,IDN,1960,0.0,0,,,0.0,0,0,0,0
Indonesia,IDN,1961,0.0,0,0.0,,0.0,0,0,0,0
Indonesia,IDN,1962,0.0,0,0.0,0.0,0.0,0,0,0,0
Indonesia,IDN,1963,0.0,0,0.0,0.0,0.0,0,0,0,0
Indonesia,IDN,1964,0.0,0,0.0,0.0,0.0,0,0,0,0
Indonesia,IDN,1965,0.0,0,0.0,0.0,1.0,1,1,1,0
Indonesia,IDN,1966,810.0,1,0.0,0.0,1.0,0,0,1,1
Indonesia,IDN,1967,260.0,1,1.0,0.0,1.0,0,0,1,1
Indonesia,IDN,1968,333.0,1,1.0,1.0,1.0,0,0,1,1
Indonesia,IDN,1969,957.0,1,1.0,1.0,1.0,0,0,1,1
Indonesia,IDN,1970,3561.285,1,1.0,1.0,1.0,0,0,1,1
Indonesia,IDN,1971,202.189,1,1.0,1.0,1.0,0,0,1,1
Indonesia,IDN,1972,207.584,1,1.0,1.0,1.0,0,0,1,1
Indonesia,IDN,1973,168.2,1,1.0,1.0,1.0,0,0,1,1
Indonesia,IDN,1974,171.0,1,1.0,1.0,1.0,0,0,1,1
Indonesia,IDN,1975,174.0,1,1.0,1.0,1.0,0,0,1,1
Indonesia,IDN,1976,177.0,1,1.0,1.0,1.0,0,0,1,1
Indonesia,IDN,1977,180.0,1,1.0,1.0,1.0,0,0,1,1
Indonesia,IDN,1978,183.0,1,1.0,1.0,1.0,0,0,1,1
Indonesia,IDN,1979,186.0,1,1.0,1.0,1.0,0,0,1,1
Indonesia,IDN,1980,189.0,1,1.0,1.0,1.0,0,0,1,1
Indonesia,IDN,1981,192.0,1,1.0,1.0,1.0,0,0,1,1
Indonesia,IDN,1982,195.0,1,1.0,1.0,1.0,0,0,1,1
Indonesia,IDN,1983,198.0,1,1.0,1.0,1.0,0,0,1,1
Indonesia,IDN,1984,201.0,1,1.0,1.0,1.0,0,0,1,1
Indonesia,IDN,1985,267.142942,1,1.0,1.0,1.0,0,0,1,1
Indonesia,IDN,1986,274.3303004,1,1.0,1.0,1.0,0,0,1,1
Indonesia,IDN,1987,295.7016445,1,1.0,1.0,1.0,0,0,1,1
Indonesia,IDN,1988,286.893118,1,1.0,1.0,1.0,0,0,1,1
Indonesia,IDN,1989,286.53440409999996,1,1.0,1.0,1.0,0,0,1,1
Indonesia,IDN,1990,220.2958306,1,1.0,1.0,1.0,0,0,1,1
Indonesia,IDN,1991,1.2397671000000001,1,1.0,1.0,1.0,0,0,1,1
Indonesia,IDN,1992,1.1545551,1,1.0,1.0,1.0,0,0,1,1
Indonesia,IDN,1993,1.1344603999999998,1,1.0,1.0,1.0,0,0,1,1
Indonesia,IDN,1994,4200.0,1,1.0,1.0,0.0,0,0,0,0
Indonesia,IDN,1995,0.0,0,1.0,1.0,0.0,0,0,0,0
Indonesia,IDN,1996,0.0,0,0.0,1.0,1.0,1,1,1,0
Indonesia,IDN,1997,0.0322306,1,0.0,0.0,1.0,0,0,1,1
Indonesia,IDN,1998,4375.843,1,1.0,0.0,1.0,0,0,1,1
Indonesia,IDN,1999,5133.1833437,1,1.0,1.0,1.0,0,0,1,1
Indonesia,IDN,2000,6175.687,1,1.0,1.0,1.0,0,0,1,1
Indonesia,IDN,2001,2749.6351492,1,1.0,1.0,1.0,0,0,1,1
Indonesia,IDN,2002,6205.356,1,1.0,1.0,1.0,0,0,1,1
Indonesia,IDN,2003,2930.2368017,1,1.0,1.0,0.0,0,0,0,0
Indonesia,IDN,2004,0.0,0,1.0,1.0,1.0,1,0,1,0
Indonesia,IDN,2005,2733.0,1,0.0,1.0,1.0,0,0,1,1
Indonesia,IDN,2006,92.25908840000001,1,1.0,0.0,0.0,0,0,0,0
Indonesia,IDN,2007,0.0,0,1.0,1.0,0.0,0,0,0,0
Indonesia,IDN,2008,0.0,0,0.0,1.0,0.0,0,0,0,0
Indonesia,IDN,2009,0.0,0,0.0,0.0,0.0,0,0,0,0
Indonesia,IDN,2010,0.0,0,0.0,0.0,0.0,0,0,0,0
Indonesia,IDN,2011,0.0,0,0.0,0.0,1.0,1,1,1,0
Indonesia,IDN,2012,231.364,1,0.0,0.0,0.0,0,0,0,0
Indonesia,IDN,2013,0.0,0,1.0,0.0,1.0,1,0,1,0
Indonesia,IDN,2014,5.068,1,0.0,1.0,0.0,0,0,0,0
Indonesia,IDN,2015,0.0,0,1.0,0.0,1.0,1,0,1,0
Indonesia,IDN,2016,0.27567579999999997,1,0.0,1.0,0.0,0,0,0,0
Indonesia,IDN,2017,0.0,0,1.0,0.0,0.0,0,0,0,0
Indonesia,IDN,2018,0.0,0,0.0,1.0,0.0,0,0,0,0
Indonesia,IDN,2019,0.0,0,0.0,0.0,0.0,0,0,0,0
Indonesia,IDN,2020,0.0,0,0.0,0.0,0.0,0,0,0,0
Indonesia,IDN,2021,0.0,0,0.0,0.0,0.0,0,0,0,0
Indonesia,IDN,2022,0.0,0,0.0,0.0,0.0,0,0,0,0
Indonesia,IDN,2023,0.0,0,0.0,0.0,,0,0,0,0
Iran,IRN,1960,0.0,0,,,0.0,0,0,0,0
Iran,IRN,1961,0.0,0,0.0,,0.0,0,0,0,0
Iran,IRN,1962,0.0,0,0.0,0.0,0.0,0,0,0,0
Iran,IRN,1963,0.0,0,0.0,0.0,0.0,0,0,0,0
Iran,IRN,1964,0.0,0,0.0,0.0,0.0,0,0,0,0
Iran,IRN,1965,0.0,0,0.0,0.0,0.0,0,0,0,0
Iran,IRN,1966,0.0,0,0.0,0.0,0.0,0,0,0,0
Iran,IRN,1967,0.0,0,0.0,0.0,0.0,0,0,0,0
Iran,IRN,1968,0.0,0,0.0,0.0,0.0,0,0,0,0
Iran,IRN,1969,0.0,0,0.0,0.0,0.0,0,0,0,0
Iran,IRN,1970,0.0,0,0.0,0.0,0.0,0,0,0,0
Iran,IRN,1971,0.0,0,0.0,0.0,0.0,0,0,0,0
Iran,IRN,1972,0.0,0,0.0,0.0,0.0,0,0,0,0
Iran,IRN,1973,0.0,0,0.0,0.0,0.0,0,0,0,0
Iran,IRN,1974,0.0,0,0.0,0.0,0.0,0,0,0,0
Iran,IRN,1975,0.0,0,0.0,0.0,0.0,0,0,0,0
Iran,IRN,1976,0.0,0,0.0,0.0,0.0,0,0,0,0
Iran,IRN,1977,0.0,0,0.0,0.0,0.0,0,0,0,0
Iran,IRN,1978,0.0,0,0.0,0.0,0.0,0,0,0,0
Iran,IRN,1979,0.0,0,0.0,0.0,1.0,1,1,1,0
Iran,IRN,1980,0.914,1,0.0,0.0,1.0,0,0,1,1
Iran,IRN,1981,195.6383756,1,1.0,0.0,1.0,0,0,1,1
Iran,IRN,1982,528.9917768999999,1,1.0,1.0,1.0,0,0,1,1
Iran,IRN,1983,926.8539743,1,1.0,1.0,1.0,0,0,1,1
Iran,IRN,1984,1282.0768201,1,1.0,1.0,1.0,0,0,1,1
Iran,IRN,1985,1603.0917145999997,1,1.0,1.0,1.0,0,0,1,1
Iran,IRN,1986,1831.340405,1,1.0,1.0,1.0,0,0,1,1
Iran,IRN,1987,1947.3408171,1,1.0,1.0,1.0,0,0,1,1
Iran,IRN,1988,1960.65867,1,1.0,1.0,1.0,0,0,1,1
Iran,IRN,1989,2017.6887127,1,1.0,1.0,1.0,0,0,1,1
Iran,IRN,1990,1975.0211313999998,1,1.0,1.0,1.0,0,0,1,1
Iran,IRN,1991,1945.1624092999998,1,1.0,1.0,1.0,0,0,1,1
Iran,IRN,1992,41.0474186,1,1.0,1.0,1.0,0,0,1,1
Iran,IRN,1993,2825.7804864,1,1.0,1.0,1.0,0,0,1,1
Iran,IRN,1994,10837.3445689,1,1.0,1.0,1.0,0,0,1,1
Iran,IRN,1995,3233.5045057,1,1.0,1.0,1.0,0,0,1,1
Iran,IRN,1996,1839.8310335,1,1.0,1.0,1.0,0,0,1,1
Iran,IRN,1997,38.97864,1,1.0,1.0,1.0,0,0,1,1
Iran,IRN,1998,34.65745,1,1.0,1.0,1.0,0,0,1,1
Iran,IRN,1999,33.26753,1,1.0,1.0,0.0,0,0,0,0
Iran,IRN,2000,0.0,0,1.0,1.0,0.0,0,0,0,0
Iran,IRN,2001,0.0,0,0.0,1.0,0.0,0,0,0,0
Iran,IRN,2002,0.0,0,0.0,0.0,0.0,0,0,0,0
Iran,IRN,2003,0.0,0,0.0,0.0,0.0,0,0,0,0
Iran,IRN,2004,0.0,0,0.0,0.0,0.0,0,0,0,0
Iran,IRN,2005,0.0,0,0.0,0.0,0.0,0,0,0,0
Iran,IRN,2006,0.0,0,0.0,0.0,0.0,0,0,0,0
Iran,IRN,2007,0.0,0,0.0,0.0,0.0,0,0,0,0
Iran,IRN,2008,0.0,0,0.0,0.0,0.0,0,0,0,0
Iran,IRN,2009,0.0,0,0.0,0.0,1.0,1,1,1,0
Iran,IRN,2010,39.3676012,1,0.0,0.0,1.0,0,0,1,1
Iran,IRN,2011,26.167315600000002,1,1.0,0.0,0.0,0,0,0,0
Iran,IRN,2012,0.0,0,1.0,1.0,1.0,1,0,1,0
Iran,IRN,2013,79.0,1,0.0,1.0,0.0,0,0,0,0
Iran,IRN,2014,0.0,0,1.0,0.0,0.0,0,0,0,0
Iran,IRN,2015,0.0,0,0.0,1.0,1.0,1,1,1,0
Iran,IRN,2016,99.7207291,1,0.0,0.0,1.0,0,0,1,1
Iran,IRN,2017,39.742659,1,1.0,0.0,1.0,0,0,1,1
Iran,IRN,2018,46.8636129,1,1.0,1.0,1.0,0,0,1,1
Iran,IRN,2019,255.9613495,1,1.0,1.0,1.0,0,0,1,1
Iran,IRN,2020,430.27259469999996,1,1.0,1.0,1.0,0,0,1,1
Iran,IRN,2021,445.266873,1,1.0,1.0,1.0,0,0,1,1
Iran,IRN,2022,408.38345949999996,1,1.0,1.0,1.0,0,0,1,1
Iran,IRN,2023,411.0,1,1.0,1.0,,0,0,0,0
Iraq,IRQ,1960,0.0,0,,,0.0,0,0,0,0
Iraq,IRQ,1961,0.0,0,0.0,,0.0,0,0,0,0
Iraq,IRQ,1962,0.0,0,0.0,0.0,0.0,0,0,0,0
Iraq,IRQ,1963,0.0,0,0.0,0.0,0.0,0,0,0,0
Iraq,IRQ,1964,0.0,0,0.0,0.0,0.0,0,0,0,0
Iraq,IRQ,1965,0.0,0,0.0,0.0,0.0,0,0,0,0
Iraq,IRQ,1966,0.0,0,0.0,0.0,0.0,0,0,0,0
Iraq,IRQ,1967,0.0,0,0.0,0.0,0.0,0,0,0,0
Iraq,IRQ,1968,0.0,0,0.0,0.0,0.0,0,0,0,0
Iraq,IRQ,1969,0.0,0,0.0,0.0,0.0,0,0,0,0
Iraq,IRQ,1970,0.0,0,0.0,0.0,0.0,0,0,0,0
Iraq,IRQ,1971,0.0,0,0.0,0.0,0.0,0,0,0,0
Iraq,IRQ,1972,0.0,0,0.0,0.0,0.0,0,0,0,0
Iraq,IRQ,1973,0.0,0,0.0,0.0,0.0,0,0,0,0
Iraq,IRQ,1974,0.0,0,0.0,0.0,0.0,0,0,0,0
Iraq,IRQ,1975,0.0,0,0.0,0.0,0.0,0,0,0,0
Iraq,IRQ,1976,0.0,0,0.0,0.0,0.0,0,0,0,0
Iraq,IRQ,1977,0.0,0,0.0,0.0,0.0,0,0,0,0
Iraq,IRQ,1978,0.0,0,0.0,0.0,0.0,0,0,0,0
Iraq,IRQ,1979,0.0,0,0.0,0.0,0.0,0,0,0,0
Iraq,IRQ,1980,0.0,0,0.0,0.0,0.0,0,0,0,0
Iraq,IRQ,1981,0.0,0,0.0,0.0,0.0,0,0,0,0
Iraq,IRQ,1982,0.0,0,0.0,0.0,0.0,0,0,0,0
Iraq,IRQ,1983,0.0,0,0.0,0.0,0.0,0,0,0,0
Iraq,IRQ,1984,0.0,0,0.0,0.0,0.0,0,0,0,0
Iraq,IRQ,1985,0.0,0,0.0,0.0,0.0,0,0,0,0
Iraq,IRQ,1986,0.0,0,0.0,0.0,0.0,0,0,0,0
Iraq,IRQ,1987,0.0,0,0.0,0.0,1.0,1,1,1,0
Iraq,IRQ,1988,5780.695999999999,1,0.0,0.0,1.0,0,0,1,1
Iraq,IRQ,1989,6393.449775999999,1,1.0,0.0,1.0,0,0,1,1
Iraq,IRQ,1990,24520.614404271997,1,1.0,1.0,1.0,0,0,1,1
Iraq,IRQ,1991,25559.621870188123,1,1.0,1.0,1.0,0,0,1,1
Iraq,IRQ,1992,27724.813329308097,1,1.0,1.0,1.0,0,0,1,1
Iraq,IRQ,1993,31716.857180607985,1,1.0,1.0,1.0,0,0,1,1
Iraq,IRQ,1994,32165.287824231116,1,1.0,1.0,1.0,0,0,1,1
Iraq,IRQ,1995,34588.759136841414,1,1.0,1.0,1.0,0,0,1,1
Iraq,IRQ,1996,37000.55053701061,1,1.0,1.0,1.0,0,0,1,1
Iraq,IRQ,1997,39487.96562276468,1,1.0,1.0,1.0,0,0,1,1
Iraq,IRQ,1998,42008.64139499034,1,1.0,1.0,1.0,0,0,1,1
Iraq,IRQ,1999,44562.454565340784,1,1.0,1.0,1.0,0,0,1,1
Iraq,IRQ,2000,47308.63525077136,1,1.0,1.0,1.0,0,0,1,1
Iraq,IRQ,2001,49773.3155952126,1,1.0,1.0,1.0,0,0,1,1
Iraq,IRQ,2002,58895.0,1,1.0,1.0,1.0,0,0,1,1
Iraq,IRQ,2003,106541.89554577759,1,1.0,1.0,1.0,0,0,1,1
Iraq,IRQ,2004,110160.39688543303,1,1.0,1.0,1.0,0,0,1,1
Iraq,IRQ,2005,111233.28069855901,1,1.0,1.0,1.0,0,0,1,1
Iraq,IRQ,2006,99176.56106675958,1,1.0,1.0,1.0,0,0,1,1
Iraq,IRQ,2007,66007.0,1,1.0,1.0,1.0,0,0,1,1
Iraq,IRQ,2008,64200.8679245283,1,1.0,1.0,1.0,0,0,1,1
Iraq,IRQ,2009,58752.42718446602,1,1.0,1.0,1.0,0,0,1,1
Iraq,IRQ,2010,54700.0,1,1.0,1.0,1.0,0,0,1,1
Iraq,IRQ,2011,46200.0,1,1.0,1.0,1.0,0,0,1,1
Iraq,IRQ,2012,46200.0,1,1.0,1.0,1.0,0,0,1,1
Iraq,IRQ,2013,42700.0,1,1.0,1.0,1.0,0,0,1,1
Iraq,IRQ,2014,42700.0,1,1.0,1.0,1.0,0,0,1,1
Iraq,IRQ,2015,42700.0,1,1.0,1.0,1.0,0,0,1,1
Iraq,IRQ,2016,41002.0,1,1.0,1.0,1.0,0,0,1,1
Iraq,IRQ,2017,40302.0,1,1.0,1.0,1.0,0,0,1,1
Iraq,IRQ,2018,40429.0,1,1.0,1.0,1.0,0,0,1,1
Iraq,IRQ,2019,41614.0,1,1.0,1.0,1.0,0,0,1,1
Iraq,IRQ,2020,48186.0,1,1.0,1.0,1.0,0,0,1,1
Iraq,IRQ,2021,43104.0,1,1.0,1.0,1.0,0,0,1,1
Iraq,IRQ,2022,42232.0,1,1.0,1.0,1.0,0,0,1,1
Iraq,IRQ,2023,42760.0,1,1.0,1.0,,0,0,0,0
Ireland,IRL,1960,0.0,0,,,0.0,0,0,0,0
Ireland,IRL,1961,0.0,0,0.0,,0.0,0,0,0,0
Ireland,IRL,1962,0.0,0,0.0,0.0,0.0,0,0,0,0
Ireland,IRL,1963,0.0,0,0.0,0.0,0.0,0,0,0,0
Ireland,IRL,1964,0.0,0,0.0,0.0,0.0,0,0,0,0
Ireland,IRL,1965,0.0,0,0.0,0.0,0.0,0,0,0,0
Ireland,IRL,1966,0.0,0,0.0,0.0,0.0,0,0,0,0
Ireland,IRL,1967,0.0,0,0.0,0.0,0.0,0,0,0,0
Ireland,IRL,1968,0.0,0,0.0,0.0,0.0,0,0,0,0
Ireland,IRL,1969,0.0,0,0.0,0.0,0.0,0,0,0,0
Ireland,IRL,1970,0.0,0,0.0,0.0,0.0,0,0,0,0
Ireland,IRL,1971,0.0,0,0.0,0.0,0.0,0,0,0,0
Ireland,IRL,1972,0.0,0,0.0,0.0,0.0,0,0,0,0
Ireland,IRL,1973,0.0,0,0.0,0.0,0.0,0,0,0,0
Ireland,IRL,1974,0.0,0,0.0,0.0,0.0,0,0,0,0
Ireland,IRL,1975,0.0,0,0.0,0.0,0.0,0,0,0,0
Ireland,IRL,1976,0.0,0,0.0,0.0,0.0,0,0,0,0
Ireland,IRL,1977,0.0,0,0.0,0.0,0.0,0,0,0,0
Ireland,IRL,1978,0.0,0,0.0,0.0,0.0,0,0,0,0
Ireland,IRL,1979,0.0,0,0.0,0.0,0.0,0,0,0,0
Ireland,IRL,1980,0.0,0,0.0,0.0,0.0,0,0,0,0
Ireland,IRL,1981,0.0,0,0.0,0.0,0.0,0,0,0,0
Ireland,IRL,1982,0.0,0,0.0,0.0,0.0,0,0,0,0
Ireland,IRL,1983,0.0,0,0.0,0.0,0.0,0,0,0,0
Ireland,IRL,1984,0.0,0,0.0,0.0,0.0,0,0,0,0
Ireland,IRL,1985,0.0,0,0.0,0.0,0.0,0,0,0,0
Ireland,IRL,1986,0.0,0,0.0,0.0,0.0,0,0,0,0
Ireland,IRL,1987,0.0,0,0.0,0.0,0.0,0,0,0,0
Ireland,IRL,1988,0.0,0,0.0,0.0,0.0,0,0,0,0
Ireland,IRL,1989,0.0,0,0.0,0.0,0.0,0,0,0,0
Ireland,IRL,1990,0.0,0,0.0,0.0,0.0,0,0,0,0
Ireland,IRL,1991,0.0,0,0.0,0.0,0.0,0,0,0,0
Ireland,IRL,1992,0.0,0,0.0,0.0,0.0,0,0,0,0
Ireland,IRL,1993,0.0,0,0.0,0.0,0.0,0,0,0,0
Ireland,IRL,1994,0.0,0,0.0,0.0,0.0,0,0,0,0
Ireland,IRL,1995,0.0,0,0.0,0.0,0.0,0,0,0,0
Ireland,IRL,1996,0.0,0,0.0,0.0,0.0,0,0,0,0
Ireland,IRL,1997,0.0,0,0.0,0.0,0.0,0,0,0,0
Ireland,IRL,1998,0.0,0,0.0,0.0,0.0,0,0,0,0
Ireland,IRL,1999,0.0,0,0.0,0.0,0.0,0,0,0,0
Ireland,IRL,2000,0.0,0,0.0,0.0,0.0,0,0,0,0
Ireland,IRL,2001,0.0,0,0.0,0.0,0.0,0,0,0,0
Ireland,IRL,2002,0.0,0,0.0,0.0,0.0,0,0,0,0
Ireland,IRL,2003,0.0,0,0.0,0.0,0.0,0,0,0,0
Ireland,IRL,2004,0.0,0,0.0,0.0,0.0,0,0,0,0
Ireland,IRL,2005,0.0,0,0.0,0.0,0.0,0,0,0,0
Ireland,IRL,2006,0.0,0,0.0,0.0,0.0,0,0,0,0
Ireland,IRL,2007,0.0,0,0.0,0.0,0.0,0,0,0,0
Ireland,IRL,2008,0.0,0,0.0,0.0,0.0,0,0,0,0
Ireland,IRL,2009,0.0,0,0.0,0.0,0.0,0,0,0,0
Ireland,IRL,2010,0.0,0,0.0,0.0,0.0,0,0,0,0
Ireland,IRL,2011,0.0,0,0.0,0.0,0.0,0,0,0,0
Ireland,IRL,2012,0.0,0,0.0,0.0,1.0,1,1,1,0
Ireland,IRL,2013,88290.0,1,0.0,0.0,0.0,0,0,0,0
Ireland,IRL,2014,0.0,0,1.0,0.0,0.0,0,0,0,0
Ireland,IRL,2015,0.0,0,0.0,1.0,0.0,0,0,0,0
Ireland,IRL,2016,0.0,0,0.0,0.0,0.0,0,0,0,0
Ireland,IRL,2017,0.0,0,0.0,0.0,0.0,0,0,0,0
Ireland,IRL,2018,0.0,0,0.0,0.0,0.0,0,0,0,0
Ireland,IRL,2019,0.0,0,0.0,0.0,0.0,0,0,0,0
Ireland,IRL,2020,0.0,0,0.0,0.0,0.0,0,0,0,0
Ireland,IRL,2021,0.0,0,0.0,0.0,0.0,0,0,0,0
Ireland,IRL,2022,0.0,0,0.0,0.0,0.0,0,0,0,0
Ireland,IRL,2023,0.0,0,0.0,0.0,,0,0,0,0
Jamaica,JAM,1960,,0,,,0.0,0,0,0,0
Jamaica,JAM,1961,,0,0.0,,0.0,0,0,0,0
Jamaica,JAM,1962,0.0,0,0.0,0.0,0.0,0,0,0,0
Jamaica,JAM,1963,0.0,0,0.0,0.0,0.0,0,0,0,0
Jamaica,JAM,1964,0.0,0,0.0,0.0,0.0,0,0,0,0
Jamaica,JAM,1965,0.0,0,0.0,0.0,0.0,0,0,0,0
Jamaica,JAM,1966,0.0,0,0.0,0.0,0.0,0,0,0,0
Jamaica,JAM,1967,0.0,0,0.0,0.0,0.0,0,0,0,0
Jamaica,JAM,1968,0.0,0,0.0,0.0,0.0,0,0,0,0
Jamaica,JAM,1969,0.0,0,0.0,0.0,1.0,1,1,1,0
Jamaica,JAM,1970,0.014943,1,0.0,0.0,0.0,0,0,0,0
Jamaica,JAM,1971,0.0,0,1.0,0.0,0.0,0,0,0,0
Jamaica,JAM,1972,0.0,0,0.0,1.0,1.0,1,1,1,0
Jamaica,JAM,1973,0.983076,1,0.0,0.0,1.0,0,0,1,1
Jamaica,JAM,1974,0.554,1,1.0,0.0,1.0,0,0,1,1
Jamaica,JAM,1975,0.357,1,1.0,1.0,1.0,0,0,1,1
Jamaica,JAM,1976,0.357,1,1.0,1.0,0.0,0,0,0,0
Jamaica,JAM,1977,0.0,0,1.0,1.0,1.0,1,0,1,0
Jamaica,JAM,1978,63.0,1,0.0,1.0,1.0,0,0,1,1
Jamaica,JAM,1979,149.054236,1,1.0,0.0,1.0,0,0,1,1
Jamaica,JAM,1980,28.59748,1,1.0,1.0,1.0,0,0,1,1
Jamaica,JAM,1981,152.45151,1,1.0,1.0,1.0,0,0,1,1
Jamaica,JAM,1982,130.11964500000002,1,1.0,1.0,1.0,0,0,1,1
Jamaica,JAM,1983,267.97407,1,1.0,1.0,1.0,0,0,1,1
Jamaica,JAM,1984,377.365565,1,1.0,1.0,1.0,0,0,1,1
Jamaica,JAM,1985,478.390784,1,1.0,1.0,1.0,0,0,1,1
Jamaica,JAM,1986,961.1897418907387,1,1.0,1.0,1.0,0,0,1,1
Jamaica,JAM,1987,1432.4329826969547,1,1.0,1.0,1.0,0,0,1,1
Jamaica,JAM,1988,503.0,1,1.0,1.0,1.0,0,0,1,1
Jamaica,JAM,1989,621.8233,1,1.0,1.0,1.0,0,0,1,1
Jamaica,JAM,1990,653.0,1,1.0,1.0,1.0,0,0,1,1
Jamaica,JAM,1991,917.0,1,1.0,1.0,1.0,0,0,1,1
Jamaica,JAM,1992,643.7208,1,1.0,1.0,1.0,0,0,1,1
Jamaica,JAM,1993,742.0,1,1.0,1.0,1.0,0,0,1,1
Jamaica,JAM,1994,419.94915,1,1.0,1.0,1.0,0,0,1,1
Jamaica,JAM,1995,406.23875000000004,1,1.0,1.0,1.0,0,0,1,1
Jamaica,JAM,1996,298.34252,1,1.0,1.0,1.0,0,0,1,1
Jamaica,JAM,1997,230.91913,1,1.0,1.0,1.0,0,0,1,1
Jamaica,JAM,1998,236.68436,1,1.0,1.0,1.0,0,0,1,1
Jamaica,JAM,1999,285.15491,1,1.0,1.0,1.0,0,0,1,1
Jamaica,JAM,2000,284.5530359,1,1.0,1.0,1.0,0,0,1,1
Jamaica,JAM,2001,232.68246390000002,1,1.0,1.0,1.0,0,0,1,1
Jamaica,JAM,2002,261.3851976,1,1.0,1.0,1.0,0,0,1,1
Jamaica,JAM,2003,321.3560739,1,1.0,1.0,1.0,0,0,1,1
Jamaica,JAM,2004,355.2906661,1,1.0,1.0,1.0,0,0,1,1
Jamaica,JAM,2005,368.6532015,1,1.0,1.0,1.0,0,0,1,1
Jamaica,JAM,2006,437.8192710000001,1,1.0,1.0,1.0,0,0,1,1
Jamaica,JAM,2007,436.8752913,1,1.0,1.0,1.0,0,0,1,1
Jamaica,JAM,2008,404.2920361999999,1,1.0,1.0,1.0,0,0,1,1
Jamaica,JAM,2009,390.9279507,1,1.0,1.0,1.0,0,0,1,1
Jamaica,JAM,2010,9172.5309924,1,1.0,1.0,1.0,0,0,1,1
Jamaica,JAM,2011,620.3459259000001,1,1.0,1.0,1.0,0,0,1,1
Jamaica,JAM,2012,218.84394719999997,1,1.0,1.0,1.0,0,0,1,1
Jamaica,JAM,2013,9545.0895003,1,1.0,1.0,1.0,0,0,1,1
Jamaica,JAM,2014,136.82129809999998,1,1.0,1.0,1.0,0,0,1,1
Jamaica,JAM,2015,45.4798064,1,1.0,1.0,1.0,0,0,1,1
Jamaica,JAM,2016,89.946812,1,1.0,1.0,1.0,0,0,1,1
Jamaica,JAM,2017,656.9107159999999,1,1.0,1.0,1.0,0,0,1,1
Jamaica,JAM,2018,79.6955329,1,1.0,1.0,1.0,0,0,1,1
Jamaica,JAM,2019,79.5902724,1,1.0,1.0,1.0,0,0,1,1
Jamaica,JAM,2020,21.3168074,1,1.0,1.0,1.0,0,0,1,1
Jamaica,JAM,2021,20.923,1,1.0,1.0,1.0,0,0,1,1
Jamaica,JAM,2022,24.7832564,1,1.0,1.0,1.0,0,0,1,1
Jamaica,JAM,2023,22.418,1,1.0,1.0,,0,0,0,0
Jordan,JOR,1960,0.0,0,,,0.0,0,0,0,0
Jordan,JOR,1961,0.0,0,0.0,,0.0,0,0,0,0
Jordan,JOR,1962,0.0,0,0.0,0.0,0.0,0,0,0,0
Jordan,JOR,1963,0.0,0,0.0,0.0,0.0,0,0,0,0
Jordan,JOR,1964,0.0,0,0.0,0.0,0.0,0,0,0,0
Jordan,JOR,1965,0.0,0,0.0,0.0,0.0,0,0,0,0
Jordan,JOR,1966,0.0,0,0.0,0.0,0.0,0,0,0,0
Jordan,JOR,1967,0.0,0,0.0,0.0,0.0,0,0,0,0
Jordan,JOR,1968,0.0,0,0.0,0.0,0.0,0,0,0,0
Jordan,JOR,1969,0.0,0,0.0,0.0,1.0,1,1,1,0
Jordan,JOR,1970,0.28,1,0.0,0.0,1.0,0,0,1,1
Jordan,JOR,1971,3.49904,1,1.0,0.0,1.0,0,0,1,1
Jordan,JOR,1972,6.0634,1,1.0,1.0,1.0,0,0,1,1
Jordan,JOR,1973,7.65327,1,1.0,1.0,1.0,0,0,1,1
Jordan,JOR,1974,10.65472,1,1.0,1.0,1.0,0,0,1,1
Jordan,JOR,1975,13.22784,1,1.0,1.0,1.0,0,0,1,1
Jordan,JOR,1976,17.02541,1,1.0,1.0,1.0,0,0,1,1
Jordan,JOR,1977,19.6672,1,1.0,1.0,1.0,0,0,1,1
Jordan,JOR,1978,22.4712,1,1.0,1.0,1.0,0,0,1,1
Jordan,JOR,1979,25.95749,1,1.0,1.0,1.0,0,0,1,1
Jordan,JOR,1980,26.99271,1,1.0,1.0,1.0,0,0,1,1
Jordan,JOR,1981,28.24966,1,1.0,1.0,1.0,0,0,1,1
Jordan,JOR,1982,30.24722,1,1.0,1.0,1.0,0,0,1,1
Jordan,JOR,1983,30.15388,1,1.0,1.0,1.0,0,0,1,1
Jordan,JOR,1984,8.929624,1,1.0,1.0,1.0,0,0,1,1
Jordan,JOR,1985,9.364,1,1.0,1.0,1.0,0,0,1,1
Jordan,JOR,1986,10.3,1,1.0,1.0,1.0,0,0,1,1
Jordan,JOR,1987,22.072466,1,1.0,1.0,1.0,0,0,1,1
Jordan,JOR,1988,66.13883999999999,1,1.0,1.0,1.0,0,0,1,1
Jordan,JOR,1989,1056.4578000000001,1,1.0,1.0,1.0,0,0,1,1
Jordan,JOR,1990,985.312,1,1.0,1.0,1.0,0,0,1,1
Jordan,JOR,1991,1143.3800999999999,1,1.0,1.0,1.0,0,0,1,1
Jordan,JOR,1992,2025.918,1,1.0,1.0,1.0,0,0,1,1
Jordan,JOR,1993,1740.2571,1,1.0,1.0,1.0,0,0,1,1
Jordan,JOR,1994,1321.3038999999999,1,1.0,1.0,1.0,0,0,1,1
Jordan,JOR,1995,931.7904,1,1.0,1.0,1.0,0,0,1,1
Jordan,JOR,1996,726.168,1,1.0,1.0,1.0,0,0,1,1
Jordan,JOR,1997,996.8625,1,1.0,1.0,1.0,0,0,1,1
Jordan,JOR,1998,532.52467,1,1.0,1.0,1.0,0,0,1,1
Jordan,JOR,1999,901.587432,1,1.0,1.0,1.0,0,0,1,1
Jordan,JOR,2000,562.7816815,1,1.0,1.0,1.0,0,0,1,1
Jordan,JOR,2001,696.1314504999999,1,1.0,1.0,1.0,0,0,1,1
Jordan,JOR,2002,1219.6064838,1,1.0,1.0,1.0,0,0,1,1
Jordan,JOR,2003,503.65946160000004,1,1.0,1.0,1.0,0,0,1,1
Jordan,JOR,2004,320.207837,1,1.0,1.0,1.0,0,0,1,1
Jordan,JOR,2005,237.40663940000002,1,1.0,1.0,1.0,0,0,1,1
Jordan,JOR,2006,342.6837009,1,1.0,1.0,1.0,0,0,1,1
Jordan,JOR,2007,2618.4839692,1,1.0,1.0,1.0,0,0,1,1
Jordan,JOR,2008,2318.1667797,1,1.0,1.0,1.0,0,0,1,1
Jordan,JOR,2009,17.423027400000002,1,1.0,1.0,1.0,0,0,1,1
Jordan,JOR,2010,17.929445200000004,1,1.0,1.0,1.0,0,0,1,1
Jordan,JOR,2011,20.654354299999998,1,1.0,1.0,1.0,0,0,1,1
Jordan,JOR,2012,17.374823600000003,1,1.0,1.0,1.0,0,0,1,1
Jordan,JOR,2013,17.6776734,1,1.0,1.0,1.0,0,0,1,1
Jordan,JOR,2014,17.579660899999997,1,1.0,1.0,1.0,0,0,1,1
Jordan,JOR,2015,17.642489100000002,1,1.0,1.0,1.0,0,0,1,1
Jordan,JOR,2016,17.437516,1,1.0,1.0,1.0,0,0,1,1
Jordan,JOR,2017,17.500265499999998,1,1.0,1.0,1.0,0,0,1,1
Jordan,JOR,2018,241.74826459999997,1,1.0,1.0,1.0,0,0,1,1
Jordan,JOR,2019,17.639173700000004,1,1.0,1.0,1.0,0,0,1,1
Jordan,JOR,2020,17.462889699999998,1,1.0,1.0,1.0,0,0,1,1
Jordan,JOR,2021,17.452110899999997,1,1.0,1.0,1.0,0,0,1,1
Jordan,JOR,2022,17.081218599999996,1,1.0,1.0,1.0,0,0,1,1
Jordan,JOR,2023,17.0,1,1.0,1.0,,0,0,0,0
Kazakhstan,KAZ,1960,,0,,,0.0,0,0,0,0
Kazakhstan,KAZ,1961,,0,0.0,,0.0,0,0,0,0
Kazakhstan,KAZ,1962,,0,0.0,0.0,0.0,0,0,0,0
Kazakhstan,KAZ,1963,,0,0.0,0.0,0.0,0,0,0,0
Kazakhstan,KAZ,1964,,0,0.0,0.0,0.0,0,0,0,0
Kazakhstan,KAZ,1965,,0,0.0,0.0,0.0,0,0,0,0
Kazakhstan,KAZ,1966,,0,0.0,0.0,0.0,0,0,0,0
Kazakhstan,KAZ,1967,,0,0.0,0.0,0.0,0,0,0,0
Kazakhstan,KAZ,1968,,0,0.0,0.0,0.0,0,0,0,0
Kazakhstan,KAZ,1969,,0,0.0,0.0,0.0,0,0,0,0
Kazakhstan,KAZ,1970,,0,0.0,0.0,0.0,0,0,0,0
Kazakhstan,KAZ,1971,,0,0.0,0.0,0.0,0,0,0,0
Kazakhstan,KAZ,1972,,0,0.0,0.0,0.0,0,0,0,0
Kazakhstan,KAZ,1973,,0,0.0,0.0,0.0,0,0,0,0
Kazakhstan,KAZ,1974,,0,0.0,0.0,0.0,0,0,0,0
Kazakhstan,KAZ,1975,,0,0.0,0.0,0.0,0,0,0,0
Kazakhstan,KAZ,1976,,0,0.0,0.0,0.0,0,0,0,0
Kazakhstan,KAZ,1977,,0,0.0,0.0,0.0,0,0,0,0
Kazakhstan,KAZ,1978,,0,0.0,0.0,0.0,0,0,0,0
Kazakhstan,KAZ,1979,,0,0.0,0.0,0.0,0,0,0,0
Kazakhstan,KAZ,1980,,0,0.0,0.0,0.0,0,0,0,0
Kazakhstan,KAZ,1981,,0,0.0,0.0,0.0,0,0,0,0
Kazakhstan,KAZ,1982,,0,0.0,0.0,0.0,0,0,0,0
Kazakhstan,KAZ,1983,,0,0.0,0.0,0.0,0,0,0,0
Kazakhstan,KAZ,1984,,0,0.0,0.0,0.0,0,0,0,0
Kazakhstan,KAZ,1985,,0,0.0,0.0,0.0,0,0,0,0
Kazakhstan,KAZ,1986,,0,0.0,0.0,0.0,0,0,0,0
Kazakhstan,KAZ,1987,,0,0.0,0.0,0.0,0,0,0,0
Kazakhstan,KAZ,1988,,0,0.0,0.0,0.0,0,0,0,0
Kazakhstan,KAZ,1989,,0,0.0,0.0,0.0,0,0,0,0
Kazakhstan,KAZ,1990,,0,0.0,0.0,0.0,0,0,0,0
Kazakhstan,KAZ,1991,0.0,0,0.0,0.0,0.0,0,0,0,0
Kazakhstan,KAZ,1992,0.0,0,0.0,0.0,1.0,1,1,1,0
Kazakhstan,KAZ,1993,21.467903,1,0.0,0.0,1.0,0,0,1,1
Kazakhstan,KAZ,1994,105.2999053,1,1.0,0.0,1.0,0,0,1,1
Kazakhstan,KAZ,1995,161.719,1,1.0,1.0,0.0,0,0,0,0
Kazakhstan,KAZ,1996,0.0,0,1.0,1.0,0.0,0,0,0,0
Kazakhstan,KAZ,1997,0.0,0,0.0,1.0,1.0,1,1,1,0
Kazakhstan,KAZ,1998,103.8,1,0.0,0.0,1.0,0,0,1,1
Kazakhstan,KAZ,1999,388.1163408,1,1.0,0.0,0.0,0,0,0,0
Kazakhstan,KAZ,2000,0.0,0,1.0,1.0,1.0,1,0,1,0
Kazakhstan,KAZ,2001,169.721,1,0.0,1.0,0.0,0,0,0,0
Kazakhstan,KAZ,2002,0.0,0,1.0,0.0,1.0,1,0,1,0
Kazakhstan,KAZ,2003,12.08211001969384,1,0.0,1.0,0.0,0,0,0,0
Kazakhstan,KAZ,2004,0.0,0,1.0,0.0,0.0,0,0,0,0
Kazakhstan,KAZ,2005,0.0,0,0.0,1.0,0.0,0,0,0,0
Kazakhstan,KAZ,2006,0.0,0,0.0,0.0,0.0,0,0,0,0
Kazakhstan,KAZ,2007,0.0,0,0.0,0.0,0.0,0,0,0,0
Kazakhstan,KAZ,2008,0.0,0,0.0,0.0,0.0,0,0,0,0
Kazakhstan,KAZ,2009,0.0,0,0.0,0.0,0.0,0,0,0,0
Kazakhstan,KAZ,2010,0.0,0,0.0,0.0,0.0,0,0,0,0
Kazakhstan,KAZ,2011,0.0,0,0.0,0.0,0.0,0,0,0,0
Kazakhstan,KAZ,2012,0.0,0,0.0,0.0,0.0,0,0,0,0
Kazakhstan,KAZ,2013,0.0,0,0.0,0.0,1.0,1,1,1,0
Kazakhstan,KAZ,2014,199.5,1,0.0,0.0,0.0,0,0,0,0
Kazakhstan,KAZ,2015,0.0,0,1.0,0.0,0.0,0,0,0,0
Kazakhstan,KAZ,2016,0.0,0,0.0,1.0,0.0,0,0,0,0
Kazakhstan,KAZ,2017,0.0,0,0.0,0.0,0.0,0,0,0,0
Kazakhstan,KAZ,2018,0.0,0,0.0,0.0,0.0,0,0,0,0
Kazakhstan,KAZ,2019,0.0,0,0.0,0.0,1.0,1,1,1,0
Kazakhstan,KAZ,2020,10.895883777239709,1,0.0,0.0,0.0,0,0,0,0
Kazakhstan,KAZ,2021,0.0,0,1.0,0.0,0.0,0,0,0,0
Kazakhstan,KAZ,2022,0.0,0,0.0,1.0,0.0,0,0,0,0
Kazakhstan,KAZ,2023,0.0,0,0.0,0.0,,0,0,0,0
Kenya,KEN,1960,,0,,,0.0,0,0,0,0
Kenya,KEN,1961,,0,0.0,,0.0,0,0,0,0
Kenya,KEN,1962,,0,0.0,0.0,0.0,0,0,0,0
Kenya,KEN,1963,0.0,0,0.0,0.0,0.0,0,0,0,0
Kenya,KEN,1964,0.0,0,0.0,0.0,0.0,0,0,0,0
Kenya,KEN,1965,0.0,0,0.0,0.0,0.0,0,0,0,0
Kenya,KEN,1966,0.0,0,0.0,0.0,0.0,0,0,0,0
Kenya,KEN,1967,0.0,0,0.0,0.0,0.0,0,0,0,0
Kenya,KEN,1968,0.0,0,0.0,0.0,0.0,0,0,0,0
Kenya,KEN,1969,0.0,0,0.0,0.0,1.0,1,1,1,0
Kenya,KEN,1970,0.3,1,0.0,0.0,0.0,0,0,0,0
Kenya,KEN,1971,0.0,0,1.0,0.0,1.0,1,0,1,0
Kenya,KEN,1972,0.011741,1,0.0,1.0,1.0,0,0,1,1
Kenya,KEN,1973,0.004646,1,1.0,0.0,0.0,0,0,0,0
Kenya,KEN,1974,0.0,0,1.0,1.0,1.0,1,0,1,0
Kenya,KEN,1975,0.047668,1,0.0,1.0,1.0,0,0,1,1
Kenya,KEN,1976,0.6341239999999999,1,1.0,0.0,1.0,0,0,1,1
Kenya,KEN,1977,1.142,1,1.0,1.0,1.0,0,0,1,1
Kenya,KEN,1978,1.713,1,1.0,1.0,1.0,0,0,1,1
Kenya,KEN,1979,2.284,1,1.0,1.0,1.0,0,0,1,1
Kenya,KEN,1980,5.664791,1,1.0,1.0,1.0,0,0,1,1
Kenya,KEN,1981,8.048881,1,1.0,1.0,1.0,0,0,1,1
Kenya,KEN,1982,9.57393,1,1.0,1.0,1.0,0,0,1,1
Kenya,KEN,1983,10.412123000000001,1,1.0,1.0,1.0,0,0,1,1
Kenya,KEN,1984,11.030312,1,1.0,1.0,1.0,0,0,1,1
Kenya,KEN,1985,14.948661999999999,1,1.0,1.0,1.0,0,0,1,1
Kenya,KEN,1986,23.517726,1,1.0,1.0,1.0,0,0,1,1
Kenya,KEN,1987,40.851234000000005,1,1.0,1.0,1.0,0,0,1,1
Kenya,KEN,1988,65.89867,1,1.0,1.0,1.0,0,0,1,1
Kenya,KEN,1989,549.16361,1,1.0,1.0,1.0,0,0,1,1
Kenya,KEN,1990,258.28818739999997,1,1.0,1.0,1.0,0,0,1,1
Kenya,KEN,1991,166.1837,1,1.0,1.0,1.0,0,0,1,1
Kenya,KEN,1992,163.5008,1,1.0,1.0,1.0,0,0,1,1
Kenya,KEN,1993,206.519,1,1.0,1.0,1.0,0,0,1,1
Kenya,KEN,1994,537.0533842,1,1.0,1.0,1.0,0,0,1,1
Kenya,KEN,1995,24.73188,1,1.0,1.0,1.0,0,0,1,1
Kenya,KEN,1996,19.80722,1,1.0,1.0,1.0,0,0,1,1
Kenya,KEN,1997,82.29865,1,1.0,1.0,1.0,0,0,1,1
Kenya,KEN,1998,90.84798,1,1.0,1.0,1.0,0,0,1,1
Kenya,KEN,1999,154.9067,1,1.0,1.0,1.0,0,0,1,1
Kenya,KEN,2000,303.7503408,1,1.0,1.0,1.0,0,0,1,1
Kenya,KEN,2001,185.5806238,1,1.0,1.0,1.0,0,0,1,1
Kenya,KEN,2002,127.0499513,1,1.0,1.0,1.0,0,0,1,1
Kenya,KEN,2003,34.3333859,1,1.0,1.0,1.0,0,0,1,1
Kenya,KEN,2004,353.0,1,1.0,1.0,1.0,0,0,1,1
Kenya,KEN,2005,115.4729512,1,1.0,1.0,1.0,0,0,1,1
Kenya,KEN,2006,285.7033134,1,1.0,1.0,1.0,0,0,1,1
Kenya,KEN,2007,76.9541356,1,1.0,1.0,1.0,0,0,1,1
Kenya,KEN,2008,51.226691200000005,1,1.0,1.0,1.0,0,0,1,1
Kenya,KEN,2009,28.178796600000002,1,1.0,1.0,1.0,0,0,1,1
Kenya,KEN,2010,49.587732,1,1.0,1.0,1.0,0,0,1,1
Kenya,KEN,2011,51.0698637,1,1.0,1.0,1.0,0,0,1,1
Kenya,KEN,2012,64.28733220000001,1,1.0,1.0,1.0,0,0,1,1
Kenya,KEN,2013,7.9163008,1,1.0,1.0,1.0,0,0,1,1
Kenya,KEN,2014,11.967835000000001,1,1.0,1.0,1.0,0,0,1,1
Kenya,KEN,2015,3.9126576999999996,1,1.0,1.0,1.0,0,0,1,1
Kenya,KEN,2016,320.42956100000004,1,1.0,1.0,1.0,0,0,1,1
Kenya,KEN,2017,26.0281049,1,1.0,1.0,1.0,0,0,1,1
Kenya,KEN,2018,73.3846082,1,1.0,1.0,1.0,0,0,1,1
Kenya,KEN,2019,24.5341104,1,1.0,1.0,1.0,0,0,1,1
Kenya,KEN,2020,8.2530696,1,1.0,1.0,1.0,0,0,1,1
Kenya,KEN,2021,464.0,1,1.0,1.0,1.0,0,0,1,1
Kenya,KEN,2022,79.0,1,1.0,1.0,1.0,0,0,1,1
Kenya,KEN,2023,3.0,1,1.0,1.0,,0,0,0,0
"Korea, Democratic People's Republic of (North)",PRK,1960,0.0,0,,,0.0,0,0,0,0
"Korea, Democratic People's Republic of (North)",PRK,1961,0.0,0,0.0,,0.0,0,0,0,0
"Korea, Democratic People's Republic of (North)",PRK,1962,0.0,0,0.0,0.0,0.0,0,0,0,0
"Korea, Democratic People's Republic of (North)",PRK,1963,0.0,0,0.0,0.0,0.0,0,0,0,0
"Korea, Democratic People's Republic of (North)",PRK,1964,0.0,0,0.0,0.0,0.0,0,0,0,0
"Korea, Democratic People's Republic of (North)",PRK,1965,0.0,0,0.0,0.0,0.0,0,0,0,0
"Korea, Democratic People's Republic of (North)",PRK,1966,0.0,0,0.0,0.0,0.0,0,0,0,0
"Korea, Democratic People's Republic of (North)",PRK,1967,0.0,0,0.0,0.0,0.0,0,0,0,0
"Korea, Democratic People's Republic of (North)",PRK,1968,0.0,0,0.0,0.0,0.0,0,0,0,0
"Korea, Democratic People's Republic of (North)",PRK,1969,0.0,0,0.0,0.0,0.0,0,0,0,0
"Korea, Democratic People's Republic of (North)",PRK,1970,0.0,0,0.0,0.0,0.0,0,0,0,0
"Korea, Democratic People's Republic of (North)",PRK,1971,0.0,0,0.0,0.0,0.0,0,0,0,0
"Korea, Democratic People's Republic of (North)",PRK,1972,0.0,0,0.0,0.0,0.0,0,0,0,0
"Korea, Democratic People's Republic of (North)",PRK,1973,0.0,0,0.0,0.0,1.0,1,1,1,0
"Korea, Democratic People's Republic of (North)",PRK,1974,74.0,1,0.0,0.0,1.0,0,0,1,1
"Korea, Democratic People's Republic of (North)",PRK,1975,148.2737686139748,1,1.0,0.0,1.0,0,0,1,1
"Korea, Democratic People's Republic of (North)",PRK,1976,222.26726342710998,1,1.0,1.0,1.0,0,0,1,1
"Korea, Democratic People's Republic of (North)",PRK,1977,293.61129888942537,1,1.0,1.0,1.0,0,0,1,1
"Korea, Democratic People's Republic of (North)",PRK,1978,381.115806805708,1,1.0,1.0,1.0,0,0,1,1
"Korea, Democratic People's Republic of (North)",PRK,1979,462.3975481611208,1,1.0,1.0,1.0,0,0,1,1
"Korea, Democratic People's Republic of (North)",PRK,1980,469.50632911392404,1,1.0,1.0,1.0,0,0,1,1
"Korea, Democratic People's Republic of (North)",PRK,1981,451.1875,1,1.0,1.0,1.0,0,0,1,1
"Korea, Democratic People's Republic of (North)",PRK,1982,494.4235537190083,1,1.0,1.0,1.0,0,0,1,1
"Korea, Democratic People's Republic of (North)",PRK,1983,803.1261629604908,1,1.0,1.0,1.0,0,0,1,1
"Korea, Democratic People's Republic of (North)",PRK,1984,749.6618197789585,1,1.0,1.0,1.0,0,0,1,1
"Korea, Democratic People's Republic of (North)",PRK,1985,957.2373069266607,1,1.0,1.0,1.0,0,0,1,1
"Korea, Democratic People's Republic of (North)",PRK,1986,1255.4978228441398,1,1.0,1.0,1.0,0,0,1,1
"Korea, Democratic People's Republic of (North)",PRK,1987,1613.9430313196553,1,1.0,1.0,1.0,0,0,1,1
"Korea, Democratic People's Republic of (North)",PRK,1988,1533.047041504484,1,1.0,1.0,1.0,0,0,1,1
"Korea, Democratic People's Republic of (North)",PRK,1989,1609.8821948576378,1,1.0,1.0,1.0,0,0,1,1
"Korea, Democratic People's Republic of (North)",PRK,1990,2030.6680579975018,1,1.0,1.0,1.0,0,0,1,1
"Korea, Democratic People's Republic of (North)",PRK,1991,2128.2639135724176,1,1.0,1.0,1.0,0,0,1,1
"Korea, Democratic People's Republic of (North)",PRK,1992,2507.2396095299673,1,1.0,1.0,1.0,0,0,1,1
"Korea, Democratic People's Republic of (North)",PRK,1993,2370.348499019862,1,1.0,1.0,1.0,0,0,1,1
"Korea, Democratic People's Republic of (North)",PRK,1994,2808.0585249485057,1,1.0,1.0,1.0,0,0,1,1
"Korea, Democratic People's Republic of (North)",PRK,1995,3295.04483340557,1,1.0,1.0,1.0,0,0,1,1
"Korea, Democratic People's Republic of (North)",PRK,1996,3143.391415290147,1,1.0,1.0,1.0,0,0,1,1
"Korea, Democratic People's Republic of (North)",PRK,1997,4782.303441349792,1,1.0,1.0,1.0,0,0,1,1
"Korea, Democratic People's Republic of (North)",PRK,1998,5032.552647473632,1,1.0,1.0,1.0,0,0,1,1
"Korea, Democratic People's Republic of (North)",PRK,1999,4789.770294157719,1,1.0,1.0,1.0,0,0,1,1
"Korea, Democratic People's Republic of (North)",PRK,2000,5124.679350536291,1,1.0,1.0,1.0,0,0,1,1
"Korea, Democratic People's Republic of (North)",PRK,2001,5199.695769899903,1,1.0,1.0,1.0,0,0,1,1
"Korea, Democratic People's Republic of (North)",PRK,2002,6460.84018271905,1,1.0,1.0,1.0,0,0,1,1
"Korea, Democratic People's Republic of (North)",PRK,2003,7820.01494230288,1,1.0,1.0,1.0,0,0,1,1
"Korea, Democratic People's Republic of (North)",PRK,2004,8690.583442592459,1,1.0,1.0,1.0,0,0,1,1
"Korea, Democratic People's Republic of (North)",PRK,2005,7847.495305949599,1,1.0,1.0,1.0,0,0,1,1
"Korea, Democratic People's Republic of (North)",PRK,2006,8897.244576115401,1,1.0,1.0,1.0,0,0,1,1
"Korea, Democratic People's Republic of (North)",PRK,2007,10859.583561500674,1,1.0,1.0,1.0,0,0,1,1
"Korea, Democratic People's Republic of (North)",PRK,2008,13624.968523219355,1,1.0,1.0,1.0,0,0,1,1
"Korea, Democratic People's Republic of (North)",PRK,2009,14229.437163589744,1,1.0,1.0,1.0,0,0,1,1
"Korea, Democratic People's Republic of (North)",PRK,2010,14276.4388826472,1,1.0,1.0,1.0,0,0,1,1
"Korea, Democratic People's Republic of (North)",PRK,2011,14561.248149395258,1,1.0,1.0,1.0,0,0,1,1
"Korea, Democratic People's Republic of (North)",PRK,2012,14968.012688113635,1,1.0,1.0,1.0,0,0,1,1
"Korea, Democratic People's Republic of (North)",PRK,2013,15494.02080141764,1,1.0,1.0,1.0,0,0,1,1
"Korea, Democratic People's Republic of (North)",PRK,2014,7117.508329932201,1,1.0,1.0,1.0,0,0,1,1
"Korea, Democratic People's Republic of (North)",PRK,2015,6761.936999684747,1,1.0,1.0,1.0,0,0,1,1
"Korea, Democratic People's Republic of (North)",PRK,2016,6481.911851195811,1,1.0,1.0,1.0,0,0,1,1
"Korea, Democratic People's Republic of (North)",PRK,2017,6839.7748517251985,1,1.0,1.0,1.0,0,0,1,1
"Korea, Democratic People's Republic of (North)",PRK,2018,6489.663073006261,1,1.0,1.0,1.0,0,0,1,1
"Korea, Democratic People's Republic of (North)",PRK,2019,6290.617533127548,1,1.0,1.0,1.0,0,0,1,1
"Korea, Democratic People's Republic of (North)",PRK,2020,6675.66299488554,1,1.0,1.0,1.0,0,0,1,1
"Korea, Democratic People's Republic of (North)",PRK,2021,6244.675774941915,1,1.0,1.0,1.0,0,0,1,1
"Korea, Democratic People's Republic of (North)",PRK,2022,5834.972621164224,1,1.0,1.0,1.0,0,0,1,1
"Korea, Democratic People's Republic of (North)",PRK,2023,6275.0,1,1.0,1.0,,0,0,0,0
Kosovo,XKX,1960,,0,,,0.0,0,0,0,0
Kosovo,XKX,1961,,0,0.0,,0.0,0,0,0,0
Kosovo,XKX,1962,,0,0.0,0.0,0.0,0,0,0,0
Kosovo,XKX,1963,,0,0.0,0.0,0.0,0,0,0,0
Kosovo,XKX,1964,,0,0.0,0.0,0.0,0,0,0,0
Kosovo,XKX,1965,,0,0.0,0.0,0.0,0,0,0,0
Kosovo,XKX,1966,,0,0.0,0.0,0.0,0,0,0,0
Kosovo,XKX,1967,,0,0.0,0.0,0.0,0,0,0,0
Kosovo,XKX,1968,,0,0.0,0.0,0.0,0,0,0,0
Kosovo,XKX,1969,,0,0.0,0.0,0.0,0,0,0,0
Kosovo,XKX,1970,,0,0.0,0.0,0.0,0,0,0,0
Kosovo,XKX,1971,,0,0.0,0.0,0.0,0,0,0,0
Kosovo,XKX,1972,,0,0.0,0.0,0.0,0,0,0,0
Kosovo,XKX,1973,,0,0.0,0.0,0.0,0,0,0,0
Kosovo,XKX,1974,,0,0.0,0.0,0.0,0,0,0,0
Kosovo,XKX,1975,,0,0.0,0.0,0.0,0,0,0,0
Kosovo,XKX,1976,,0,0.0,0.0,0.0,0,0,0,0
Kosovo,XKX,1977,,0,0.0,0.0,0.0,0,0,0,0
Kosovo,XKX,1978,,0,0.0,0.0,0.0,0,0,0,0
Kosovo,XKX,1979,,0,0.0,0.0,0.0,0,0,0,0
Kosovo,XKX,1980,,0,0.0,0.0,0.0,0,0,0,0
Kosovo,XKX,1981,,0,0.0,0.0,0.0,0,0,0,0
Kosovo,XKX,1982,,0,0.0,0.0,0.0,0,0,0,0
Kosovo,XKX,1983,,0,0.0,0.0,0.0,0,0,0,0
Kosovo,XKX,1984,,0,0.0,0.0,0.0,0,0,0,0
Kosovo,XKX,1985,,0,0.0,0.0,0.0,0,0,0,0
Kosovo,XKX,1986,,0,0.0,0.0,0.0,0,0,0,0
Kosovo,XKX,1987,,0,0.0,0.0,0.0,0,0,0,0
Kosovo,XKX,1988,,0,0.0,0.0,0.0,0,0,0,0
Kosovo,XKX,1989,,0,0.0,0.0,0.0,0,0,0,0
Kosovo,XKX,1990,,0,0.0,0.0,0.0,0,0,0,0
Kosovo,XKX,1991,,0,0.0,0.0,0.0,0,0,0,0
Kosovo,XKX,1992,,0,0.0,0.0,0.0,0,0,0,0
Kosovo,XKX,1993,,0,0.0,0.0,0.0,0,0,0,0
Kosovo,XKX,1994,,0,0.0,0.0,0.0,0,0,0,0
Kosovo,XKX,1995,,0,0.0,0.0,0.0,0,0,0,0
Kosovo,XKX,1996,,0,0.0,0.0,0.0,0,0,0,0
Kosovo,XKX,1997,,0,0.0,0.0,0.0,0,0,0,0
Kosovo,XKX,1998,,0,0.0,0.0,0.0,0,0,0,0
Kosovo,XKX,1999,,0,0.0,0.0,0.0,0,0,0,0
Kosovo,XKX,2000,,0,0.0,0.0,0.0,0,0,0,0
Kosovo,XKX,2001,,0,0.0,0.0,0.0,0,0,0,0
Kosovo,XKX,2002,,0,0.0,0.0,0.0,0,0,0,0
Kosovo,XKX,2003,,0,0.0,0.0,0.0,0,0,0,0
Kosovo,XKX,2004,,0,0.0,0.0,0.0,0,0,0,0
Kosovo,XKX,2005,,0,0.0,0.0,0.0,0,0,0,0
Kosovo,XKX,2006,,0,0.0,0.0,0.0,0,0,0,0
Kosovo,XKX,2007,,0,0.0,0.0,0.0,0,0,0,0
Kosovo,XKX,2008,0.0,0,0.0,0.0,0.0,0,0,0,0
Kosovo,XKX,2009,0.0,0,0.0,0.0,0.0,0,0,0,0
Kosovo,XKX,2010,0.0,0,0.0,0.0,0.0,0,0,0,0
Kosovo,XKX,2011,0.0,0,0.0,0.0,0.0,0,0,0,0
Kosovo,XKX,2012,0.0,0,0.0,0.0,0.0,0,0,0,0
Kosovo,XKX,2013,0.0,0,0.0,0.0,0.0,0,0,0,0
Kosovo,XKX,2014,0.0,0,0.0,0.0,0.0,0,0,0,0
Kosovo,XKX,2015,0.0,0,0.0,0.0,0.0,0,0,0,0
Kosovo,XKX,2016,0.0,0,0.0,0.0,0.0,0,0,0,0
Kosovo,XKX,2017,0.0,0,0.0,0.0,0.0,0,0,0,0
Kosovo,XKX,2018,0.0,0,0.0,0.0,0.0,0,0,0,0
Kosovo,XKX,2019,0.0,0,0.0,0.0,0.0,0,0,0,0
Kosovo,XKX,2020,0.0,0,0.0,0.0,1.0,1,1,1,0
Kosovo,XKX,2021,0.0011325999999999999,1,0.0,0.0,0.0,0,0,0,0
Kosovo,XKX,2022,0.0,0,1.0,0.0,1.0,1,0,1,0
Kosovo,XKX,2023,1.0,1,0.0,1.0,,0,0,0,0
Kyrgyz Republic,KGZ,1960,,0,,,0.0,0,0,0,0
Kyrgyz Republic,KGZ,1961,,0,0.0,,0.0,0,0,0,0
Kyrgyz Republic,KGZ,1962,,0,0.0,0.0,0.0,0,0,0,0
Kyrgyz Republic,KGZ,1963,,0,0.0,0.0,0.0,0,0,0,0
Kyrgyz Republic,KGZ,1964,,0,0.0,0.0,0.0,0,0,0,0
Kyrgyz Republic,KGZ,1965,,0,0.0,0.0,0.0,0,0,0,0
Kyrgyz Republic,KGZ,1966,,0,0.0,0.0,0.0,0,0,0,0
Kyrgyz Republic,KGZ,1967,,0,0.0,0.0,0.0,0,0,0,0
Kyrgyz Republic,KGZ,1968,,0,0.0,0.0,0.0,0,0,0,0
Kyrgyz Republic,KGZ,1969,,0,0.0,0.0,0.0,0,0,0,0
Kyrgyz Republic,KGZ,1970,,0,0.0,0.0,0.0,0,0,0,0
Kyrgyz Republic,KGZ,1971,,0,0.0,0.0,0.0,0,0,0,0
Kyrgyz Republic,KGZ,1972,,0,0.0,0.0,0.0,0,0,0,0
Kyrgyz Republic,KGZ,1973,,0,0.0,0.0,0.0,0,0,0,0
Kyrgyz Republic,KGZ,1974,,0,0.0,0.0,0.0,0,0,0,0
Kyrgyz Republic,KGZ,1975,,0,0.0,0.0,0.0,0,0,0,0
Kyrgyz Republic,KGZ,1976,,0,0.0,0.0,0.0,0,0,0,0
Kyrgyz Republic,KGZ,1977,,0,0.0,0.0,0.0,0,0,0,0
Kyrgyz Republic,KGZ,1978,,0,0.0,0.0,0.0,0,0,0,0
Kyrgyz Republic,KGZ,1979,,0,0.0,0.0,0.0,0,0,0,0
Kyrgyz Republic,KGZ,1980,,0,0.0,0.0,0.0,0,0,0,0
Kyrgyz Republic,KGZ,1981,,0,0.0,0.0,0.0,0,0,0,0
Kyrgyz Republic,KGZ,1982,,0,0.0,0.0,0.0,0,0,0,0
Kyrgyz Republic,KGZ,1983,,0,0.0,0.0,0.0,0,0,0,0
Kyrgyz Republic,KGZ,1984,,0,0.0,0.0,0.0,0,0,0,0
Kyrgyz Republic,KGZ,1985,,0,0.0,0.0,0.0,0,0,0,0
Kyrgyz Republic,KGZ,1986,,0,0.0,0.0,0.0,0,0,0,0
Kyrgyz Republic,KGZ,1987,,0,0.0,0.0,0.0,0,0,0,0
Kyrgyz Republic,KGZ,1988,,0,0.0,0.0,0.0,0,0,0,0
Kyrgyz Republic,KGZ,1989,,0,0.0,0.0,0.0,0,0,0,0
Kyrgyz Republic,KGZ,1990,,0,0.0,0.0,0.0,0,0,0,0
Kyrgyz Republic,KGZ,1991,0.0,0,0.0,0.0,0.0,0,0,0,0
Kyrgyz Republic,KGZ,1992,0.0,0,0.0,0.0,1.0,1,1,1,0
Kyrgyz Republic,KGZ,1993,0.900304,1,0.0,0.0,1.0,0,0,1,1
Kyrgyz Republic,KGZ,1994,24.42291,1,1.0,0.0,1.0,0,0,1,1
Kyrgyz Republic,KGZ,1995,21.7476,1,1.0,1.0,1.0,0,0,1,1
Kyrgyz Republic,KGZ,1996,91.70198,1,1.0,1.0,1.0,0,0,1,1
Kyrgyz Republic,KGZ,1997,4.0205517,1,1.0,1.0,0.0,0,0,0,0
Kyrgyz Republic,KGZ,1998,0.0,0,1.0,1.0,1.0,1,0,1,0
Kyrgyz Republic,KGZ,1999,32.02811,1,0.0,1.0,1.0,0,0,1,1
Kyrgyz Republic,KGZ,2000,60.912086499999994,1,1.0,0.0,1.0,0,0,1,1
Kyrgyz Republic,KGZ,2001,66.863474,1,1.0,1.0,1.0,0,0,1,1
Kyrgyz Republic,KGZ,2002,104.38641799999999,1,1.0,1.0,1.0,0,0,1,1
Kyrgyz Republic,KGZ,2003,45.13690209999999,1,1.0,1.0,1.0,0,0,1,1
Kyrgyz Republic,KGZ,2004,48.9213607,1,1.0,1.0,1.0,0,0,1,1
Kyrgyz Republic,KGZ,2005,556.0182654,1,1.0,1.0,1.0,0,0,1,1
Kyrgyz Republic,KGZ,2006,11.1170747,1,1.0,1.0,1.0,0,0,1,1
Kyrgyz Republic,KGZ,2007,23.4186628,1,1.0,1.0,1.0,0,0,1,1
Kyrgyz Republic,KGZ,2008,25.2967194,1,1.0,1.0,1.0,0,0,1,1
Kyrgyz Republic,KGZ,2009,17.2733877,1,1.0,1.0,1.0,0,0,1,1
Kyrgyz Republic,KGZ,2010,18.2567847,1,1.0,1.0,1.0,0,0,1,1
Kyrgyz Republic,KGZ,2011,9.7947747,1,1.0,1.0,1.0,0,0,1,1
Kyrgyz Republic,KGZ,2012,61.4250744,1,1.0,1.0,1.0,0,0,1,1
Kyrgyz Republic,KGZ,2013,214.9297964,1,1.0,1.0,1.0,0,0,1,1
Kyrgyz Republic,KGZ,2014,10.8545514,1,1.0,1.0,0.0,0,0,0,0
Kyrgyz Republic,KGZ,2015,0.0,0,1.0,1.0,1.0,1,0,1,0
Kyrgyz Republic,KGZ,2016,44.9404711,1,0.0,1.0,1.0,0,0,1,1
Kyrgyz Republic,KGZ,2017,30.0,1,1.0,0.0,1.0,0,0,1,1
Kyrgyz Republic,KGZ,2018,240.0,1,1.0,1.0,0.0,0,0,0,0
Kyrgyz Republic,KGZ,2019,0.0,0,1.0,1.0,0.0,0,0,0,0
Kyrgyz Republic,KGZ,2020,0.0,0,0.0,1.0,1.0,1,1,1,0
Kyrgyz Republic,KGZ,2021,115.04639739999999,1,0.0,0.0,1.0,0,0,1,1
Kyrgyz Republic,KGZ,2022,2.0689837,1,1.0,0.0,1.0,0,0,1,1
Kyrgyz Republic,KGZ,2023,2.0,1,1.0,1.0,,0,0,0,0
Laos,LAO,1960,0.0,0,,,0.0,0,0,0,0
Laos,LAO,1961,0.0,0,0.0,,0.0,0,0,0,0
Laos,LAO,1962,0.0,0,0.0,0.0,0.0,0,0,0,0
Laos,LAO,1963,0.0,0,0.0,0.0,0.0,0,0,0,0
Laos,LAO,1964,0.0,0,0.0,0.0,0.0,0,0,0,0
Laos,LAO,1965,0.0,0,0.0,0.0,0.0,0,0,0,0
Laos,LAO,1966,0.0,0,0.0,0.0,0.0,0,0,0,0
Laos,LAO,1967,0.0,0,0.0,0.0,0.0,0,0,0,0
Laos,LAO,1968,0.0,0,0.0,0.0,0.0,0,0,0,0
Laos,LAO,1969,0.0,0,0.0,0.0,0.0,0,0,0,0
Laos,LAO,1970,0.0,0,0.0,0.0,0.0,0,0,0,0
Laos,LAO,1971,0.0,0,0.0,0.0,1.0,1,1,1,0
Laos,LAO,1972,0.225,1,0.0,0.0,1.0,0,0,1,1
Laos,LAO,1973,0.273,1,1.0,0.0,1.0,0,0,1,1
Laos,LAO,1974,0.128,1,1.0,1.0,1.0,0,0,1,1
Laos,LAO,1975,0.608789,1,1.0,1.0,1.0,0,0,1,1
Laos,LAO,1976,156.117619,1,1.0,1.0,1.0,0,0,1,1
Laos,LAO,1977,1.800955,1,1.0,1.0,1.0,0,0,1,1
Laos,LAO,1978,3.1868749999999997,1,1.0,1.0,1.0,0,0,1,1
Laos,LAO,1979,4.2618030000000005,1,1.0,1.0,1.0,0,0,1,1
Laos,LAO,1980,5.508845000000001,1,1.0,1.0,1.0,0,0,1,1
Laos,LAO,1981,5.300848,1,1.0,1.0,1.0,0,0,1,1
Laos,LAO,1982,5.24652,1,1.0,1.0,1.0,0,0,1,1
Laos,LAO,1983,4.867941,1,1.0,1.0,1.0,0,0,1,1
Laos,LAO,1984,4.777536,1,1.0,1.0,1.0,0,0,1,1
Laos,LAO,1985,6.752095000000001,1,1.0,1.0,1.0,0,0,1,1
Laos,LAO,1986,8.766914,1,1.0,1.0,1.0,0,0,1,1
Laos,LAO,1987,12.713977,1,1.0,1.0,1.0,0,0,1,1
Laos,LAO,1988,0.6679999999999999,1,1.0,1.0,1.0,0,0,1,1
Laos,LAO,1989,0.254,1,1.0,1.0,1.0,0,0,1,1
Laos,LAO,1990,1.021,1,1.0,1.0,1.0,0,0,1,1
Laos,LAO,1991,1291.919,1,1.0,1.0,1.0,0,0,1,1
Laos,LAO,1992,0.4,1,1.0,1.0,0.0,0,0,0,0
Laos,LAO,1993,0.0,0,1.0,1.0,0.0,0,0,0,0
Laos,LAO,1994,0.0,0,0.0,1.0,0.0,0,0,0,0
Laos,LAO,1995,0.0,0,0.0,0.0,1.0,1,1,1,0
Laos,LAO,1996,1.584,1,0.0,0.0,1.0,0,0,1,1
Laos,LAO,1997,1.659,1,1.0,0.0,1.0,0,0,1,1
Laos,LAO,1998,0.6960000000000001,1,1.0,1.0,1.0,0,0,1,1
Laos,LAO,1999,0.984,1,1.0,1.0,1.0,0,0,1,1
Laos,LAO,2000,1.2195859,1,1.0,1.0,1.0,0,0,1,1
Laos,LAO,2001,0.017,1,1.0,1.0,0.0,0,0,0,0
Laos,LAO,2002,0.0,0,1.0,1.0,1.0,1,0,1,0
Laos,LAO,2003,905.0,1,0.0,1.0,0.0,0,0,0,0
Laos,LAO,2004,0.0,0,1.0,0.0,0.0,0,0,0,0
Laos,LAO,2005,0.0,0,0.0,1.0,1.0,1,1,1,0
Laos,LAO,2006,45.0,1,0.0,0.0,0.0,0,0,0,0
Laos,LAO,2007,0.0,0,1.0,0.0,0.0,0,0,0,0
Laos,LAO,2008,0.0,0,0.0,1.0,0.0,0,0,0,0
Laos,LAO,2009,0.0,0,0.0,0.0,0.0,0,0,0,0
Laos,LAO,2010,0.0,0,0.0,0.0,0.0,0,0,0,0
Laos,LAO,2011,0.0,0,0.0,0.0,1.0,1,1,1,0
Laos,LAO,2012,0.0026388,1,0.0,0.0,1.0,0,0,1,1
Laos,LAO,2013,0.0027581999999999997,1,1.0,0.0,1.0,0,0,1,1
Laos,LAO,2014,0.0024281999999999997,1,1.0,1.0,1.0,0,0,1,1
Laos,LAO,2015,0.0021774,1,1.0,1.0,1.0,0,0,1,1
Laos,LAO,2016,0.0021081999999999997,1,1.0,1.0,1.0,0,0,1,1
Laos,LAO,2017,0.0023986,1,1.0,1.0,1.0,0,0,1,1
Laos,LAO,2018,0.00229,1,1.0,1.0,1.0,0,0,1,1
Laos,LAO,2019,0.0022468,1,1.0,1.0,1.0,0,0,1,1
Laos,LAO,2020,220.0024542,1,1.0,1.0,1.0,0,0,1,1
Laos,LAO,2021,450.0022652,1,1.0,1.0,1.0,0,0,1,1
Laos,LAO,2022,610.0021332,1,1.0,1.0,1.0,0,0,1,1
Laos,LAO,2023,927.043966,1,1.0,1.0,,0,0,0,0
Latvia,LVA,1960,,0,,,0.0,0,0,0,0
Latvia,LVA,1961,,0,0.0,,0.0,0,0,0,0
Latvia,LVA,1962,,0,0.0,0.0,0.0,0,0,0,0
Latvia,LVA,1963,,0,0.0,0.0,0.0,0,0,0,0
Latvia,LVA,1964,,0,0.0,0.0,0.0,0,0,0,0
Latvia,LVA,1965,,0,0.0,0.0,0.0,0,0,0,0
Latvia,LVA,1966,,0,0.0,0.0,0.0,0,0,0,0
Latvia,LVA,1967,,0,0.0,0.0,0.0,0,0,0,0
Latvia,LVA,1968,,0,0.0,0.0,0.0,0,0,0,0
Latvia,LVA,1969,,0,0.0,0.0,0.0,0,0,0,0
Latvia,LVA,1970,,0,0.0,0.0,0.0,0,0,0,0
Latvia,LVA,1971,,0,0.0,0.0,0.0,0,0,0,0
Latvia,LVA,1972,,0,0.0,0.0,0.0,0,0,0,0
Latvia,LVA,1973,,0,0.0,0.0,0.0,0,0,0,0
Latvia,LVA,1974,,0,0.0,0.0,0.0,0,0,0,0
Latvia,LVA,1975,,0,0.0,0.0,0.0,0,0,0,0
Latvia,LVA,1976,,0,0.0,0.0,0.0,0,0,0,0
Latvia,LVA,1977,,0,0.0,0.0,0.0,0,0,0,0
Latvia,LVA,1978,,0,0.0,0.0,0.0,0,0,0,0
Latvia,LVA,1979,,0,0.0,0.0,0.0,0,0,0,0
Latvia,LVA,1980,,0,0.0,0.0,0.0,0,0,0,0
Latvia,LVA,1981,,0,0.0,0.0,0.0,0,0,0,0
Latvia,LVA,1982,,0,0.0,0.0,0.0,0,0,0,0
Latvia,LVA,1983,,0,0.0,0.0,0.0,0,0,0,0
Latvia,LVA,1984,,0,0.0,0.0,0.0,0,0,0,0
Latvia,LVA,1985,,0,0.0,0.0,0.0,0,0,0,0
Latvia,LVA,1986,,0,0.0,0.0,0.0,0,0,0,0
Latvia,LVA,1987,,0,0.0,0.0,0.0,0,0,0,0
Latvia,LVA,1988,,0,0.0,0.0,0.0,0,0,0,0
Latvia,LVA,1989,,0,0.0,0.0,0.0,0,0,0,0
Latvia,LVA,1990,,0,0.0,0.0,0.0,0,0,0,0
Latvia,LVA,1991,0.0,0,0.0,0.0,0.0,0,0,0,0
Latvia,LVA,1992,0.0,0,0.0,0.0,0.0,0,0,0,0
Latvia,LVA,1993,0.0,0,0.0,0.0,0.0,0,0,0,0
Latvia,LVA,1994,0.0,0,0.0,0.0,0.0,0,0,0,0
Latvia,LVA,1995,0.0,0,0.0,0.0,0.0,0,0,0,0
Latvia,LVA,1996,0.0,0,0.0,0.0,0.0,0,0,0,0
Latvia,LVA,1997,0.0,0,0.0,0.0,0.0,0,0,0,0
Latvia,LVA,1998,0.0,0,0.0,0.0,0.0,0,0,0,0
Latvia,LVA,1999,0.0,0,0.0,0.0,0.0,0,0,0,0
Latvia,LVA,2000,0.0,0,0.0,0.0,0.0,0,0,0,0
Latvia,LVA,2001,0.0,0,0.0,0.0,0.0,0,0,0,0
Latvia,LVA,2002,0.0,0,0.0,0.0,0.0,0,0,0,0
Latvia,LVA,2003,0.0,0,0.0,0.0,0.0,0,0,0,0
Latvia,LVA,2004,0.0,0,0.0,0.0,0.0,0,0,0,0
Latvia,LVA,2005,0.0,0,0.0,0.0,0.0,0,0,0,0
Latvia,LVA,2006,0.0,0,0.0,0.0,0.0,0,0,0,0
Latvia,LVA,2007,0.0,0,0.0,0.0,0.0,0,0,0,0
Latvia,LVA,2008,0.0,0,0.0,0.0,1.0,1,1,1,0
Latvia,LVA,2009,11.44,1,0.0,0.0,0.0,0,0,0,0
Latvia,LVA,2010,0.0,0,1.0,0.0,0.0,0,0,0,0
Latvia,LVA,2011,0.0,0,0.0,1.0,0.0,0,0,0,0
Latvia,LVA,2012,0.0,0,0.0,0.0,0.0,0,0,0,0
Latvia,LVA,2013,0.0,0,0.0,0.0,0.0,0,0,0,0
Latvia,LVA,2014,0.0,0,0.0,0.0,0.0,0,0,0,0
Latvia,LVA,2015,0.0,0,0.0,0.0,0.0,0,0,0,0
Latvia,LVA,2016,0.0,0,0.0,0.0,0.0,0,0,0,0
Latvia,LVA,2017,0.0,0,0.0,0.0,0.0,0,0,0,0
Latvia,LVA,2018,0.0,0,0.0,0.0,0.0,0,0,0,0
Latvia,LVA,2019,0.0,0,0.0,0.0,0.0,0,0,0,0
Latvia,LVA,2020,0.0,0,0.0,0.0,0.0,0,0,0,0
Latvia,LVA,2021,0.0,0,0.0,0.0,0.0,0,0,0,0
Latvia,LVA,2022,0.0,0,0.0,0.0,0.0,0,0,0,0
Latvia,LVA,2023,0.0,0,0.0,0.0,,0,0,0,0
Lebanon,LBN,1960,0.0,0,,,0.0,0,0,0,0
Lebanon,LBN,1961,0.0,0,0.0,,0.0,0,0,0,0
Lebanon,LBN,1962,0.0,0,0.0,0.0,0.0,0,0,0,0
Lebanon,LBN,1963,0.0,0,0.0,0.0,0.0,0,0,0,0
Lebanon,LBN,1964,0.0,0,0.0,0.0,0.0,0,0,0,0
Lebanon,LBN,1965,0.0,0,0.0,0.0,0.0,0,0,0,0
Lebanon,LBN,1966,0.0,0,0.0,0.0,0.0,0,0,0,0
Lebanon,LBN,1967,0.0,0,0.0,0.0,0.0,0,0,0,0
Lebanon,LBN,1968,0.0,0,0.0,0.0,0.0,0,0,0,0
Lebanon,LBN,1969,0.0,0,0.0,0.0,0.0,0,0,0,0
Lebanon,LBN,1970,0.0,0,0.0,0.0,0.0,0,0,0,0
Lebanon,LBN,1971,0.0,0,0.0,0.0,0.0,0,0,0,0
Lebanon,LBN,1972,0.0,0,0.0,0.0,0.0,0,0,0,0
Lebanon,LBN,1973,0.0,0,0.0,0.0,0.0,0,0,0,0
Lebanon,LBN,1974,0.0,0,0.0,0.0,0.0,0,0,0,0
Lebanon,LBN,1975,0.0,0,0.0,0.0,1.0,1,1,1,0
Lebanon,LBN,1976,0.3,1,0.0,0.0,0.0,0,0,0,0
Lebanon,LBN,1977,0.0,0,1.0,0.0,0.0,0,0,0,0
Lebanon,LBN,1978,0.0,0,0.0,1.0,0.0,0,0,0,0
Lebanon,LBN,1979,0.0,0,0.0,0.0,0.0,0,0,0,0
Lebanon,LBN,1980,0.0,0,0.0,0.0,0.0,0,0,0,0
Lebanon,LBN,1981,0.0,0,0.0,0.0,1.0,1,1,1,0
Lebanon,LBN,1982,8.265,1,0.0,0.0,1.0,0,0,1,1
Lebanon,LBN,1983,17.933,1,1.0,0.0,1.0,0,0,1,1
Lebanon,LBN,1984,27.551,1,1.0,1.0,1.0,0,0,1,1
Lebanon,LBN,1985,37.084,1,1.0,1.0,1.0,0,0,1,1
Lebanon,LBN,1986,47.129,1,1.0,1.0,1.0,0,0,1,1
Lebanon,LBN,1987,64.25399999999999,1,1.0,1.0,1.0,0,0,1,1
Lebanon,LBN,1988,96.244,1,1.0,1.0,1.0,0,0,1,1
Lebanon,LBN,1989,130.399,1,1.0,1.0,1.0,0,0,1,1
Lebanon,LBN,1990,171.307,1,1.0,1.0,1.0,0,0,1,1
Lebanon,LBN,1991,183.43099999999998,1,1.0,1.0,1.0,0,0,1,1
Lebanon,LBN,1992,77.798,1,1.0,1.0,1.0,0,0,1,1
Lebanon,LBN,1993,71.976,1,1.0,1.0,1.0,0,0,1,1
Lebanon,LBN,1994,59.595,1,1.0,1.0,1.0,0,0,1,1
Lebanon,LBN,1995,51.299,1,1.0,1.0,0.0,0,0,0,0
Lebanon,LBN,1996,0.0,0,1.0,1.0,0.0,0,0,0,0
Lebanon,LBN,1997,0.0,0,0.0,1.0,0.0,0,0,0,0
Lebanon,LBN,1998,0.0,0,0.0,0.0,0.0,0,0,0,0
Lebanon,LBN,1999,0.0,0,0.0,0.0,1.0,1,1,1,0
Lebanon,LBN,2000,0.0009816,1,0.0,0.0,0.0,0,0,0,0
Lebanon,LBN,2001,0.0,0,1.0,0.0,1.0,1,0,1,0
Lebanon,LBN,2002,0.1254275,1,0.0,1.0,0.0,0,0,0,0
Lebanon,LBN,2003,0.0,0,1.0,0.0,0.0,0,0,0,0
Lebanon,LBN,2004,0.0,0,0.0,1.0,0.0,0,0,0,0
Lebanon,LBN,2005,0.0,0,0.0,0.0,0.0,0,0,0,0
Lebanon,LBN,2006,0.0,0,0.0,0.0,0.0,0,0,0,0
Lebanon,LBN,2007,0.0,0,0.0,0.0,0.0,0,0,0,0
Lebanon,LBN,2008,0.0,0,0.0,0.0,0.0,0,0,0,0
Lebanon,LBN,2009,0.0,0,0.0,0.0,0.0,0,0,0,0
Lebanon,LBN,2010,0.0,0,0.0,0.0,0.0,0,0,0,0
Lebanon,LBN,2011,0.0,0,0.0,0.0,0.0,0,0,0,0
Lebanon,LBN,2012,0.0,0,0.0,0.0,0.0,0,0,0,0
Lebanon,LBN,2013,0.0,0,0.0,0.0,0.0,0,0,0,0
Lebanon,LBN,2014,0.0,0,0.0,0.0,0.0,0,0,0,0
Lebanon,LBN,2015,0.0,0,0.0,0.0,0.0,0,0,0,0
Lebanon,LBN,2016,0.0,0,0.0,0.0,0.0,0,0,0,0
Lebanon,LBN,2017,0.0,0,0.0,0.0,0.0,0,0,0,0
Lebanon,LBN,2018,0.0,0,0.0,0.0,0.0,0,0,0,0
Lebanon,LBN,2019,0.0,0,0.0,0.0,1.0,1,1,1,0
Lebanon,LBN,2020,33410.042,1,0.0,0.0,1.0,0,0,1,1
Lebanon,LBN,2021,35700.634,1,1.0,0.0,1.0,0,0,1,1
Lebanon,LBN,2022,37992.0,1,1.0,1.0,1.0,0,0,1,1
Lebanon,LBN,2023,40511.0,1,1.0,1.0,,0,0,0,0
Lesotho,LSO,1960,,0,,,0.0,0,0,0,0
Lesotho,LSO,1961,,0,0.0,,0.0,0,0,0,0
Lesotho,LSO,1962,,0,0.0,0.0,0.0,0,0,0,0
Lesotho,LSO,1963,,0,0.0,0.0,0.0,0,0,0,0
Lesotho,LSO,1964,,0,0.0,0.0,0.0,0,0,0,0
Lesotho,LSO,1965,,0,0.0,0.0,0.0,0,0,0,0
Lesotho,LSO,1966,0.0,0,0.0,0.0,0.0,0,0,0,0
Lesotho,LSO,1967,0.0,0,0.0,0.0,0.0,0,0,0,0
Lesotho,LSO,1968,0.0,0,0.0,0.0,0.0,0,0,0,0
Lesotho,LSO,1969,0.0,0,0.0,0.0,0.0,0,0,0,0
Lesotho,LSO,1970,0.0,0,0.0,0.0,0.0,0,0,0,0
Lesotho,LSO,1971,0.0,0,0.0,0.0,0.0,0,0,0,0
Lesotho,LSO,1972,0.0,0,0.0,0.0,0.0,0,0,0,0
Lesotho,LSO,1973,0.0,0,0.0,0.0,0.0,0,0,0,0
Lesotho,LSO,1974,0.0,0,0.0,0.0,0.0,0,0,0,0
Lesotho,LSO,1975,0.0,0,0.0,0.0,0.0,0,0,0,0
Lesotho,LSO,1976,0.0,0,0.0,0.0,0.0,0,0,0,0
Lesotho,LSO,1977,0.0,0,0.0,0.0,0.0,0,0,0,0
Lesotho,LSO,1978,0.0,0,0.0,0.0,1.0,1,1,1,0
Lesotho,LSO,1979,0.000578,1,0.0,0.0,0.0,0,0,0,0
Lesotho,LSO,1980,0.0,0,1.0,0.0,0.0,0,0,0,0
Lesotho,LSO,1981,0.0,0,0.0,1.0,0.0,0,0,0,0
Lesotho,LSO,1982,0.0,0,0.0,0.0,0.0,0,0,0,0
Lesotho,LSO,1983,0.0,0,0.0,0.0,0.0,0,0,0,0
Lesotho,LSO,1984,0.0,0,0.0,0.0,1.0,1,1,1,0
Lesotho,LSO,1985,0.195758,1,0.0,0.0,1.0,0,0,1,1
Lesotho,LSO,1986,0.043939,1,1.0,0.0,1.0,0,0,1,1
Lesotho,LSO,1987,0.004663,1,1.0,1.0,1.0,0,0,1,1
Lesotho,LSO,1988,0.00757,1,1.0,1.0,0.0,0,0,0,0
Lesotho,LSO,1989,0.0,0,1.0,1.0,1.0,1,0,1,0
Lesotho,LSO,1990,8.121312,1,0.0,1.0,1.0,0,0,1,1
Lesotho,LSO,1991,3.69621,1,1.0,0.0,1.0,0,0,1,1
Lesotho,LSO,1992,5.575755,1,1.0,1.0,1.0,0,0,1,1
Lesotho,LSO,1993,12.051992,1,1.0,1.0,1.0,0,0,1,1
Lesotho,LSO,1994,2.884411,1,1.0,1.0,0.0,0,0,0,0
Lesotho,LSO,1995,0.0,0,1.0,1.0,0.0,0,0,0,0
Lesotho,LSO,1996,0.0,0,0.0,1.0,0.0,0,0,0,0
Lesotho,LSO,1997,0.0,0,0.0,0.0,1.0,1,1,1,0
Lesotho,LSO,1998,0.063361,1,0.0,0.0,0.0,0,0,0,0
Lesotho,LSO,1999,0.0,0,1.0,0.0,0.0,0,0,0,0
Lesotho,LSO,2000,0.0,0,0.0,1.0,1.0,1,1,1,0
Lesotho,LSO,2001,3.0,1,0.0,0.0,0.0,0,0,0,0
Lesotho,LSO,2002,0.0,0,1.0,0.0,0.0,0,0,0,0
Lesotho,LSO,2003,0.0,0,0.0,1.0,0.0,0,0,0,0
Lesotho,LSO,2004,0.0,0,0.0,0.0,0.0,0,0,0,0
Lesotho,LSO,2005,0.0,0,0.0,0.0,1.0,1,1,1,0
Lesotho,LSO,2006,18.2805076,1,0.0,0.0,1.0,0,0,1,1
Lesotho,LSO,2007,5.8502446,1,1.0,0.0,1.0,0,0,1,1
Lesotho,LSO,2008,1.4396965,1,1.0,1.0,1.0,0,0,1,1
Lesotho,LSO,2009,0.0015677,1,1.0,1.0,0.0,0,0,0,0
Lesotho,LSO,2010,0.0,0,1.0,1.0,0.0,0,0,0,0
Lesotho,LSO,2011,0.0,0,0.0,1.0,0.0,0,0,0,0
Lesotho,LSO,2012,0.0,0,0.0,0.0,1.0,1,1,1,0
Lesotho,LSO,2013,0.0702472,1,0.0,0.0,1.0,0,0,1,1
Lesotho,LSO,2014,0.216046,1,1.0,0.0,1.0,0,0,1,1
Lesotho,LSO,2015,0.1321607,1,1.0,1.0,1.0,0,0,1,1
Lesotho,LSO,2016,0.3750295,1,1.0,1.0,1.0,0,0,1,1
Lesotho,LSO,2017,0.1768764,1,1.0,1.0,1.0,0,0,1,1
Lesotho,LSO,2018,1.5338882,1,1.0,1.0,1.0,0,0,1,1
Lesotho,LSO,2019,0.30163,1,1.0,1.0,1.0,0,0,1,1
Lesotho,LSO,2020,4.6598052999999995,1,1.0,1.0,1.0,0,0,1,1
Lesotho,LSO,2021,9.773027299999999,1,1.0,1.0,1.0,0,0,1,1
Lesotho,LSO,2022,12.6595373,1,1.0,1.0,1.0,0,0,1,1
Lesotho,LSO,2023,13.0,1,1.0,1.0,,0,0,0,0
Liberia,LBR,1960,0.0,0,,,0.0,0,0,0,0
Liberia,LBR,1961,0.0,0,0.0,,0.0,0,0,0,0
Liberia,LBR,1962,0.0,0,0.0,0.0,1.0,1,1,1,0
Liberia,LBR,1963,122.0,1,0.0,0.0,0.0,0,0,0,0
Liberia,LBR,1964,0.0,0,1.0,0.0,0.0,0,0,0,0
Liberia,LBR,1965,0.0,0,0.0,1.0,0.0,0,0,0,0
Liberia,LBR,1966,0.0,0,0.0,0.0,0.0,0,0,0,0
Liberia,LBR,1967,0.0,0,0.0,0.0,1.0,1,1,1,0
Liberia,LBR,1968,112.0,1,0.0,0.0,1.0,0,0,1,1
Liberia,LBR,1969,5.0,1,1.0,0.0,0.0,0,0,0,0
Liberia,LBR,1970,0.0,0,1.0,1.0,1.0,1,0,1,0
Liberia,LBR,1971,0.078,1,0.0,1.0,1.0,0,0,1,1
Liberia,LBR,1972,0.077,1,1.0,0.0,1.0,0,0,1,1
Liberia,LBR,1973,0.134,1,1.0,1.0,1.0,0,0,1,1
Liberia,LBR,1974,0.241,1,1.0,1.0,1.0,0,0,1,1
Liberia,LBR,1975,0.047,1,1.0,1.0,1.0,0,0,1,1
Liberia,LBR,1976,0.054,1,1.0,1.0,1.0,0,0,1,1
Liberia,LBR,1977,0.126,1,1.0,1.0,1.0,0,0,1,1
Liberia,LBR,1978,1.275,1,1.0,1.0,1.0,0,0,1,1
Liberia,LBR,1979,1.7979999999999998,1,1.0,1.0,1.0,0,0,1,1
Liberia,LBR,1980,37.3,1,1.0,1.0,1.0,0,0,1,1
Liberia,LBR,1981,43.900000000000006,1,1.0,1.0,1.0,0,0,1,1
Liberia,LBR,1982,60.647000000000006,1,1.0,1.0,1.0,0,0,1,1
Liberia,LBR,1983,71.3,1,1.0,1.0,1.0,0,0,1,1
Liberia,LBR,1984,113.25,1,1.0,1.0,1.0,0,0,1,1
Liberia,LBR,1985,469.55433768495,1,1.0,1.0,1.0,0,0,1,1
Liberia,LBR,1986,838.9215011246279,1,1.0,1.0,1.0,0,0,1,1
Liberia,LBR,1987,1447.1060025816964,1,1.0,1.0,1.0,0,0,1,1
Liberia,LBR,1988,1700.4831599191184,1,1.0,1.0,1.0,0,0,1,1
Liberia,LBR,1989,1199.745481483003,1,1.0,1.0,1.0,0,0,1,1
Liberia,LBR,1990,1811.889489907088,1,1.0,1.0,1.0,0,0,1,1
Liberia,LBR,1991,2052.6339578218976,1,1.0,1.0,1.0,0,0,1,1
Liberia,LBR,1992,2111.6836365693043,1,1.0,1.0,1.0,0,0,1,1
Liberia,LBR,1993,2222.08376712169,1,1.0,1.0,1.0,0,0,1,1
Liberia,LBR,1994,2467.863295389227,1,1.0,1.0,1.0,0,0,1,1
Liberia,LBR,1995,2653.5552931094608,1,1.0,1.0,1.0,0,0,1,1
Liberia,LBR,1996,2721.975855483707,1,1.0,1.0,1.0,0,0,1,1
Liberia,LBR,1997,2742.939776074549,1,1.0,1.0,1.0,0,0,1,1
Liberia,LBR,1998,2972.0059508553186,1,1.0,1.0,1.0,0,0,1,1
Liberia,LBR,1999,3030.938580008094,1,1.0,1.0,1.0,0,0,1,1
Liberia,LBR,2000,3370.87438705751,1,1.0,1.0,1.0,0,0,1,1
Liberia,LBR,2001,3737.128658468915,1,1.0,1.0,1.0,0,0,1,1
Liberia,LBR,2002,3972.1843380675446,1,1.0,1.0,1.0,0,0,1,1
Liberia,LBR,2003,4426.223555676761,1,1.0,1.0,1.0,0,0,1,1
Liberia,LBR,2004,4725.7666290648485,1,1.0,1.0,1.0,0,0,1,1
Liberia,LBR,2005,4792.9543219641555,1,1.0,1.0,1.0,0,0,1,1
Liberia,LBR,2006,5181.378906371721,1,1.0,1.0,1.0,0,0,1,1
Liberia,LBR,2007,4948.220106439707,1,1.0,1.0,1.0,0,0,1,1
Liberia,LBR,2008,4076.039296299954,1,1.0,1.0,1.0,0,0,1,1
Liberia,LBR,2009,1765.6849824,1,1.0,1.0,1.0,0,0,1,1
Liberia,LBR,2010,2883.4672642,1,1.0,1.0,1.0,0,0,1,1
Liberia,LBR,2011,185.627,1,1.0,1.0,1.0,0,0,1,1
Liberia,LBR,2012,121.0419436,1,1.0,1.0,1.0,0,0,1,1
Liberia,LBR,2013,92.0247927,1,1.0,1.0,1.0,0,0,1,1
Liberia,LBR,2014,78.6148345,1,1.0,1.0,1.0,0,0,1,1
Liberia,LBR,2015,78.596,1,1.0,1.0,1.0,0,0,1,1
Liberia,LBR,2016,88.596,1,1.0,1.0,1.0,0,0,1,1
Liberia,LBR,2017,405.4111312,1,1.0,1.0,1.0,0,0,1,1
Liberia,LBR,2018,85.876,1,1.0,1.0,1.0,0,0,1,1
Liberia,LBR,2019,65.2866958,1,1.0,1.0,1.0,0,0,1,1
Liberia,LBR,2020,85.0,1,1.0,1.0,1.0,0,0,1,1
Liberia,LBR,2021,25.0,1,1.0,1.0,1.0,0,0,1,1
Liberia,LBR,2022,12.0,1,1.0,1.0,1.0,0,0,1,1
Liberia,LBR,2023,25.0,1,1.0,1.0,,0,0,0,0
Libya,LBY,1960,,0,,,0.0,0,0,0,0
Libya,LBY,1961,,0,0.0,,0.0,0,0,0,0
Libya,LBY,1962,,0,0.0,0.0,0.0,0,0,0,0
Libya,LBY,1963,,0,0.0,0.0,0.0,0,0,0,0
Libya,LBY,1964,,0,0.0,0.0,0.0,0,0,0,0
Libya,LBY,1965,,0,0.0,0.0,0.0,0,0,0,0
Libya,LBY,1966,,0,0.0,0.0,0.0,0,0,0,0
Libya,LBY,1967,,0,0.0,0.0,0.0,0,0,0,0
Libya,LBY,1968,,0,0.0,0.0,0.0,0,0,0,0
Libya,LBY,1969,,0,0.0,0.0,0.0,0,0,0,0
Libya,LBY,1970,,0,0.0,0.0,0.0,0,0,0,0
Libya,LBY,1971,,0,0.0,0.0,0.0,0,0,0,0
Libya,LBY,1972,,0,0.0,0.0,0.0,0,0,0,0
Libya,LBY,1973,,0,0.0,0.0,0.0,0,0,0,0
Libya,LBY,1974,,0,0.0,0.0,0.0,0,0,0,0
Libya,LBY,1975,,0,0.0,0.0,0.0,0,0,0,0
Libya,LBY,1976,,0,0.0,0.0,0.0,0,0,0,0
Libya,LBY,1977,0.0,0,0.0,0.0,0.0,0,0,0,0
Libya,LBY,1978,0.0,0,0.0,0.0,0.0,0,0,0,0
Libya,LBY,1979,0.0,0,0.0,0.0,0.0,0,0,0,0
Libya,LBY,1980,0.0,0,0.0,0.0,0.0,0,0,0,0
Libya,LBY,1981,0.0,0,0.0,0.0,0.0,0,0,0,0
Libya,LBY,1982,0.0,0,0.0,0.0,0.0,0,0,0,0
Libya,LBY,1983,0.0,0,0.0,0.0,0.0,0,0,0,0
Libya,LBY,1984,0.0,0,0.0,0.0,0.0,0,0,0,0
Libya,LBY,1985,0.0,0,0.0,0.0,0.0,0,0,0,0
Libya,LBY,1986,0.0,0,0.0,0.0,0.0,0,0,0,0
Libya,LBY,1987,0.0,0,0.0,0.0,0.0,0,0,0,0
Libya,LBY,1988,0.0,0,0.0,0.0,0.0,0,0,0,0
Libya,LBY,1989,0.0,0,0.0,0.0,0.0,0,0,0,0
Libya,LBY,1990,0.0,0,0.0,0.0,0.0,0,0,0,0
Libya,LBY,1991,0.0,0,0.0,0.0,0.0,0,0,0,0
Libya,LBY,1992,0.0,0,0.0,0.0,0.0,0,0,0,0
Libya,LBY,1993,0.0,0,0.0,0.0,0.0,0,0,0,0
Libya,LBY,1994,0.0,0,0.0,0.0,0.0,0,0,0,0
Libya,LBY,1995,0.0,0,0.0,0.0,0.0,0,0,0,0
Libya,LBY,1996,0.0,0,0.0,0.0,0.0,0,0,0,0
Libya,LBY,1997,0.0,0,0.0,0.0,0.0,0,0,0,0
Libya,LBY,1998,0.0,0,0.0,0.0,0.0,0,0,0,0
Libya,LBY,1999,0.0,0,0.0,0.0,0.0,0,0,0,0
Libya,LBY,2000,0.0,0,0.0,0.0,0.0,0,0,0,0
Libya,LBY,2001,0.0,0,0.0,0.0,0.0,0,0,0,0
Libya,LBY,2002,0.0,0,0.0,0.0,0.0,0,0,0,0
Libya,LBY,2003,0.0,0,0.0,0.0,1.0,1,1,1,0
Libya,LBY,2004,441.0,1,0.0,0.0,0.0,0,0,0,0
Libya,LBY,2005,0.0,0,1.0,0.0,0.0,0,0,0,0
Libya,LBY,2006,0.0,0,0.0,1.0,0.0,0,0,0,0
Libya,LBY,2007,,0,0.0,0.0,1.0,1,1,1,0
Libya,LBY,2008,4500.0,1,0.0,0.0,0.0,0,0,0,0
Libya,LBY,2009,,0,1.0,0.0,0.0,0,0,0,0
Libya,LBY,2010,,0,0.0,1.0,1.0,1,1,1,0
Libya,LBY,2011,3200.0,1,0.0,0.0,1.0,0,0,1,1
Libya,LBY,2012,3200.0,1,1.0,0.0,1.0,0,0,1,1
Libya,LBY,2013,3280.0,1,1.0,1.0,1.0,0,0,1,1
Libya,LBY,2014,3320.0,1,1.0,1.0,1.0,0,0,1,1
Libya,LBY,2015,3400.0,1,1.0,1.0,1.0,0,0,1,1
Libya,LBY,2016,3450.0,1,1.0,1.0,1.0,0,0,1,1
Libya,LBY,2017,3500.0,1,1.0,1.0,0.0,0,0,0,0
Libya,LBY,2018,0.0,0,1.0,1.0,0.0,0,0,0,0
Libya,LBY,2019,0.0,0,0.0,1.0,0.0,0,0,0,0
Libya,LBY,2020,0.0,0,0.0,0.0,0.0,0,0,0,0
Libya,LBY,2021,0.0,0,0.0,0.0,0.0,0,0,0,0
Libya,LBY,2022,0.0,0,0.0,0.0,0.0,0,0,0,0
Libya,LBY,2023,0.0,0,0.0,0.0,,0,0,0,0
Lithuania,LTU,1960,,0,,,0.0,0,0,0,0
Lithuania,LTU,1961,,0,0.0,,0.0,0,0,0,0
Lithuania,LTU,1962,,0,0.0,0.0,0.0,0,0,0,0
Lithuania,LTU,1963,,0,0.0,0.0,0.0,0,0,0,0
Lithuania,LTU,1964,,0,0.0,0.0,0.0,0,0,0,0
Lithuania,LTU,1965,,0,0.0,0.0,0.0,0,0,0,0
Lithuania,LTU,1966,,0,0.0,0.0,0.0,0,0,0,0
Lithuania,LTU,1967,,0,0.0,0.0,0.0,0,0,0,0
Lithuania,LTU,1968,,0,0.0,0.0,0.0,0,0,0,0
Lithuania,LTU,1969,,0,0.0,0.0,0.0,0,0,0,0
Lithuania,LTU,1970,,0,0.0,0.0,0.0,0,0,0,0
Lithuania,LTU,1971,,0,0.0,0.0,0.0,0,0,0,0
Lithuania,LTU,1972,,0,0.0,0.0,0.0,0,0,0,0
Lithuania,LTU,1973,,0,0.0,0.0,0.0,0,0,0,0
Lithuania,LTU,1974,,0,0.0,0.0,0.0,0,0,0,0
Lithuania,LTU,1975,,0,0.0,0.0,0.0,0,0,0,0
Lithuania,LTU,1976,,0,0.0,0.0,0.0,0,0,0,0
Lithuania,LTU,1977,,0,0.0,0.0,0.0,0,0,0,0
Lithuania,LTU,1978,,0,0.0,0.0,0.0,0,0,0,0
Lithuania,LTU,1979,,0,0.0,0.0,0.0,0,0,0,0
Lithuania,LTU,1980,,0,0.0,0.0,0.0,0,0,0,0
Lithuania,LTU,1981,,0,0.0,0.0,0.0,0,0,0,0
Lithuania,LTU,1982,,0,0.0,0.0,0.0,0,0,0,0
Lithuania,LTU,1983,,0,0.0,0.0,0.0,0,0,0,0
Lithuania,LTU,1984,,0,0.0,0.0,0.0,0,0,0,0
Lithuania,LTU,1985,,0,0.0,0.0,0.0,0,0,0,0
Lithuania,LTU,1986,,0,0.0,0.0,0.0,0,0,0,0
Lithuania,LTU,1987,,0,0.0,0.0,0.0,0,0,0,0
Lithuania,LTU,1988,,0,0.0,0.0,0.0,0,0,0,0
Lithuania,LTU,1989,,0,0.0,0.0,0.0,0,0,0,0
Lithuania,LTU,1990,,0,0.0,0.0,0.0,0,0,0,0
Lithuania,LTU,1991,,0,0.0,0.0,0.0,0,0,0,0
Lithuania,LTU,1992,0.0,0,0.0,0.0,1.0,1,1,1,0
Lithuania,LTU,1993,63.79746835443038,1,0.0,0.0,0.0,0,0,0,0
Lithuania,LTU,1994,0.0,0,1.0,0.0,0.0,0,0,0,0
Lithuania,LTU,1995,0.0,0,0.0,1.0,0.0,0,0,0,0
Lithuania,LTU,1996,0.0,0,0.0,0.0,0.0,0,0,0,0
Lithuania,LTU,1997,0.0,0,0.0,0.0,0.0,0,0,0,0
Lithuania,LTU,1998,0.0,0,0.0,0.0,0.0,0,0,0,0
Lithuania,LTU,1999,0.0,0,0.0,0.0,0.0,0,0,0,0
Lithuania,LTU,2000,0.0,0,0.0,0.0,0.0,0,0,0,0
Lithuania,LTU,2001,0.0,0,0.0,0.0,0.0,0,0,0,0
Lithuania,LTU,2002,0.0,0,0.0,0.0,0.0,0,0,0,0
Lithuania,LTU,2003,0.0,0,0.0,0.0,0.0,0,0,0,0
Lithuania,LTU,2004,0.0,0,0.0,0.0,0.0,0,0,0,0
Lithuania,LTU,2005,0.0,0,0.0,0.0,0.0,0,0,0,0
Lithuania,LTU,2006,0.0,0,0.0,0.0,0.0,0,0,0,0
Lithuania,LTU,2007,0.0,0,0.0,0.0,0.0,0,0,0,0
Lithuania,LTU,2008,0.0,0,0.0,0.0,0.0,0,0,0,0
Lithuania,LTU,2009,0.0,0,0.0,0.0,0.0,0,0,0,0
Lithuania,LTU,2010,0.0,0,0.0,0.0,0.0,0,0,0,0
Lithuania,LTU,2011,0.0,0,0.0,0.0,0.0,0,0,0,0
Lithuania,LTU,2012,0.0,0,0.0,0.0,0.0,0,0,0,0
Lithuania,LTU,2013,0.0,0,0.0,0.0,0.0,0,0,0,0
Lithuania,LTU,2014,0.0,0,0.0,0.0,0.0,0,0,0,0
Lithuania,LTU,2015,0.0,0,0.0,0.0,0.0,0,0,0,0
Lithuania,LTU,2016,0.0,0,0.0,0.0,0.0,0,0,0,0
Lithuania,LTU,2017,0.0,0,0.0,0.0,0.0,0,0,0,0
Lithuania,LTU,2018,0.0,0,0.0,0.0,0.0,0,0,0,0
Lithuania,LTU,2019,0.0,0,0.0,0.0,0.0,0,0,0,0
Lithuania,LTU,2020,0.0,0,0.0,0.0,0.0,0,0,0,0
Lithuania,LTU,2021,0.0,0,0.0,0.0,0.0,0,0,0,0
Lithuania,LTU,2022,0.0,0,0.0,0.0,0.0,0,0,0,0
Lithuania,LTU,2023,0.0,0,0.0,0.0,,0,0,0,0
Madagascar,MDG,1960,0.0,0,,,0.0,0,0,0,0
Madagascar,MDG,1961,0.0,0,0.0,,0.0,0,0,0,0
Madagascar,MDG,1962,0.0,0,0.0,0.0,0.0,0,0,0,0
Madagascar,MDG,1963,0.0,0,0.0,0.0,0.0,0,0,0,0
Madagascar,MDG,1964,0.0,0,0.0,0.0,0.0,0,0,0,0
Madagascar,MDG,1965,0.0,0,0.0,0.0,0.0,0,0,0,0
Madagascar,MDG,1966,0.0,0,0.0,0.0,0.0,0,0,0,0
Madagascar,MDG,1967,0.0,0,0.0,0.0,0.0,0,0,0,0
Madagascar,MDG,1968,0.0,0,0.0,0.0,0.0,0,0,0,0
Madagascar,MDG,1969,0.0,0,0.0,0.0,0.0,0,0,0,0
Madagascar,MDG,1970,0.0,0,0.0,0.0,0.0,0,0,0,0
Madagascar,MDG,1971,0.0,0,0.0,0.0,1.0,1,1,1,0
Madagascar,MDG,1972,0.068,1,0.0,0.0,1.0,0,0,1,1
Madagascar,MDG,1973,0.068,1,1.0,0.0,1.0,0,0,1,1
Madagascar,MDG,1974,0.511,1,1.0,1.0,1.0,0,0,1,1
Madagascar,MDG,1975,0.5758757999999999,1,1.0,1.0,1.0,0,0,1,1
Madagascar,MDG,1976,0.511,1,1.0,1.0,1.0,0,0,1,1
Madagascar,MDG,1977,0.6857518,1,1.0,1.0,1.0,0,0,1,1
Madagascar,MDG,1978,0.911,1,1.0,1.0,1.0,0,0,1,1
Madagascar,MDG,1979,2.0757678,1,1.0,1.0,1.0,0,0,1,1
Madagascar,MDG,1980,48.571865700000004,1,1.0,1.0,1.0,0,0,1,1
Madagascar,MDG,1981,279.0400969,1,1.0,1.0,1.0,0,0,1,1
Madagascar,MDG,1982,247.95048285000001,1,1.0,1.0,1.0,0,0,1,1
Madagascar,MDG,1983,242.4678909,1,1.0,1.0,1.0,0,0,1,1
Madagascar,MDG,1984,377.1837987,1,1.0,1.0,1.0,0,0,1,1
Madagascar,MDG,1985,326.3365227,1,1.0,1.0,1.0,0,0,1,1
Madagascar,MDG,1986,398.3481655,1,1.0,1.0,1.0,0,0,1,1
Madagascar,MDG,1987,359.7912682,1,1.0,1.0,1.0,0,0,1,1
Madagascar,MDG,1988,349.72464720000005,1,1.0,1.0,1.0,0,0,1,1
Madagascar,MDG,1989,792.5219304000001,1,1.0,1.0,1.0,0,0,1,1
Madagascar,MDG,1990,660.3013336,1,1.0,1.0,1.0,0,0,1,1
Madagascar,MDG,1991,641.1442913999999,1,1.0,1.0,1.0,0,0,1,1
Madagascar,MDG,1992,867.1122697999999,1,1.0,1.0,1.0,0,0,1,1
Madagascar,MDG,1993,1309.292846,1,1.0,1.0,1.0,0,0,1,1
Madagascar,MDG,1994,1410.2870163,1,1.0,1.0,1.0,0,0,1,1
Madagascar,MDG,1995,1697.0271397999998,1,1.0,1.0,1.0,0,0,1,1
Madagascar,MDG,1996,1779.3922995999997,1,1.0,1.0,1.0,0,0,1,1
Madagascar,MDG,1997,1658.5221954,1,1.0,1.0,1.0,0,0,1,1
Madagascar,MDG,1998,816.0271680999999,1,1.0,1.0,1.0,0,0,1,1
Madagascar,MDG,1999,818.5499393,1,1.0,1.0,1.0,0,0,1,1
Madagascar,MDG,2000,883.5729522,1,1.0,1.0,1.0,0,0,1,1
Madagascar,MDG,2001,912.1061172,1,1.0,1.0,1.0,0,0,1,1
Madagascar,MDG,2002,1225.3026721,1,1.0,1.0,1.0,0,0,1,1
Madagascar,MDG,2003,835.7405951,1,1.0,1.0,1.0,0,0,1,1
Madagascar,MDG,2004,1694.0324074,1,1.0,1.0,1.0,0,0,1,1
Madagascar,MDG,2005,444.2280423,1,1.0,1.0,1.0,0,0,1,1
Madagascar,MDG,2006,2932.8543017000006,1,1.0,1.0,1.0,0,0,1,1
Madagascar,MDG,2007,533.9496884,1,1.0,1.0,1.0,0,0,1,1
Madagascar,MDG,2008,409.5701967,1,1.0,1.0,1.0,0,0,1,1
Madagascar,MDG,2009,394.67577719999997,1,1.0,1.0,1.0,0,0,1,1
Madagascar,MDG,2010,393.06660179999994,1,1.0,1.0,1.0,0,0,1,1
Madagascar,MDG,2011,393.1276346,1,1.0,1.0,1.0,0,0,1,1
Madagascar,MDG,2012,471.53688,1,1.0,1.0,1.0,0,0,1,1
Madagascar,MDG,2013,341.72164269999996,1,1.0,1.0,1.0,0,0,1,1
Madagascar,MDG,2014,227.2238587,1,1.0,1.0,1.0,0,0,1,1
Madagascar,MDG,2015,190.5289001,1,1.0,1.0,1.0,0,0,1,1
Madagascar,MDG,2016,18.84,1,1.0,1.0,1.0,0,0,1,1
Madagascar,MDG,2017,107.2200162,1,1.0,1.0,1.0,0,0,1,1
Madagascar,MDG,2018,103.89021600000001,1,1.0,1.0,1.0,0,0,1,1
Madagascar,MDG,2019,103.8826004,1,1.0,1.0,1.0,0,0,1,1
Madagascar,MDG,2020,105.1060052,1,1.0,1.0,1.0,0,0,1,1
Madagascar,MDG,2021,106.314669,1,1.0,1.0,1.0,0,0,1,1
Madagascar,MDG,2022,103.2095743,1,1.0,1.0,1.0,0,0,1,1
Madagascar,MDG,2023,291.0,1,1.0,1.0,,0,0,0,0
Malawi,MWI,1960,,0,,,0.0,0,0,0,0
Malawi,MWI,1961,,0,0.0,,0.0,0,0,0,0
Malawi,MWI,1962,,0,0.0,0.0,0.0,0,0,0,0
Malawi,MWI,1963,,0,0.0,0.0,0.0,0,0,0,0
Malawi,MWI,1964,0.0,0,0.0,0.0,0.0,0,0,0,0
Malawi,MWI,1965,0.0,0,0.0,0.0,0.0,0,0,0,0
Malawi,MWI,1966,0.0,0,0.0,0.0,0.0,0,0,0,0
Malawi,MWI,1967,0.0,0,0.0,0.0,0.0,0,0,0,0
Malawi,MWI,1968,0.0,0,0.0,0.0,0.0,0,0,0,0
Malawi,MWI,1969,0.0,0,0.0,0.0,0.0,0,0,0,0
Malawi,MWI,1970,0.0,0,0.0,0.0,0.0,0,0,0,0
Malawi,MWI,1971,0.0,0,0.0,0.0,0.0,0,0,0,0
Malawi,MWI,1972,0.0,0,0.0,0.0,0.0,0,0,0,0
Malawi,MWI,1973,0.0,0,0.0,0.0,0.0,0,0,0,0
Malawi,MWI,1974,0.0,0,0.0,0.0,0.0,0,0,0,0
Malawi,MWI,1975,0.0,0,0.0,0.0,0.0,0,0,0,0
Malawi,MWI,1976,0.0,0,0.0,0.0,0.0,0,0,0,0
Malawi,MWI,1977,0.0,0,0.0,0.0,0.0,0,0,0,0
Malawi,MWI,1978,0.0,0,0.0,0.0,0.0,0,0,0,0
Malawi,MWI,1979,0.0,0,0.0,0.0,1.0,1,1,1,0
Malawi,MWI,1980,3.9559896,1,0.0,0.0,1.0,0,0,1,1
Malawi,MWI,1981,0.377784,1,1.0,0.0,1.0,0,0,1,1
Malawi,MWI,1982,71.0483708,1,1.0,1.0,1.0,0,0,1,1
Malawi,MWI,1983,87.0,1,1.0,1.0,0.0,0,0,0,0
Malawi,MWI,1984,0.0,0,1.0,1.0,1.0,1,0,1,0
Malawi,MWI,1985,1.6966639,1,0.0,1.0,1.0,0,0,1,1
Malawi,MWI,1986,1.1002297,1,1.0,0.0,1.0,0,0,1,1
Malawi,MWI,1987,28.076340799999997,1,1.0,1.0,1.0,0,0,1,1
Malawi,MWI,1988,55.0,1,1.0,1.0,1.0,0,0,1,1
Malawi,MWI,1989,47.0056014,1,1.0,1.0,1.0,0,0,1,1
Malawi,MWI,1990,76.3518285,1,1.0,1.0,1.0,0,0,1,1
Malawi,MWI,1991,7.627145599999999,1,1.0,1.0,1.0,0,0,1,1
Malawi,MWI,1992,5.2177308,1,1.0,1.0,1.0,0,0,1,1
Malawi,MWI,1993,8.2821797,1,1.0,1.0,1.0,0,0,1,1
Malawi,MWI,1994,15.910469500000001,1,1.0,1.0,1.0,0,0,1,1
Malawi,MWI,1995,8.649081500000001,1,1.0,1.0,1.0,0,0,1,1
Malawi,MWI,1996,20.1955732,1,1.0,1.0,1.0,0,0,1,1
Malawi,MWI,1997,20.0991511,1,1.0,1.0,1.0,0,0,1,1
Malawi,MWI,1998,51.214371400000005,1,1.0,1.0,1.0,0,0,1,1
Malawi,MWI,1999,71.5450647,1,1.0,1.0,1.0,0,0,1,1
Malawi,MWI,2000,109.1909258,1,1.0,1.0,1.0,0,0,1,1
Malawi,MWI,2001,202.1440419,1,1.0,1.0,1.0,0,0,1,1
Malawi,MWI,2002,108.68694939999999,1,1.0,1.0,1.0,0,0,1,1
Malawi,MWI,2003,123.9121781,1,1.0,1.0,1.0,0,0,1,1
Malawi,MWI,2004,85.0962362,1,1.0,1.0,1.0,0,0,1,1
Malawi,MWI,2005,95.67198,1,1.0,1.0,1.0,0,0,1,1
Malawi,MWI,2006,2680.858284,1,1.0,1.0,1.0,0,0,1,1
Malawi,MWI,2007,79.0877055,1,1.0,1.0,1.0,0,0,1,1
Malawi,MWI,2008,15.6759896,1,1.0,1.0,1.0,0,0,1,1
Malawi,MWI,2009,11.046,1,1.0,1.0,1.0,0,0,1,1
Malawi,MWI,2010,0.823,1,1.0,1.0,1.0,0,0,1,1
Malawi,MWI,2011,0.974,1,1.0,1.0,1.0,0,0,1,1
Malawi,MWI,2012,1.493,1,1.0,1.0,1.0,0,0,1,1
Malawi,MWI,2013,6.3563817,1,1.0,1.0,1.0,0,0,1,1
Malawi,MWI,2014,11.556244099999999,1,1.0,1.0,1.0,0,0,1,1
Malawi,MWI,2015,2.6327148,1,1.0,1.0,1.0,0,0,1,1
Malawi,MWI,2016,3.3307892999999997,1,1.0,1.0,1.0,0,0,1,1
Malawi,MWI,2017,11.985234100000001,1,1.0,1.0,1.0,0,0,1,1
Malawi,MWI,2018,4.9965232,1,1.0,1.0,1.0,0,0,1,1
Malawi,MWI,2019,5.3478019,1,1.0,1.0,1.0,0,0,1,1
Malawi,MWI,2020,5.7337881,1,1.0,1.0,1.0,0,0,1,1
Malawi,MWI,2021,5.658438500000001,1,1.0,1.0,1.0,0,0,1,1
Malawi,MWI,2022,2.1124552999999997,1,1.0,1.0,1.0,0,0,1,1
Malawi,MWI,2023,1055.0,1,1.0,1.0,,0,0,0,0
Malaysia,MYS,1960,,0,,,0.0,0,0,0,0
Malaysia,MYS,1961,,0,0.0,,0.0,0,0,0,0
Malaysia,MYS,1962,,0,0.0,0.0,0.0,0,0,0,0
Malaysia,MYS,1963,,0,0.0,0.0,0.0,0,0,0,0
Malaysia,MYS,1964,,0,0.0,0.0,0.0,0,0,0,0
Malaysia,MYS,1965,,0,0.0,0.0,0.0,0,0,0,0
Malaysia,MYS,1966,,0,0.0,0.0,0.0,0,0,0,0
Malaysia,MYS,1967,,0,0.0,0.0,0.0,0,0,0,0
Malaysia,MYS,1968,,0,0.0,0.0,0.0,0,0,0,0
Malaysia,MYS,1969,,0,0.0,0.0,0.0,0,0,0,0
Malaysia,MYS,1970,,0,0.0,0.0,0.0,0,0,0,0
Malaysia,MYS,1971,,0,0.0,0.0,0.0,0,0,0,0
Malaysia,MYS,1972,,0,0.0,0.0,0.0,0,0,0,0
Malaysia,MYS,1973,,0,0.0,0.0,0.0,0,0,0,0
Malaysia,MYS,1974,,0,0.0,0.0,0.0,0,0,0,0
Malaysia,MYS,1975,,0,0.0,0.0,0.0,0,0,0,0
Malaysia,MYS,1976,,0,0.0,0.0,0.0,0,0,0,0
Malaysia,MYS,1977,,0,0.0,0.0,0.0,0,0,0,0
Malaysia,MYS,1978,,0,0.0,0.0,0.0,0,0,0,0
Malaysia,MYS,1979,,0,0.0,0.0,0.0,0,0,0,0
Malaysia,MYS,1980,,0,0.0,0.0,0.0,0,0,0,0
Malaysia,MYS,1981,,0,0.0,0.0,0.0,0,0,0,0
Malaysia,MYS,1982,,0,0.0,0.0,0.0,0,0,0,0
Malaysia,MYS,1983,,0,0.0,0.0,0.0,0,0,0,0
Malaysia,MYS,1984,,0,0.0,0.0,0.0,0,0,0,0
Malaysia,MYS,1985,,0,0.0,0.0,0.0,0,0,0,0
Malaysia,MYS,1986,,0,0.0,0.0,0.0,0,0,0,0
Malaysia,MYS,1987,,0,0.0,0.0,0.0,0,0,0,0
Malaysia,MYS,1988,,0,0.0,0.0,0.0,0,0,0,0
Malaysia,MYS,1989,,0,0.0,0.0,0.0,0,0,0,0
Malaysia,MYS,1990,,0,0.0,0.0,0.0,0,0,0,0
Malaysia,MYS,1991,,0,0.0,0.0,0.0,0,0,0,0
Malaysia,MYS,1992,,0,0.0,0.0,0.0,0,0,0,0
Malaysia,MYS,1993,,0,0.0,0.0,0.0,0,0,0,0
Malaysia,MYS,1994,,0,0.0,0.0,0.0,0,0,0,0
Malaysia,MYS,1995,,0,0.0,0.0,0.0,0,0,0,0
Malaysia,MYS,1996,,0,0.0,0.0,0.0,0,0,0,0
Malaysia,MYS,1997,,0,0.0,0.0,0.0,0,0,0,0
Malaysia,MYS,1998,,0,0.0,0.0,0.0,0,0,0,0
Malaysia,MYS,1999,,0,0.0,0.0,0.0,0,0,0,0
Malaysia,MYS,2000,,0,0.0,0.0,0.0,0,0,0,0
Malaysia,MYS,2001,,0,0.0,0.0,0.0,0,0,0,0
Malaysia,MYS,2002,,0,0.0,0.0,0.0,0,0,0,0
Malaysia,MYS,2003,,0,0.0,0.0,0.0,0,0,0,0
Malaysia,MYS,2004,,0,0.0,0.0,0.0,0,0,0,0
Malaysia,MYS,2005,,0,0.0,0.0,0.0,0,0,0,0
Malaysia,MYS,2006,,0,0.0,0.0,0.0,0,0,0,0
Malaysia,MYS,2007,,0,0.0,0.0,0.0,0,0,0,0
Malaysia,MYS,2008,,0,0.0,0.0,0.0,0,0,0,0
Malaysia,MYS,2009,,0,0.0,0.0,0.0,0,0,0,0
Malaysia,MYS,2010,,0,0.0,0.0,0.0,0,0,0,0
Malaysia,MYS,2011,,0,0.0,0.0,0.0,0,0,0,0
Malaysia,MYS,2012,,0,0.0,0.0,0.0,0,0,0,0
Malaysia,MYS,2013,,0,0.0,0.0,0.0,0,0,0,0
Malaysia,MYS,2014,,0,0.0,0.0,0.0,0,0,0,0
Malaysia,MYS,2015,,0,0.0,0.0,0.0,0,0,0,0
Malaysia,MYS,2016,,0,0.0,0.0,0.0,0,0,0,0
Malaysia,MYS,2017,,0,0.0,0.0,0.0,0,0,0,0
Malaysia,MYS,2018,,0,0.0,0.0,0.0,0,0,0,0
Malaysia,MYS,2019,,0,0.0,0.0,0.0,0,0,0,0
Malaysia,MYS,2020,,0,0.0,0.0,0.0,0,0,0,0
Malaysia,MYS,2021,,0,0.0,0.0,0.0,0,0,0,0
Malaysia,MYS,2022,,0,0.0,0.0,0.0,0,0,0,0
Malaysia,MYS,2023,,0,0.0,0.0,,0,0,0,0
Maldives,MDV,1960,,0,,,0.0,0,0,0,0
Maldives,MDV,1961,,0,0.0,,0.0,0,0,0,0
Maldives,MDV,1962,,0,0.0,0.0,0.0,0,0,0,0
Maldives,MDV,1963,,0,0.0,0.0,0.0,0,0,0,0
Maldives,MDV,1964,,0,0.0,0.0,0.0,0,0,0,0
Maldives,MDV,1965,0.0,0,0.0,0.0,0.0,0,0,0,0
Maldives,MDV,1966,0.0,0,0.0,0.0,0.0,0,0,0,0
Maldives,MDV,1967,0.0,0,0.0,0.0,0.0,0,0,0,0
Maldives,MDV,1968,0.0,0,0.0,0.0,0.0,0,0,0,0
Maldives,MDV,1969,0.0,0,0.0,0.0,0.0,0,0,0,0
Maldives,MDV,1970,0.0,0,0.0,0.0,0.0,0,0,0,0
Maldives,MDV,1971,0.0,0,0.0,0.0,0.0,0,0,0,0
Maldives,MDV,1972,0.0,0,0.0,0.0,0.0,0,0,0,0
Maldives,MDV,1973,0.0,0,0.0,0.0,0.0,0,0,0,0
Maldives,MDV,1974,0.0,0,0.0,0.0,0.0,0,0,0,0
Maldives,MDV,1975,0.0,0,0.0,0.0,0.0,0,0,0,0
Maldives,MDV,1976,0.0,0,0.0,0.0,0.0,0,0,0,0
Maldives,MDV,1977,0.0,0,0.0,0.0,1.0,1,1,1,0
Maldives,MDV,1978,0.0110376,1,0.0,0.0,1.0,0,0,1,1
Maldives,MDV,1979,0.0155544,1,1.0,0.0,0.0,0,0,0,0
Maldives,MDV,1980,0.0,0,1.0,1.0,0.0,0,0,0,0
Maldives,MDV,1981,0.0,0,0.0,1.0,0.0,0,0,0,0
Maldives,MDV,1982,0.0,0,0.0,0.0,0.0,0,0,0,0
Maldives,MDV,1983,0.0,0,0.0,0.0,0.0,0,0,0,0
Maldives,MDV,1984,0.0,0,0.0,0.0,0.0,0,0,0,0
Maldives,MDV,1985,0.0,0,0.0,0.0,0.0,0,0,0,0
Maldives,MDV,1986,0.0,0,0.0,0.0,0.0,0,0,0,0
Maldives,MDV,1987,0.0,0,0.0,0.0,0.0,0,0,0,0
Maldives,MDV,1988,0.0,0,0.0,0.0,0.0,0,0,0,0
Maldives,MDV,1989,0.0,0,0.0,0.0,0.0,0,0,0,0
Maldives,MDV,1990,0.0,0,0.0,0.0,0.0,0,0,0,0
Maldives,MDV,1991,0.0,0,0.0,0.0,0.0,0,0,0,0
Maldives,MDV,1992,0.0,0,0.0,0.0,0.0,0,0,0,0
Maldives,MDV,1993,0.0,0,0.0,0.0,0.0,0,0,0,0
Maldives,MDV,1994,0.0,0,0.0,0.0,0.0,0,0,0,0
Maldives,MDV,1995,0.0,0,0.0,0.0,0.0,0,0,0,0
Maldives,MDV,1996,0.0,0,0.0,0.0,0.0,0,0,0,0
Maldives,MDV,1997,0.0,0,0.0,0.0,0.0,0,0,0,0
Maldives,MDV,1998,0.0,0,0.0,0.0,0.0,0,0,0,0
Maldives,MDV,1999,0.0,0,0.0,0.0,0.0,0,0,0,0
Maldives,MDV,2000,0.0,0,0.0,0.0,0.0,0,0,0,0
Maldives,MDV,2001,0.0,0,0.0,0.0,0.0,0,0,0,0
Maldives,MDV,2002,0.0,0,0.0,0.0,0.0,0,0,0,0
Maldives,MDV,2003,-0.4228583,0,0.0,0.0,1.0,1,1,1,0
Maldives,MDV,2004,0.5462975,1,0.0,0.0,1.0,0,0,1,1
Maldives,MDV,2005,0.3077795,1,1.0,0.0,1.0,0,0,1,1
Maldives,MDV,2006,0.2019713,1,1.0,1.0,1.0,0,0,1,1
Maldives,MDV,2007,0.0023801,1,1.0,1.0,1.0,0,0,1,1
Maldives,MDV,2008,10.2069212,1,1.0,1.0,1.0,0,0,1,1
Maldives,MDV,2009,9.7726959,1,1.0,1.0,1.0,0,0,1,1
Maldives,MDV,2010,5.1200051,1,1.0,1.0,1.0,0,0,1,1
Maldives,MDV,2011,6.451817500000001,1,1.0,1.0,1.0,0,0,1,1
Maldives,MDV,2012,6.620391100000001,1,1.0,1.0,1.0,0,0,1,1
Maldives,MDV,2013,15.7218142,1,1.0,1.0,1.0,0,0,1,1
Maldives,MDV,2014,9.5627939,1,1.0,1.0,1.0,0,0,1,1
Maldives,MDV,2015,3.2929708,1,1.0,1.0,1.0,0,0,1,1
Maldives,MDV,2016,1.7622674,1,1.0,1.0,1.0,0,0,1,1
Maldives,MDV,2017,0.5128385,1,1.0,1.0,1.0,0,0,1,1
Maldives,MDV,2018,1.6220146,1,1.0,1.0,1.0,0,0,1,1
Maldives,MDV,2019,14.0698836,1,1.0,1.0,1.0,0,0,1,1
Maldives,MDV,2020,97.4298321,1,1.0,1.0,1.0,0,0,1,1
Maldives,MDV,2021,190.81507240000002,1,1.0,1.0,0.0,0,0,0,0
Maldives,MDV,2022,0.0,0,1.0,1.0,0.0,0,0,0,0
Maldives,MDV,2023,0.0,0,0.0,1.0,,0,0,0,0
Mali,MLI,1960,0.0,0,,,0.0,0,0,0,0
Mali,MLI,1961,0.0,0,0.0,,0.0,0,0,0,0
Mali,MLI,1962,0.0,0,0.0,0.0,0.0,0,0,0,0
Mali,MLI,1963,0.0,0,0.0,0.0,1.0,1,1,1,0
Mali,MLI,1964,26.0,1,0.0,0.0,0.0,0,0,0,0
Mali,MLI,1965,0.0,0,1.0,0.0,0.0,0,0,0,0
Mali,MLI,1966,0.0,0,0.0,1.0,0.0,0,0,0,0
Mali,MLI,1967,0.0,0,0.0,0.0,0.0,0,0,0,0
Mali,MLI,1968,0.0,0,0.0,0.0,0.0,0,0,0,0
Mali,MLI,1969,0.0,0,0.0,0.0,1.0,1,1,1,0
Mali,MLI,1970,10.941684599999999,1,0.0,0.0,1.0,0,0,1,1
Mali,MLI,1971,16.108863999999997,1,1.0,0.0,1.0,0,0,1,1
Mali,MLI,1972,21.451767,1,1.0,1.0,1.0,0,0,1,1
Mali,MLI,1973,28.143134800000002,1,1.0,1.0,1.0,0,0,1,1
Mali,MLI,1974,34.2730196,1,1.0,1.0,1.0,0,0,1,1
Mali,MLI,1975,38.9969126,1,1.0,1.0,1.0,0,0,1,1
Mali,MLI,1976,60.122501199999995,1,1.0,1.0,1.0,0,0,1,1
Mali,MLI,1977,85.92401919999999,1,1.0,1.0,1.0,0,0,1,1
Mali,MLI,1978,116.98352620000001,1,1.0,1.0,1.0,0,0,1,1
Mali,MLI,1979,141.36630219999998,1,1.0,1.0,1.0,0,0,1,1
Mali,MLI,1980,76.15178990000001,1,1.0,1.0,1.0,0,0,1,1
Mali,MLI,1981,7.3098461,1,1.0,1.0,1.0,0,0,1,1
Mali,MLI,1982,10.7099286,1,1.0,1.0,1.0,0,0,1,1
Mali,MLI,1983,16.5315821,1,1.0,1.0,1.0,0,0,1,1
Mali,MLI,1984,90.9023784,1,1.0,1.0,1.0,0,0,1,1
Mali,MLI,1985,98.72459190000001,1,1.0,1.0,1.0,0,0,1,1
Mali,MLI,1986,58.0954591,1,1.0,1.0,1.0,0,0,1,1
Mali,MLI,1987,81.52485569999999,1,1.0,1.0,1.0,0,0,1,1
Mali,MLI,1988,57.8258791,1,1.0,1.0,1.0,0,0,1,1
Mali,MLI,1989,36.0729555,1,1.0,1.0,1.0,0,0,1,1
Mali,MLI,1990,85.0320151,1,1.0,1.0,1.0,0,0,1,1
Mali,MLI,1991,204.1102972,1,1.0,1.0,1.0,0,0,1,1
Mali,MLI,1992,335.2301762,1,1.0,1.0,1.0,0,0,1,1
Mali,MLI,1993,259.1844606,1,1.0,1.0,1.0,0,0,1,1
Mali,MLI,1994,707.5095224999999,1,1.0,1.0,1.0,0,0,1,1
Mali,MLI,1995,369.96670930000005,1,1.0,1.0,1.0,0,0,1,1
Mali,MLI,1996,477.210058,1,1.0,1.0,1.0,0,0,1,1
Mali,MLI,1997,674.8332377,1,1.0,1.0,1.0,0,0,1,1
Mali,MLI,1998,598.819709,1,1.0,1.0,1.0,0,0,1,1
Mali,MLI,1999,589.6453359,1,1.0,1.0,1.0,0,0,1,1
Mali,MLI,2000,586.024587,1,1.0,1.0,1.0,0,0,1,1
Mali,MLI,2001,587.1961134,1,1.0,1.0,1.0,0,0,1,1
Mali,MLI,2002,663.2241465,1,1.0,1.0,1.0,0,0,1,1
Mali,MLI,2003,211.4764225,1,1.0,1.0,1.0,0,0,1,1
Mali,MLI,2004,130.1212213,1,1.0,1.0,1.0,0,0,1,1
Mali,MLI,2005,117.4911291,1,1.0,1.0,1.0,0,0,1,1
Mali,MLI,2006,1994.5223237,1,1.0,1.0,1.0,0,0,1,1
Mali,MLI,2007,138.0774139,1,1.0,1.0,1.0,0,0,1,1
Mali,MLI,2008,50.3413403,1,1.0,1.0,1.0,0,0,1,1
Mali,MLI,2009,501.007433,1,1.0,1.0,1.0,0,0,1,1
Mali,MLI,2010,0.808,1,1.0,1.0,1.0,0,0,1,1
Mali,MLI,2011,142.148253,1,1.0,1.0,1.0,0,0,1,1
Mali,MLI,2012,160.81641470000002,1,1.0,1.0,1.0,0,0,1,1
Mali,MLI,2013,164.7434626,1,1.0,1.0,1.0,0,0,1,1
Mali,MLI,2014,100.2363554,1,1.0,1.0,1.0,0,0,1,1
Mali,MLI,2015,112.1372788,1,1.0,1.0,1.0,0,0,1,1
Mali,MLI,2016,105.5328032,1,1.0,1.0,1.0,0,0,1,1
Mali,MLI,2017,99.48930109999999,1,1.0,1.0,1.0,0,0,1,1
Mali,MLI,2018,87.13819000000002,1,1.0,1.0,1.0,0,0,1,1
Mali,MLI,2019,31.062691,1,1.0,1.0,1.0,0,0,1,1
Mali,MLI,2020,36.7970689,1,1.0,1.0,1.0,0,0,1,1
Mali,MLI,2021,65.5984027,1,1.0,1.0,1.0,0,0,1,1
Mali,MLI,2022,311.2661429,1,1.0,1.0,1.0,0,0,1,1
Mali,MLI,2023,8.47,1,1.0,1.0,,0,0,0,0
Marshall Islands,MHL,1960,,0,,,0.0,0,0,0,0
Marshall Islands,MHL,1961,,0,0.0,,0.0,0,0,0,0
Marshall Islands,MHL,1962,,0,0.0,0.0,0.0,0,0,0,0
Marshall Islands,MHL,1963,,0,0.0,0.0,0.0,0,0,0,0
Marshall Islands,MHL,1964,,0,0.0,0.0,0.0,0,0,0,0
Marshall Islands,MHL,1965,,0,0.0,0.0,0.0,0,0,0,0
Marshall Islands,MHL,1966,,0,0.0,0.0,0.0,0,0,0,0
Marshall Islands,MHL,1967,,0,0.0,0.0,0.0,0,0,0,0
Marshall Islands,MHL,1968,,0,0.0,0.0,0.0,0,0,0,0
Marshall Islands,MHL,1969,,0,0.0,0.0,0.0,0,0,0,0
Marshall Islands,MHL,1970,,0,0.0,0.0,0.0,0,0,0,0
Marshall Islands,MHL,1971,,0,0.0,0.0,0.0,0,0,0,0
Marshall Islands,MHL,1972,,0,0.0,0.0,0.0,0,0,0,0
Marshall Islands,MHL,1973,,0,0.0,0.0,0.0,0,0,0,0
Marshall Islands,MHL,1974,,0,0.0,0.0,0.0,0,0,0,0
Marshall Islands,MHL,1975,,0,0.0,0.0,0.0,0,0,0,0
Marshall Islands,MHL,1976,,0,0.0,0.0,0.0,0,0,0,0
Marshall Islands,MHL,1977,,0,0.0,0.0,0.0,0,0,0,0
Marshall Islands,MHL,1978,,0,0.0,0.0,0.0,0,0,0,0
Marshall Islands,MHL,1979,,0,0.0,0.0,0.0,0,0,0,0
Marshall Islands,MHL,1980,,0,0.0,0.0,0.0,0,0,0,0
Marshall Islands,MHL,1981,,0,0.0,0.0,0.0,0,0,0,0
Marshall Islands,MHL,1982,,0,0.0,0.0,0.0,0,0,0,0
Marshall Islands,MHL,1983,,0,0.0,0.0,0.0,0,0,0,0
Marshall Islands,MHL,1984,,0,0.0,0.0,0.0,0,0,0,0
Marshall Islands,MHL,1985,,0,0.0,0.0,0.0,0,0,0,0
Marshall Islands,MHL,1986,,0,0.0,0.0,0.0,0,0,0,0
Marshall Islands,MHL,1987,,0,0.0,0.0,0.0,0,0,0,0
Marshall Islands,MHL,1988,,0,0.0,0.0,0.0,0,0,0,0
Marshall Islands,MHL,1989,,0,0.0,0.0,0.0,0,0,0,0
Marshall Islands,MHL,1990,,0,0.0,0.0,0.0,0,0,0,0
Marshall Islands,MHL,1991,,0,0.0,0.0,0.0,0,0,0,0
Marshall Islands,MHL,1992,,0,0.0,0.0,0.0,0,0,0,0
Marshall Islands,MHL,1993,,0,0.0,0.0,0.0,0,0,0,0
Marshall Islands,MHL,1994,,0,0.0,0.0,0.0,0,0,0,0
Marshall Islands,MHL,1995,,0,0.0,0.0,0.0,0,0,0,0
Marshall Islands,MHL,1996,,0,0.0,0.0,0.0,0,0,0,0
Marshall Islands,MHL,1997,,0,0.0,0.0,0.0,0,0,0,0
Marshall Islands,MHL,1998,,0,0.0,0.0,0.0,0,0,0,0
Marshall Islands,MHL,1999,,0,0.0,0.0,0.0,0,0,0,0
Marshall Islands,MHL,2000,,0,0.0,0.0,0.0,0,0,0,0
Marshall Islands,MHL,2001,,0,0.0,0.0,0.0,0,0,0,0
Marshall Islands,MHL,2002,,0,0.0,0.0,0.0,0,0,0,0
Marshall Islands,MHL,2003,,0,0.0,0.0,0.0,0,0,0,0
Marshall Islands,MHL,2004,,0,0.0,0.0,0.0,0,0,0,0
Marshall Islands,MHL,2005,,0,0.0,0.0,0.0,0,0,0,0
Marshall Islands,MHL,2006,,0,0.0,0.0,0.0,0,0,0,0
Marshall Islands,MHL,2007,,0,0.0,0.0,0.0,0,0,0,0
Marshall Islands,MHL,2008,,0,0.0,0.0,0.0,0,0,0,0
Marshall Islands,MHL,2009,,0,0.0,0.0,0.0,0,0,0,0
Marshall Islands,MHL,2010,,0,0.0,0.0,0.0,0,0,0,0
Marshall Islands,MHL,2011,,0,0.0,0.0,0.0,0,0,0,0
Marshall Islands,MHL,2012,,0,0.0,0.0,0.0,0,0,0,0
Marshall Islands,MHL,2013,,0,0.0,0.0,0.0,0,0,0,0
Marshall Islands,MHL,2014,,0,0.0,0.0,0.0,0,0,0,0
Marshall Islands,MHL,2015,,0,0.0,0.0,0.0,0,0,0,0
Marshall Islands,MHL,2016,,0,0.0,0.0,0.0,0,0,0,0
Marshall Islands,MHL,2017,,0,0.0,0.0,0.0,0,0,0,0
Marshall Islands,MHL,2018,,0,0.0,0.0,0.0,0,0,0,0
Marshall Islands,MHL,2019,,0,0.0,0.0,0.0,0,0,0,0
Marshall Islands,MHL,2020,,0,0.0,0.0,0.0,0,0,0,0
Marshall Islands,MHL,2021,,0,0.0,0.0,0.0,0,0,0,0
Marshall Islands,MHL,2022,,0,0.0,0.0,0.0,0,0,0,0
Marshall Islands,MHL,2023,,0,0.0,0.0,,0,0,0,0
Mauritania,MRT,1960,0.0,0,,,0.0,0,0,0,0
Mauritania,MRT,1961,0.0,0,0.0,,0.0,0,0,0,0
Mauritania,MRT,1962,0.0,0,0.0,0.0,0.0,0,0,0,0
Mauritania,MRT,1963,0.0,0,0.0,0.0,0.0,0,0,0,0
Mauritania,MRT,1964,0.0,0,0.0,0.0,0.0,0,0,0,0
Mauritania,MRT,1965,0.0,0,0.0,0.0,0.0,0,0,0,0
Mauritania,MRT,1966,0.0,0,0.0,0.0,0.0,0,0,0,0
Mauritania,MRT,1967,0.0,0,0.0,0.0,0.0,0,0,0,0
Mauritania,MRT,1968,0.0,0,0.0,0.0,1.0,1,1,1,0
Mauritania,MRT,1969,1.0,1,0.0,0.0,0.0,0,0,0,0
Mauritania,MRT,1970,0.0,0,1.0,0.0,1.0,1,0,1,0
Mauritania,MRT,1971,0.012634,1,0.0,1.0,1.0,0,0,1,1
Mauritania,MRT,1972,0.293475,1,1.0,0.0,1.0,0,0,1,1
Mauritania,MRT,1973,0.6871466,1,1.0,1.0,1.0,0,0,1,1
Mauritania,MRT,1974,0.2414219,1,1.0,1.0,1.0,0,0,1,1
Mauritania,MRT,1975,0.7352833999999999,1,1.0,1.0,1.0,0,0,1,1
Mauritania,MRT,1976,0.5372542,1,1.0,1.0,1.0,0,0,1,1
Mauritania,MRT,1977,3.8631721,1,1.0,1.0,1.0,0,0,1,1
Mauritania,MRT,1978,32.3802992,1,1.0,1.0,1.0,0,0,1,1
Mauritania,MRT,1979,23.5771358,1,1.0,1.0,1.0,0,0,1,1
Mauritania,MRT,1980,54.268806299999994,1,1.0,1.0,1.0,0,0,1,1
Mauritania,MRT,1981,36.072911999999995,1,1.0,1.0,1.0,0,0,1,1
Mauritania,MRT,1982,46.3319446,1,1.0,1.0,1.0,0,0,1,1
Mauritania,MRT,1983,68.4901186,1,1.0,1.0,1.0,0,0,1,1
Mauritania,MRT,1984,112.43809849999998,1,1.0,1.0,1.0,0,0,1,1
Mauritania,MRT,1985,87.5000695,1,1.0,1.0,1.0,0,0,1,1
Mauritania,MRT,1986,97.9200241,1,1.0,1.0,1.0,0,0,1,1
Mauritania,MRT,1987,112.6470188,1,1.0,1.0,1.0,0,0,1,1
Mauritania,MRT,1988,147.2283683,1,1.0,1.0,1.0,0,0,1,1
Mauritania,MRT,1989,294.0055078,1,1.0,1.0,1.0,0,0,1,1
Mauritania,MRT,1990,277.04820670000004,1,1.0,1.0,1.0,0,0,1,1
Mauritania,MRT,1991,309.5518047,1,1.0,1.0,1.0,0,0,1,1
Mauritania,MRT,1992,404.11510050000004,1,1.0,1.0,1.0,0,0,1,1
Mauritania,MRT,1993,696.2918685999999,1,1.0,1.0,1.0,0,0,1,1
Mauritania,MRT,1994,328.63291680000003,1,1.0,1.0,1.0,0,0,1,1
Mauritania,MRT,1995,312.2620475,1,1.0,1.0,1.0,0,0,1,1
Mauritania,MRT,1996,382.9488015,1,1.0,1.0,1.0,0,0,1,1
Mauritania,MRT,1997,291.4038563,1,1.0,1.0,1.0,0,0,1,1
Mauritania,MRT,1998,402.2362072,1,1.0,1.0,1.0,0,0,1,1
Mauritania,MRT,1999,489.1045454,1,1.0,1.0,1.0,0,0,1,1
Mauritania,MRT,2000,543.6129427999999,1,1.0,1.0,1.0,0,0,1,1
Mauritania,MRT,2001,361.2037638,1,1.0,1.0,1.0,0,0,1,1
Mauritania,MRT,2002,404.5019715,1,1.0,1.0,1.0,0,0,1,1
Mauritania,MRT,2003,399.1256176,1,1.0,1.0,1.0,0,0,1,1
Mauritania,MRT,2004,291.6062145,1,1.0,1.0,1.0,0,0,1,1
Mauritania,MRT,2005,301.5271956,1,1.0,1.0,1.0,0,0,1,1
Mauritania,MRT,2006,1197.544734,1,1.0,1.0,1.0,0,0,1,1
Mauritania,MRT,2007,1253.638766,1,1.0,1.0,1.0,0,0,1,1
Mauritania,MRT,2008,1267.6852162,1,1.0,1.0,1.0,0,0,1,1
Mauritania,MRT,2009,1191.8946343000002,1,1.0,1.0,1.0,0,0,1,1
Mauritania,MRT,2010,1169.993646,1,1.0,1.0,1.0,0,0,1,1
Mauritania,MRT,2011,1057.2871903999999,1,1.0,1.0,1.0,0,0,1,1
Mauritania,MRT,2012,1054.8201358000001,1,1.0,1.0,1.0,0,0,1,1
Mauritania,MRT,2013,1055.3791147,1,1.0,1.0,1.0,0,0,1,1
Mauritania,MRT,2014,1048.40093,1,1.0,1.0,1.0,0,0,1,1
Mauritania,MRT,2015,1045.01769,1,1.0,1.0,1.0,0,0,1,1
Mauritania,MRT,2016,1044.2160728,1,1.0,1.0,1.0,0,0,1,1
Mauritania,MRT,2017,1045.5081779,1,1.0,1.0,1.0,0,0,1,1
Mauritania,MRT,2018,1045.0022403,1,1.0,1.0,1.0,0,0,1,1
Mauritania,MRT,2019,1045.154973,1,1.0,1.0,1.0,0,0,1,1
Mauritania,MRT,2020,1166.0634172,1,1.0,1.0,1.0,0,0,1,1
Mauritania,MRT,2021,278.6080894,1,1.0,1.0,1.0,0,0,1,1
Mauritania,MRT,2022,348.32,1,1.0,1.0,1.0,0,0,1,1
Mauritania,MRT,2023,300.0,1,1.0,1.0,,0,0,0,0
Mauritius,MUS,1960,,0,,,0.0,0,0,0,0
Mauritius,MUS,1961,,0,0.0,,0.0,0,0,0,0
Mauritius,MUS,1962,,0,0.0,0.0,0.0,0,0,0,0
Mauritius,MUS,1963,,0,0.0,0.0,0.0,0,0,0,0
Mauritius,MUS,1964,,0,0.0,0.0,0.0,0,0,0,0
Mauritius,MUS,1965,,0,0.0,0.0,0.0,0,0,0,0
Mauritius,MUS,1966,,0,0.0,0.0,0.0,0,0,0,0
Mauritius,MUS,1967,,0,0.0,0.0,0.0,0,0,0,0
Mauritius,MUS,1968,0.0,0,0.0,0.0,0.0,0,0,0,0
Mauritius,MUS,1969,0.0,0,0.0,0.0,0.0,0,0,0,0
Mauritius,MUS,1970,0.0,0,0.0,0.0,1.0,1,1,1,0
Mauritius,MUS,1971,0.030627599999999998,1,0.0,0.0,1.0,0,0,1,1
Mauritius,MUS,1972,0.07279110000000001,1,1.0,0.0,0.0,0,0,0,0
Mauritius,MUS,1973,0.0,0,1.0,1.0,0.0,0,0,0,0
Mauritius,MUS,1974,0.0,0,0.0,1.0,0.0,0,0,0,0
Mauritius,MUS,1975,0.0,0,0.0,0.0,0.0,0,0,0,0
Mauritius,MUS,1976,0.0,0,0.0,0.0,1.0,1,1,1,0
Mauritius,MUS,1977,0.3931389,1,0.0,0.0,1.0,0,0,1,1
Mauritius,MUS,1978,0.313313,1,1.0,0.0,1.0,0,0,1,1
Mauritius,MUS,1979,0.6743646999999999,1,1.0,1.0,1.0,0,0,1,1
Mauritius,MUS,1980,2.2969115,1,1.0,1.0,1.0,0,0,1,1
Mauritius,MUS,1981,3.0371964,1,1.0,1.0,0.0,0,0,0,0
Mauritius,MUS,1982,0.0,0,1.0,1.0,0.0,0,0,0,0
Mauritius,MUS,1983,0.0,0,0.0,1.0,1.0,1,1,1,0
Mauritius,MUS,1984,0.1561275,1,0.0,0.0,0.0,0,0,0,0
Mauritius,MUS,1985,0.0,0,1.0,0.0,0.0,0,0,0,0
Mauritius,MUS,1986,0.0,0,0.0,1.0,0.0,0,0,0,0
Mauritius,MUS,1987,0.0,0,0.0,0.0,1.0,1,1,1,0
Mauritius,MUS,1988,0.1109353,1,0.0,0.0,1.0,0,0,1,1
Mauritius,MUS,1989,3.0392575,1,1.0,0.0,1.0,0,0,1,1
Mauritius,MUS,1990,7.5959825,1,1.0,1.0,1.0,0,0,1,1
Mauritius,MUS,1991,11.0684395,1,1.0,1.0,1.0,0,0,1,1
Mauritius,MUS,1992,10.273851200000001,1,1.0,1.0,1.0,0,0,1,1
Mauritius,MUS,1993,12.7492737,1,1.0,1.0,1.0,0,0,1,1
Mauritius,MUS,1994,2.7614447,1,1.0,1.0,1.0,0,0,1,1
Mauritius,MUS,1995,0.8479723,1,1.0,1.0,1.0,0,0,1,1
Mauritius,MUS,1996,0.05794680000000001,1,1.0,1.0,1.0,0,0,1,1
Mauritius,MUS,1997,0.6305126,1,1.0,1.0,0.0,0,0,0,0
Mauritius,MUS,1998,0.0,0,1.0,1.0,0.0,0,0,0,0
Mauritius,MUS,1999,0.0,0,0.0,1.0,0.0,0,0,0,0
Mauritius,MUS,2000,0.0,0,0.0,0.0,0.0,0,0,0,0
Mauritius,MUS,2001,0.0,0,0.0,0.0,0.0,0,0,0,0
Mauritius,MUS,2002,0.0,0,0.0,0.0,0.0,0,0,0,0
Mauritius,MUS,2003,0.0,0,0.0,0.0,0.0,0,0,0,0
Mauritius,MUS,2004,0.0,0,0.0,0.0,0.0,0,0,0,0
Mauritius,MUS,2005,0.0,0,0.0,0.0,0.0,0,0,0,0
Mauritius,MUS,2006,0.0,0,0.0,0.0,0.0,0,0,0,0
Mauritius,MUS,2007,0.0,0,0.0,0.0,0.0,0,0,0,0
Mauritius,MUS,2008,0.0,0,0.0,0.0,0.0,0,0,0,0
Mauritius,MUS,2009,0.0,0,0.0,0.0,0.0,0,0,0,0
Mauritius,MUS,2010,0.0,0,0.0,0.0,1.0,1,1,1,0
Mauritius,MUS,2011,0.0155882,1,0.0,0.0,1.0,0,0,1,1
Mauritius,MUS,2012,3.6999385000000005,1,1.0,0.0,1.0,0,0,1,1
Mauritius,MUS,2013,4.2598449,1,1.0,1.0,1.0,0,0,1,1
Mauritius,MUS,2014,6.740381600000001,1,1.0,1.0,1.0,0,0,1,1
Mauritius,MUS,2015,7.5742309,1,1.0,1.0,1.0,0,0,1,1
Mauritius,MUS,2016,6.4386259,1,1.0,1.0,1.0,0,0,1,1
Mauritius,MUS,2017,8.3805269,1,1.0,1.0,1.0,0,0,1,1
Mauritius,MUS,2018,0.10305,1,1.0,1.0,1.0,0,0,1,1
Mauritius,MUS,2019,11.7219612,1,1.0,1.0,1.0,0,0,1,1
Mauritius,MUS,2020,5.8007522,1,1.0,1.0,1.0,0,0,1,1
Mauritius,MUS,2021,6.209934199999999,1,1.0,1.0,1.0,0,0,1,1
Mauritius,MUS,2022,7.361048000000001,1,1.0,1.0,1.0,0,0,1,1
Mauritius,MUS,2023,14.2724596,1,1.0,1.0,,0,0,0,0
Mexico,MEX,1960,0.0,0,,,0.0,0,0,0,0
Mexico,MEX,1961,0.0,0,0.0,,0.0,0,0,0,0
Mexico,MEX,1962,0.0,0,0.0,0.0,0.0,0,0,0,0
Mexico,MEX,1963,0.0,0,0.0,0.0,0.0,0,0,0,0
Mexico,MEX,1964,0.0,0,0.0,0.0,0.0,0,0,0,0
Mexico,MEX,1965,0.0,0,0.0,0.0,0.0,0,0,0,0
Mexico,MEX,1966,0.0,0,0.0,0.0,0.0,0,0,0,0
Mexico,MEX,1967,0.0,0,0.0,0.0,0.0,0,0,0,0
Mexico,MEX,1968,0.0,0,0.0,0.0,0.0,0,0,0,0
Mexico,MEX,1969,0.0,0,0.0,0.0,0.0,0,0,0,0
Mexico,MEX,1970,0.0,0,0.0,0.0,0.0,0,0,0,0
Mexico,MEX,1971,0.0,0,0.0,0.0,0.0,0,0,0,0
Mexico,MEX,1972,0.0,0,0.0,0.0,0.0,0,0,0,0
Mexico,MEX,1973,0.0,0,0.0,0.0,0.0,0,0,0,0
Mexico,MEX,1974,0.0,0,0.0,0.0,0.0,0,0,0,0
Mexico,MEX,1975,0.0,0,0.0,0.0,0.0,0,0,0,0
Mexico,MEX,1976,0.0,0,0.0,0.0,0.0,0,0,0,0
Mexico,MEX,1977,0.0,0,0.0,0.0,1.0,1,1,1,0
Mexico,MEX,1978,0.6,1,0.0,0.0,1.0,0,0,1,1
Mexico,MEX,1979,1.9000000000000001,1,1.0,0.0,0.0,0,0,0,0
Mexico,MEX,1980,0.0,0,1.0,1.0,1.0,1,0,1,0
Mexico,MEX,1981,11.3,1,0.0,1.0,1.0,0,0,1,1
Mexico,MEX,1982,19357.7,1,1.0,0.0,1.0,0,0,1,1
Mexico,MEX,1983,24667.8,1,1.0,1.0,1.0,0,0,1,1
Mexico,MEX,1984,19223.9,1,1.0,1.0,1.0,0,0,1,1
Mexico,MEX,1985,28600.0,1,1.0,1.0,1.0,0,0,1,1
Mexico,MEX,1986,45500.0,1,1.0,1.0,1.0,0,0,1,1
Mexico,MEX,1987,52300.0,1,1.0,1.0,1.0,0,0,1,1
Mexico,MEX,1988,51902.9,1,1.0,1.0,1.0,0,0,1,1
Mexico,MEX,1989,50635.5,1,1.0,1.0,1.0,0,0,1,1
Mexico,MEX,1990,54300.0,1,1.0,1.0,0.0,0,0,0,0
Mexico,MEX,1991,0.0,0,1.0,1.0,0.0,0,0,0,0
Mexico,MEX,1992,0.0,0,0.0,1.0,0.0,0,0,0,0
Mexico,MEX,1993,0.0,0,0.0,0.0,0.0,0,0,0,0
Mexico,MEX,1994,0.0,0,0.0,0.0,0.0,0,0,0,0
Mexico,MEX,1995,0.0,0,0.0,0.0,0.0,0,0,0,0
Mexico,MEX,1996,0.0,0,0.0,0.0,0.0,0,0,0,0
Mexico,MEX,1997,0.0,0,0.0,0.0,0.0,0,0,0,0
Mexico,MEX,1998,0.0,0,0.0,0.0,0.0,0,0,0,0
Mexico,MEX,1999,0.0,0,0.0,0.0,0.0,0,0,0,0
Mexico,MEX,2000,0.0,0,0.0,0.0,0.0,0,0,0,0
Mexico,MEX,2001,0.0,0,0.0,0.0,1.0,1,1,1,0
Mexico,MEX,2002,0.003,1,0.0,0.0,0.0,0,0,0,0
Mexico,MEX,2003,0.0,0,1.0,0.0,0.0,0,0,0,0
Mexico,MEX,2004,0.0,0,0.0,1.0,0.0,0,0,0,0
Mexico,MEX,2005,0.0,0,0.0,0.0,0.0,0,0,0,0
Mexico,MEX,2006,0.0,0,0.0,0.0,0.0,0,0,0,0
Mexico,MEX,2007,0.0,0,0.0,0.0,0.0,0,0,0,0
Mexico,MEX,2008,0.0,0,0.0,0.0,0.0,0,0,0,0
Mexico,MEX,2009,0.0,0,0.0,0.0,0.0,0,0,0,0
Mexico,MEX,2010,0.0,0,0.0,0.0,0.0,0,0,0,0
Mexico,MEX,2011,0.0,0,0.0,0.0,0.0,0,0,0,0
Mexico,MEX,2012,0.0,0,0.0,0.0,1.0,1,1,1,0
Mexico,MEX,2013,32.0,1,0.0,0.0,1.0,0,0,1,1
Mexico,MEX,2014,91.0,1,1.0,0.0,0.0,0,0,0,0
Mexico,MEX,2015,0.0,0,1.0,1.0,1.0,1,0,1,0
Mexico,MEX,2016,123.0,1,0.0,1.0,0.0,0,0,0,0
Mexico,MEX,2017,0.0,0,1.0,0.0,1.0,1,0,1,0
Mexico,MEX,2018,15.0,1,0.0,1.0,1.0,0,0,1,1
Mexico,MEX,2019,6.0,1,1.0,0.0,1.0,0,0,1,1
Mexico,MEX,2020,8.0,1,1.0,1.0,1.0,0,0,1,1
Mexico,MEX,2021,3.0,1,1.0,1.0,1.0,0,0,1,1
Mexico,MEX,2022,22.0,1,1.0,1.0,1.0,0,0,1,1
Mexico,MEX,2023,14.0,1,1.0,1.0,,0,0,0,0
Micronesia,FSM,1960,,0,,,0.0,0,0,0,0
Micronesia,FSM,1961,,0,0.0,,0.0,0,0,0,0
Micronesia,FSM,1962,,0,0.0,0.0,0.0,0,0,0,0
Micronesia,FSM,1963,,0,0.0,0.0,0.0,0,0,0,0
Micronesia,FSM,1964,,0,0.0,0.0,0.0,0,0,0,0
Micronesia,FSM,1965,,0,0.0,0.0,0.0,0,0,0,0
Micronesia,FSM,1966,,0,0.0,0.0,0.0,0,0,0,0
Micronesia,FSM,1967,,0,0.0,0.0,0.0,0,0,0,0
Micronesia,FSM,1968,,0,0.0,0.0,0.0,0,0,0,0
Micronesia,FSM,1969,,0,0.0,0.0,0.0,0,0,0,0
Micronesia,FSM,1970,,0,0.0,0.0,0.0,0,0,0,0
Micronesia,FSM,1971,,0,0.0,0.0,0.0,0,0,0,0
Micronesia,FSM,1972,,0,0.0,0.0,0.0,0,0,0,0
Micronesia,FSM,1973,,0,0.0,0.0,0.0,0,0,0,0
Micronesia,FSM,1974,,0,0.0,0.0,0.0,0,0,0,0
Micronesia,FSM,1975,,0,0.0,0.0,0.0,0,0,0,0
Micronesia,FSM,1976,,0,0.0,0.0,0.0,0,0,0,0
Micronesia,FSM,1977,,0,0.0,0.0,0.0,0,0,0,0
Micronesia,FSM,1978,,0,0.0,0.0,0.0,0,0,0,0
Micronesia,FSM,1979,,0,0.0,0.0,0.0,0,0,0,0
Micronesia,FSM,1980,,0,0.0,0.0,0.0,0,0,0,0
Micronesia,FSM,1981,,0,0.0,0.0,0.0,0,0,0,0
Micronesia,FSM,1982,,0,0.0,0.0,0.0,0,0,0,0
Micronesia,FSM,1983,,0,0.0,0.0,0.0,0,0,0,0
Micronesia,FSM,1984,,0,0.0,0.0,0.0,0,0,0,0
Micronesia,FSM,1985,,0,0.0,0.0,0.0,0,0,0,0
Micronesia,FSM,1986,,0,0.0,0.0,0.0,0,0,0,0
Micronesia,FSM,1987,,0,0.0,0.0,0.0,0,0,0,0
Micronesia,FSM,1988,,0,0.0,0.0,0.0,0,0,0,0
Micronesia,FSM,1989,,0,0.0,0.0,0.0,0,0,0,0
Micronesia,FSM,1990,,0,0.0,0.0,0.0,0,0,0,0
Micronesia,FSM,1991,,0,0.0,0.0,0.0,0,0,0,0
Micronesia,FSM,1992,,0,0.0,0.0,0.0,0,0,0,0
Micronesia,FSM,1993,,0,0.0,0.0,0.0,0,0,0,0
Micronesia,FSM,1994,,0,0.0,0.0,0.0,0,0,0,0
Micronesia,FSM,1995,,0,0.0,0.0,0.0,0,0,0,0
Micronesia,FSM,1996,,0,0.0,0.0,0.0,0,0,0,0
Micronesia,FSM,1997,,0,0.0,0.0,0.0,0,0,0,0
Micronesia,FSM,1998,,0,0.0,0.0,0.0,0,0,0,0
Micronesia,FSM,1999,,0,0.0,0.0,0.0,0,0,0,0
Micronesia,FSM,2000,,0,0.0,0.0,0.0,0,0,0,0
Micronesia,FSM,2001,,0,0.0,0.0,0.0,0,0,0,0
Micronesia,FSM,2002,,0,0.0,0.0,0.0,0,0,0,0
Micronesia,FSM,2003,,0,0.0,0.0,0.0,0,0,0,0
Micronesia,FSM,2004,,0,0.0,0.0,0.0,0,0,0,0
Micronesia,FSM,2005,,0,0.0,0.0,0.0,0,0,0,0
Micronesia,FSM,2006,,0,0.0,0.0,0.0,0,0,0,0
Micronesia,FSM,2007,,0,0.0,0.0,0.0,0,0,0,0
Micronesia,FSM,2008,,0,0.0,0.0,0.0,0,0,0,0
Micronesia,FSM,2009,,0,0.0,0.0,0.0,0,0,0,0
Micronesia,FSM,2010,,0,0.0,0.0,0.0,0,0,0,0
Micronesia,FSM,2011,,0,0.0,0.0,0.0,0,0,0,0
Micronesia,FSM,2012,,0,0.0,0.0,0.0,0,0,0,0
Micronesia,FSM,2013,,0,0.0,0.0,0.0,0,0,0,0
Micronesia,FSM,2014,,0,0.0,0.0,0.0,0,0,0,0
Micronesia,FSM,2015,,0,0.0,0.0,0.0,0,0,0,0
Micronesia,FSM,2016,,0,0.0,0.0,0.0,0,0,0,0
Micronesia,FSM,2017,,0,0.0,0.0,0.0,0,0,0,0
Micronesia,FSM,2018,,0,0.0,0.0,0.0,0,0,0,0
Micronesia,FSM,2019,,0,0.0,0.0,0.0,0,0,0,0
Micronesia,FSM,2020,,0,0.0,0.0,0.0,0,0,0,0
Micronesia,FSM,2021,,0,0.0,0.0,0.0,0,0,0,0
Micronesia,FSM,2022,,0,0.0,0.0,0.0,0,0,0,0
Micronesia,FSM,2023,,0,0.0,0.0,,0,0,0,0
Moldova,MDA,1960,,0,,,0.0,0,0,0,0
Moldova,MDA,1961,,0,0.0,,0.0,0,0,0,0
Moldova,MDA,1962,,0,0.0,0.0,0.0,0,0,0,0
Moldova,MDA,1963,,0,0.0,0.0,0.0,0,0,0,0
Moldova,MDA,1964,,0,0.0,0.0,0.0,0,0,0,0
Moldova,MDA,1965,,0,0.0,0.0,0.0,0,0,0,0
Moldova,MDA,1966,,0,0.0,0.0,0.0,0,0,0,0
Moldova,MDA,1967,,0,0.0,0.0,0.0,0,0,0,0
Moldova,MDA,1968,,0,0.0,0.0,0.0,0,0,0,0
Moldova,MDA,1969,,0,0.0,0.0,0.0,0,0,0,0
Moldova,MDA,1970,,0,0.0,0.0,0.0,0,0,0,0
Moldova,MDA,1971,,0,0.0,0.0,0.0,0,0,0,0
Moldova,MDA,1972,,0,0.0,0.0,0.0,0,0,0,0
Moldova,MDA,1973,,0,0.0,0.0,0.0,0,0,0,0
Moldova,MDA,1974,,0,0.0,0.0,0.0,0,0,0,0
Moldova,MDA,1975,,0,0.0,0.0,0.0,0,0,0,0
Moldova,MDA,1976,,0,0.0,0.0,0.0,0,0,0,0
Moldova,MDA,1977,,0,0.0,0.0,0.0,0,0,0,0
Moldova,MDA,1978,,0,0.0,0.0,0.0,0,0,0,0
Moldova,MDA,1979,,0,0.0,0.0,0.0,0,0,0,0
Moldova,MDA,1980,,0,0.0,0.0,0.0,0,0,0,0
Moldova,MDA,1981,,0,0.0,0.0,0.0,0,0,0,0
Moldova,MDA,1982,,0,0.0,0.0,0.0,0,0,0,0
Moldova,MDA,1983,,0,0.0,0.0,0.0,0,0,0,0
Moldova,MDA,1984,,0,0.0,0.0,0.0,0,0,0,0
Moldova,MDA,1985,,0,0.0,0.0,0.0,0,0,0,0
Moldova,MDA,1986,,0,0.0,0.0,0.0,0,0,0,0
Moldova,MDA,1987,,0,0.0,0.0,0.0,0,0,0,0
Moldova,MDA,1988,,0,0.0,0.0,0.0,0,0,0,0
Moldova,MDA,1989,,0,0.0,0.0,0.0,0,0,0,0
Moldova,MDA,1990,,0,0.0,0.0,0.0,0,0,0,0
Moldova,MDA,1991,0.0,0,0.0,0.0,0.0,0,0,0,0
Moldova,MDA,1992,0.0,0,0.0,0.0,1.0,1,1,1,0
Moldova,MDA,1993,5.8684194000000005,1,0.0,0.0,1.0,0,0,1,1
Moldova,MDA,1994,24.9863068,1,1.0,0.0,1.0,0,0,1,1
Moldova,MDA,1995,46.752574800000005,1,1.0,1.0,1.0,0,0,1,1
Moldova,MDA,1996,119.6389586,1,1.0,1.0,1.0,0,0,1,1
Moldova,MDA,1997,16.1198354,1,1.0,1.0,1.0,0,0,1,1
Moldova,MDA,1998,104.6279299,1,1.0,1.0,1.0,0,0,1,1
Moldova,MDA,1999,239.37443340000002,1,1.0,1.0,1.0,0,0,1,1
Moldova,MDA,2000,132.7415337,1,1.0,1.0,1.0,0,0,1,1
Moldova,MDA,2001,40.4957268,1,1.0,1.0,1.0,0,0,1,1
Moldova,MDA,2002,134.3135418,1,1.0,1.0,1.0,0,0,1,1
Moldova,MDA,2003,124.68651309999998,1,1.0,1.0,1.0,0,0,1,1
Moldova,MDA,2004,155.785213,1,1.0,1.0,1.0,0,0,1,1
Moldova,MDA,2005,134.0095813,1,1.0,1.0,1.0,0,0,1,1
Moldova,MDA,2006,243.23309659999998,1,1.0,1.0,1.0,0,0,1,1
Moldova,MDA,2007,28.333570799999997,1,1.0,1.0,1.0,0,0,1,1
Moldova,MDA,2008,27.911994699999997,1,1.0,1.0,0.0,0,0,0,0
Moldova,MDA,2009,0.0,0,1.0,1.0,0.0,0,0,0,0
Moldova,MDA,2010,0.0,0,0.0,1.0,0.0,0,0,0,0
Moldova,MDA,2011,0.0,0,0.0,0.0,0.0,0,0,0,0
Moldova,MDA,2012,0.0,0,0.0,0.0,0.0,0,0,0,0
Moldova,MDA,2013,0.0,0,0.0,0.0,0.0,0,0,0,0
Moldova,MDA,2014,0.0,0,0.0,0.0,0.0,0,0,0,0
Moldova,MDA,2015,0.0,0,0.0,0.0,0.0,0,0,0,0
Moldova,MDA,2016,0.0,0,0.0,0.0,0.0,0,0,0,0
Moldova,MDA,2017,0.0,0,0.0,0.0,0.0,0,0,0,0
Moldova,MDA,2018,0.0,0,0.0,0.0,0.0,0,0,0,0
Moldova,MDA,2019,0.0,0,0.0,0.0,0.0,0,0,0,0
Moldova,MDA,2020,0.0,0,0.0,0.0,0.0,0,0,0,0
Moldova,MDA,2021,0.0,0,0.0,0.0,1.0,1,1,1,0
Moldova,MDA,2022,9.0,1,0.0,0.0,1.0,0,0,1,1
Moldova,MDA,2023,9.0,1,1.0,0.0,,0,0,0,0
Mongolia,MNG,1960,,0,,,0.0,0,0,0,0
Mongolia,MNG,1961,,0,0.0,,0.0,0,0,0,0
Mongolia,MNG,1962,,0,0.0,0.0,0.0,0,0,0,0
Mongolia,MNG,1963,,0,0.0,0.0,0.0,0,0,0,0
Mongolia,MNG,1964,,0,0.0,0.0,0.0,0,0,0,0
Mongolia,MNG,1965,,0,0.0,0.0,0.0,0,0,0,0
Mongolia,MNG,1966,,0,0.0,0.0,0.0,0,0,0,0
Mongolia,MNG,1967,,0,0.0,0.0,0.0,0,0,0,0
Mongolia,MNG,1968,,0,0.0,0.0,0.0,0,0,0,0
Mongolia,MNG,1969,,0,0.0,0.0,0.0,0,0,0,0
Mongolia,MNG,1970,,0,0.0,0.0,0.0,0,0,0,0
Mongolia,MNG,1971,,0,0.0,0.0,0.0,0,0,0,0
Mongolia,MNG,1972,,0,0.0,0.0,0.0,0,0,0,0
Mongolia,MNG,1973,,0,0.0,0.0,0.0,0,0,0,0
Mongolia,MNG,1974,,0,0.0,0.0,0.0,0,0,0,0
Mongolia,MNG,1975,,0,0.0,0.0,0.0,0,0,0,0
Mongolia,MNG,1976,,0,0.0,0.0,0.0,0,0,0,0
Mongolia,MNG,1977,,0,0.0,0.0,0.0,0,0,0,0
Mongolia,MNG,1978,,0,0.0,0.0,0.0,0,0,0,0
Mongolia,MNG,1979,,0,0.0,0.0,0.0,0,0,0,0
Mongolia,MNG,1980,,0,0.0,0.0,0.0,0,0,0,0
Mongolia,MNG,1981,,0,0.0,0.0,0.0,0,0,0,0
Mongolia,MNG,1982,,0,0.0,0.0,0.0,0,0,0,0
Mongolia,MNG,1983,,0,0.0,0.0,0.0,0,0,0,0
Mongolia,MNG,1984,,0,0.0,0.0,0.0,0,0,0,0
Mongolia,MNG,1985,,0,0.0,0.0,0.0,0,0,0,0
Mongolia,MNG,1986,,0,0.0,0.0,0.0,0,0,0,0
Mongolia,MNG,1987,,0,0.0,0.0,0.0,0,0,0,0
Mongolia,MNG,1988,,0,0.0,0.0,0.0,0,0,0,0
Mongolia,MNG,1989,,0,0.0,0.0,0.0,0,0,0,0
Mongolia,MNG,1990,,0,0.0,0.0,0.0,0,0,0,0
Mongolia,MNG,1991,,0,0.0,0.0,1.0,1,1,1,0
Mongolia,MNG,1992,7.6769838,1,0.0,0.0,1.0,0,0,1,1
Mongolia,MNG,1993,18.0325298,1,1.0,0.0,1.0,0,0,1,1
Mongolia,MNG,1994,16.559321399999998,1,1.0,1.0,1.0,0,0,1,1
Mongolia,MNG,1995,4.1072403,1,1.0,1.0,1.0,0,0,1,1
Mongolia,MNG,1996,4.5239274,1,1.0,1.0,1.0,0,0,1,1
Mongolia,MNG,1997,63.6808235,1,1.0,1.0,1.0,0,0,1,1
Mongolia,MNG,1998,68.6336012,1,1.0,1.0,1.0,0,0,1,1
Mongolia,MNG,1999,87.5549836,1,1.0,1.0,1.0,0,0,1,1
Mongolia,MNG,2000,77.3345105,1,1.0,1.0,1.0,0,0,1,1
Mongolia,MNG,2001,77.1890682,1,1.0,1.0,1.0,0,0,1,1
Mongolia,MNG,2002,18.467162279874213,1,1.0,1.0,1.0,0,0,1,1
Mongolia,MNG,2003,11018.4950686,1,1.0,1.0,1.0,0,0,1,1
Mongolia,MNG,2004,27.294859,1,1.0,1.0,1.0,0,0,1,1
Mongolia,MNG,2005,20.8672869,1,1.0,1.0,1.0,0,0,1,1
Mongolia,MNG,2006,37.9289699,1,1.0,1.0,1.0,0,0,1,1
Mongolia,MNG,2007,25.614720600000002,1,1.0,1.0,1.0,0,0,1,1
Mongolia,MNG,2008,26.130566100000003,1,1.0,1.0,1.0,0,0,1,1
Mongolia,MNG,2009,9.7012344,1,1.0,1.0,1.0,0,0,1,1
Mongolia,MNG,2010,10.635376800000001,1,1.0,1.0,1.0,0,0,1,1
Mongolia,MNG,2011,10.6206823,1,1.0,1.0,1.0,0,0,1,1
Mongolia,MNG,2012,15.7883612,1,1.0,1.0,1.0,0,0,1,1
Mongolia,MNG,2013,18.0139714,1,1.0,1.0,1.0,0,0,1,1
Mongolia,MNG,2014,8.828730199999999,1,1.0,1.0,1.0,0,0,1,1
Mongolia,MNG,2015,8.941076800000001,1,1.0,1.0,1.0,0,0,1,1
Mongolia,MNG,2016,17.8296095,1,1.0,1.0,1.0,0,0,1,1
Mongolia,MNG,2017,2200.1475828,1,1.0,1.0,1.0,0,0,1,1
Mongolia,MNG,2018,10.2283671,1,1.0,1.0,1.0,0,0,1,1
Mongolia,MNG,2019,4.4651607,1,1.0,1.0,1.0,0,0,1,1
Mongolia,MNG,2020,1806.1329148,1,1.0,1.0,1.0,0,0,1,1
Mongolia,MNG,2021,0.0419062,1,1.0,1.0,0.0,0,0,0,0
Mongolia,MNG,2022,0.0,0,1.0,1.0,0.0,0,0,0,0
Mongolia,MNG,2023,0.0,0,0.0,1.0,,0,0,0,0
Montenegro,MNE,1960,,0,,,0.0,0,0,0,0
Montenegro,MNE,1961,,0,0.0,,0.0,0,0,0,0
Montenegro,MNE,1962,,0,0.0,0.0,0.0,0,0,0,0
Montenegro,MNE,1963,,0,0.0,0.0,0.0,0,0,0,0
Montenegro,MNE,1964,,0,0.0,0.0,0.0,0,0,0,0
Montenegro,MNE,1965,,0,0.0,0.0,0.0,0,0,0,0
Montenegro,MNE,1966,,0,0.0,0.0,0.0,0,0,0,0
Montenegro,MNE,1967,,0,0.0,0.0,0.0,0,0,0,0
Montenegro,MNE,1968,,0,0.0,0.0,0.0,0,0,0,0
Montenegro,MNE,1969,,0,0.0,0.0,0.0,0,0,0,0
Montenegro,MNE,1970,,0,0.0,0.0,0.0,0,0,0,0
Montenegro,MNE,1971,,0,0.0,0.0,0.0,0,0,0,0
Montenegro,MNE,1972,,0,0.0,0.0,0.0,0,0,0,0
Montenegro,MNE,1973,,0,0.0,0.0,0.0,0,0,0,0
Montenegro,MNE,1974,,0,0.0,0.0,0.0,0,0,0,0
Montenegro,MNE,1975,,0,0.0,0.0,0.0,0,0,0,0
Montenegro,MNE,1976,,0,0.0,0.0,0.0,0,0,0,0
Montenegro,MNE,1977,,0,0.0,0.0,0.0,0,0,0,0
Montenegro,MNE,1978,,0,0.0,0.0,0.0,0,0,0,0
Montenegro,MNE,1979,,0,0.0,0.0,0.0,0,0,0,0
Montenegro,MNE,1980,,0,0.0,0.0,0.0,0,0,0,0
Montenegro,MNE,1981,,0,0.0,0.0,0.0,0,0,0,0
Montenegro,MNE,1982,,0,0.0,0.0,0.0,0,0,0,0
Montenegro,MNE,1983,,0,0.0,0.0,0.0,0,0,0,0
Montenegro,MNE,1984,,0,0.0,0.0,0.0,0,0,0,0
Montenegro,MNE,1985,,0,0.0,0.0,0.0,0,0,0,0
Montenegro,MNE,1986,,0,0.0,0.0,0.0,0,0,0,0
Montenegro,MNE,1987,,0,0.0,0.0,0.0,0,0,0,0
Montenegro,MNE,1988,,0,0.0,0.0,0.0,0,0,0,0
Montenegro,MNE,1989,,0,0.0,0.0,0.0,0,0,0,0
Montenegro,MNE,1990,,0,0.0,0.0,0.0,0,0,0,0
Montenegro,MNE,1991,,0,0.0,0.0,0.0,0,0,0,0
Montenegro,MNE,1992,,0,0.0,0.0,0.0,0,0,0,0
Montenegro,MNE,1993,,0,0.0,0.0,0.0,0,0,0,0
Montenegro,MNE,1994,,0,0.0,0.0,0.0,0,0,0,0
Montenegro,MNE,1995,,0,0.0,0.0,0.0,0,0,0,0
Montenegro,MNE,1996,,0,0.0,0.0,0.0,0,0,0,0
Montenegro,MNE,1997,,0,0.0,0.0,0.0,0,0,0,0
Montenegro,MNE,1998,,0,0.0,0.0,0.0,0,0,0,0
Montenegro,MNE,1999,,0,0.0,0.0,0.0,0,0,0,0
Montenegro,MNE,2000,,0,0.0,0.0,0.0,0,0,0,0
Montenegro,MNE,2001,,0,0.0,0.0,0.0,0,0,0,0
Montenegro,MNE,2002,,0,0.0,0.0,1.0,1,1,1,0
Montenegro,MNE,2003,4.0,1,0.0,0.0,1.0,0,0,1,1
Montenegro,MNE,2004,209.0,1,1.0,0.0,1.0,0,0,1,1
Montenegro,MNE,2005,4.0,1,1.0,1.0,0.0,0,0,0,0
Montenegro,MNE,2006,0.0,0,1.0,1.0,1.0,1,0,1,0
Montenegro,MNE,2007,205.0,1,0.0,1.0,0.0,0,0,0,0
Montenegro,MNE,2008,0.0,0,1.0,0.0,0.0,0,0,0,0
Montenegro,MNE,2009,0.0,0,0.0,1.0,0.0,0,0,0,0
Montenegro,MNE,2010,0.0,0,0.0,0.0,1.0,1,1,1,0
Montenegro,MNE,2011,15.0,1,0.0,0.0,1.0,0,0,1,1
Montenegro,MNE,2012,1.0,1,1.0,0.0,0.0,0,0,0,0
Montenegro,MNE,2013,0.0,0,1.0,1.0,0.0,0,0,0,0
Montenegro,MNE,2014,0.0,0,0.0,1.0,0.0,0,0,0,0
Montenegro,MNE,2015,0.0,0,0.0,0.0,0.0,0,0,0,0
Montenegro,MNE,2016,0.0,0,0.0,0.0,0.0,0,0,0,0
Montenegro,MNE,2017,0.0,0,0.0,0.0,0.0,0,0,0,0
Montenegro,MNE,2018,0.0,0,0.0,0.0,0.0,0,0,0,0
Montenegro,MNE,2019,0.0,0,0.0,0.0,0.0,0,0,0,0
Montenegro,MNE,2020,0.0,0,0.0,0.0,0.0,0,0,0,0
Montenegro,MNE,2021,0.0,0,0.0,0.0,0.0,0,0,0,0
Montenegro,MNE,2022,0.0,0,0.0,0.0,0.0,0,0,0,0
Montenegro,MNE,2023,0.0,0,0.0,0.0,,0,0,0,0
Morocco,MAR,1960,0.0,0,,,0.0,0,0,0,0
Morocco,MAR,1961,0.0,0,0.0,,0.0,0,0,0,0
Morocco,MAR,1962,0.0,0,0.0,0.0,0.0,0,0,0,0
Morocco,MAR,1963,0.0,0,0.0,0.0,0.0,0,0,0,0
Morocco,MAR,1964,0.0,0,0.0,0.0,0.0,0,0,0,0
Morocco,MAR,1965,0.0,0,0.0,0.0,0.0,0,0,0,0
Morocco,MAR,1966,0.0,0,0.0,0.0,0.0,0,0,0,0
Morocco,MAR,1967,0.0,0,0.0,0.0,0.0,0,0,0,0
Morocco,MAR,1968,0.0,0,0.0,0.0,0.0,0,0,0,0
Morocco,MAR,1969,0.0,0,0.0,0.0,1.0,1,1,1,0
Morocco,MAR,1970,0.022,1,0.0,0.0,0.0,0,0,0,0
Morocco,MAR,1971,0.0,0,1.0,0.0,1.0,1,0,1,0
Morocco,MAR,1972,0.134,1,0.0,1.0,1.0,0,0,1,1
Morocco,MAR,1973,0.148,1,1.0,0.0,1.0,0,0,1,1
Morocco,MAR,1974,0.348,1,1.0,1.0,1.0,0,0,1,1
Morocco,MAR,1975,0.236,1,1.0,1.0,1.0,0,0,1,1
Morocco,MAR,1976,0.989,1,1.0,1.0,1.0,0,0,1,1
Morocco,MAR,1977,0.232,1,1.0,1.0,1.0,0,0,1,1
Morocco,MAR,1978,0.529,1,1.0,1.0,1.0,0,0,1,1
Morocco,MAR,1979,0.263,1,1.0,1.0,1.0,0,0,1,1
Morocco,MAR,1980,5.384,1,1.0,1.0,1.0,0,0,1,1
Morocco,MAR,1981,51.465999999999994,1,1.0,1.0,1.0,0,0,1,1
Morocco,MAR,1982,27.38,1,1.0,1.0,1.0,0,0,1,1
Morocco,MAR,1983,1277.707,1,1.0,1.0,1.0,0,0,1,1
Morocco,MAR,1984,1638.368,1,1.0,1.0,1.0,0,0,1,1
Morocco,MAR,1985,1265.676,1,1.0,1.0,1.0,0,0,1,1
Morocco,MAR,1986,1489.007,1,1.0,1.0,1.0,0,0,1,1
Morocco,MAR,1987,3879.148,1,1.0,1.0,1.0,0,0,1,1
Morocco,MAR,1988,940.004,1,1.0,1.0,1.0,0,0,1,1
Morocco,MAR,1989,1668.481,1,1.0,1.0,1.0,0,0,1,1
Morocco,MAR,1990,6349.639,1,1.0,1.0,1.0,0,0,1,1
Morocco,MAR,1991,3954.7599999999998,1,1.0,1.0,1.0,0,0,1,1
Morocco,MAR,1992,1546.149,1,1.0,1.0,1.0,0,0,1,1
Morocco,MAR,1993,247.239,1,1.0,1.0,1.0,0,0,1,1
Morocco,MAR,1994,231.414,1,1.0,1.0,1.0,0,0,1,1
Morocco,MAR,1995,230.319,1,1.0,1.0,1.0,0,0,1,1
Morocco,MAR,1996,277.512,1,1.0,1.0,1.0,0,0,1,1
Morocco,MAR,1997,315.901,1,1.0,1.0,1.0,0,0,1,1
Morocco,MAR,1998,333.35699999999997,1,1.0,1.0,1.0,0,0,1,1
Morocco,MAR,1999,552.369,1,1.0,1.0,1.0,0,0,1,1
Morocco,MAR,2000,774.3618483,1,1.0,1.0,1.0,0,0,1,1
Morocco,MAR,2001,657.2239622,1,1.0,1.0,1.0,0,0,1,1
Morocco,MAR,2002,654.6552972999999,1,1.0,1.0,1.0,0,0,1,1
Morocco,MAR,2003,19.372263,1,1.0,1.0,1.0,0,0,1,1
Morocco,MAR,2004,22.584728600000002,1,1.0,1.0,1.0,0,0,1,1
Morocco,MAR,2005,3.3633247,1,1.0,1.0,1.0,0,0,1,1
Morocco,MAR,2006,3.620433,1,1.0,1.0,1.0,0,0,1,1
Morocco,MAR,2007,1.8154751,1,1.0,1.0,1.0,0,0,1,1
Morocco,MAR,2008,0.8070281,1,1.0,1.0,0.0,0,0,0,0
Morocco,MAR,2009,0.0,0,1.0,1.0,0.0,0,0,0,0
Morocco,MAR,2010,0.0,0,0.0,1.0,1.0,1,1,1,0
Morocco,MAR,2011,0.0046058,1,0.0,0.0,0.0,0,0,0,0
Morocco,MAR,2012,0.0,0,1.0,0.0,0.0,0,0,0,0
Morocco,MAR,2013,0.0,0,0.0,1.0,0.0,0,0,0,0
Morocco,MAR,2014,0.0,0,0.0,0.0,0.0,0,0,0,0
Morocco,MAR,2015,0.0,0,0.0,0.0,0.0,0,0,0,0
Morocco,MAR,2016,0.0,0,0.0,0.0,1.0,1,1,1,0
Morocco,MAR,2017,0.0085448,1,0.0,0.0,1.0,0,0,1,1
Morocco,MAR,2018,0.0083447,1,1.0,0.0,1.0,0,0,1,1
Morocco,MAR,2019,0.06499279999999999,1,1.0,1.0,1.0,0,0,1,1
Morocco,MAR,2020,20.7967724,1,1.0,1.0,1.0,0,0,1,1
Morocco,MAR,2021,11.7158168,1,1.0,1.0,1.0,0,0,1,1
Morocco,MAR,2022,0.153047,1,1.0,1.0,1.0,0,0,1,1
Morocco,MAR,2023,0.050983,1,1.0,1.0,,0,0,0,0
Mozambique,MOZ,1960,,0,,,0.0,0,0,0,0
Mozambique,MOZ,1961,,0,0.0,,0.0,0,0,0,0
Mozambique,MOZ,1962,,0,0.0,0.0,0.0,0,0,0,0
Mozambique,MOZ,1963,,0,0.0,0.0,0.0,0,0,0,0
Mozambique,MOZ,1964,,0,0.0,0.0,0.0,0,0,0,0
Mozambique,MOZ,1965,,0,0.0,0.0,0.0,0,0,0,0
Mozambique,MOZ,1966,,0,0.0,0.0,0.0,0,0,0,0
Mozambique,MOZ,1967,,0,0.0,0.0,0.0,0,0,0,0
Mozambique,MOZ,1968,,0,0.0,0.0,0.0,0,0,0,0
Mozambique,MOZ,1969,,0,0.0,0.0,0.0,0,0,0,0
Mozambique,MOZ,1970,,0,0.0,0.0,0.0,0,0,0,0
Mozambique,MOZ,1971,,0,0.0,0.0,0.0,0,0,0,0
Mozambique,MOZ,1972,,0,0.0,0.0,0.0,0,0,0,0
Mozambique,MOZ,1973,,0,0.0,0.0,0.0,0,0,0,0
Mozambique,MOZ,1974,,0,0.0,0.0,0.0,0,0,0,0
Mozambique,MOZ,1975,0.0,0,0.0,0.0,0.0,0,0,0,0
Mozambique,MOZ,1976,0.0,0,0.0,0.0,0.0,0,0,0,0
Mozambique,MOZ,1977,0.0,0,0.0,0.0,0.0,0,0,0,0
Mozambique,MOZ,1978,0.0,0,0.0,0.0,0.0,0,0,0,0
Mozambique,MOZ,1979,0.0,0,0.0,0.0,1.0,1,1,1,0
Mozambique,MOZ,1980,750.0,1,0.0,0.0,0.0,0,0,0,0
Mozambique,MOZ,1981,0.0,0,1.0,0.0,0.0,0,0,0,0
Mozambique,MOZ,1982,0.0,0,0.0,1.0,0.0,0,0,0,0
Mozambique,MOZ,1983,0.0,0,0.0,0.0,1.0,1,1,1,0
Mozambique,MOZ,1984,143.2719734,1,0.0,0.0,1.0,0,0,1,1
Mozambique,MOZ,1985,286.9537749,1,1.0,0.0,1.0,0,0,1,1
Mozambique,MOZ,1986,591.9367445,1,1.0,1.0,1.0,0,0,1,1
Mozambique,MOZ,1987,1098.1430701,1,1.0,1.0,1.0,0,0,1,1
Mozambique,MOZ,1988,801.9572516,1,1.0,1.0,1.0,0,0,1,1
Mozambique,MOZ,1989,1018.159617,1,1.0,1.0,1.0,0,0,1,1
Mozambique,MOZ,1990,3172.8722391,1,1.0,1.0,1.0,0,0,1,1
Mozambique,MOZ,1991,1183.6936232,1,1.0,1.0,1.0,0,0,1,1
Mozambique,MOZ,1992,1184.020402,1,1.0,1.0,1.0,0,0,1,1
Mozambique,MOZ,1993,1491.0663579999998,1,1.0,1.0,1.0,0,0,1,1
Mozambique,MOZ,1994,1210.2366654,1,1.0,1.0,1.0,0,0,1,1
Mozambique,MOZ,1995,1831.6758390999998,1,1.0,1.0,1.0,0,0,1,1
Mozambique,MOZ,1996,2163.5490931,1,1.0,1.0,1.0,0,0,1,1
Mozambique,MOZ,1997,1672.5513812,1,1.0,1.0,1.0,0,0,1,1
Mozambique,MOZ,1998,2317.6561935,1,1.0,1.0,1.0,0,0,1,1
Mozambique,MOZ,1999,1876.2468001,1,1.0,1.0,1.0,0,0,1,1
Mozambique,MOZ,2000,1245.9298671,1,1.0,1.0,1.0,0,0,1,1
Mozambique,MOZ,2001,2835.8416865,1,1.0,1.0,1.0,0,0,1,1
Mozambique,MOZ,2002,852.5356692,1,1.0,1.0,1.0,0,0,1,1
Mozambique,MOZ,2003,911.6448989999999,1,1.0,1.0,1.0,0,0,1,1
Mozambique,MOZ,2004,1011.5848327,1,1.0,1.0,1.0,0,0,1,1
Mozambique,MOZ,2005,1028.4479188,1,1.0,1.0,1.0,0,0,1,1
Mozambique,MOZ,2006,2838.0333853,1,1.0,1.0,1.0,0,0,1,1
Mozambique,MOZ,2007,1058.8003899,1,1.0,1.0,1.0,0,0,1,1
Mozambique,MOZ,2008,884.7968109,1,1.0,1.0,1.0,0,0,1,1
Mozambique,MOZ,2009,918.6609101,1,1.0,1.0,1.0,0,0,1,1
Mozambique,MOZ,2010,1505.7620387,1,1.0,1.0,1.0,0,0,1,1
Mozambique,MOZ,2011,1506.3330237999999,1,1.0,1.0,1.0,0,0,1,1
Mozambique,MOZ,2012,1511.3208674999998,1,1.0,1.0,1.0,0,0,1,1
Mozambique,MOZ,2013,1505.7620387,1,1.0,1.0,1.0,0,0,1,1
Mozambique,MOZ,2014,1505.7814643,1,1.0,1.0,1.0,0,0,1,1
Mozambique,MOZ,2015,1878.7914336,1,1.0,1.0,1.0,0,0,1,1
Mozambique,MOZ,2016,2810.1260441,1,1.0,1.0,1.0,0,0,1,1
Mozambique,MOZ,2017,4808.3531898,1,1.0,1.0,1.0,0,0,1,1
Mozambique,MOZ,2018,5197.3803897,1,1.0,1.0,1.0,0,0,1,1
Mozambique,MOZ,2019,3147.6654693,1,1.0,1.0,1.0,0,0,1,1
Mozambique,MOZ,2020,3264.507147,1,1.0,1.0,1.0,0,0,1,1
Mozambique,MOZ,2021,3830.5809114999997,1,1.0,1.0,1.0,0,0,1,1
Mozambique,MOZ,2022,3888.2696,1,1.0,1.0,1.0,0,0,1,1
Mozambique,MOZ,2023,3211.0,1,1.0,1.0,,0,0,0,0
Myanmar,MMR,1960,0.0,0,,,0.0,0,0,0,0
Myanmar,MMR,1961,0.0,0,0.0,,0.0,0,0,0,0
Myanmar,MMR,1962,0.0,0,0.0,0.0,0.0,0,0,0,0
Myanmar,MMR,1963,0.0,0,0.0,0.0,1.0,1,1,1,0
Myanmar,MMR,1964,384.0,1,0.0,0.0,0.0,0,0,0,0
Myanmar,MMR,1965,0.0,0,1.0,0.0,0.0,0,0,0,0
Myanmar,MMR,1966,0.0,0,0.0,1.0,0.0,0,0,0,0
Myanmar,MMR,1967,0.0,0,0.0,0.0,0.0,0,0,0,0
Myanmar,MMR,1968,0.0,0,0.0,0.0,0.0,0,0,0,0
Myanmar,MMR,1969,0.0,0,0.0,0.0,0.0,0,0,0,0
Myanmar,MMR,1970,0.0,0,0.0,0.0,0.0,0,0,0,0
Myanmar,MMR,1971,0.0,0,0.0,0.0,0.0,0,0,0,0
Myanmar,MMR,1972,0.0,0,0.0,0.0,0.0,0,0,0,0
Myanmar,MMR,1973,0.0,0,0.0,0.0,0.0,0,0,0,0
Myanmar,MMR,1974,0.0,0,0.0,0.0,0.0,0,0,0,0
Myanmar,MMR,1975,0.0,0,0.0,0.0,1.0,1,1,1,0
Myanmar,MMR,1976,0.03,1,0.0,0.0,1.0,0,0,1,1
Myanmar,MMR,1977,0.062,1,1.0,0.0,1.0,0,0,1,1
Myanmar,MMR,1978,0.096,1,1.0,1.0,1.0,0,0,1,1
Myanmar,MMR,1979,0.13,1,1.0,1.0,1.0,0,0,1,1
Myanmar,MMR,1980,0.164,1,1.0,1.0,1.0,0,0,1,1
Myanmar,MMR,1981,0.198,1,1.0,1.0,1.0,0,0,1,1
Myanmar,MMR,1982,0.232,1,1.0,1.0,1.0,0,0,1,1
Myanmar,MMR,1983,0.229,1,1.0,1.0,1.0,0,0,1,1
Myanmar,MMR,1984,381.227,1,1.0,1.0,1.0,0,0,1,1
Myanmar,MMR,1985,3.9366535,1,1.0,1.0,1.0,0,0,1,1
Myanmar,MMR,1986,57.9101473,1,1.0,1.0,1.0,0,0,1,1
Myanmar,MMR,1987,1448.7929811,1,1.0,1.0,1.0,0,0,1,1
Myanmar,MMR,1988,257.8687991,1,1.0,1.0,1.0,0,0,1,1
Myanmar,MMR,1989,332.6524501,1,1.0,1.0,1.0,0,0,1,1
Myanmar,MMR,1990,579.9103624,1,1.0,1.0,1.0,0,0,1,1
Myanmar,MMR,1991,884.7384001999999,1,1.0,1.0,1.0,0,0,1,1
Myanmar,MMR,1992,1129.1720982000002,1,1.0,1.0,1.0,0,0,1,1
Myanmar,MMR,1993,1398.9129551,1,1.0,1.0,1.0,0,0,1,1
Myanmar,MMR,1994,1811.4148466,1,1.0,1.0,1.0,0,0,1,1
Myanmar,MMR,1995,1710.5866047,1,1.0,1.0,1.0,0,0,1,1
Myanmar,MMR,1996,1656.8064054000001,1,1.0,1.0,1.0,0,0,1,1
Myanmar,MMR,1997,1740.8875542,1,1.0,1.0,1.0,0,0,1,1
Myanmar,MMR,1998,1989.3356411,1,1.0,1.0,1.0,0,0,1,1
Myanmar,MMR,1999,2372.5024465,1,1.0,1.0,1.0,0,0,1,1
Myanmar,MMR,2000,2451.9088181,1,1.0,1.0,1.0,0,0,1,1
Myanmar,MMR,2001,2488.8697167,1,1.0,1.0,1.0,0,0,1,1
Myanmar,MMR,2002,3094.9541427,1,1.0,1.0,1.0,0,0,1,1
Myanmar,MMR,2003,3740.9739943,1,1.0,1.0,1.0,0,0,1,1
Myanmar,MMR,2004,4167.646562100001,1,1.0,1.0,1.0,0,0,1,1
Myanmar,MMR,2005,4020.2792913,1,1.0,1.0,1.0,0,0,1,1
Myanmar,MMR,2006,4343.4472537,1,1.0,1.0,1.0,0,0,1,1
Myanmar,MMR,2007,4800.2937475,1,1.0,1.0,1.0,0,0,1,1
Myanmar,MMR,2008,8885.140149699999,1,1.0,1.0,1.0,0,0,1,1
Myanmar,MMR,2009,9233.0752716,1,1.0,1.0,1.0,0,0,1,1
Myanmar,MMR,2010,10166.2168877,1,1.0,1.0,1.0,0,0,1,1
Myanmar,MMR,2011,10596.041966300001,1,1.0,1.0,1.0,0,0,1,1
Myanmar,MMR,2012,10975.0219033,1,1.0,1.0,1.0,0,0,1,1
Myanmar,MMR,2013,2592.1183875,1,1.0,1.0,1.0,0,0,1,1
Myanmar,MMR,2014,668.8956787,1,1.0,1.0,1.0,0,0,1,1
Myanmar,MMR,2015,647.6924172,1,1.0,1.0,1.0,0,0,1,1
Myanmar,MMR,2016,664.8162337,1,1.0,1.0,1.0,0,0,1,1
Myanmar,MMR,2017,660.9293339,1,1.0,1.0,1.0,0,0,1,1
Myanmar,MMR,2018,799.7039761,1,1.0,1.0,1.0,0,0,1,1
Myanmar,MMR,2019,633.4250975,1,1.0,1.0,1.0,0,0,1,1
Myanmar,MMR,2020,920.5126293999999,1,1.0,1.0,1.0,0,0,1,1
Myanmar,MMR,2021,720.6659023,1,1.0,1.0,1.0,0,0,1,1
Myanmar,MMR,2022,596.2297484000001,1,1.0,1.0,1.0,0,0,1,1
Myanmar,MMR,2023,694.0,1,1.0,1.0,,0,0,0,0
Namibia,NAM,1960,,0,,,0.0,0,0,0,0
Namibia,NAM,1961,,0,0.0,,0.0,0,0,0,0
Namibia,NAM,1962,,0,0.0,0.0,0.0,0,0,0,0
Namibia,NAM,1963,,0,0.0,0.0,0.0,0,0,0,0
Namibia,NAM,1964,,0,0.0,0.0,0.0,0,0,0,0
Namibia,NAM,1965,,0,0.0,0.0,0.0,0,0,0,0
Namibia,NAM,1966,,0,0.0,0.0,0.0,0,0,0,0
Namibia,NAM,1967,,0,0.0,0.0,0.0,0,0,0,0
Namibia,NAM,1968,,0,0.0,0.0,0.0,0,0,0,0
Namibia,NAM,1969,,0,0.0,0.0,0.0,0,0,0,0
Namibia,NAM,1970,,0,0.0,0.0,0.0,0,0,0,0
Namibia,NAM,1971,,0,0.0,0.0,0.0,0,0,0,0
Namibia,NAM,1972,,0,0.0,0.0,0.0,0,0,0,0
Namibia,NAM,1973,,0,0.0,0.0,0.0,0,0,0,0
Namibia,NAM,1974,,0,0.0,0.0,0.0,0,0,0,0
Namibia,NAM,1975,,0,0.0,0.0,0.0,0,0,0,0
Namibia,NAM,1976,,0,0.0,0.0,0.0,0,0,0,0
Namibia,NAM,1977,,0,0.0,0.0,0.0,0,0,0,0
Namibia,NAM,1978,,0,0.0,0.0,0.0,0,0,0,0
Namibia,NAM,1979,,0,0.0,0.0,0.0,0,0,0,0
Namibia,NAM,1980,,0,0.0,0.0,0.0,0,0,0,0
Namibia,NAM,1981,,0,0.0,0.0,0.0,0,0,0,0
Namibia,NAM,1982,,0,0.0,0.0,0.0,0,0,0,0
Namibia,NAM,1983,,0,0.0,0.0,0.0,0,0,0,0
Namibia,NAM,1984,,0,0.0,0.0,0.0,0,0,0,0
Namibia,NAM,1985,,0,0.0,0.0,0.0,0,0,0,0
Namibia,NAM,1986,,0,0.0,0.0,0.0,0,0,0,0
Namibia,NAM,1987,,0,0.0,0.0,0.0,0,0,0,0
Namibia,NAM,1988,,0,0.0,0.0,0.0,0,0,0,0
Namibia,NAM,1989,,0,0.0,0.0,0.0,0,0,0,0
Namibia,NAM,1990,0.0,0,0.0,0.0,0.0,0,0,0,0
Namibia,NAM,1991,0.0,0,0.0,0.0,0.0,0,0,0,0
Namibia,NAM,1992,0.0,0,0.0,0.0,0.0,0,0,0,0
Namibia,NAM,1993,0.0,0,0.0,0.0,0.0,0,0,0,0
Namibia,NAM,1994,0.0,0,0.0,0.0,0.0,0,0,0,0
Namibia,NAM,1995,0.0,0,0.0,0.0,0.0,0,0,0,0
Namibia,NAM,1996,0.0,0,0.0,0.0,1.0,1,1,1,0
Namibia,NAM,1997,6.317365269461078,1,0.0,0.0,0.0,0,0,0,0
Namibia,NAM,1998,0.0,0,1.0,0.0,0.0,0,0,0,0
Namibia,NAM,1999,0.0,0,0.0,1.0,0.0,0,0,0,0
Namibia,NAM,2000,0.0,0,0.0,0.0,0.0,0,0,0,0
Namibia,NAM,2001,0.0,0,0.0,0.0,0.0,0,0,0,0
Namibia,NAM,2002,0.0,0,0.0,0.0,0.0,0,0,0,0
Namibia,NAM,2003,0.0,0,0.0,0.0,0.0,0,0,0,0
Namibia,NAM,2004,0.0,0,0.0,0.0,0.0,0,0,0,0
Namibia,NAM,2005,0.0,0,0.0,0.0,0.0,0,0,0,0
Namibia,NAM,2006,0.0,0,0.0,0.0,0.0,0,0,0,0
Namibia,NAM,2007,0.0,0,0.0,0.0,0.0,0,0,0,0
Namibia,NAM,2008,0.0,0,0.0,0.0,0.0,0,0,0,0
Namibia,NAM,2009,0.0,0,0.0,0.0,0.0,0,0,0,0
Namibia,NAM,2010,0.0,0,0.0,0.0,0.0,0,0,0,0
Namibia,NAM,2011,0.0,0,0.0,0.0,0.0,0,0,0,0
Namibia,NAM,2012,0.0,0,0.0,0.0,0.0,0,0,0,0
Namibia,NAM,2013,0.0,0,0.0,0.0,0.0,0,0,0,0
Namibia,NAM,2014,0.0,0,0.0,0.0,0.0,0,0,0,0
Namibia,NAM,2015,0.0,0,0.0,0.0,0.0,0,0,0,0
Namibia,NAM,2016,0.0,0,0.0,0.0,0.0,0,0,0,0
Namibia,NAM,2017,0.0,0,0.0,0.0,0.0,0,0,0,0
Namibia,NAM,2018,0.0,0,0.0,0.0,0.0,0,0,0,0
Namibia,NAM,2019,0.0,0,0.0,0.0,0.0,0,0,0,0
Namibia,NAM,2020,0.0,0,0.0,0.0,0.0,0,0,0,0
Namibia,NAM,2021,0.0,0,0.0,0.0,0.0,0,0,0,0
Namibia,NAM,2022,0.0,0,0.0,0.0,0.0,0,0,0,0
Namibia,NAM,2023,0.0,0,0.0,0.0,,0,0,0,0
Nauru,NRU,1960,,0,,,0.0,0,0,0,0
Nauru,NRU,1961,,0,0.0,,0.0,0,0,0,0
Nauru,NRU,1962,,0,0.0,0.0,0.0,0,0,0,0
Nauru,NRU,1963,,0,0.0,0.0,0.0,0,0,0,0
Nauru,NRU,1964,,0,0.0,0.0,0.0,0,0,0,0
Nauru,NRU,1965,,0,0.0,0.0,0.0,0,0,0,0
Nauru,NRU,1966,,0,0.0,0.0,0.0,0,0,0,0
Nauru,NRU,1967,,0,0.0,0.0,0.0,0,0,0,0
Nauru,NRU,1968,0.0,0,0.0,0.0,0.0,0,0,0,0
Nauru,NRU,1969,0.0,0,0.0,0.0,0.0,0,0,0,0
Nauru,NRU,1970,0.0,0,0.0,0.0,0.0,0,0,0,0
Nauru,NRU,1971,0.0,0,0.0,0.0,0.0,0,0,0,0
Nauru,NRU,1972,0.0,0,0.0,0.0,0.0,0,0,0,0
Nauru,NRU,1973,0.0,0,0.0,0.0,0.0,0,0,0,0
Nauru,NRU,1974,0.0,0,0.0,0.0,0.0,0,0,0,0
Nauru,NRU,1975,0.0,0,0.0,0.0,0.0,0,0,0,0
Nauru,NRU,1976,0.0,0,0.0,0.0,0.0,0,0,0,0
Nauru,NRU,1977,0.0,0,0.0,0.0,0.0,0,0,0,0
Nauru,NRU,1978,0.0,0,0.0,0.0,0.0,0,0,0,0
Nauru,NRU,1979,0.0,0,0.0,0.0,0.0,0,0,0,0
Nauru,NRU,1980,0.0,0,0.0,0.0,0.0,0,0,0,0
Nauru,NRU,1981,0.0,0,0.0,0.0,0.0,0,0,0,0
Nauru,NRU,1982,0.0,0,0.0,0.0,0.0,0,0,0,0
Nauru,NRU,1983,0.0,0,0.0,0.0,0.0,0,0,0,0
Nauru,NRU,1984,0.0,0,0.0,0.0,0.0,0,0,0,0
Nauru,NRU,1985,0.0,0,0.0,0.0,0.0,0,0,0,0
Nauru,NRU,1986,0.0,0,0.0,0.0,0.0,0,0,0,0
Nauru,NRU,1987,0.0,0,0.0,0.0,0.0,0,0,0,0
Nauru,NRU,1988,0.0,0,0.0,0.0,0.0,0,0,0,0
Nauru,NRU,1989,0.0,0,0.0,0.0,0.0,0,0,0,0
Nauru,NRU,1990,0.0,0,0.0,0.0,0.0,0,0,0,0
Nauru,NRU,1991,0.0,0,0.0,0.0,0.0,0,0,0,0
Nauru,NRU,1992,0.0,0,0.0,0.0,0.0,0,0,0,0
Nauru,NRU,1993,0.0,0,0.0,0.0,1.0,1,1,1,0
Nauru,NRU,1994,15.02008032128514,1,0.0,0.0,1.0,0,0,1,1
Nauru,NRU,1995,75.82618616100267,1,1.0,0.0,1.0,0,0,1,1
Nauru,NRU,1996,69.75661886376172,1,1.0,1.0,1.0,0,0,1,1
Nauru,NRU,1997,66.5073216909897,1,1.0,1.0,1.0,0,0,1,1
Nauru,NRU,1998,65.00058783472225,1,1.0,1.0,1.0,0,0,1,1
Nauru,NRU,1999,78.93404094810532,1,1.0,1.0,1.0,0,0,1,1
Nauru,NRU,2000,87.57212162813995,1,1.0,1.0,1.0,0,0,1,1
Nauru,NRU,2001,83.91675111871545,1,1.0,1.0,1.0,0,0,1,1
Nauru,NRU,2002,85.3790263886715,1,1.0,1.0,1.0,0,0,1,1
Nauru,NRU,2003,109.14143207574348,1,1.0,1.0,1.0,0,0,1,1
Nauru,NRU,2004,293.3001707245809,1,1.0,1.0,1.0,0,0,1,1
Nauru,NRU,2005,109.79123776984004,1,1.0,1.0,1.0,0,0,1,1
Nauru,NRU,2006,108.21678257034307,1,1.0,1.0,1.0,0,0,1,1
Nauru,NRU,2007,110.99575662160132,1,1.0,1.0,1.0,0,0,1,1
Nauru,NRU,2008,127.14526272214302,1,1.0,1.0,1.0,0,0,1,1
Nauru,NRU,2009,145.26428038474555,1,1.0,1.0,1.0,0,0,1,1
Nauru,NRU,2010,160.3053369893725,1,1.0,1.0,1.0,0,0,1,1
Nauru,NRU,2011,182.37894417209242,1,1.0,1.0,1.0,0,0,1,1
Nauru,NRU,2012,187.90404420055626,1,1.0,1.0,1.0,0,0,1,1
Nauru,NRU,2013,158.419153847809,1,1.0,1.0,1.0,0,0,1,1
Nauru,NRU,2014,150.5996323049599,1,1.0,1.0,1.0,0,0,1,1
Nauru,NRU,2015,135.37894953370161,1,1.0,1.0,1.0,0,0,1,1
Nauru,NRU,2016,155.08103949219978,1,1.0,1.0,1.0,0,0,1,1
Nauru,NRU,2017,154.45108145864444,1,1.0,1.0,1.0,0,0,1,1
Nauru,NRU,2018,161.1099782490484,1,1.0,1.0,1.0,0,0,1,1
Nauru,NRU,2019,168.00221055540206,1,1.0,1.0,1.0,0,0,1,1
Nauru,NRU,2020,181.0,1,1.0,1.0,1.0,0,0,1,1
Nauru,NRU,2021,166.50377899400573,1,1.0,1.0,1.0,0,0,1,1
Nauru,NRU,2022,1.2,1,1.0,1.0,1.0,0,0,1,1
Nauru,NRU,2023,1.2,1,1.0,1.0,,0,0,0,0
Nepal,NPL,1960,0.0,0,,,0.0,0,0,0,0
Nepal,NPL,1961,0.0,0,0.0,,0.0,0,0,0,0
Nepal,NPL,1962,0.0,0,0.0,0.0,0.0,0,0,0,0
Nepal,NPL,1963,0.0,0,0.0,0.0,0.0,0,0,0,0
Nepal,NPL,1964,0.0,0,0.0,0.0,0.0,0,0,0,0
Nepal,NPL,1965,0.0,0,0.0,0.0,0.0,0,0,0,0
Nepal,NPL,1966,0.0,0,0.0,0.0,0.0,0,0,0,0
Nepal,NPL,1967,0.0,0,0.0,0.0,0.0,0,0,0,0
Nepal,NPL,1968,0.0,0,0.0,0.0,0.0,0,0,0,0
Nepal,NPL,1969,0.0,0,0.0,0.0,0.0,0,0,0,0
Nepal,NPL,1970,0.0,0,0.0,0.0,0.0,0,0,0,0
Nepal,NPL,1971,0.0,0,0.0,0.0,0.0,0,0,0,0
Nepal,NPL,1972,0.0,0,0.0,0.0,0.0,0,0,0,0
Nepal,NPL,1973,0.0,0,0.0,0.0,0.0,0,0,0,0
Nepal,NPL,1974,0.0,0,0.0,0.0,0.0,0,0,0,0
Nepal,NPL,1975,0.0,0,0.0,0.0,0.0,0,0,0,0
Nepal,NPL,1976,0.0,0,0.0,0.0,0.0,0,0,0,0
Nepal,NPL,1977,0.0,0,0.0,0.0,0.0,0,0,0,0
Nepal,NPL,1978,0.0,0,0.0,0.0,0.0,0,0,0,0
Nepal,NPL,1979,0.0,0,0.0,0.0,0.0,0,0,0,0
Nepal,NPL,1980,0.0,0,0.0,0.0,0.0,0,0,0,0
Nepal,NPL,1981,0.0,0,0.0,0.0,0.0,0,0,0,0
Nepal,NPL,1982,0.0,0,0.0,0.0,0.0,0,0,0,0
Nepal,NPL,1983,0.0,0,0.0,0.0,0.0,0,0,0,0
Nepal,NPL,1984,0.0,0,0.0,0.0,0.0,0,0,0,0
Nepal,NPL,1985,0.0,0,0.0,0.0,1.0,1,1,1,0
Nepal,NPL,1986,1.835,1,0.0,0.0,1.0,0,0,1,1
Nepal,NPL,1987,4.579999999999999,1,1.0,0.0,1.0,0,0,1,1
Nepal,NPL,1988,5.636,1,1.0,1.0,1.0,0,0,1,1
Nepal,NPL,1989,7.969,1,1.0,1.0,1.0,0,0,1,1
Nepal,NPL,1990,10.427,1,1.0,1.0,1.0,0,0,1,1
Nepal,NPL,1991,19.858,1,1.0,1.0,1.0,0,0,1,1
Nepal,NPL,1992,14.103,1,1.0,1.0,1.0,0,0,1,1
Nepal,NPL,1993,9.578,1,1.0,1.0,1.0,0,0,1,1
Nepal,NPL,1994,7.833,1,1.0,1.0,1.0,0,0,1,1
Nepal,NPL,1995,10.468,1,1.0,1.0,1.0,0,0,1,1
Nepal,NPL,1996,12.181999999999999,1,1.0,1.0,1.0,0,0,1,1
Nepal,NPL,1997,10.453,1,1.0,1.0,1.0,0,0,1,1
Nepal,NPL,1998,10.587,1,1.0,1.0,1.0,0,0,1,1
Nepal,NPL,1999,3.334,1,1.0,1.0,1.0,0,0,1,1
Nepal,NPL,2000,0.4200345,1,1.0,1.0,1.0,0,0,1,1
Nepal,NPL,2001,0.6775544,1,1.0,1.0,1.0,0,0,1,1
Nepal,NPL,2002,0.9,1,1.0,1.0,1.0,0,0,1,1
Nepal,NPL,2003,1.2,1,1.0,1.0,1.0,0,0,1,1
Nepal,NPL,2004,1.7,1,1.0,1.0,0.0,0,0,0,0
Nepal,NPL,2005,0.0,0,1.0,1.0,0.0,0,0,0,0
Nepal,NPL,2006,0.0,0,0.0,1.0,0.0,0,0,0,0
Nepal,NPL,2007,0.0,0,0.0,0.0,0.0,0,0,0,0
Nepal,NPL,2008,0.0,0,0.0,0.0,0.0,0,0,0,0
Nepal,NPL,2009,0.0,0,0.0,0.0,1.0,1,1,1,0
Nepal,NPL,2010,0.3680279,1,0.0,0.0,0.0,0,0,0,0
Nepal,NPL,2011,0.0,0,1.0,0.0,1.0,1,0,1,0
Nepal,NPL,2012,4.66253,1,0.0,1.0,0.0,0,0,0,0
Nepal,NPL,2013,0.0,0,1.0,0.0,0.0,0,0,0,0
Nepal,NPL,2014,0.0,0,0.0,1.0,0.0,0,0,0,0
Nepal,NPL,2015,0.0,0,0.0,0.0,0.0,0,0,0,0
Nepal,NPL,2016,0.0,0,0.0,0.0,1.0,1,1,1,0
Nepal,NPL,2017,114.7,1,0.0,0.0,0.0,0,0,0,0
Nepal,NPL,2018,0.0,0,1.0,0.0,0.0,0,0,0,0
Nepal,NPL,2019,0.0,0,0.0,1.0,1.0,1,1,1,0
Nepal,NPL,2020,2.0311719,1,0.0,0.0,1.0,0,0,1,1
Nepal,NPL,2021,16.1341602,1,1.0,0.0,1.0,0,0,1,1
Nepal,NPL,2022,4.2610145,1,1.0,1.0,1.0,0,0,1,1
Nepal,NPL,2023,4.0,1,1.0,1.0,,0,0,0,0
Netherlands Antilles,ANT,1960,,0,,,0.0,0,0,0,0
Netherlands Antilles,ANT,1961,,0,0.0,,0.0,0,0,0,0
Netherlands Antilles,ANT,1962,,0,0.0,0.0,0.0,0,0,0,0
Netherlands Antilles,ANT,1963,,0,0.0,0.0,0.0,0,0,0,0
Netherlands Antilles,ANT,1964,,0,0.0,0.0,0.0,0,0,0,0
Netherlands Antilles,ANT,1965,,0,0.0,0.0,0.0,0,0,0,0
Netherlands Antilles,ANT,1966,,0,0.0,0.0,0.0,0,0,0,0
Netherlands Antilles,ANT,1967,,0,0.0,0.0,0.0,0,0,0,0
Netherlands Antilles,ANT,1968,,0,0.0,0.0,0.0,0,0,0,0
Netherlands Antilles,ANT,1969,,0,0.0,0.0,0.0,0,0,0,0
Netherlands Antilles,ANT,1970,,0,0.0,0.0,0.0,0,0,0,0
Netherlands Antilles,ANT,1971,,0,0.0,0.0,0.0,0,0,0,0
Netherlands Antilles,ANT,1972,,0,0.0,0.0,0.0,0,0,0,0
Netherlands Antilles,ANT,1973,,0,0.0,0.0,0.0,0,0,0,0
Netherlands Antilles,ANT,1974,,0,0.0,0.0,0.0,0,0,0,0
Netherlands Antilles,ANT,1975,,0,0.0,0.0,0.0,0,0,0,0
Netherlands Antilles,ANT,1976,,0,0.0,0.0,0.0,0,0,0,0
Netherlands Antilles,ANT,1977,,0,0.0,0.0,0.0,0,0,0,0
Netherlands Antilles,ANT,1978,,0,0.0,0.0,0.0,0,0,0,0
Netherlands Antilles,ANT,1979,,0,0.0,0.0,0.0,0,0,0,0
Netherlands Antilles,ANT,1980,,0,0.0,0.0,0.0,0,0,0,0
Netherlands Antilles,ANT,1981,,0,0.0,0.0,0.0,0,0,0,0
Netherlands Antilles,ANT,1982,,0,0.0,0.0,0.0,0,0,0,0
Netherlands Antilles,ANT,1983,,0,0.0,0.0,0.0,0,0,0,0
Netherlands Antilles,ANT,1984,,0,0.0,0.0,0.0,0,0,0,0
Netherlands Antilles,ANT,1985,,0,0.0,0.0,0.0,0,0,0,0
Netherlands Antilles,ANT,1986,,0,0.0,0.0,0.0,0,0,0,0
Netherlands Antilles,ANT,1987,,0,0.0,0.0,0.0,0,0,0,0
Netherlands Antilles,ANT,1988,,0,0.0,0.0,0.0,0,0,0,0
Netherlands Antilles,ANT,1989,,0,0.0,0.0,0.0,0,0,0,0
Netherlands Antilles,ANT,1990,0.0,0,0.0,0.0,0.0,0,0,0,0
Netherlands Antilles,ANT,1991,0.0,0,0.0,0.0,0.0,0,0,0,0
Netherlands Antilles,ANT,1992,0.0,0,0.0,0.0,0.0,0,0,0,0
Netherlands Antilles,ANT,1993,0.0,0,0.0,0.0,0.0,0,0,0,0
Netherlands Antilles,ANT,1994,0.0,0,0.0,0.0,0.0,0,0,0,0
Netherlands Antilles,ANT,1995,0.0,0,0.0,0.0,0.0,0,0,0,0
Netherlands Antilles,ANT,1996,0.0,0,0.0,0.0,1.0,1,1,1,0
Netherlands Antilles,ANT,1997,130.0,1,0.0,0.0,0.0,0,0,0,0
Netherlands Antilles,ANT,1998,0.0,0,1.0,0.0,0.0,0,0,0,0
Netherlands Antilles,ANT,1999,0.0,0,0.0,1.0,0.0,0,0,0,0
Netherlands Antilles,ANT,2000,0.0,0,0.0,0.0,0.0,0,0,0,0
Netherlands Antilles,ANT,2001,0.0,0,0.0,0.0,0.0,0,0,0,0
Netherlands Antilles,ANT,2002,0.0,0,0.0,0.0,0.0,0,0,0,0
Netherlands Antilles,ANT,2003,0.0,0,0.0,0.0,0.0,0,0,0,0
Netherlands Antilles,ANT,2004,0.0,0,0.0,0.0,0.0,0,0,0,0
Netherlands Antilles,ANT,2005,0.0,0,0.0,0.0,0.0,0,0,0,0
Netherlands Antilles,ANT,2006,0.0,0,0.0,0.0,0.0,0,0,0,0
Netherlands Antilles,ANT,2007,0.0,0,0.0,0.0,0.0,0,0,0,0
Netherlands Antilles,ANT,2008,0.0,0,0.0,0.0,0.0,0,0,0,0
Netherlands Antilles,ANT,2009,0.0,0,0.0,0.0,1.0,1,1,1,0
Netherlands Antilles,ANT,2010,2087.0391061452515,1,0.0,0.0,0.0,0,0,0,0
Netherlands Antilles,ANT,2011,,0,1.0,0.0,0.0,0,0,0,0
Netherlands Antilles,ANT,2012,,0,0.0,1.0,0.0,0,0,0,0
Netherlands Antilles,ANT,2013,,0,0.0,0.0,0.0,0,0,0,0
Netherlands Antilles,ANT,2014,,0,0.0,0.0,0.0,0,0,0,0
Netherlands Antilles,ANT,2015,,0,0.0,0.0,0.0,0,0,0,0
Netherlands Antilles,ANT,2016,,0,0.0,0.0,0.0,0,0,0,0
Netherlands Antilles,ANT,2017,,0,0.0,0.0,0.0,0,0,0,0
Netherlands Antilles,ANT,2018,,0,0.0,0.0,0.0,0,0,0,0
Netherlands Antilles,ANT,2019,,0,0.0,0.0,0.0,0,0,0,0
Netherlands Antilles,ANT,2020,,0,0.0,0.0,0.0,0,0,0,0
Netherlands Antilles,ANT,2021,,0,0.0,0.0,0.0,0,0,0,0
Netherlands Antilles,ANT,2022,,0,0.0,0.0,0.0,0,0,0,0
Netherlands Antilles,ANT,2023,,0,0.0,0.0,,0,0,0,0
Nicaragua,NIC,1960,0.0,0,,,0.0,0,0,0,0
Nicaragua,NIC,1961,0.0,0,0.0,,0.0,0,0,0,0
Nicaragua,NIC,1962,0.0,0,0.0,0.0,0.0,0,0,0,0
Nicaragua,NIC,1963,0.0,0,0.0,0.0,0.0,0,0,0,0
Nicaragua,NIC,1964,0.0,0,0.0,0.0,0.0,0,0,0,0
Nicaragua,NIC,1965,0.0,0,0.0,0.0,0.0,0,0,0,0
Nicaragua,NIC,1966,0.0,0,0.0,0.0,0.0,0,0,0,0
Nicaragua,NIC,1967,0.0,0,0.0,0.0,0.0,0,0,0,0
Nicaragua,NIC,1968,0.0,0,0.0,0.0,0.0,0,0,0,0
Nicaragua,NIC,1969,0.0,0,0.0,0.0,0.0,0,0,0,0
Nicaragua,NIC,1970,0.0,0,0.0,0.0,0.0,0,0,0,0
Nicaragua,NIC,1971,0.0,0,0.0,0.0,0.0,0,0,0,0
Nicaragua,NIC,1972,0.0,0,0.0,0.0,1.0,1,1,1,0
Nicaragua,NIC,1973,0.13,1,0.0,0.0,0.0,0,0,0,0
Nicaragua,NIC,1974,0.0,0,1.0,0.0,1.0,1,0,1,0
Nicaragua,NIC,1975,1.1567848,1,0.0,1.0,1.0,0,0,1,1
Nicaragua,NIC,1976,4.8751903,1,1.0,0.0,1.0,0,0,1,1
Nicaragua,NIC,1977,11.848888,1,1.0,1.0,1.0,0,0,1,1
Nicaragua,NIC,1978,93.00698119999998,1,1.0,1.0,1.0,0,0,1,1
Nicaragua,NIC,1979,429.0507081,1,1.0,1.0,1.0,0,0,1,1
Nicaragua,NIC,1980,626.5065359,1,1.0,1.0,1.0,0,0,1,1
Nicaragua,NIC,1981,204.39225929999998,1,1.0,1.0,1.0,0,0,1,1
Nicaragua,NIC,1982,111.72633339999999,1,1.0,1.0,1.0,0,0,1,1
Nicaragua,NIC,1983,322.6497993,1,1.0,1.0,1.0,0,0,1,1
Nicaragua,NIC,1984,500.1511083835564,1,1.0,1.0,1.0,0,0,1,1
Nicaragua,NIC,1985,714.6325203077847,1,1.0,1.0,1.0,0,0,1,1
Nicaragua,NIC,1986,1070.8589437,1,1.0,1.0,1.0,0,0,1,1
Nicaragua,NIC,1987,1758.3529961999998,1,1.0,1.0,1.0,0,0,1,1
Nicaragua,NIC,1988,3945.0445864,1,1.0,1.0,1.0,0,0,1,1
Nicaragua,NIC,1989,3849.0201056000005,1,1.0,1.0,1.0,0,0,1,1
Nicaragua,NIC,1990,4200.4459464,1,1.0,1.0,1.0,0,0,1,1
Nicaragua,NIC,1991,5117.8877919999995,1,1.0,1.0,1.0,0,0,1,1
Nicaragua,NIC,1992,4741.0409899,1,1.0,1.0,1.0,0,0,1,1
Nicaragua,NIC,1993,5243.0202684,1,1.0,1.0,1.0,0,0,1,1
Nicaragua,NIC,1994,6471.900351099999,1,1.0,1.0,1.0,0,0,1,1
Nicaragua,NIC,1995,8193.2807333,1,1.0,1.0,1.0,0,0,1,1
Nicaragua,NIC,1996,4255.5455723,1,1.0,1.0,1.0,0,0,1,1
Nicaragua,NIC,1997,2460.162180958458,1,1.0,1.0,1.0,0,0,1,1
Nicaragua,NIC,1998,2907.1411371407785,1,1.0,1.0,1.0,0,0,1,1
Nicaragua,NIC,1999,3287.818868499577,1,1.0,1.0,1.0,0,0,1,1
Nicaragua,NIC,2000,2830.8667078052513,1,1.0,1.0,1.0,0,0,1,1
Nicaragua,NIC,2001,2516.0438542551324,1,1.0,1.0,1.0,0,0,1,1
Nicaragua,NIC,2002,2659.578913297386,1,1.0,1.0,1.0,0,0,1,1
Nicaragua,NIC,2003,2558.7045916000634,1,1.0,1.0,1.0,0,0,1,1
Nicaragua,NIC,2004,2799.9600156340643,1,1.0,1.0,1.0,0,0,1,1
Nicaragua,NIC,2005,2269.5301164401717,1,1.0,1.0,1.0,0,0,1,1
Nicaragua,NIC,2006,3431.6538018465303,1,1.0,1.0,1.0,0,0,1,1
Nicaragua,NIC,2007,3504.7922532446923,1,1.0,1.0,1.0,0,0,1,1
Nicaragua,NIC,2008,3002.629119345534,1,1.0,1.0,1.0,0,0,1,1
Nicaragua,NIC,2009,979.0096378,1,1.0,1.0,1.0,0,0,1,1
Nicaragua,NIC,2010,983.2823525,1,1.0,1.0,1.0,0,0,1,1
Nicaragua,NIC,2011,994.447392,1,1.0,1.0,1.0,0,0,1,1
Nicaragua,NIC,2012,1021.7839905999999,1,1.0,1.0,1.0,0,0,1,1
Nicaragua,NIC,2013,1132.6125961999999,1,1.0,1.0,1.0,0,0,1,1
Nicaragua,NIC,2014,1038.5437718,1,1.0,1.0,1.0,0,0,1,1
Nicaragua,NIC,2015,1170.5816459999999,1,1.0,1.0,1.0,0,0,1,1
Nicaragua,NIC,2016,1062.6842576,1,1.0,1.0,1.0,0,0,1,1
Nicaragua,NIC,2017,1114.1465896,1,1.0,1.0,1.0,0,0,1,1
Nicaragua,NIC,2018,1113.1986208000003,1,1.0,1.0,1.0,0,0,1,1
Nicaragua,NIC,2019,1138.0416736,1,1.0,1.0,1.0,0,0,1,1
Nicaragua,NIC,2020,1153.9076823999999,1,1.0,1.0,1.0,0,0,1,1
Nicaragua,NIC,2021,1161.172847,1,1.0,1.0,1.0,0,0,1,1
Nicaragua,NIC,2022,1172.5170158,1,1.0,1.0,1.0,0,0,1,1
Nicaragua,NIC,2023,1201.0,1,1.0,1.0,,0,0,0,0
Niger,NER,1960,0.0,0,,,0.0,0,0,0,0
Niger,NER,1961,0.0,0,0.0,,0.0,0,0,0,0
Niger,NER,1962,0.0,0,0.0,0.0,0.0,0,0,0,0
Niger,NER,1963,0.0,0,0.0,0.0,0.0,0,0,0,0
Niger,NER,1964,0.0,0,0.0,0.0,0.0,0,0,0,0
Niger,NER,1965,0.0,0,0.0,0.0,0.0,0,0,0,0
Niger,NER,1966,0.0,0,0.0,0.0,0.0,0,0,0,0
Niger,NER,1967,0.0,0,0.0,0.0,0.0,0,0,0,0
Niger,NER,1968,0.0,0,0.0,0.0,0.0,0,0,0,0
Niger,NER,1969,0.0,0,0.0,0.0,0.0,0,0,0,0
Niger,NER,1970,0.0,0,0.0,0.0,1.0,1,1,1,0
Niger,NER,1971,0.1204485,1,0.0,0.0,1.0,0,0,1,1
Niger,NER,1972,0.2584658,1,1.0,0.0,1.0,0,0,1,1
Niger,NER,1973,0.38425480000000006,1,1.0,1.0,1.0,0,0,1,1
Niger,NER,1974,0.5265579,1,1.0,1.0,1.0,0,0,1,1
Niger,NER,1975,0.7675841000000001,1,1.0,1.0,1.0,0,0,1,1
Niger,NER,1976,0.8517139,1,1.0,1.0,1.0,0,0,1,1
Niger,NER,1977,0.23880730000000003,1,1.0,1.0,1.0,0,0,1,1
Niger,NER,1978,0.7943964,1,1.0,1.0,1.0,0,0,1,1
Niger,NER,1979,1.3271230999999999,1,1.0,1.0,1.0,0,0,1,1
Niger,NER,1980,1.5662176,1,1.0,1.0,1.0,0,0,1,1
Niger,NER,1981,2.567717,1,1.0,1.0,1.0,0,0,1,1
Niger,NER,1982,1.1728833,1,1.0,1.0,1.0,0,0,1,1
Niger,NER,1983,35.1163327,1,1.0,1.0,1.0,0,0,1,1
Niger,NER,1984,62.3043473,1,1.0,1.0,1.0,0,0,1,1
Niger,NER,1985,40.4679207,1,1.0,1.0,1.0,0,0,1,1
Niger,NER,1986,78.0274208,1,1.0,1.0,1.0,0,0,1,1
Niger,NER,1987,115.841267119375,1,1.0,1.0,1.0,0,0,1,1
Niger,NER,1988,187.122550375,1,1.0,1.0,1.0,0,0,1,1
Niger,NER,1989,446.414461,1,1.0,1.0,1.0,0,0,1,1
Niger,NER,1990,317.4102635,1,1.0,1.0,1.0,0,0,1,1
Niger,NER,1991,243.81593650000002,1,1.0,1.0,1.0,0,0,1,1
Niger,NER,1992,133.5775495,1,1.0,1.0,1.0,0,0,1,1
Niger,NER,1993,200.0158678,1,1.0,1.0,1.0,0,0,1,1
Niger,NER,1994,290.1027558,1,1.0,1.0,1.0,0,0,1,1
Niger,NER,1995,131.9440735,1,1.0,1.0,1.0,0,0,1,1
Niger,NER,1996,171.0,1,1.0,1.0,1.0,0,0,1,1
Niger,NER,1997,117.0834345,1,1.0,1.0,1.0,0,0,1,1
Niger,NER,1998,119.5526193,1,1.0,1.0,1.0,0,0,1,1
Niger,NER,1999,151.1425747,1,1.0,1.0,1.0,0,0,1,1
Niger,NER,2000,162.8271021,1,1.0,1.0,1.0,0,0,1,1
Niger,NER,2001,229.5485257,1,1.0,1.0,1.0,0,0,1,1
Niger,NER,2002,190.05214970000003,1,1.0,1.0,1.0,0,0,1,1
Niger,NER,2003,81.3856325,1,1.0,1.0,1.0,0,0,1,1
Niger,NER,2004,585.2298887000001,1,1.0,1.0,1.0,0,0,1,1
Niger,NER,2005,113.0277876,1,1.0,1.0,1.0,0,0,1,1
Niger,NER,2006,1407.3991632,1,1.0,1.0,1.0,0,0,1,1
Niger,NER,2007,90.25448030000001,1,1.0,1.0,1.0,0,0,1,1
Niger,NER,2008,113.888359,1,1.0,1.0,1.0,0,0,1,1
Niger,NER,2009,74.2469699,1,1.0,1.0,1.0,0,0,1,1
Niger,NER,2010,91.32767229999999,1,1.0,1.0,1.0,0,0,1,1
Niger,NER,2011,96.3810882,1,1.0,1.0,1.0,0,0,1,1
Niger,NER,2012,98.5041878,1,1.0,1.0,1.0,0,0,1,1
Niger,NER,2013,102.3671244,1,1.0,1.0,1.0,0,0,1,1
Niger,NER,2014,108.4539794,1,1.0,1.0,1.0,0,0,1,1
Niger,NER,2015,233.8122891,1,1.0,1.0,1.0,0,0,1,1
Niger,NER,2016,53.560337600000004,1,1.0,1.0,1.0,0,0,1,1
Niger,NER,2017,885.3237690999999,1,1.0,1.0,1.0,0,0,1,1
Niger,NER,2018,283.3153161,1,1.0,1.0,1.0,0,0,1,1
Niger,NER,2019,162.6276688,1,1.0,1.0,1.0,0,0,1,1
Niger,NER,2020,73.9733554,1,1.0,1.0,1.0,0,0,1,1
Niger,NER,2021,81.0008549,1,1.0,1.0,1.0,0,0,1,1
Niger,NER,2022,57.9623966,1,1.0,1.0,1.0,0,0,1,1
Niger,NER,2023,675.0,1,1.0,1.0,,0,0,0,0
Nigeria,NGA,1960,0.0,0,,,0.0,0,0,0,0
Nigeria,NGA,1961,0.0,0,0.0,,0.0,0,0,0,0
Nigeria,NGA,1962,0.0,0,0.0,0.0,0.0,0,0,0,0
Nigeria,NGA,1963,0.0,0,0.0,0.0,0.0,0,0,0,0
Nigeria,NGA,1964,0.0,0,0.0,0.0,0.0,0,0,0,0
Nigeria,NGA,1965,0.0,0,0.0,0.0,0.0,0,0,0,0
Nigeria,NGA,1966,0.0,0,0.0,0.0,1.0,1,1,1,0
Nigeria,NGA,1967,290.0,1,0.0,0.0,0.0,0,0,0,0
Nigeria,NGA,1968,0.0,0,1.0,0.0,0.0,0,0,0,0
Nigeria,NGA,1969,0.0,0,0.0,1.0,1.0,1,1,1,0
Nigeria,NGA,1970,114.156,1,0.0,0.0,1.0,0,0,1,1
Nigeria,NGA,1971,0.254,1,1.0,0.0,1.0,0,0,1,1
Nigeria,NGA,1972,9.728,1,1.0,1.0,1.0,0,0,1,1
Nigeria,NGA,1973,7.5009999999999994,1,1.0,1.0,1.0,0,0,1,1
Nigeria,NGA,1974,6.096,1,1.0,1.0,1.0,0,0,1,1
Nigeria,NGA,1975,4.03,1,1.0,1.0,1.0,0,0,1,1
Nigeria,NGA,1976,2.64,1,1.0,1.0,1.0,0,0,1,1
Nigeria,NGA,1977,0.323,1,1.0,1.0,1.0,0,0,1,1
Nigeria,NGA,1978,0.471,1,1.0,1.0,1.0,0,0,1,1
Nigeria,NGA,1979,0.03,1,1.0,1.0,1.0,0,0,1,1
Nigeria,NGA,1980,0.30100000000000005,1,1.0,1.0,1.0,0,0,1,1
Nigeria,NGA,1981,4.543,1,1.0,1.0,1.0,0,0,1,1
Nigeria,NGA,1982,1747.2135,1,1.0,1.0,1.0,0,0,1,1
Nigeria,NGA,1983,1953.214,1,1.0,1.0,1.0,0,0,1,1
Nigeria,NGA,1984,7051.842,1,1.0,1.0,1.0,0,0,1,1
Nigeria,NGA,1985,1190.502,1,1.0,1.0,1.0,0,0,1,1
Nigeria,NGA,1986,10987.0,1,1.0,1.0,1.0,0,0,1,1
Nigeria,NGA,1987,11725.4405,1,1.0,1.0,1.0,0,0,1,1
Nigeria,NGA,1988,13305.807224999997,1,1.0,1.0,1.0,0,0,1,1
Nigeria,NGA,1989,13221.0,1,1.0,1.0,1.0,0,0,1,1
Nigeria,NGA,1990,7802.466,1,1.0,1.0,1.0,0,0,1,1
Nigeria,NGA,1991,9127.0,1,1.0,1.0,1.0,0,0,1,1
Nigeria,NGA,1992,18444.176,1,1.0,1.0,1.0,0,0,1,1
Nigeria,NGA,1993,6334.476,1,1.0,1.0,1.0,0,0,1,1
Nigeria,NGA,1994,9647.153,1,1.0,1.0,1.0,0,0,1,1
Nigeria,NGA,1995,13164.652999999998,1,1.0,1.0,1.0,0,0,1,1
Nigeria,NGA,1996,15537.053,1,1.0,1.0,1.0,0,0,1,1
Nigeria,NGA,1997,15807.482,1,1.0,1.0,1.0,0,0,1,1
Nigeria,NGA,1998,17877.345,1,1.0,1.0,1.0,0,0,1,1
Nigeria,NGA,1999,18328.911999999997,1,1.0,1.0,1.0,0,0,1,1
Nigeria,NGA,2000,25957.7774669,1,1.0,1.0,1.0,0,0,1,1
Nigeria,NGA,2001,26012.7710865,1,1.0,1.0,1.0,0,0,1,1
Nigeria,NGA,2002,26303.7953201,1,1.0,1.0,1.0,0,0,1,1
Nigeria,NGA,2003,27803.836994,1,1.0,1.0,1.0,0,0,1,1
Nigeria,NGA,2004,29341.5029345,1,1.0,1.0,1.0,0,0,1,1
Nigeria,NGA,2005,30096.0,1,1.0,1.0,1.0,0,0,1,1
Nigeria,NGA,2006,10886.6572839,1,1.0,1.0,0.0,0,0,0,0
Nigeria,NGA,2007,0.0,0,1.0,1.0,0.0,0,0,0,0
Nigeria,NGA,2008,0.0,0,0.0,1.0,0.0,0,0,0,0
Nigeria,NGA,2009,0.0,0,0.0,0.0,0.0,0,0,0,0
Nigeria,NGA,2010,0.0,0,0.0,0.0,1.0,1,1,1,0
Nigeria,NGA,2011,0.0015352999999999999,1,0.0,0.0,0.0,0,0,0,0
Nigeria,NGA,2012,0.0,0,1.0,0.0,1.0,1,0,1,0
Nigeria,NGA,2013,23.5195797,1,0.0,1.0,1.0,0,0,1,1
Nigeria,NGA,2014,0.5368787,1,1.0,0.0,0.0,0,0,0,0
Nigeria,NGA,2015,0.0,0,1.0,1.0,0.0,0,0,0,0
Nigeria,NGA,2016,0.0,0,0.0,1.0,0.0,0,0,0,0
Nigeria,NGA,2017,0.0,0,0.0,0.0,0.0,0,0,0,0
Nigeria,NGA,2018,0.0,0,0.0,0.0,1.0,1,1,1,0
Nigeria,NGA,2019,0.713,1,0.0,0.0,1.0,0,0,1,1
Nigeria,NGA,2020,0.005761100000000001,1,1.0,0.0,0.0,0,0,0,0
Nigeria,NGA,2021,0.0,0,1.0,1.0,1.0,1,0,1,0
Nigeria,NGA,2022,6.846,1,0.0,1.0,1.0,0,0,1,1
Nigeria,NGA,2023,9.0,1,1.0,0.0,,0,0,0,0
North Macedonia,MKD,1960,,0,,,0.0,0,0,0,0
North Macedonia,MKD,1961,,0,0.0,,0.0,0,0,0,0
North Macedonia,MKD,1962,,0,0.0,0.0,0.0,0,0,0,0
North Macedonia,MKD,1963,,0,0.0,0.0,0.0,0,0,0,0
North Macedonia,MKD,1964,,0,0.0,0.0,0.0,0,0,0,0
North Macedonia,MKD,1965,,0,0.0,0.0,0.0,0,0,0,0
North Macedonia,MKD,1966,,0,0.0,0.0,0.0,0,0,0,0
North Macedonia,MKD,1967,,0,0.0,0.0,0.0,0,0,0,0
North Macedonia,MKD,1968,,0,0.0,0.0,0.0,0,0,0,0
North Macedonia,MKD,1969,,0,0.0,0.0,0.0,0,0,0,0
North Macedonia,MKD,1970,,0,0.0,0.0,0.0,0,0,0,0
North Macedonia,MKD,1971,,0,0.0,0.0,0.0,0,0,0,0
North Macedonia,MKD,1972,,0,0.0,0.0,0.0,0,0,0,0
North Macedonia,MKD,1973,,0,0.0,0.0,0.0,0,0,0,0
North Macedonia,MKD,1974,,0,0.0,0.0,0.0,0,0,0,0
North Macedonia,MKD,1975,,0,0.0,0.0,0.0,0,0,0,0
North Macedonia,MKD,1976,,0,0.0,0.0,0.0,0,0,0,0
North Macedonia,MKD,1977,,0,0.0,0.0,0.0,0,0,0,0
North Macedonia,MKD,1978,,0,0.0,0.0,0.0,0,0,0,0
North Macedonia,MKD,1979,,0,0.0,0.0,0.0,0,0,0,0
North Macedonia,MKD,1980,,0,0.0,0.0,0.0,0,0,0,0
North Macedonia,MKD,1981,,0,0.0,0.0,0.0,0,0,0,0
North Macedonia,MKD,1982,,0,0.0,0.0,0.0,0,0,0,0
North Macedonia,MKD,1983,,0,0.0,0.0,0.0,0,0,0,0
North Macedonia,MKD,1984,,0,0.0,0.0,0.0,0,0,0,0
North Macedonia,MKD,1985,,0,0.0,0.0,0.0,0,0,0,0
North Macedonia,MKD,1986,,0,0.0,0.0,0.0,0,0,0,0
North Macedonia,MKD,1987,,0,0.0,0.0,0.0,0,0,0,0
North Macedonia,MKD,1988,,0,0.0,0.0,0.0,0,0,0,0
North Macedonia,MKD,1989,,0,0.0,0.0,0.0,0,0,0,0
North Macedonia,MKD,1990,,0,0.0,0.0,0.0,0,0,0,0
North Macedonia,MKD,1991,,0,0.0,0.0,1.0,1,1,1,0
North Macedonia,MKD,1992,1618.978512997825,1,0.0,0.0,1.0,0,0,1,1
North Macedonia,MKD,1993,692.5177387441257,1,1.0,0.0,1.0,0,0,1,1
North Macedonia,MKD,1994,515.606531103125,1,1.0,1.0,1.0,0,0,1,1
North Macedonia,MKD,1995,614.2147984999999,1,1.0,1.0,1.0,0,0,1,1
North Macedonia,MKD,1996,387.14099999999996,1,1.0,1.0,1.0,0,0,1,1
North Macedonia,MKD,1997,665.993,1,1.0,1.0,1.0,0,0,1,1
North Macedonia,MKD,1998,5.192,1,1.0,1.0,1.0,0,0,1,1
North Macedonia,MKD,1999,0.048,1,1.0,1.0,1.0,0,0,1,1
North Macedonia,MKD,2000,71.6268727,1,1.0,1.0,1.0,0,0,1,1
North Macedonia,MKD,2001,38.7146543,1,1.0,1.0,1.0,0,0,1,1
North Macedonia,MKD,2002,41.55115479999999,1,1.0,1.0,1.0,0,0,1,1
North Macedonia,MKD,2003,43.565070500000004,1,1.0,1.0,1.0,0,0,1,1
North Macedonia,MKD,2004,56.903164399999994,1,1.0,1.0,1.0,0,0,1,1
North Macedonia,MKD,2005,1.1785249,1,1.0,1.0,0.0,0,0,0,0
North Macedonia,MKD,2006,0.0,0,1.0,1.0,0.0,0,0,0,0
North Macedonia,MKD,2007,0.0,0,0.0,1.0,1.0,1,1,1,0
North Macedonia,MKD,2008,0.1679642,1,0.0,0.0,1.0,0,0,1,1
North Macedonia,MKD,2009,0.5470823,1,1.0,0.0,1.0,0,0,1,1
North Macedonia,MKD,2010,2.7647599,1,1.0,1.0,1.0,0,0,1,1
North Macedonia,MKD,2011,1.4526098,1,1.0,1.0,1.0,0,0,1,1
North Macedonia,MKD,2012,0.0610029,1,1.0,1.0,1.0,0,0,1,1
North Macedonia,MKD,2013,0.4249151,1,1.0,1.0,1.0,0,0,1,1
North Macedonia,MKD,2014,0.37394279999999996,1,1.0,1.0,1.0,0,0,1,1
North Macedonia,MKD,2015,0.33531960000000005,1,1.0,1.0,1.0,0,0,1,1
North Macedonia,MKD,2016,0.17603470000000002,1,1.0,1.0,1.0,0,0,1,1
North Macedonia,MKD,2017,0.5372864,1,1.0,1.0,1.0,0,0,1,1
North Macedonia,MKD,2018,0.59311,1,1.0,1.0,1.0,0,0,1,1
North Macedonia,MKD,2019,0.4516068,1,1.0,1.0,0.0,0,0,0,0
North Macedonia,MKD,2020,0.0,0,1.0,1.0,0.0,0,0,0,0
North Macedonia,MKD,2021,0.0,0,0.0,1.0,1.0,1,1,1,0
North Macedonia,MKD,2022,0.0010666,1,0.0,0.0,1.0,0,0,1,1
North Macedonia,MKD,2023,0.0010666,1,1.0,0.0,,0,0,0,0
Pakistan,PAK,1960,15.0,1,,,0.0,0,0,0,0
Pakistan,PAK,1961,0.0,0,1.0,,0.0,0,0,0,0
Pakistan,PAK,1962,0.0,0,0.0,1.0,0.0,0,0,0,0
Pakistan,PAK,1963,0.0,0,0.0,0.0,0.0,0,0,0,0
Pakistan,PAK,1964,0.0,0,0.0,0.0,0.0,0,0,0,0
Pakistan,PAK,1965,0.0,0,0.0,0.0,0.0,0,0,0,0
Pakistan,PAK,1966,0.0,0,0.0,0.0,0.0,0,0,0,0
Pakistan,PAK,1967,0.0,0,0.0,0.0,0.0,0,0,0,0
Pakistan,PAK,1968,0.0,0,0.0,0.0,0.0,0,0,0,0
Pakistan,PAK,1969,0.0,0,0.0,0.0,0.0,0,0,0,0
Pakistan,PAK,1970,0.0,0,0.0,0.0,0.0,0,0,0,0
Pakistan,PAK,1971,0.0,0,0.0,0.0,1.0,1,1,1,0
Pakistan,PAK,1972,234.0,1,0.0,0.0,1.0,0,0,1,1
Pakistan,PAK,1973,107.0,1,1.0,0.0,1.0,0,0,1,1
Pakistan,PAK,1974,650.0,1,1.0,1.0,1.0,0,0,1,1
Pakistan,PAK,1975,182.0,1,1.0,1.0,1.0,0,0,1,1
Pakistan,PAK,1976,186.0,1,1.0,1.0,1.0,0,0,1,1
Pakistan,PAK,1977,228.0,1,1.0,1.0,1.0,0,0,1,1
Pakistan,PAK,1978,312.0,1,1.0,1.0,1.0,0,0,1,1
Pakistan,PAK,1979,80.0,1,1.0,1.0,1.0,0,0,1,1
Pakistan,PAK,1980,195.0,1,1.0,1.0,1.0,0,0,1,1
Pakistan,PAK,1981,260.0,1,1.0,1.0,1.0,0,0,1,1
Pakistan,PAK,1982,35.0,1,1.0,1.0,1.0,0,0,1,1
Pakistan,PAK,1983,28.0,1,1.0,1.0,1.0,0,0,1,1
Pakistan,PAK,1984,25.0,1,1.0,1.0,0.0,0,0,0,0
Pakistan,PAK,1985,0.0,0,1.0,1.0,0.0,0,0,0,0
Pakistan,PAK,1986,0.0,0,0.0,1.0,0.0,0,0,0,0
Pakistan,PAK,1987,0.0,0,0.0,0.0,0.0,0,0,0,0
Pakistan,PAK,1988,0.0,0,0.0,0.0,1.0,1,1,1,0
Pakistan,PAK,1989,19.723999999999997,1,0.0,0.0,1.0,0,0,1,1
Pakistan,PAK,1990,16.075,1,1.0,0.0,1.0,0,0,1,1
Pakistan,PAK,1991,10.134,1,1.0,1.0,1.0,0,0,1,1
Pakistan,PAK,1992,0.004603661321398888,1,1.0,1.0,1.0,0,0,1,1
Pakistan,PAK,1993,0.004751434323300311,1,1.0,1.0,1.0,0,0,1,1
Pakistan,PAK,1994,0.005054486697499998,1,1.0,1.0,1.0,0,0,1,1
Pakistan,PAK,1995,0.004514555999999999,1,1.0,1.0,1.0,0,0,1,1
Pakistan,PAK,1996,0.00524508,1,1.0,1.0,1.0,0,0,1,1
Pakistan,PAK,1997,0.00279162,1,1.0,1.0,1.0,0,0,1,1
Pakistan,PAK,1998,2496.6364022,1,1.0,1.0,1.0,0,0,1,1
Pakistan,PAK,1999,5622.0,1,1.0,1.0,1.0,0,0,1,1
Pakistan,PAK,2000,1007.8872269,1,1.0,1.0,1.0,0,0,1,1
Pakistan,PAK,2001,14797.7823455,1,1.0,1.0,1.0,0,0,1,1
Pakistan,PAK,2002,941.7608673999999,1,1.0,1.0,1.0,0,0,1,1
Pakistan,PAK,2003,745.9674320999999,1,1.0,1.0,1.0,0,0,1,1
Pakistan,PAK,2004,481.8325285,1,1.0,1.0,1.0,0,0,1,1
Pakistan,PAK,2005,1e-06,1,1.0,1.0,0.0,0,0,0,0
Pakistan,PAK,2006,0.0,0,1.0,1.0,1.0,1,0,1,0
Pakistan,PAK,2007,1.3,1,0.0,1.0,1.0,0,0,1,1
Pakistan,PAK,2008,4.81,1,1.0,0.0,0.0,0,0,0,0
Pakistan,PAK,2009,0.0,0,1.0,1.0,0.0,0,0,0,0
Pakistan,PAK,2010,0.0,0,0.0,1.0,0.0,0,0,0,0
Pakistan,PAK,2011,0.0,0,0.0,0.0,0.0,0,0,0,0
Pakistan,PAK,2012,0.0,0,0.0,0.0,0.0,0,0,0,0
Pakistan,PAK,2013,0.0,0,0.0,0.0,0.0,0,0,0,0
Pakistan,PAK,2014,0.0,0,0.0,0.0,0.0,0,0,0,0
Pakistan,PAK,2015,0.0,0,0.0,0.0,0.0,0,0,0,0
Pakistan,PAK,2016,0.0,0,0.0,0.0,0.0,0,0,0,0
Pakistan,PAK,2017,0.0,0,0.0,0.0,0.0,0,0,0,0
Pakistan,PAK,2018,0.0,0,0.0,0.0,0.0,0,0,0,0
Pakistan,PAK,2019,0.0,0,0.0,0.0,1.0,1,1,1,0
Pakistan,PAK,2020,1656.5550015,1,0.0,0.0,1.0,0,0,1,1
Pakistan,PAK,2021,6153.729464399999,1,1.0,0.0,1.0,0,0,1,1
Pakistan,PAK,2022,346.0,1,1.0,1.0,0.0,0,0,0,0
Pakistan,PAK,2023,0.0,0,1.0,1.0,,0,0,0,0
Palau,PLW,1960,,0,,,0.0,0,0,0,0
Palau,PLW,1961,,0,0.0,,0.0,0,0,0,0
Palau,PLW,1962,,0,0.0,0.0,0.0,0,0,0,0
Palau,PLW,1963,,0,0.0,0.0,0.0,0,0,0,0
Palau,PLW,1964,,0,0.0,0.0,0.0,0,0,0,0
Palau,PLW,1965,,0,0.0,0.0,0.0,0,0,0,0
Palau,PLW,1966,,0,0.0,0.0,0.0,0,0,0,0
Palau,PLW,1967,,0,0.0,0.0,0.0,0,0,0,0
Palau,PLW,1968,,0,0.0,0.0,0.0,0,0,0,0
Palau,PLW,1969,,0,0.0,0.0,0.0,0,0,0,0
Palau,PLW,1970,,0,0.0,0.0,0.0,0,0,0,0
Palau,PLW,1971,,0,0.0,0.0,0.0,0,0,0,0
Palau,PLW,1972,,0,0.0,0.0,0.0,0,0,0,0
Palau,PLW,1973,,0,0.0,0.0,0.0,0,0,0,0
Palau,PLW,1974,,0,0.0,0.0,0.0,0,0,0,0
Palau,PLW,1975,,0,0.0,0.0,0.0,0,0,0,0
Palau,PLW,1976,,0,0.0,0.0,0.0,0,0,0,0
Palau,PLW,1977,,0,0.0,0.0,0.0,0,0,0,0
Palau,PLW,1978,,0,0.0,0.0,0.0,0,0,0,0
Palau,PLW,1979,,0,0.0,0.0,0.0,0,0,0,0
Palau,PLW,1980,,0,0.0,0.0,0.0,0,0,0,0
Palau,PLW,1981,,0,0.0,0.0,0.0,0,0,0,0
Palau,PLW,1982,,0,0.0,0.0,0.0,0,0,0,0
Palau,PLW,1983,,0,0.0,0.0,0.0,0,0,0,0
Palau,PLW,1984,,0,0.0,0.0,0.0,0,0,0,0
Palau,PLW,1985,,0,0.0,0.0,0.0,0,0,0,0
Palau,PLW,1986,,0,0.0,0.0,0.0,0,0,0,0
Palau,PLW,1987,,0,0.0,0.0,0.0,0,0,0,0
Palau,PLW,1988,,0,0.0,0.0,0.0,0,0,0,0
Palau,PLW,1989,,0,0.0,0.0,0.0,0,0,0,0
Palau,PLW,1990,,0,0.0,0.0,0.0,0,0,0,0
Palau,PLW,1991,,0,0.0,0.0,0.0,0,0,0,0
Palau,PLW,1992,,0,0.0,0.0,0.0,0,0,0,0
Palau,PLW,1993,,0,0.0,0.0,0.0,0,0,0,0
Palau,PLW,1994,,0,0.0,0.0,0.0,0,0,0,0
Palau,PLW,1995,,0,0.0,0.0,0.0,0,0,0,0
Palau,PLW,1996,,0,0.0,0.0,0.0,0,0,0,0
Palau,PLW,1997,,0,0.0,0.0,0.0,0,0,0,0
Palau,PLW,1998,,0,0.0,0.0,0.0,0,0,0,0
Palau,PLW,1999,,0,0.0,0.0,0.0,0,0,0,0
Palau,PLW,2000,,0,0.0,0.0,0.0,0,0,0,0
Palau,PLW,2001,,0,0.0,0.0,0.0,0,0,0,0
Palau,PLW,2002,,0,0.0,0.0,0.0,0,0,0,0
Palau,PLW,2003,,0,0.0,0.0,0.0,0,0,0,0
Palau,PLW,2004,,0,0.0,0.0,0.0,0,0,0,0
Palau,PLW,2005,,0,0.0,0.0,0.0,0,0,0,0
Palau,PLW,2006,,0,0.0,0.0,0.0,0,0,0,0
Palau,PLW,2007,,0,0.0,0.0,0.0,0,0,0,0
Palau,PLW,2008,,0,0.0,0.0,0.0,0,0,0,0
Palau,PLW,2009,,0,0.0,0.0,0.0,0,0,0,0
Palau,PLW,2010,,0,0.0,0.0,0.0,0,0,0,0
Palau,PLW,2011,,0,0.0,0.0,0.0,0,0,0,0
Palau,PLW,2012,,0,0.0,0.0,0.0,0,0,0,0
Palau,PLW,2013,,0,0.0,0.0,0.0,0,0,0,0
Palau,PLW,2014,,0,0.0,0.0,0.0,0,0,0,0
Palau,PLW,2015,,0,0.0,0.0,0.0,0,0,0,0
Palau,PLW,2016,,0,0.0,0.0,0.0,0,0,0,0
Palau,PLW,2017,,0,0.0,0.0,0.0,0,0,0,0
Palau,PLW,2018,,0,0.0,0.0,0.0,0,0,0,0
Palau,PLW,2019,,0,0.0,0.0,0.0,0,0,0,0
Palau,PLW,2020,,0,0.0,0.0,0.0,0,0,0,0
Palau,PLW,2021,,0,0.0,0.0,0.0,0,0,0,0
Palau,PLW,2022,,0,0.0,0.0,0.0,0,0,0,0
Palau,PLW,2023,,0,0.0,0.0,,0,0,0,0
Panama,PAN,1960,0.0,0,,,0.0,0,0,0,0
Panama,PAN,1961,0.0,0,0.0,,0.0,0,0,0,0
Panama,PAN,1962,0.0,0,0.0,0.0,0.0,0,0,0,0
Panama,PAN,1963,0.0,0,0.0,0.0,0.0,0,0,0,0
Panama,PAN,1964,0.0,0,0.0,0.0,0.0,0,0,0,0
Panama,PAN,1965,0.0,0,0.0,0.0,0.0,0,0,0,0
Panama,PAN,1966,0.0,0,0.0,0.0,0.0,0,0,0,0
Panama,PAN,1967,0.0,0,0.0,0.0,0.0,0,0,0,0
Panama,PAN,1968,0.0,0,0.0,0.0,0.0,0,0,0,0
Panama,PAN,1969,0.0,0,0.0,0.0,1.0,1,1,1,0
Panama,PAN,1970,15.0,1,0.0,0.0,0.0,0,0,0,0
Panama,PAN,1971,0.0,0,1.0,0.0,0.0,0,0,0,0
Panama,PAN,1972,0.0,0,0.0,1.0,0.0,0,0,0,0
Panama,PAN,1973,0.0,0,0.0,0.0,0.0,0,0,0,0
Panama,PAN,1974,0.0,0,0.0,0.0,0.0,0,0,0,0
Panama,PAN,1975,0.0,0,0.0,0.0,0.0,0,0,0,0
Panama,PAN,1976,0.0,0,0.0,0.0,0.0,0,0,0,0
Panama,PAN,1977,0.0,0,0.0,0.0,0.0,0,0,0,0
Panama,PAN,1978,0.0,0,0.0,0.0,0.0,0,0,0,0
Panama,PAN,1979,0.0,0,0.0,0.0,1.0,1,1,1,0
Panama,PAN,1980,0.8,1,0.0,0.0,1.0,0,0,1,1
Panama,PAN,1981,0.1,1,1.0,0.0,1.0,0,0,1,1
Panama,PAN,1982,1.5,1,1.0,1.0,1.0,0,0,1,1
Panama,PAN,1983,218.7,1,1.0,1.0,1.0,0,0,1,1
Panama,PAN,1984,218.25,1,1.0,1.0,1.0,0,0,1,1
Panama,PAN,1985,603.2,1,1.0,1.0,1.0,0,0,1,1
Panama,PAN,1986,662.7,1,1.0,1.0,1.0,0,0,1,1
Panama,PAN,1987,3072.905080520672,1,1.0,1.0,1.0,0,0,1,1
Panama,PAN,1988,3531.8638015474303,1,1.0,1.0,1.0,0,0,1,1
Panama,PAN,1989,3860.923057684487,1,1.0,1.0,1.0,0,0,1,1
Panama,PAN,1990,4898.901457711968,1,1.0,1.0,1.0,0,0,1,1
Panama,PAN,1991,4988.967954691929,1,1.0,1.0,1.0,0,0,1,1
Panama,PAN,1992,4424.701321398888,1,1.0,1.0,1.0,0,0,1,1
Panama,PAN,1993,4406.084323300311,1,1.0,1.0,1.0,0,0,1,1
Panama,PAN,1994,4663.966697499999,1,1.0,1.0,1.0,0,0,1,1
Panama,PAN,1995,4084.5159999999996,1,1.0,1.0,1.0,0,0,1,1
Panama,PAN,1996,4588.04,1,1.0,1.0,1.0,0,0,1,1
Panama,PAN,1997,1499.91,1,1.0,1.0,1.0,0,0,1,1
Panama,PAN,1998,265.76,1,1.0,1.0,1.0,0,0,1,1
Panama,PAN,1999,160.16,1,1.0,1.0,1.0,0,0,1,1
Panama,PAN,2000,598.4,1,1.0,1.0,1.0,0,0,1,1
Panama,PAN,2001,365.55,1,1.0,1.0,1.0,0,0,1,1
Panama,PAN,2002,534.21,1,1.0,1.0,1.0,0,0,1,1
Panama,PAN,2003,176.35999999999999,1,1.0,1.0,1.0,0,0,1,1
Panama,PAN,2004,16.31,1,1.0,1.0,0.0,0,0,0,0
Panama,PAN,2005,0.0,0,1.0,1.0,1.0,1,0,1,0
Panama,PAN,2006,202.93,1,0.0,1.0,1.0,0,0,1,1
Panama,PAN,2007,0.01,1,1.0,0.0,1.0,0,0,1,1
Panama,PAN,2008,28.0,1,1.0,1.0,0.0,0,0,0,0
Panama,PAN,2009,0.0,0,1.0,1.0,0.0,0,0,0,0
Panama,PAN,2010,0.0,0,0.0,1.0,0.0,0,0,0,0
Panama,PAN,2011,0.0,0,0.0,0.0,0.0,0,0,0,0
Panama,PAN,2012,0.0,0,0.0,0.0,0.0,0,0,0,0
Panama,PAN,2013,0.0,0,0.0,0.0,0.0,0,0,0,0
Panama,PAN,2014,0.0,0,0.0,0.0,0.0,0,0,0,0
Panama,PAN,2015,0.0,0,0.0,0.0,0.0,0,0,0,0
Panama,PAN,2016,0.0,0,0.0,0.0,0.0,0,0,0,0
Panama,PAN,2017,0.0,0,0.0,0.0,0.0,0,0,0,0
Panama,PAN,2018,0.0,0,0.0,0.0,0.0,0,0,0,0
Panama,PAN,2019,0.0,0,0.0,0.0,0.0,0,0,0,0
Panama,PAN,2020,0.0,0,0.0,0.0,0.0,0,0,0,0
Panama,PAN,2021,0.0,0,0.0,0.0,0.0,0,0,0,0
Panama,PAN,2022,0.0,0,0.0,0.0,0.0,0,0,0,0
Panama,PAN,2023,0.0,0,0.0,0.0,,0,0,0,0
Papua New Guinea,PNG,1960,,0,,,0.0,0,0,0,0
Papua New Guinea,PNG,1961,,0,0.0,,0.0,0,0,0,0
Papua New Guinea,PNG,1962,,0,0.0,0.0,0.0,0,0,0,0
Papua New Guinea,PNG,1963,,0,0.0,0.0,0.0,0,0,0,0
Papua New Guinea,PNG,1964,,0,0.0,0.0,0.0,0,0,0,0
Papua New Guinea,PNG,1965,,0,0.0,0.0,0.0,0,0,0,0
Papua New Guinea,PNG,1966,,0,0.0,0.0,0.0,0,0,0,0
Papua New Guinea,PNG,1967,,0,0.0,0.0,0.0,0,0,0,0
Papua New Guinea,PNG,1968,,0,0.0,0.0,0.0,0,0,0,0
Papua New Guinea,PNG,1969,,0,0.0,0.0,0.0,0,0,0,0
Papua New Guinea,PNG,1970,,0,0.0,0.0,0.0,0,0,0,0
Papua New Guinea,PNG,1971,,0,0.0,0.0,0.0,0,0,0,0
Papua New Guinea,PNG,1972,,0,0.0,0.0,0.0,0,0,0,0
Papua New Guinea,PNG,1973,,0,0.0,0.0,0.0,0,0,0,0
Papua New Guinea,PNG,1974,,0,0.0,0.0,0.0,0,0,0,0
Papua New Guinea,PNG,1975,0.0,0,0.0,0.0,0.0,0,0,0,0
Papua New Guinea,PNG,1976,0.0,0,0.0,0.0,0.0,0,0,0,0
Papua New Guinea,PNG,1977,0.0,0,0.0,0.0,0.0,0,0,0,0
Papua New Guinea,PNG,1978,0.0,0,0.0,0.0,0.0,0,0,0,0
Papua New Guinea,PNG,1979,0.0,0,0.0,0.0,0.0,0,0,0,0
Papua New Guinea,PNG,1980,0.0,0,0.0,0.0,0.0,0,0,0,0
Papua New Guinea,PNG,1981,0.0,0,0.0,0.0,0.0,0,0,0,0
Papua New Guinea,PNG,1982,0.0,0,0.0,0.0,0.0,0,0,0,0
Papua New Guinea,PNG,1983,0.0,0,0.0,0.0,0.0,0,0,0,0
Papua New Guinea,PNG,1984,0.0,0,0.0,0.0,0.0,0,0,0,0
Papua New Guinea,PNG,1985,0.0,0,0.0,0.0,0.0,0,0,0,0
Papua New Guinea,PNG,1986,0.0,0,0.0,0.0,0.0,0,0,0,0
Papua New Guinea,PNG,1987,0.0,0,0.0,0.0,0.0,0,0,0,0
Papua New Guinea,PNG,1988,0.0,0,0.0,0.0,0.0,0,0,0,0
Papua New Guinea,PNG,1989,0.0,0,0.0,0.0,0.0,0,0,0,0
Papua New Guinea,PNG,1990,0.0,0,0.0,0.0,0.0,0,0,0,0
Papua New Guinea,PNG,1991,0.0,0,0.0,0.0,0.0,0,0,0,0
Papua New Guinea,PNG,1992,0.0,0,0.0,0.0,0.0,0,0,0,0
Papua New Guinea,PNG,1993,0.0,0,0.0,0.0,0.0,0,0,0,0
Papua New Guinea,PNG,1994,0.0,0,0.0,0.0,0.0,0,0,0,0
Papua New Guinea,PNG,1995,0.0,0,0.0,0.0,1.0,1,1,1,0
Papua New Guinea,PNG,1996,9.448,1,0.0,0.0,0.0,0,0,0,0
Papua New Guinea,PNG,1997,0.0,0,1.0,0.0,1.0,1,0,1,0
Papua New Guinea,PNG,1998,0.211,1,0.0,1.0,0.0,0,0,0,0
Papua New Guinea,PNG,1999,0.0,0,1.0,0.0,0.0,0,0,0,0
Papua New Guinea,PNG,2000,0.0,0,0.0,1.0,0.0,0,0,0,0
Papua New Guinea,PNG,2001,0.0,0,0.0,0.0,1.0,1,1,1,0
Papua New Guinea,PNG,2002,1.118,1,0.0,0.0,0.0,0,0,0,0
Papua New Guinea,PNG,2003,0.0,0,1.0,0.0,0.0,0,0,0,0
Papua New Guinea,PNG,2004,0.0,0,0.0,1.0,0.0,0,0,0,0
Papua New Guinea,PNG,2005,0.0,0,0.0,0.0,0.0,0,0,0,0
Papua New Guinea,PNG,2006,0.0,0,0.0,0.0,0.0,0,0,0,0
Papua New Guinea,PNG,2007,0.0,0,0.0,0.0,1.0,1,1,1,0
Papua New Guinea,PNG,2008,12.0,1,0.0,0.0,0.0,0,0,0,0
Papua New Guinea,PNG,2009,0.0,0,1.0,0.0,0.0,0,0,0,0
Papua New Guinea,PNG,2010,0.0,0,0.0,1.0,0.0,0,0,0,0
Papua New Guinea,PNG,2011,0.0,0,0.0,0.0,0.0,0,0,0,0
Papua New Guinea,PNG,2012,0.0,0,0.0,0.0,1.0,1,1,1,0
Papua New Guinea,PNG,2013,0.45765330000000004,1,0.0,0.0,1.0,0,0,1,1
Papua New Guinea,PNG,2014,0.7386075,1,1.0,0.0,1.0,0,0,1,1
Papua New Guinea,PNG,2015,1.8130941,1,1.0,1.0,1.0,0,0,1,1
Papua New Guinea,PNG,2016,2.8493583,1,1.0,1.0,1.0,0,0,1,1
Papua New Guinea,PNG,2017,4.4428261,1,1.0,1.0,1.0,0,0,1,1
Papua New Guinea,PNG,2018,5.1456133,1,1.0,1.0,1.0,0,0,1,1
Papua New Guinea,PNG,2019,6.5997641,1,1.0,1.0,1.0,0,0,1,1
Papua New Guinea,PNG,2020,14.452549099999999,1,1.0,1.0,1.0,0,0,1,1
Papua New Guinea,PNG,2021,54.2517471,1,1.0,1.0,1.0,0,0,1,1
Papua New Guinea,PNG,2022,1.3438305,1,1.0,1.0,1.0,0,0,1,1
Papua New Guinea,PNG,2023,9.3,1,1.0,1.0,,0,0,0,0
Paraguay,PRY,1960,0.0,0,,,0.0,0,0,0,0
Paraguay,PRY,1961,0.0,0,0.0,,0.0,0,0,0,0
Paraguay,PRY,1962,0.0,0,0.0,0.0,0.0,0,0,0,0
Paraguay,PRY,1963,0.0,0,0.0,0.0,0.0,0,0,0,0
Paraguay,PRY,1964,0.0,0,0.0,0.0,0.0,0,0,0,0
Paraguay,PRY,1965,0.0,0,0.0,0.0,0.0,0,0,0,0
Paraguay,PRY,1966,0.0,0,0.0,0.0,0.0,0,0,0,0
Paraguay,PRY,1967,0.0,0,0.0,0.0,0.0,0,0,0,0
Paraguay,PRY,1968,0.0,0,0.0,0.0,0.0,0,0,0,0
Paraguay,PRY,1969,0.0,0,0.0,0.0,1.0,1,1,1,0
Paraguay,PRY,1970,1.532,1,0.0,0.0,1.0,0,0,1,1
Paraguay,PRY,1971,1.604,1,1.0,0.0,1.0,0,0,1,1
Paraguay,PRY,1972,1.9149999999999998,1,1.0,1.0,1.0,0,0,1,1
Paraguay,PRY,1973,1.759,1,1.0,1.0,1.0,0,0,1,1
Paraguay,PRY,1974,1.716,1,1.0,1.0,1.0,0,0,1,1
Paraguay,PRY,1975,1.695,1,1.0,1.0,1.0,0,0,1,1
Paraguay,PRY,1976,1.797,1,1.0,1.0,1.0,0,0,1,1
Paraguay,PRY,1977,2.2729999999999997,1,1.0,1.0,1.0,0,0,1,1
Paraguay,PRY,1978,4.735,1,1.0,1.0,1.0,0,0,1,1
Paraguay,PRY,1979,3.34,1,1.0,1.0,1.0,0,0,1,1
Paraguay,PRY,1980,1.846,1,1.0,1.0,1.0,0,0,1,1
Paraguay,PRY,1981,1.317,1,1.0,1.0,1.0,0,0,1,1
Paraguay,PRY,1982,6.632,1,1.0,1.0,1.0,0,0,1,1
Paraguay,PRY,1983,15.975000000000001,1,1.0,1.0,1.0,0,0,1,1
Paraguay,PRY,1984,26.921999999999997,1,1.0,1.0,1.0,0,0,1,1
Paraguay,PRY,1985,64.27799999999999,1,1.0,1.0,1.0,0,0,1,1
Paraguay,PRY,1986,468.64200000000005,1,1.0,1.0,1.0,0,0,1,1
Paraguay,PRY,1987,482.50487525000005,1,1.0,1.0,1.0,0,0,1,1
Paraguay,PRY,1988,512.8216260531875,1,1.0,1.0,1.0,0,0,1,1
Paraguay,PRY,1989,1110.452018501993,1,1.0,1.0,1.0,0,0,1,1
Paraguay,PRY,1990,1130.403079681049,1,1.0,1.0,1.0,0,0,1,1
Paraguay,PRY,1991,489.976,1,1.0,1.0,1.0,0,0,1,1
Paraguay,PRY,1992,346.264,1,1.0,1.0,1.0,0,0,1,1
Paraguay,PRY,1993,125.661,1,1.0,1.0,1.0,0,0,1,1
Paraguay,PRY,1994,105.476,1,1.0,1.0,1.0,0,0,1,1
Paraguay,PRY,1995,67.34800000000001,1,1.0,1.0,1.0,0,0,1,1
Paraguay,PRY,1996,63.25,1,1.0,1.0,1.0,0,0,1,1
Paraguay,PRY,1997,71.567,1,1.0,1.0,1.0,0,0,1,1
Paraguay,PRY,1998,77.27499999999999,1,1.0,1.0,1.0,0,0,1,1
Paraguay,PRY,1999,65.589,1,1.0,1.0,1.0,0,0,1,1
Paraguay,PRY,2000,66.2347915,1,1.0,1.0,1.0,0,0,1,1
Paraguay,PRY,2001,51.550162199999995,1,1.0,1.0,1.0,0,0,1,1
Paraguay,PRY,2002,203.53342379999998,1,1.0,1.0,1.0,0,0,1,1
Paraguay,PRY,2003,359.9838249,1,1.0,1.0,1.0,0,0,1,1
Paraguay,PRY,2004,285.1860533,1,1.0,1.0,1.0,0,0,1,1
Paraguay,PRY,2005,145.60156130000001,1,1.0,1.0,1.0,0,0,1,1
Paraguay,PRY,2006,7.8481033,1,1.0,1.0,1.0,0,0,1,1
Paraguay,PRY,2007,7.8542497000000004,1,1.0,1.0,1.0,0,0,1,1
Paraguay,PRY,2008,8.7134777,1,1.0,1.0,1.0,0,0,1,1
Paraguay,PRY,2009,7.178344200000001,1,1.0,1.0,1.0,0,0,1,1
Paraguay,PRY,2010,7.2346982,1,1.0,1.0,1.0,0,0,1,1
Paraguay,PRY,2011,7.1571752,1,1.0,1.0,1.0,0,0,1,1
Paraguay,PRY,2012,7.1612285,1,1.0,1.0,1.0,0,0,1,1
Paraguay,PRY,2013,7.1538032000000005,1,1.0,1.0,1.0,0,0,1,1
Paraguay,PRY,2014,0.0407565,1,1.0,1.0,1.0,0,0,1,1
Paraguay,PRY,2015,0.0317787,1,1.0,1.0,1.0,0,0,1,1
Paraguay,PRY,2016,0.0377801,1,1.0,1.0,1.0,0,0,1,1
Paraguay,PRY,2017,0.5949804000000001,1,1.0,1.0,1.0,0,0,1,1
Paraguay,PRY,2018,0.035961099999999996,1,1.0,1.0,1.0,0,0,1,1
Paraguay,PRY,2019,0.0368614,1,1.0,1.0,1.0,0,0,1,1
Paraguay,PRY,2020,0.0352037,1,1.0,1.0,1.0,0,0,1,1
Paraguay,PRY,2021,0.0325047,1,1.0,1.0,1.0,0,0,1,1
Paraguay,PRY,2022,0.0304233,1,1.0,1.0,1.0,0,0,1,1
Paraguay,PRY,2023,0.0304233,1,1.0,1.0,,0,0,0,0
Peru,PER,1960,0.0,0,,,0.0,0,0,0,0
Peru,PER,1961,0.0,0,0.0,,0.0,0,0,0,0
Peru,PER,1962,0.0,0,0.0,0.0,0.0,0,0,0,0
Peru,PER,1963,0.0,0,0.0,0.0,0.0,0,0,0,0
Peru,PER,1964,0.0,0,0.0,0.0,0.0,0,0,0,0
Peru,PER,1965,0.0,0,0.0,0.0,0.0,0,0,0,0
Peru,PER,1966,0.0,0,0.0,0.0,0.0,0,0,0,0
Peru,PER,1967,0.0,0,0.0,0.0,1.0,1,1,1,0
Peru,PER,1968,248.0,1,0.0,0.0,1.0,0,0,1,1
Peru,PER,1969,100.0,1,1.0,0.0,1.0,0,0,1,1
Peru,PER,1970,346.8,1,1.0,1.0,0.0,0,0,0,0
Peru,PER,1971,0.0,0,1.0,1.0,0.0,0,0,0,0
Peru,PER,1972,0.0,0,0.0,1.0,0.0,0,0,0,0
Peru,PER,1973,0.0,0,0.0,0.0,0.0,0,0,0,0
Peru,PER,1974,0.0,0,0.0,0.0,0.0,0,0,0,0
Peru,PER,1975,0.0,0,0.0,0.0,1.0,1,1,1,0
Peru,PER,1976,387.0,1,0.0,0.0,0.0,0,0,0,0
Peru,PER,1977,0.0,0,1.0,0.0,1.0,1,0,1,0
Peru,PER,1978,864.0,1,0.0,1.0,1.0,0,0,1,1
Peru,PER,1979,1189.0,1,1.0,0.0,1.0,0,0,1,1
Peru,PER,1980,386.013,1,1.0,1.0,1.0,0,0,1,1
Peru,PER,1981,33.929369668246444,1,1.0,1.0,1.0,0,0,1,1
Peru,PER,1982,88.30628527220631,1,1.0,1.0,1.0,0,0,1,1
Peru,PER,1983,2788.239963020859,1,1.0,1.0,1.0,0,0,1,1
Peru,PER,1984,3144.0072779193083,1,1.0,1.0,1.0,0,0,1,1
Peru,PER,1985,4685.829384114561,1,1.0,1.0,1.0,0,0,1,1
Peru,PER,1986,7594.877985086882,1,1.0,1.0,1.0,0,0,1,1
Peru,PER,1987,9564.915341174294,1,1.0,1.0,1.0,0,0,1,1
Peru,PER,1988,10564.760937881227,1,1.0,1.0,1.0,0,0,1,1
Peru,PER,1989,12315.675380307148,1,1.0,1.0,1.0,0,0,1,1
Peru,PER,1990,13385.913410985231,1,1.0,1.0,1.0,0,0,1,1
Peru,PER,1991,16014.725054895367,1,1.0,1.0,1.0,0,0,1,1
Peru,PER,1992,10953.552595074067,1,1.0,1.0,1.0,0,0,1,1
Peru,PER,1993,12415.158446647398,1,1.0,1.0,1.0,0,0,1,1
Peru,PER,1994,11652.10739482657,1,1.0,1.0,1.0,0,0,1,1
Peru,PER,1995,14234.728332024888,1,1.0,1.0,1.0,0,0,1,1
Peru,PER,1996,17878.043095265944,1,1.0,1.0,1.0,0,0,1,1
Peru,PER,1997,11589.387567397385,1,1.0,1.0,1.0,0,0,1,1
Peru,PER,1998,1068.9321308164167,1,1.0,1.0,1.0,0,0,1,1
Peru,PER,1999,597.535523002542,1,1.0,1.0,1.0,0,0,1,1
Peru,PER,2000,615.7788498604457,1,1.0,1.0,1.0,0,0,1,1
Peru,PER,2001,1841.56865056363,1,1.0,1.0,1.0,0,0,1,1
Peru,PER,2002,656.092253017624,1,1.0,1.0,1.0,0,0,1,1
Peru,PER,2003,644.8471342918164,1,1.0,1.0,1.0,0,0,1,1
Peru,PER,2004,667.9506316013856,1,1.0,1.0,1.0,0,0,1,1
Peru,PER,2005,666.8854906555655,1,1.0,1.0,1.0,0,0,1,1
Peru,PER,2006,713.4595437,1,1.0,1.0,1.0,0,0,1,1
Peru,PER,2007,3063.6186754,1,1.0,1.0,1.0,0,0,1,1
Peru,PER,2008,1560.6883073,1,1.0,1.0,1.0,0,0,1,1
Peru,PER,2009,593.7449314,1,1.0,1.0,1.0,0,0,1,1
Peru,PER,2010,2425.9955854,1,1.0,1.0,1.0,0,0,1,1
Peru,PER,2011,585.2698354,1,1.0,1.0,1.0,0,0,1,1
Peru,PER,2012,558.4148149,1,1.0,1.0,1.0,0,0,1,1
Peru,PER,2013,547.3640145,1,1.0,1.0,1.0,0,0,1,1
Peru,PER,2014,1040.7483683,1,1.0,1.0,1.0,0,0,1,1
Peru,PER,2015,900.8879999999999,1,1.0,1.0,1.0,0,0,1,1
Peru,PER,2016,1164.693,1,1.0,1.0,1.0,0,0,1,1
Peru,PER,2017,558.0,1,1.0,1.0,1.0,0,0,1,1
Peru,PER,2018,62.0,1,1.0,1.0,1.0,0,0,1,1
Peru,PER,2019,66.0,1,1.0,1.0,1.0,0,0,1,1
Peru,PER,2020,71.0,1,1.0,1.0,1.0,0,0,1,1
Peru,PER,2021,76.0,1,1.0,1.0,1.0,0,0,1,1
Peru,PER,2022,89.4,1,1.0,1.0,0.0,0,0,0,0
Peru,PER,2023,0.0,0,1.0,1.0,,0,0,0,0
Philippines,PHL,1960,0.0,0,,,0.0,0,0,0,0
Philippines,PHL,1961,0.0,0,0.0,,0.0,0,0,0,0
Philippines,PHL,1962,0.0,0,0.0,0.0,0.0,0,0,0,0
Philippines,PHL,1963,0.0,0,0.0,0.0,0.0,0,0,0,0
Philippines,PHL,1964,0.0,0,0.0,0.0,0.0,0,0,0,0
Philippines,PHL,1965,0.0,0,0.0,0.0,0.0,0,0,0,0
Philippines,PHL,1966,0.0,0,0.0,0.0,0.0,0,0,0,0
Philippines,PHL,1967,0.0,0,0.0,0.0,0.0,0,0,0,0
Philippines,PHL,1968,0.0,0,0.0,0.0,0.0,0,0,0,0
Philippines,PHL,1969,0.0,0,0.0,0.0,1.0,1,1,1,0
Philippines,PHL,1970,274.9,1,0.0,0.0,0.0,0,0,0,0
Philippines,PHL,1971,0.0,0,1.0,0.0,0.0,0,0,0,0
Philippines,PHL,1972,0.0,0,0.0,1.0,0.0,0,0,0,0
Philippines,PHL,1973,0.0,0,0.0,0.0,0.0,0,0,0,0
Philippines,PHL,1974,0.0,0,0.0,0.0,0.0,0,0,0,0
Philippines,PHL,1975,0.0,0,0.0,0.0,1.0,1,1,1,0
Philippines,PHL,1976,0.117,1,0.0,0.0,1.0,0,0,1,1
Philippines,PHL,1977,0.143,1,1.0,0.0,1.0,0,0,1,1
Philippines,PHL,1978,0.177,1,1.0,1.0,1.0,0,0,1,1
Philippines,PHL,1979,0.548,1,1.0,1.0,1.0,0,0,1,1
Philippines,PHL,1980,0.494,1,1.0,1.0,1.0,0,0,1,1
Philippines,PHL,1981,0.484,1,1.0,1.0,1.0,0,0,1,1
Philippines,PHL,1982,0.718,1,1.0,1.0,1.0,0,0,1,1
Philippines,PHL,1983,4259.182,1,1.0,1.0,1.0,0,0,1,1
Philippines,PHL,1984,5870.583,1,1.0,1.0,1.0,0,0,1,1
Philippines,PHL,1985,5568.06,1,1.0,1.0,1.0,0,0,1,1
Philippines,PHL,1986,10821.046,1,1.0,1.0,1.0,0,0,1,1
Philippines,PHL,1987,12854.295,1,1.0,1.0,1.0,0,0,1,1
Philippines,PHL,1988,3098.957,1,1.0,1.0,1.0,0,0,1,1
Philippines,PHL,1989,6499.394,1,1.0,1.0,1.0,0,0,1,1
Philippines,PHL,1990,14073.754,1,1.0,1.0,1.0,0,0,1,1
Philippines,PHL,1991,12434.841,1,1.0,1.0,1.0,0,0,1,1
Philippines,PHL,1992,8353.633,1,1.0,1.0,1.0,0,0,1,1
Philippines,PHL,1993,281.13,1,1.0,1.0,1.0,0,0,1,1
Philippines,PHL,1994,585.0,1,1.0,1.0,0.0,0,0,0,0
Philippines,PHL,1995,0.0,0,1.0,1.0,1.0,1,0,1,0
Philippines,PHL,1996,1.838532,1,0.0,1.0,1.0,0,0,1,1
Philippines,PHL,1997,0.1251285,1,1.0,0.0,1.0,0,0,1,1
Philippines,PHL,1998,0.5972763000000001,1,1.0,1.0,0.0,0,0,0,0
Philippines,PHL,1999,0.0,0,1.0,1.0,0.0,0,0,0,0
Philippines,PHL,2000,0.0,0,0.0,1.0,0.0,0,0,0,0
Philippines,PHL,2001,0.0,0,0.0,0.0,0.0,0,0,0,0
Philippines,PHL,2002,0.0,0,0.0,0.0,0.0,0,0,0,0
Philippines,PHL,2003,0.0,0,0.0,0.0,0.0,0,0,0,0
Philippines,PHL,2004,0.0,0,0.0,0.0,0.0,0,0,0,0
Philippines,PHL,2005,0.0,0,0.0,0.0,1.0,1,1,1,0
Philippines,PHL,2006,1.838532,1,0.0,0.0,0.0,0,0,0,0
Philippines,PHL,2007,0.0,0,1.0,0.0,1.0,1,0,1,0
Philippines,PHL,2008,0.543,1,0.0,1.0,0.0,0,0,0,0
Philippines,PHL,2009,0.0,0,1.0,0.0,0.0,0,0,0,0
Philippines,PHL,2010,0.0,0,0.0,1.0,0.0,0,0,0,0
Philippines,PHL,2011,0.0,0,0.0,0.0,0.0,0,0,0,0
Philippines,PHL,2012,0.0,0,0.0,0.0,0.0,0,0,0,0
Philippines,PHL,2013,0.0,0,0.0,0.0,0.0,0,0,0,0
Philippines,PHL,2014,0.0,0,0.0,0.0,0.0,0,0,0,0
Philippines,PHL,2015,0.0,0,0.0,0.0,0.0,0,0,0,0
Philippines,PHL,2016,0.0,0,0.0,0.0,0.0,0,0,0,0
Philippines,PHL,2017,0.0,0,0.0,0.0,0.0,0,0,0,0
Philippines,PHL,2018,0.0,0,0.0,0.0,0.0,0,0,0,0
Philippines,PHL,2019,0.0,0,0.0,0.0,0.0,0,0,0,0
Philippines,PHL,2020,0.0,0,0.0,0.0,0.0,0,0,0,0
Philippines,PHL,2021,0.0,0,0.0,0.0,0.0,0,0,0,0
Philippines,PHL,2022,0.0,0,0.0,0.0,0.0,0,0,0,0
Philippines,PHL,2023,0.0,0,0.0,0.0,,0,0,0,0
Poland,POL,1960,88.969,1,,,1.0,0,0,1,1
Poland,POL,1961,90.96499999999999,1,1.0,,1.0,0,0,1,1
Poland,POL,1962,92.96099999999998,1,1.0,1.0,1.0,0,0,1,1
Poland,POL,1963,94.95699999999998,1,1.0,1.0,1.0,0,0,1,1
Poland,POL,1964,96.95299999999997,1,1.0,1.0,1.0,0,0,1,1
Poland,POL,1965,98.94899999999997,1,1.0,1.0,1.0,0,0,1,1
Poland,POL,1966,100.94499999999996,1,1.0,1.0,1.0,0,0,1,1
Poland,POL,1967,102.94099999999996,1,1.0,1.0,1.0,0,0,1,1
Poland,POL,1968,104.93699999999995,1,1.0,1.0,1.0,0,0,1,1
Poland,POL,1969,106.93299999999995,1,1.0,1.0,1.0,0,0,1,1
Poland,POL,1970,108.92899999999995,1,1.0,1.0,1.0,0,0,1,1
Poland,POL,1971,110.92499999999994,1,1.0,1.0,1.0,0,0,1,1
Poland,POL,1972,112.92099999999994,1,1.0,1.0,1.0,0,0,1,1
Poland,POL,1973,114.91699999999993,1,1.0,1.0,1.0,0,0,1,1
Poland,POL,1974,116.91299999999993,1,1.0,1.0,1.0,0,0,1,1
Poland,POL,1975,118.90899999999992,1,1.0,1.0,1.0,0,0,1,1
Poland,POL,1976,7.0547160000000035,1,1.0,1.0,0.0,0,0,0,0
Poland,POL,1977,0.0,0,1.0,1.0,0.0,0,0,0,0
Poland,POL,1978,0.0,0,0.0,1.0,0.0,0,0,0,0
Poland,POL,1979,0.0,0,0.0,0.0,0.0,0,0,0,0
Poland,POL,1980,0.0,0,0.0,0.0,1.0,1,1,1,0
Poland,POL,1981,4500.0,1,0.0,0.0,1.0,0,0,1,1
Poland,POL,1982,2200.0,1,1.0,0.0,1.0,0,0,1,1
Poland,POL,1983,1200.0,1,1.0,1.0,1.0,0,0,1,1
Poland,POL,1984,11317.0,1,1.0,1.0,1.0,0,0,1,1
Poland,POL,1985,13050.0,1,1.0,1.0,1.0,0,0,1,1
Poland,POL,1986,6993.4,1,1.0,1.0,1.0,0,0,1,1
Poland,POL,1987,24730.5,1,1.0,1.0,1.0,0,0,1,1
Poland,POL,1988,13090.8,1,1.0,1.0,1.0,0,0,1,1
Poland,POL,1989,10933.7,1,1.0,1.0,1.0,0,0,1,1
Poland,POL,1990,21380.5,1,1.0,1.0,1.0,0,0,1,1
Poland,POL,1991,48597.6,1,1.0,1.0,1.0,0,0,1,1
Poland,POL,1992,16190.0,1,1.0,1.0,1.0,0,0,1,1
Poland,POL,1993,13360.3,1,1.0,1.0,1.0,0,0,1,1
Poland,POL,1994,14254.6,1,1.0,1.0,1.0,0,0,1,1
Poland,POL,1995,760.8,1,1.0,1.0,1.0,0,0,1,1
Poland,POL,1996,29.2,1,1.0,1.0,1.0,0,0,1,1
Poland,POL,1997,29.0,1,1.0,1.0,1.0,0,0,1,1
Poland,POL,1998,2.8000000000000003,1,1.0,1.0,1.0,0,0,1,1
Poland,POL,1999,96.0,1,1.0,1.0,1.0,0,0,1,1
Poland,POL,2000,120.80000000000001,1,1.0,1.0,1.0,0,0,1,1
Poland,POL,2001,2.9,1,1.0,1.0,1.0,0,0,1,1
Poland,POL,2002,2.2,1,1.0,1.0,0.0,0,0,0,0
Poland,POL,2003,0.0,0,1.0,1.0,0.0,0,0,0,0
Poland,POL,2004,0.0,0,0.0,1.0,0.0,0,0,0,0
Poland,POL,2005,0.0,0,0.0,0.0,0.0,0,0,0,0
Poland,POL,2006,0.0,0,0.0,0.0,0.0,0,0,0,0
Poland,POL,2007,0.0,0,0.0,0.0,0.0,0,0,0,0
Poland,POL,2008,0.0,0,0.0,0.0,0.0,0,0,0,0
Poland,POL,2009,0.0,0,0.0,0.0,0.0,0,0,0,0
Poland,POL,2010,0.0,0,0.0,0.0,0.0,0,0,0,0
Poland,POL,2011,0.0,0,0.0,0.0,0.0,0,0,0,0
Poland,POL,2012,0.0,0,0.0,0.0,0.0,0,0,0,0
Poland,POL,2013,0.0,0,0.0,0.0,0.0,0,0,0,0
Poland,POL,2014,0.0,0,0.0,0.0,0.0,0,0,0,0
Poland,POL,2015,0.0,0,0.0,0.0,0.0,0,0,0,0
Poland,POL,2016,0.0,0,0.0,0.0,0.0,0,0,0,0
Poland,POL,2017,0.0,0,0.0,0.0,0.0,0,0,0,0
Poland,POL,2018,0.0,0,0.0,0.0,0.0,0,0,0,0
Poland,POL,2019,0.0,0,0.0,0.0,0.0,0,0,0,0
Poland,POL,2020,0.0,0,0.0,0.0,0.0,0,0,0,0
Poland,POL,2021,0.0,0,0.0,0.0,0.0,0,0,0,0
Poland,POL,2022,0.0,0,0.0,0.0,0.0,0,0,0,0
Poland,POL,2023,0.0,0,0.0,0.0,,0,0,0,0
Portugal,PRT,1960,0.0,0,,,0.0,0,0,0,0
Portugal,PRT,1961,0.0,0,0.0,,0.0,0,0,0,0
Portugal,PRT,1962,0.0,0,0.0,0.0,0.0,0,0,0,0
Portugal,PRT,1963,0.0,0,0.0,0.0,0.0,0,0,0,0
Portugal,PRT,1964,0.0,0,0.0,0.0,0.0,0,0,0,0
Portugal,PRT,1965,0.0,0,0.0,0.0,0.0,0,0,0,0
Portugal,PRT,1966,0.0,0,0.0,0.0,0.0,0,0,0,0
Portugal,PRT,1967,0.0,0,0.0,0.0,0.0,0,0,0,0
Portugal,PRT,1968,0.0,0,0.0,0.0,0.0,0,0,0,0
Portugal,PRT,1969,0.0,0,0.0,0.0,0.0,0,0,0,0
Portugal,PRT,1970,0.0,0,0.0,0.0,0.0,0,0,0,0
Portugal,PRT,1971,0.0,0,0.0,0.0,0.0,0,0,0,0
Portugal,PRT,1972,0.0,0,0.0,0.0,0.0,0,0,0,0
Portugal,PRT,1973,0.0,0,0.0,0.0,0.0,0,0,0,0
Portugal,PRT,1974,0.0,0,0.0,0.0,0.0,0,0,0,0
Portugal,PRT,1975,0.0,0,0.0,0.0,0.0,0,0,0,0
Portugal,PRT,1976,0.0,0,0.0,0.0,0.0,0,0,0,0
Portugal,PRT,1977,0.0,0,0.0,0.0,0.0,0,0,0,0
Portugal,PRT,1978,0.0,0,0.0,0.0,0.0,0,0,0,0
Portugal,PRT,1979,0.0,0,0.0,0.0,0.0,0,0,0,0
Portugal,PRT,1980,0.0,0,0.0,0.0,0.0,0,0,0,0
Portugal,PRT,1981,0.0,0,0.0,0.0,0.0,0,0,0,0
Portugal,PRT,1982,0.0,0,0.0,0.0,0.0,0,0,0,0
Portugal,PRT,1983,0.0,0,0.0,0.0,0.0,0,0,0,0
Portugal,PRT,1984,0.0,0,0.0,0.0,0.0,0,0,0,0
Portugal,PRT,1985,0.0,0,0.0,0.0,0.0,0,0,0,0
Portugal,PRT,1986,0.0,0,0.0,0.0,0.0,0,0,0,0
Portugal,PRT,1987,0.0,0,0.0,0.0,0.0,0,0,0,0
Portugal,PRT,1988,0.0,0,0.0,0.0,0.0,0,0,0,0
Portugal,PRT,1989,0.0,0,0.0,0.0,0.0,0,0,0,0
Portugal,PRT,1990,0.0,0,0.0,0.0,0.0,0,0,0,0
Portugal,PRT,1991,0.0,0,0.0,0.0,0.0,0,0,0,0
Portugal,PRT,1992,0.0,0,0.0,0.0,0.0,0,0,0,0
Portugal,PRT,1993,0.0,0,0.0,0.0,0.0,0,0,0,0
Portugal,PRT,1994,0.0,0,0.0,0.0,0.0,0,0,0,0
Portugal,PRT,1995,0.0,0,0.0,0.0,0.0,0,0,0,0
Portugal,PRT,1996,0.0,0,0.0,0.0,0.0,0,0,0,0
Portugal,PRT,1997,0.0,0,0.0,0.0,0.0,0,0,0,0
Portugal,PRT,1998,0.0,0,0.0,0.0,0.0,0,0,0,0
Portugal,PRT,1999,0.0,0,0.0,0.0,0.0,0,0,0,0
Portugal,PRT,2000,0.0,0,0.0,0.0,0.0,0,0,0,0
Portugal,PRT,2001,0.0,0,0.0,0.0,0.0,0,0,0,0
Portugal,PRT,2002,0.0,0,0.0,0.0,0.0,0,0,0,0
Portugal,PRT,2003,0.0,0,0.0,0.0,0.0,0,0,0,0
Portugal,PRT,2004,0.0,0,0.0,0.0,0.0,0,0,0,0
Portugal,PRT,2005,0.0,0,0.0,0.0,0.0,0,0,0,0
Portugal,PRT,2006,0.0,0,0.0,0.0,0.0,0,0,0,0
Portugal,PRT,2007,0.0,0,0.0,0.0,0.0,0,0,0,0
Portugal,PRT,2008,0.0,0,0.0,0.0,0.0,0,0,0,0
Portugal,PRT,2009,0.0,0,0.0,0.0,0.0,0,0,0,0
Portugal,PRT,2010,0.0,0,0.0,0.0,0.0,0,0,0,0
Portugal,PRT,2011,0.0,0,0.0,0.0,0.0,0,0,0,0
Portugal,PRT,2012,0.0,0,0.0,0.0,1.0,1,1,1,0
Portugal,PRT,2013,52712.0,1,0.0,0.0,0.0,0,0,0,0
Portugal,PRT,2014,0.0,0,1.0,0.0,0.0,0,0,0,0
Portugal,PRT,2015,0.0,0,0.0,1.0,0.0,0,0,0,0
Portugal,PRT,2016,0.0,0,0.0,0.0,0.0,0,0,0,0
Portugal,PRT,2017,0.0,0,0.0,0.0,0.0,0,0,0,0
Portugal,PRT,2018,0.0,0,0.0,0.0,0.0,0,0,0,0
Portugal,PRT,2019,0.0,0,0.0,0.0,0.0,0,0,0,0
Portugal,PRT,2020,0.0,0,0.0,0.0,0.0,0,0,0,0
Portugal,PRT,2021,0.0,0,0.0,0.0,0.0,0,0,0,0
Portugal,PRT,2022,0.0,0,0.0,0.0,0.0,0,0,0,0
Portugal,PRT,2023,0.0,0,0.0,0.0,,0,0,0,0
Puerto Rico,PRI,1960,0.0,0,,,0.0,0,0,0,0
Puerto Rico,PRI,1961,0.0,0,0.0,,0.0,0,0,0,0
Puerto Rico,PRI,1962,0.0,0,0.0,0.0,0.0,0,0,0,0
Puerto Rico,PRI,1963,0.0,0,0.0,0.0,0.0,0,0,0,0
Puerto Rico,PRI,1964,0.0,0,0.0,0.0,0.0,0,0,0,0
Puerto Rico,PRI,1965,0.0,0,0.0,0.0,0.0,0,0,0,0
Puerto Rico,PRI,1966,0.0,0,0.0,0.0,0.0,0,0,0,0
Puerto Rico,PRI,1967,0.0,0,0.0,0.0,0.0,0,0,0,0
Puerto Rico,PRI,1968,0.0,0,0.0,0.0,0.0,0,0,0,0
Puerto Rico,PRI,1969,0.0,0,0.0,0.0,0.0,0,0,0,0
Puerto Rico,PRI,1970,0.0,0,0.0,0.0,0.0,0,0,0,0
Puerto Rico,PRI,1971,0.0,0,0.0,0.0,0.0,0,0,0,0
Puerto Rico,PRI,1972,0.0,0,0.0,0.0,0.0,0,0,0,0
Puerto Rico,PRI,1973,0.0,0,0.0,0.0,0.0,0,0,0,0
Puerto Rico,PRI,1974,0.0,0,0.0,0.0,0.0,0,0,0,0
Puerto Rico,PRI,1975,0.0,0,0.0,0.0,0.0,0,0,0,0
Puerto Rico,PRI,1976,0.0,0,0.0,0.0,0.0,0,0,0,0
Puerto Rico,PRI,1977,0.0,0,0.0,0.0,0.0,0,0,0,0
Puerto Rico,PRI,1978,0.0,0,0.0,0.0,0.0,0,0,0,0
Puerto Rico,PRI,1979,0.0,0,0.0,0.0,0.0,0,0,0,0
Puerto Rico,PRI,1980,0.0,0,0.0,0.0,0.0,0,0,0,0
Puerto Rico,PRI,1981,0.0,0,0.0,0.0,0.0,0,0,0,0
Puerto Rico,PRI,1982,0.0,0,0.0,0.0,0.0,0,0,0,0
Puerto Rico,PRI,1983,0.0,0,0.0,0.0,0.0,0,0,0,0
Puerto Rico,PRI,1984,0.0,0,0.0,0.0,0.0,0,0,0,0
Puerto Rico,PRI,1985,0.0,0,0.0,0.0,0.0,0,0,0,0
Puerto Rico,PRI,1986,0.0,0,0.0,0.0,0.0,0,0,0,0
Puerto Rico,PRI,1987,0.0,0,0.0,0.0,0.0,0,0,0,0
Puerto Rico,PRI,1988,0.0,0,0.0,0.0,0.0,0,0,0,0
Puerto Rico,PRI,1989,0.0,0,0.0,0.0,0.0,0,0,0,0
Puerto Rico,PRI,1990,0.0,0,0.0,0.0,0.0,0,0,0,0
Puerto Rico,PRI,1991,0.0,0,0.0,0.0,0.0,0,0,0,0
Puerto Rico,PRI,1992,0.0,0,0.0,0.0,0.0,0,0,0,0
Puerto Rico,PRI,1993,0.0,0,0.0,0.0,0.0,0,0,0,0
Puerto Rico,PRI,1994,0.0,0,0.0,0.0,0.0,0,0,0,0
Puerto Rico,PRI,1995,0.0,0,0.0,0.0,0.0,0,0,0,0
Puerto Rico,PRI,1996,0.0,0,0.0,0.0,0.0,0,0,0,0
Puerto Rico,PRI,1997,0.0,0,0.0,0.0,0.0,0,0,0,0
Puerto Rico,PRI,1998,0.0,0,0.0,0.0,0.0,0,0,0,0
Puerto Rico,PRI,1999,0.0,0,0.0,0.0,0.0,0,0,0,0
Puerto Rico,PRI,2000,0.0,0,0.0,0.0,0.0,0,0,0,0
Puerto Rico,PRI,2001,0.0,0,0.0,0.0,0.0,0,0,0,0
Puerto Rico,PRI,2002,0.0,0,0.0,0.0,0.0,0,0,0,0
Puerto Rico,PRI,2003,0.0,0,0.0,0.0,0.0,0,0,0,0
Puerto Rico,PRI,2004,0.0,0,0.0,0.0,0.0,0,0,0,0
Puerto Rico,PRI,2005,0.0,0,0.0,0.0,0.0,0,0,0,0
Puerto Rico,PRI,2006,0.0,0,0.0,0.0,0.0,0,0,0,0
Puerto Rico,PRI,2007,0.0,0,0.0,0.0,0.0,0,0,0,0
Puerto Rico,PRI,2008,0.0,0,0.0,0.0,0.0,0,0,0,0
Puerto Rico,PRI,2009,0.0,0,0.0,0.0,0.0,0,0,0,0
Puerto Rico,PRI,2010,0.0,0,0.0,0.0,0.0,0,0,0,0
Puerto Rico,PRI,2011,0.0,0,0.0,0.0,0.0,0,0,0,0
Puerto Rico,PRI,2012,0.0,0,0.0,0.0,0.0,0,0,0,0
Puerto Rico,PRI,2013,0.0,0,0.0,0.0,0.0,0,0,0,0
Puerto Rico,PRI,2014,0.0,0,0.0,0.0,1.0,1,1,1,0
Puerto Rico,PRI,2015,1103.0,1,0.0,0.0,1.0,0,0,1,1
Puerto Rico,PRI,2016,25904.0,1,1.0,0.0,1.0,0,0,1,1
Puerto Rico,PRI,2017,46602.0,1,1.0,1.0,1.0,0,0,1,1
Puerto Rico,PRI,2018,49951.0,1,1.0,1.0,1.0,0,0,1,1
Puerto Rico,PRI,2019,53300.0,1,1.0,1.0,1.0,0,0,1,1
Puerto Rico,PRI,2020,56649.0,1,1.0,1.0,1.0,0,0,1,1
Puerto Rico,PRI,2021,59998.0,1,1.0,1.0,1.0,0,0,1,1
Puerto Rico,PRI,2022,61226.0,1,1.0,1.0,0.0,0,0,0,0
Puerto Rico,PRI,2023,0.0,0,1.0,1.0,,0,0,0,0
Rep. Of Congo (Brazzaville),COG,1960,0.0,0,,,0.0,0,0,0,0
Rep. Of Congo (Brazzaville),COG,1961,0.0,0,0.0,,0.0,0,0,0,0
Rep. Of Congo (Brazzaville),COG,1962,0.0,0,0.0,0.0,0.0,0,0,0,0
Rep. Of Congo (Brazzaville),COG,1963,0.0,0,0.0,0.0,0.0,0,0,0,0
Rep. Of Congo (Brazzaville),COG,1964,0.0,0,0.0,0.0,0.0,0,0,0,0
Rep. Of Congo (Brazzaville),COG,1965,0.0,0,0.0,0.0,0.0,0,0,0,0
Rep. Of Congo (Brazzaville),COG,1966,0.0,0,0.0,0.0,0.0,0,0,0,0
Rep. Of Congo (Brazzaville),COG,1967,0.0,0,0.0,0.0,0.0,0,0,0,0
Rep. Of Congo (Brazzaville),COG,1968,0.0,0,0.0,0.0,0.0,0,0,0,0
Rep. Of Congo (Brazzaville),COG,1969,0.0,0,0.0,0.0,1.0,1,1,1,0
Rep. Of Congo (Brazzaville),COG,1970,1.553974,1,0.0,0.0,1.0,0,0,1,1
Rep. Of Congo (Brazzaville),COG,1971,3.938959,1,1.0,0.0,1.0,0,0,1,1
Rep. Of Congo (Brazzaville),COG,1972,7.56586,1,1.0,1.0,1.0,0,0,1,1
Rep. Of Congo (Brazzaville),COG,1973,12.502086,1,1.0,1.0,1.0,0,0,1,1
Rep. Of Congo (Brazzaville),COG,1974,14.661164,1,1.0,1.0,1.0,0,0,1,1
Rep. Of Congo (Brazzaville),COG,1975,17.589567,1,1.0,1.0,1.0,0,0,1,1
Rep. Of Congo (Brazzaville),COG,1976,27.09503,1,1.0,1.0,1.0,0,0,1,1
Rep. Of Congo (Brazzaville),COG,1977,40.80354,1,1.0,1.0,1.0,0,0,1,1
Rep. Of Congo (Brazzaville),COG,1978,49.9601,1,1.0,1.0,1.0,0,0,1,1
Rep. Of Congo (Brazzaville),COG,1979,25.61427,1,1.0,1.0,1.0,0,0,1,1
Rep. Of Congo (Brazzaville),COG,1980,14.272297,1,1.0,1.0,1.0,0,0,1,1
Rep. Of Congo (Brazzaville),COG,1981,13.006507,1,1.0,1.0,1.0,0,0,1,1
Rep. Of Congo (Brazzaville),COG,1982,34.57618,1,1.0,1.0,1.0,0,0,1,1
Rep. Of Congo (Brazzaville),COG,1983,53.6232,1,1.0,1.0,1.0,0,0,1,1
Rep. Of Congo (Brazzaville),COG,1984,78.8939,1,1.0,1.0,1.0,0,0,1,1
Rep. Of Congo (Brazzaville),COG,1985,171.32348000000002,1,1.0,1.0,1.0,0,0,1,1
Rep. Of Congo (Brazzaville),COG,1986,870.72592,1,1.0,1.0,1.0,0,0,1,1
Rep. Of Congo (Brazzaville),COG,1987,371.20910000000003,1,1.0,1.0,1.0,0,0,1,1
Rep. Of Congo (Brazzaville),COG,1988,661.7977,1,1.0,1.0,1.0,0,0,1,1
Rep. Of Congo (Brazzaville),COG,1989,2287.15364075235,1,1.0,1.0,1.0,0,0,1,1
Rep. Of Congo (Brazzaville),COG,1990,2823.26181352353,1,1.0,1.0,1.0,0,0,1,1
Rep. Of Congo (Brazzaville),COG,1991,2613.30523135742,1,1.0,1.0,1.0,0,0,1,1
Rep. Of Congo (Brazzaville),COG,1992,3385.49574360931,1,1.0,1.0,1.0,0,0,1,1
Rep. Of Congo (Brazzaville),COG,1993,3386.2357586572402,1,1.0,1.0,1.0,0,0,1,1
Rep. Of Congo (Brazzaville),COG,1994,2227.38099029459,1,1.0,1.0,1.0,0,0,1,1
Rep. Of Congo (Brazzaville),COG,1995,2191.02280200401,1,1.0,1.0,1.0,0,0,1,1
Rep. Of Congo (Brazzaville),COG,1996,2729.9495268,1,1.0,1.0,1.0,0,0,1,1
Rep. Of Congo (Brazzaville),COG,1997,1956.950980821918,1,1.0,1.0,1.0,0,0,1,1
Rep. Of Congo (Brazzaville),COG,1998,3137.821155932203,1,1.0,1.0,1.0,0,0,1,1
Rep. Of Congo (Brazzaville),COG,1999,2147.2598068571433,1,1.0,1.0,1.0,0,0,1,1
Rep. Of Congo (Brazzaville),COG,2000,2132.687281290041,1,1.0,1.0,1.0,0,0,1,1
Rep. Of Congo (Brazzaville),COG,2001,2085.080720699072,1,1.0,1.0,1.0,0,0,1,1
Rep. Of Congo (Brazzaville),COG,2002,2166.5656088692567,1,1.0,1.0,1.0,0,0,1,1
Rep. Of Congo (Brazzaville),COG,2003,2677.8814519373,1,1.0,1.0,1.0,0,0,1,1
Rep. Of Congo (Brazzaville),COG,2004,6311.1271208,1,1.0,1.0,1.0,0,0,1,1
Rep. Of Congo (Brazzaville),COG,2005,4049.031591484132,1,1.0,1.0,1.0,0,0,1,1
Rep. Of Congo (Brazzaville),COG,2006,3576.9204886,1,1.0,1.0,1.0,0,0,1,1
Rep. Of Congo (Brazzaville),COG,2007,5019.3453339,1,1.0,1.0,1.0,0,0,1,1
Rep. Of Congo (Brazzaville),COG,2008,2329.1446312,1,1.0,1.0,1.0,0,0,1,1
Rep. Of Congo (Brazzaville),COG,2009,976.1125212000001,1,1.0,1.0,1.0,0,0,1,1
Rep. Of Congo (Brazzaville),COG,2010,2619.7660065,1,1.0,1.0,1.0,0,0,1,1
Rep. Of Congo (Brazzaville),COG,2011,282.80031569999994,1,1.0,1.0,1.0,0,0,1,1
Rep. Of Congo (Brazzaville),COG,2012,239.83194029999999,1,1.0,1.0,1.0,0,0,1,1
Rep. Of Congo (Brazzaville),COG,2013,265.3540675,1,1.0,1.0,1.0,0,0,1,1
Rep. Of Congo (Brazzaville),COG,2014,260.7782816,1,1.0,1.0,1.0,0,0,1,1
Rep. Of Congo (Brazzaville),COG,2015,252.0635499,1,1.0,1.0,1.0,0,0,1,1
Rep. Of Congo (Brazzaville),COG,2016,669.3682954,1,1.0,1.0,1.0,0,0,1,1
Rep. Of Congo (Brazzaville),COG,2017,691.0,1,1.0,1.0,1.0,0,0,1,1
Rep. Of Congo (Brazzaville),COG,2018,427.8111507,1,1.0,1.0,1.0,0,0,1,1
Rep. Of Congo (Brazzaville),COG,2019,392.8002473,1,1.0,1.0,1.0,0,0,1,1
Rep. Of Congo (Brazzaville),COG,2020,1581.0,1,1.0,1.0,1.0,0,0,1,1
Rep. Of Congo (Brazzaville),COG,2021,547.0,1,1.0,1.0,1.0,0,0,1,1
Rep. Of Congo (Brazzaville),COG,2022,629.0,1,1.0,1.0,1.0,0,0,1,1
Rep. Of Congo (Brazzaville),COG,2023,570.0,1,1.0,1.0,,0,0,0,0
Romania,ROU,1960,272.756922,1,,,1.0,0,0,1,1
Romania,ROU,1961,279.622122,1,1.0,,1.0,0,0,1,1
Romania,ROU,1962,286.487322,1,1.0,1.0,1.0,0,0,1,1
Romania,ROU,1963,293.352522,1,1.0,1.0,1.0,0,0,1,1
Romania,ROU,1964,300.217722,1,1.0,1.0,1.0,0,0,1,1
Romania,ROU,1965,307.082922,1,1.0,1.0,1.0,0,0,1,1
Romania,ROU,1966,313.948122,1,1.0,1.0,1.0,0,0,1,1
Romania,ROU,1967,309.657082,1,1.0,1.0,1.0,0,0,1,1
Romania,ROU,1968,316.324682,1,1.0,1.0,1.0,0,0,1,1
Romania,ROU,1969,322.992282,1,1.0,1.0,1.0,0,0,1,1
Romania,ROU,1970,329.366156,1,1.0,1.0,1.0,0,0,1,1
Romania,ROU,1971,340.21014,1,1.0,1.0,1.0,0,0,1,1
Romania,ROU,1972,341.173446,1,1.0,1.0,1.0,0,0,1,1
Romania,ROU,1973,347.1943140000001,1,1.0,1.0,1.0,0,0,1,1
Romania,ROU,1974,354.1358800000001,1,1.0,1.0,1.0,0,0,1,1
Romania,ROU,1975,350.8976940000001,1,1.0,1.0,1.0,0,0,1,1
Romania,ROU,1976,54.32548799999999,1,1.0,1.0,0.0,0,0,0,0
Romania,ROU,1977,0.0,0,1.0,1.0,0.0,0,0,0,0
Romania,ROU,1978,0.0,0,0.0,1.0,0.0,0,0,0,0
Romania,ROU,1979,0.0,0,0.0,0.0,1.0,1,1,1,0
Romania,ROU,1980,95.0,1,0.0,0.0,1.0,0,0,1,1
Romania,ROU,1981,1359.099,1,1.0,0.0,1.0,0,0,1,1
Romania,ROU,1982,2021.5,1,1.0,1.0,1.0,0,0,1,1
Romania,ROU,1983,693.0,1,1.0,1.0,0.0,0,0,0,0
Romania,ROU,1984,0.0,0,1.0,1.0,0.0,0,0,0,0
Romania,ROU,1985,0.0,0,0.0,1.0,1.0,1,1,1,0
Romania,ROU,1986,1839.7897816255504,1,0.0,0.0,1.0,0,0,1,1
Romania,ROU,1987,177.0,1,1.0,0.0,0.0,0,0,0,0
Romania,ROU,1988,0.0,0,1.0,1.0,0.0,0,0,0,0
Romania,ROU,1989,0.0,0,0.0,1.0,0.0,0,0,0,0
Romania,ROU,1990,0.0,0,0.0,0.0,0.0,0,0,0,0
Romania,ROU,1991,0.0,0,0.0,0.0,0.0,0,0,0,0
Romania,ROU,1992,0.0,0,0.0,0.0,0.0,0,0,0,0
Romania,ROU,1993,0.0,0,0.0,0.0,0.0,0,0,0,0
Romania,ROU,1994,0.0,0,0.0,0.0,0.0,0,0,0,0
Romania,ROU,1995,0.0,0,0.0,0.0,0.0,0,0,0,0
Romania,ROU,1996,0.0,0,0.0,0.0,1.0,1,1,1,0
Romania,ROU,1997,0.204,1,0.0,0.0,1.0,0,0,1,1
Romania,ROU,1998,65.19699999999999,1,1.0,0.0,1.0,0,0,1,1
Romania,ROU,1999,66.243903,1,1.0,1.0,1.0,0,0,1,1
Romania,ROU,2000,148.588,1,1.0,1.0,1.0,0,0,1,1
Romania,ROU,2001,149.3,1,1.0,1.0,1.0,0,0,1,1
Romania,ROU,2002,123.9226319,1,1.0,1.0,1.0,0,0,1,1
Romania,ROU,2003,39.2721357,1,1.0,1.0,1.0,0,0,1,1
Romania,ROU,2004,73.29449410000001,1,1.0,1.0,1.0,0,0,1,1
Romania,ROU,2005,269.7982537,1,1.0,1.0,1.0,0,0,1,1
Romania,ROU,2006,264.2652489,1,1.0,1.0,1.0,0,0,1,1
Romania,ROU,2007,261.1932454,1,1.0,1.0,1.0,0,0,1,1
Romania,ROU,2008,18.3329889,1,1.0,1.0,1.0,0,0,1,1
Romania,ROU,2009,39.3990172,1,1.0,1.0,1.0,0,0,1,1
Romania,ROU,2010,39.3080172,1,1.0,1.0,1.0,0,0,1,1
Romania,ROU,2011,39.302763399999996,1,1.0,1.0,1.0,0,0,1,1
Romania,ROU,2012,1.2539163999999998,1,1.0,1.0,1.0,0,0,1,1
Romania,ROU,2013,1.1942746000000002,1,1.0,1.0,1.0,0,0,1,1
Romania,ROU,2014,1.8738856000000002,1,1.0,1.0,1.0,0,0,1,1
Romania,ROU,2015,1.7966392,1,1.0,1.0,1.0,0,0,1,1
Romania,ROU,2016,1.7753256000000002,1,1.0,1.0,1.0,0,0,1,1
Romania,ROU,2017,1.8647688,1,1.0,1.0,1.0,0,0,1,1
Romania,ROU,2018,4.9037964,1,1.0,1.0,1.0,0,0,1,1
Romania,ROU,2019,4.7087404,1,1.0,1.0,1.0,0,0,1,1
Romania,ROU,2020,4.7093625999999995,1,1.0,1.0,0.0,0,0,0,0
Romania,ROU,2021,0.0,0,1.0,1.0,0.0,0,0,0,0
Romania,ROU,2022,0.0,0,0.0,1.0,0.0,0,0,0,0
Romania,ROU,2023,0.0,0,0.0,0.0,,0,0,0,0
Rwanda,RWA,1960,,0,,,0.0,0,0,0,0
Rwanda,RWA,1961,,0,0.0,,0.0,0,0,0,0
Rwanda,RWA,1962,0.0,0,0.0,0.0,0.0,0,0,0,0
Rwanda,RWA,1963,0.0,0,0.0,0.0,0.0,0,0,0,0
Rwanda,RWA,1964,0.0,0,0.0,0.0,0.0,0,0,0,0
Rwanda,RWA,1965,0.0,0,0.0,0.0,0.0,0,0,0,0
Rwanda,RWA,1966,0.0,0,0.0,0.0,0.0,0,0,0,0
Rwanda,RWA,1967,0.0,0,0.0,0.0,0.0,0,0,0,0
Rwanda,RWA,1968,0.0,0,0.0,0.0,0.0,0,0,0,0
Rwanda,RWA,1969,0.0,0,0.0,0.0,0.0,0,0,0,0
Rwanda,RWA,1970,0.0,0,0.0,0.0,0.0,0,0,0,0
Rwanda,RWA,1971,0.0,0,0.0,0.0,0.0,0,0,0,0
Rwanda,RWA,1972,0.0,0,0.0,0.0,0.0,0,0,0,0
Rwanda,RWA,1973,0.0,0,0.0,0.0,0.0,0,0,0,0
Rwanda,RWA,1974,0.0,0,0.0,0.0,0.0,0,0,0,0
Rwanda,RWA,1975,0.0,0,0.0,0.0,1.0,1,1,1,0
Rwanda,RWA,1976,0.045291,1,0.0,0.0,1.0,0,0,1,1
Rwanda,RWA,1977,0.0009501000000000001,1,1.0,0.0,0.0,0,0,0,0
Rwanda,RWA,1978,0.0,0,1.0,1.0,1.0,1,0,1,0
Rwanda,RWA,1979,0.008663,1,0.0,1.0,1.0,0,0,1,1
Rwanda,RWA,1980,0.0158244,1,1.0,0.0,0.0,0,0,0,0
Rwanda,RWA,1981,0.0,0,1.0,1.0,0.0,0,0,0,0
Rwanda,RWA,1982,0.0,0,0.0,1.0,0.0,0,0,0,0
Rwanda,RWA,1983,0.0,0,0.0,0.0,1.0,1,1,1,0
Rwanda,RWA,1984,0.476,1,0.0,0.0,0.0,0,0,0,0
Rwanda,RWA,1985,0.0,0,1.0,0.0,1.0,1,0,1,0
Rwanda,RWA,1986,0.6167988000000001,1,0.0,1.0,1.0,0,0,1,1
Rwanda,RWA,1987,3.3264357,1,1.0,0.0,1.0,0,0,1,1
Rwanda,RWA,1988,7.2182944,1,1.0,1.0,1.0,0,0,1,1
Rwanda,RWA,1989,85.6049201,1,1.0,1.0,1.0,0,0,1,1
Rwanda,RWA,1990,21.8868097,1,1.0,1.0,1.0,0,0,1,1
Rwanda,RWA,1991,13.237170799999998,1,1.0,1.0,1.0,0,0,1,1
Rwanda,RWA,1992,21.3705288,1,1.0,1.0,1.0,0,0,1,1
Rwanda,RWA,1993,34.2860627,1,1.0,1.0,1.0,0,0,1,1
Rwanda,RWA,1994,56.464321,1,1.0,1.0,1.0,0,0,1,1
Rwanda,RWA,1995,141.6811481,1,1.0,1.0,1.0,0,0,1,1
Rwanda,RWA,1996,75.82365119999999,1,1.0,1.0,1.0,0,0,1,1
Rwanda,RWA,1997,96.5792367,1,1.0,1.0,1.0,0,0,1,1
Rwanda,RWA,1998,164.7449724,1,1.0,1.0,1.0,0,0,1,1
Rwanda,RWA,1999,87.6318419,1,1.0,1.0,1.0,0,0,1,1
Rwanda,RWA,2000,93.5281144,1,1.0,1.0,1.0,0,0,1,1
Rwanda,RWA,2001,109.0625031,1,1.0,1.0,1.0,0,0,1,1
Rwanda,RWA,2002,115.8213931,1,1.0,1.0,1.0,0,0,1,1
Rwanda,RWA,2003,121.7792933,1,1.0,1.0,1.0,0,0,1,1
Rwanda,RWA,2004,132.1195181,1,1.0,1.0,1.0,0,0,1,1
Rwanda,RWA,2005,201.2242748,1,1.0,1.0,1.0,0,0,1,1
Rwanda,RWA,2006,1294.5680965,1,1.0,1.0,1.0,0,0,1,1
Rwanda,RWA,2007,234.1771458,1,1.0,1.0,1.0,0,0,1,1
Rwanda,RWA,2008,33.7848686,1,1.0,1.0,1.0,0,0,1,1
Rwanda,RWA,2009,6.568234400000001,1,1.0,1.0,1.0,0,0,1,1
Rwanda,RWA,2010,5.5010347,1,1.0,1.0,1.0,0,0,1,1
Rwanda,RWA,2011,5.3862304000000005,1,1.0,1.0,1.0,0,0,1,1
Rwanda,RWA,2012,3.8470159,1,1.0,1.0,1.0,0,0,1,1
Rwanda,RWA,2013,4.4662406,1,1.0,1.0,1.0,0,0,1,1
Rwanda,RWA,2014,4.9830252,1,1.0,1.0,1.0,0,0,1,1
Rwanda,RWA,2015,4.5201338,1,1.0,1.0,1.0,0,0,1,1
Rwanda,RWA,2016,4.4824125,1,1.0,1.0,1.0,0,0,1,1
Rwanda,RWA,2017,1.5178601,1,1.0,1.0,1.0,0,0,1,1
Rwanda,RWA,2018,1.2228008,1,1.0,1.0,1.0,0,0,1,1
Rwanda,RWA,2019,1.180996,1,1.0,1.0,1.0,0,0,1,1
Rwanda,RWA,2020,1.2106416,1,1.0,1.0,1.0,0,0,1,1
Rwanda,RWA,2021,1.2491907,1,1.0,1.0,1.0,0,0,1,1
Rwanda,RWA,2022,0.9252485,1,1.0,1.0,1.0,0,0,1,1
Rwanda,RWA,2023,1.1995788,1,1.0,1.0,,0,0,0,0
Samoa,WSM,1960,,0,,,0.0,0,0,0,0
Samoa,WSM,1961,,0,0.0,,0.0,0,0,0,0
Samoa,WSM,1962,0.0,0,0.0,0.0,0.0,0,0,0,0
Samoa,WSM,1963,0.0,0,0.0,0.0,0.0,0,0,0,0
Samoa,WSM,1964,0.0,0,0.0,0.0,0.0,0,0,0,0
Samoa,WSM,1965,0.0,0,0.0,0.0,0.0,0,0,0,0
Samoa,WSM,1966,0.0,0,0.0,0.0,0.0,0,0,0,0
Samoa,WSM,1967,0.0,0,0.0,0.0,0.0,0,0,0,0
Samoa,WSM,1968,0.0,0,0.0,0.0,0.0,0,0,0,0
Samoa,WSM,1969,0.0,0,0.0,0.0,0.0,0,0,0,0
Samoa,WSM,1970,0.0,0,0.0,0.0,0.0,0,0,0,0
Samoa,WSM,1971,0.0,0,0.0,0.0,0.0,0,0,0,0
Samoa,WSM,1972,0.0,0,0.0,0.0,0.0,0,0,0,0
Samoa,WSM,1973,0.0,0,0.0,0.0,1.0,1,1,1,0
Samoa,WSM,1974,0.35,1,0.0,0.0,0.0,0,0,0,0
Samoa,WSM,1975,0.0,0,1.0,0.0,0.0,0,0,0,0
Samoa,WSM,1976,0.0,0,0.0,1.0,0.0,0,0,0,0
Samoa,WSM,1977,0.0,0,0.0,0.0,0.0,0,0,0,0
Samoa,WSM,1978,0.0,0,0.0,0.0,0.0,0,0,0,0
Samoa,WSM,1979,0.0,0,0.0,0.0,0.0,0,0,0,0
Samoa,WSM,1980,0.0,0,0.0,0.0,1.0,1,1,1,0
Samoa,WSM,1981,0.659,1,0.0,0.0,1.0,0,0,1,1
Samoa,WSM,1982,2.171,1,1.0,0.0,1.0,0,0,1,1
Samoa,WSM,1983,2.7569999999999997,1,1.0,1.0,1.0,0,0,1,1
Samoa,WSM,1984,1.561,1,1.0,1.0,1.0,0,0,1,1
Samoa,WSM,1985,1.69,1,1.0,1.0,0.0,0,0,0,0
Samoa,WSM,1986,0.0,0,1.0,1.0,0.0,0,0,0,0
Samoa,WSM,1987,0.0,0,0.0,1.0,1.0,1,1,1,0
Samoa,WSM,1988,0.048,1,0.0,0.0,1.0,0,0,1,1
Samoa,WSM,1989,0.148,1,1.0,0.0,0.0,0,0,0,0
Samoa,WSM,1990,0.0,0,1.0,1.0,1.0,1,0,1,0
Samoa,WSM,1991,0.007,1,0.0,1.0,0.0,0,0,0,0
Samoa,WSM,1992,0.0,0,1.0,0.0,1.0,1,0,1,0
Samoa,WSM,1993,0.30200000000000005,1,0.0,1.0,0.0,0,0,0,0
Samoa,WSM,1994,0.0,0,1.0,0.0,0.0,0,0,0,0
Samoa,WSM,1995,0.0,0,0.0,1.0,1.0,1,1,1,0
Samoa,WSM,1996,0.003,1,0.0,0.0,1.0,0,0,1,1
Samoa,WSM,1997,0.017,1,1.0,0.0,0.0,0,0,0,0
Samoa,WSM,1998,0.0,0,1.0,1.0,0.0,0,0,0,0
Samoa,WSM,1999,0.0,0,0.0,1.0,0.0,0,0,0,0
Samoa,WSM,2000,0.0,0,0.0,0.0,1.0,1,1,1,0
Samoa,WSM,2001,0.0237951,1,0.0,0.0,1.0,0,0,1,1
Samoa,WSM,2002,0.0566298,1,1.0,0.0,0.0,0,0,0,0
Samoa,WSM,2003,0.0,0,1.0,1.0,0.0,0,0,0,0
Samoa,WSM,2004,0.0,0,0.0,1.0,0.0,0,0,0,0
Samoa,WSM,2005,0.0,0,0.0,0.0,1.0,1,1,1,0
Samoa,WSM,2006,12.1486631,1,0.0,0.0,1.0,0,0,1,1
Samoa,WSM,2007,19.0,1,1.0,0.0,0.0,0,0,0,0
Samoa,WSM,2008,0.0,0,1.0,1.0,1.0,1,0,1,0
Samoa,WSM,2009,0.0093634,1,0.0,1.0,0.0,0,0,0,0
Samoa,WSM,2010,0.0,0,1.0,0.0,0.0,0,0,0,0
Samoa,WSM,2011,0.0,0,0.0,1.0,1.0,1,1,1,0
Samoa,WSM,2012,0.000669,1,0.0,0.0,0.0,0,0,0,0
Samoa,WSM,2013,0.0,0,1.0,0.0,0.0,0,0,0,0
Samoa,WSM,2014,0.0,0,0.0,1.0,0.0,0,0,0,0
Samoa,WSM,2015,0.0,0,0.0,0.0,0.0,0,0,0,0
Samoa,WSM,2016,0.0,0,0.0,0.0,0.0,0,0,0,0
Samoa,WSM,2017,0.0,0,0.0,0.0,0.0,0,0,0,0
Samoa,WSM,2018,0.0,0,0.0,0.0,0.0,0,0,0,0
Samoa,WSM,2019,0.0,0,0.0,0.0,1.0,1,1,1,0
Samoa,WSM,2020,9.713743000000001,1,0.0,0.0,1.0,0,0,1,1
Samoa,WSM,2021,18.4355042,1,1.0,0.0,0.0,0,0,0,0
Samoa,WSM,2022,0.0,0,1.0,1.0,0.0,0,0,0,0
Samoa,WSM,2023,0.0,0,0.0,1.0,,0,0,0,0
Senegal,SEN,1960,0.0,0,,,0.0,0,0,0,0
Senegal,SEN,1961,0.0,0,0.0,,0.0,0,0,0,0
Senegal,SEN,1962,0.0,0,0.0,0.0,0.0,0,0,0,0
Senegal,SEN,1963,0.0,0,0.0,0.0,0.0,0,0,0,0
Senegal,SEN,1964,0.0,0,0.0,0.0,0.0,0,0,0,0
Senegal,SEN,1965,0.0,0,0.0,0.0,0.0,0,0,0,0
Senegal,SEN,1966,0.0,0,0.0,0.0,0.0,0,0,0,0
Senegal,SEN,1967,0.0,0,0.0,0.0,0.0,0,0,0,0
Senegal,SEN,1968,0.0,0,0.0,0.0,0.0,0,0,0,0
Senegal,SEN,1969,0.0,0,0.0,0.0,0.0,0,0,0,0
Senegal,SEN,1970,0.0,0,0.0,0.0,1.0,1,1,1,0
Senegal,SEN,1971,0.23600000000000002,1,0.0,0.0,1.0,0,0,1,1
Senegal,SEN,1972,0.005,1,1.0,0.0,1.0,0,0,1,1
Senegal,SEN,1973,0.20800000000000002,1,1.0,1.0,1.0,0,0,1,1
Senegal,SEN,1974,0.12400000000000001,1,1.0,1.0,1.0,0,0,1,1
Senegal,SEN,1975,0.05,1,1.0,1.0,0.0,0,0,0,0
Senegal,SEN,1976,0.0,0,1.0,1.0,0.0,0,0,0,0
Senegal,SEN,1977,0.0,0,0.0,1.0,0.0,0,0,0,0
Senegal,SEN,1978,0.0,0,0.0,0.0,0.0,0,0,0,0
Senegal,SEN,1979,0.0,0,0.0,0.0,0.0,0,0,0,0
Senegal,SEN,1980,0.0,0,0.0,0.0,1.0,1,1,1,0
Senegal,SEN,1981,102.152,1,0.0,0.0,1.0,0,0,1,1
Senegal,SEN,1982,152.163,1,1.0,0.0,1.0,0,0,1,1
Senegal,SEN,1983,148.39300000000003,1,1.0,1.0,1.0,0,0,1,1
Senegal,SEN,1984,106.369,1,1.0,1.0,1.0,0,0,1,1
Senegal,SEN,1985,145.328,1,1.0,1.0,1.0,0,0,1,1
Senegal,SEN,1986,94.03,1,1.0,1.0,1.0,0,0,1,1
Senegal,SEN,1987,80.03399999999999,1,1.0,1.0,1.0,0,0,1,1
Senegal,SEN,1988,5.032,1,1.0,1.0,1.0,0,0,1,1
Senegal,SEN,1989,1060.063,1,1.0,1.0,1.0,0,0,1,1
Senegal,SEN,1990,161.797,1,1.0,1.0,1.0,0,0,1,1
Senegal,SEN,1991,263.423,1,1.0,1.0,1.0,0,0,1,1
Senegal,SEN,1992,207.953,1,1.0,1.0,1.0,0,0,1,1
Senegal,SEN,1993,363.664,1,1.0,1.0,1.0,0,0,1,1
Senegal,SEN,1994,677.0,1,1.0,1.0,1.0,0,0,1,1
Senegal,SEN,1995,331.1202299,1,1.0,1.0,1.0,0,0,1,1
Senegal,SEN,1996,240.988,1,1.0,1.0,1.0,0,0,1,1
Senegal,SEN,1997,11.088000000000001,1,1.0,1.0,1.0,0,0,1,1
Senegal,SEN,1998,427.0,1,1.0,1.0,1.0,0,0,1,1
Senegal,SEN,1999,9.049,1,1.0,1.0,1.0,0,0,1,1
Senegal,SEN,2000,32.6672349,1,1.0,1.0,1.0,0,0,1,1
Senegal,SEN,2001,40.2313345,1,1.0,1.0,1.0,0,0,1,1
Senegal,SEN,2002,44.836715,1,1.0,1.0,1.0,0,0,1,1
Senegal,SEN,2003,41.820986700000006,1,1.0,1.0,1.0,0,0,1,1
Senegal,SEN,2004,463.0,1,1.0,1.0,1.0,0,0,1,1
Senegal,SEN,2005,56.085051,1,1.0,1.0,1.0,0,0,1,1
Senegal,SEN,2006,2506.4130817,1,1.0,1.0,1.0,0,0,1,1
Senegal,SEN,2007,161.600738,1,1.0,1.0,1.0,0,0,1,1
Senegal,SEN,2008,7.5298028,1,1.0,1.0,1.0,0,0,1,1
Senegal,SEN,2009,4.5680473,1,1.0,1.0,1.0,0,0,1,1
Senegal,SEN,2010,26.833383100000002,1,1.0,1.0,1.0,0,0,1,1
Senegal,SEN,2011,214.7630035,1,1.0,1.0,0.0,0,0,0,0
Senegal,SEN,2012,0.0,0,1.0,1.0,1.0,1,0,1,0
Senegal,SEN,2013,0.30532159999999997,1,0.0,1.0,0.0,0,0,0,0
Senegal,SEN,2014,0.0,0,1.0,0.0,1.0,1,0,1,0
Senegal,SEN,2015,1.116,1,0.0,1.0,0.0,0,0,0,0
Senegal,SEN,2016,0.0,0,1.0,0.0,0.0,0,0,0,0
Senegal,SEN,2017,0.0,0,0.0,1.0,0.0,0,0,0,0
Senegal,SEN,2018,0.0,0,0.0,0.0,0.0,0,0,0,0
Senegal,SEN,2019,0.0,0,0.0,0.0,1.0,1,1,1,0
Senegal,SEN,2020,45.5929582,1,0.0,0.0,1.0,0,0,1,1
Senegal,SEN,2021,68.8967562,1,1.0,0.0,0.0,0,0,0,0
Senegal,SEN,2022,0.0,0,1.0,1.0,0.0,0,0,0,0
Senegal,SEN,2023,0.0,0,0.0,1.0,,0,0,0,0
Serbia,SRB,1960,,0,,,0.0,0,0,0,0
Serbia,SRB,1961,,0,0.0,,0.0,0,0,0,0
Serbia,SRB,1962,,0,0.0,0.0,0.0,0,0,0,0
Serbia,SRB,1963,,0,0.0,0.0,0.0,0,0,0,0
Serbia,SRB,1964,,0,0.0,0.0,0.0,0,0,0,0
Serbia,SRB,1965,,0,0.0,0.0,0.0,0,0,0,0
Serbia,SRB,1966,,0,0.0,0.0,0.0,0,0,0,0
Serbia,SRB,1967,,0,0.0,0.0,0.0,0,0,0,0
Serbia,SRB,1968,,0,0.0,0.0,0.0,0,0,0,0
Serbia,SRB,1969,,0,0.0,0.0,0.0,0,0,0,0
Serbia,SRB,1970,,0,0.0,0.0,0.0,0,0,0,0
Serbia,SRB,1971,,0,0.0,0.0,0.0,0,0,0,0
Serbia,SRB,1972,,0,0.0,0.0,0.0,0,0,0,0
Serbia,SRB,1973,,0,0.0,0.0,0.0,0,0,0,0
Serbia,SRB,1974,,0,0.0,0.0,0.0,0,0,0,0
Serbia,SRB,1975,,0,0.0,0.0,0.0,0,0,0,0
Serbia,SRB,1976,,0,0.0,0.0,0.0,0,0,0,0
Serbia,SRB,1977,,0,0.0,0.0,0.0,0,0,0,0
Serbia,SRB,1978,,0,0.0,0.0,0.0,0,0,0,0
Serbia,SRB,1979,,0,0.0,0.0,0.0,0,0,0,0
Serbia,SRB,1980,,0,0.0,0.0,0.0,0,0,0,0
Serbia,SRB,1981,,0,0.0,0.0,0.0,0,0,0,0
Serbia,SRB,1982,,0,0.0,0.0,0.0,0,0,0,0
Serbia,SRB,1983,,0,0.0,0.0,0.0,0,0,0,0
Serbia,SRB,1984,,0,0.0,0.0,0.0,0,0,0,0
Serbia,SRB,1985,,0,0.0,0.0,0.0,0,0,0,0
Serbia,SRB,1986,,0,0.0,0.0,0.0,0,0,0,0
Serbia,SRB,1987,,0,0.0,0.0,0.0,0,0,0,0
Serbia,SRB,1988,,0,0.0,0.0,0.0,0,0,0,0
Serbia,SRB,1989,,0,0.0,0.0,0.0,0,0,0,0
Serbia,SRB,1990,,0,0.0,0.0,0.0,0,0,0,0
Serbia,SRB,1991,,0,0.0,0.0,1.0,1,1,1,0
Serbia,SRB,1992,6996.484098096002,1,0.0,0.0,1.0,0,0,1,1
Serbia,SRB,1993,3982.2872274286883,1,1.0,0.0,1.0,0,0,1,1
Serbia,SRB,1994,6438.492662166993,1,1.0,1.0,1.0,0,0,1,1
Serbia,SRB,1995,7408.844507688554,1,1.0,1.0,1.0,0,0,1,1
Serbia,SRB,1996,6917.877885840897,1,1.0,1.0,1.0,0,0,1,1
Serbia,SRB,1997,7231.486230308965,1,1.0,1.0,1.0,0,0,1,1
Serbia,SRB,1998,9178.738991770708,1,1.0,1.0,1.0,0,0,1,1
Serbia,SRB,1999,9811.983539941903,1,1.0,1.0,1.0,0,0,1,1
Serbia,SRB,2000,11058.09719960632,1,1.0,1.0,1.0,0,0,1,1
Serbia,SRB,2001,16761.3216075,1,1.0,1.0,1.0,0,0,1,1
Serbia,SRB,2002,10373.822100000001,1,1.0,1.0,1.0,0,0,1,1
Serbia,SRB,2003,4166.5768145,1,1.0,1.0,1.0,0,0,1,1
Serbia,SRB,2004,3228.6508001,1,1.0,1.0,1.0,0,0,1,1
Serbia,SRB,2005,1629.6512913000001,1,1.0,1.0,1.0,0,0,1,1
Serbia,SRB,2006,1924.7883195,1,1.0,1.0,1.0,0,0,1,1
Serbia,SRB,2007,3118.12347,1,1.0,1.0,1.0,0,0,1,1
Serbia,SRB,2008,198.72,1,1.0,1.0,1.0,0,0,1,1
Serbia,SRB,2009,1013.765,1,1.0,1.0,0.0,0,0,0,0
Serbia,SRB,2010,0.0,0,1.0,1.0,0.0,0,0,0,0
Serbia,SRB,2011,0.0,0,0.0,1.0,0.0,0,0,0,0
Serbia,SRB,2012,0.0,0,0.0,0.0,0.0,0,0,0,0
Serbia,SRB,2013,0.0,0,0.0,0.0,0.0,0,0,0,0
Serbia,SRB,2014,0.0,0,0.0,0.0,0.0,0,0,0,0
Serbia,SRB,2015,0.0,0,0.0,0.0,0.0,0,0,0,0
Serbia,SRB,2016,0.0,0,0.0,0.0,0.0,0,0,0,0
Serbia,SRB,2017,0.0,0,0.0,0.0,0.0,0,0,0,0
Serbia,SRB,2018,0.0,0,0.0,0.0,0.0,0,0,0,0
Serbia,SRB,2019,0.0,0,0.0,0.0,0.0,0,0,0,0
Serbia,SRB,2020,0.0,0,0.0,0.0,0.0,0,0,0,0
Serbia,SRB,2021,0.0,0,0.0,0.0,0.0,0,0,0,0
Serbia,SRB,2022,0.0,0,0.0,0.0,0.0,0,0,0,0
Serbia,SRB,2023,0.0,0,0.0,0.0,,0,0,0,0
Seychelles,SYC,1960,,0,,,0.0,0,0,0,0
Seychelles,SYC,1961,,0,0.0,,0.0,0,0,0,0
Seychelles,SYC,1962,,0,0.0,0.0,0.0,0,0,0,0
Seychelles,SYC,1963,,0,0.0,0.0,0.0,0,0,0,0
Seychelles,SYC,1964,,0,0.0,0.0,0.0,0,0,0,0
Seychelles,SYC,1965,,0,0.0,0.0,0.0,0,0,0,0
Seychelles,SYC,1966,,0,0.0,0.0,0.0,0,0,0,0
Seychelles,SYC,1967,,0,0.0,0.0,0.0,0,0,0,0
Seychelles,SYC,1968,,0,0.0,0.0,0.0,0,0,0,0
Seychelles,SYC,1969,,0,0.0,0.0,0.0,0,0,0,0
Seychelles,SYC,1970,,0,0.0,0.0,0.0,0,0,0,0
Seychelles,SYC,1971,,0,0.0,0.0,0.0,0,0,0,0
Seychelles,SYC,1972,,0,0.0,0.0,0.0,0,0,0,0
Seychelles,SYC,1973,,0,0.0,0.0,0.0,0,0,0,0
Seychelles,SYC,1974,,0,0.0,0.0,0.0,0,0,0,0
Seychelles,SYC,1975,,0,0.0,0.0,0.0,0,0,0,0
Seychelles,SYC,1976,0.0,0,0.0,0.0,0.0,0,0,0,0
Seychelles,SYC,1977,0.0,0,0.0,0.0,0.0,0,0,0,0
Seychelles,SYC,1978,0.0,0,0.0,0.0,0.0,0,0,0,0
Seychelles,SYC,1979,0.0,0,0.0,0.0,0.0,0,0,0,0
Seychelles,SYC,1980,0.0,0,0.0,0.0,0.0,0,0,0,0
Seychelles,SYC,1981,0.0,0,0.0,0.0,0.0,0,0,0,0
Seychelles,SYC,1982,0.0,0,0.0,0.0,0.0,0,0,0,0
Seychelles,SYC,1983,0.0,0,0.0,0.0,1.0,1,1,1,0
Seychelles,SYC,1984,0.7999999999999999,1,0.0,0.0,0.0,0,0,0,0
Seychelles,SYC,1985,0.0,0,1.0,0.0,1.0,1,0,1,0
Seychelles,SYC,1986,2.5999999999999996,1,0.0,1.0,1.0,0,0,1,1
Seychelles,SYC,1987,5.4,1,1.0,0.0,1.0,0,0,1,1
Seychelles,SYC,1988,7.699999999999999,1,1.0,1.0,1.0,0,0,1,1
Seychelles,SYC,1989,7.1,1,1.0,1.0,1.0,0,0,1,1
Seychelles,SYC,1990,10.5,1,1.0,1.0,1.0,0,0,1,1
Seychelles,SYC,1991,16.1,1,1.0,1.0,1.0,0,0,1,1
Seychelles,SYC,1992,16.6,1,1.0,1.0,1.0,0,0,1,1
Seychelles,SYC,1993,16.7,1,1.0,1.0,1.0,0,0,1,1
Seychelles,SYC,1994,20.6,1,1.0,1.0,1.0,0,0,1,1
Seychelles,SYC,1995,22.3,1,1.0,1.0,1.0,0,0,1,1
Seychelles,SYC,1996,24.5,1,1.0,1.0,1.0,0,0,1,1
Seychelles,SYC,1997,29.0,1,1.0,1.0,1.0,0,0,1,1
Seychelles,SYC,1998,26.700000000000003,1,1.0,1.0,1.0,0,0,1,1
Seychelles,SYC,1999,24.5,1,1.0,1.0,1.0,0,0,1,1
Seychelles,SYC,2000,61.93864734299517,1,1.0,1.0,1.0,0,0,1,1
Seychelles,SYC,2001,113.33864734299516,1,1.0,1.0,1.0,0,0,1,1
Seychelles,SYC,2002,132.4,1,1.0,1.0,1.0,0,0,1,1
Seychelles,SYC,2003,131.33864734299516,1,1.0,1.0,1.0,0,0,1,1
Seychelles,SYC,2004,144.9,1,1.0,1.0,1.0,0,0,1,1
Seychelles,SYC,2005,172.6,1,1.0,1.0,1.0,0,0,1,1
Seychelles,SYC,2006,155.23864734299516,1,1.0,1.0,1.0,0,0,1,1
Seychelles,SYC,2007,172.3,1,1.0,1.0,1.0,0,0,1,1
Seychelles,SYC,2008,217.60000000000002,1,1.0,1.0,1.0,0,0,1,1
Seychelles,SYC,2009,483.0,1,1.0,1.0,1.0,0,0,1,1
Seychelles,SYC,2010,463.8,1,1.0,1.0,1.0,0,0,1,1
Seychelles,SYC,2011,76.4,1,1.0,1.0,1.0,0,0,1,1
Seychelles,SYC,2012,37.699999999999996,1,1.0,1.0,1.0,0,0,1,1
Seychelles,SYC,2013,35.199999999999996,1,1.0,1.0,0.0,0,0,0,0
Seychelles,SYC,2014,0.0,0,1.0,1.0,1.0,1,0,1,0
Seychelles,SYC,2015,30.0,1,0.0,1.0,0.0,0,0,0,0
Seychelles,SYC,2016,0.0,0,1.0,0.0,0.0,0,0,0,0
Seychelles,SYC,2017,0.0,0,0.0,1.0,1.0,1,1,1,0
Seychelles,SYC,2018,6.0,1,0.0,0.0,0.0,0,0,0,0
Seychelles,SYC,2019,0.0,0,1.0,0.0,0.0,0,0,0,0
Seychelles,SYC,2020,0.0,0,0.0,1.0,0.0,0,0,0,0
Seychelles,SYC,2021,0.0,0,0.0,0.0,0.0,0,0,0,0
Seychelles,SYC,2022,0.0,0,0.0,0.0,0.0,0,0,0,0
Seychelles,SYC,2023,0.0,0,0.0,0.0,,0,0,0,0
Sierra Leone,SLE,1960,,0,,,0.0,0,0,0,0
Sierra Leone,SLE,1961,0.0,0,0.0,,0.0,0,0,0,0
Sierra Leone,SLE,1962,0.0,0,0.0,0.0,0.0,0,0,0,0
Sierra Leone,SLE,1963,0.0,0,0.0,0.0,0.0,0,0,0,0
Sierra Leone,SLE,1964,0.0,0,0.0,0.0,0.0,0,0,0,0
Sierra Leone,SLE,1965,0.0,0,0.0,0.0,0.0,0,0,0,0
Sierra Leone,SLE,1966,0.0,0,0.0,0.0,0.0,0,0,0,0
Sierra Leone,SLE,1967,0.0,0,0.0,0.0,0.0,0,0,0,0
Sierra Leone,SLE,1968,0.0,0,0.0,0.0,0.0,0,0,0,0
Sierra Leone,SLE,1969,0.0,0,0.0,0.0,1.0,1,1,1,0
Sierra Leone,SLE,1970,0.0262864,1,0.0,0.0,1.0,0,0,1,1
Sierra Leone,SLE,1971,0.0838437,1,1.0,0.0,1.0,0,0,1,1
Sierra Leone,SLE,1972,0.0854634,1,1.0,1.0,1.0,0,0,1,1
Sierra Leone,SLE,1973,0.093033,1,1.0,1.0,1.0,0,0,1,1
Sierra Leone,SLE,1974,0.816222,1,1.0,1.0,1.0,0,0,1,1
Sierra Leone,SLE,1975,5.3542129,1,1.0,1.0,1.0,0,0,1,1
Sierra Leone,SLE,1976,18.6936522,1,1.0,1.0,1.0,0,0,1,1
Sierra Leone,SLE,1977,65.5238522,1,1.0,1.0,1.0,0,0,1,1
Sierra Leone,SLE,1978,25.919892700000002,1,1.0,1.0,1.0,0,0,1,1
Sierra Leone,SLE,1979,40.3199823,1,1.0,1.0,1.0,0,0,1,1
Sierra Leone,SLE,1980,60.9018489,1,1.0,1.0,1.0,0,0,1,1
Sierra Leone,SLE,1981,129.4434177,1,1.0,1.0,1.0,0,0,1,1
Sierra Leone,SLE,1982,174.2058409,1,1.0,1.0,1.0,0,0,1,1
Sierra Leone,SLE,1983,55.7027247,1,1.0,1.0,1.0,0,0,1,1
Sierra Leone,SLE,1984,59.0,1,1.0,1.0,1.0,0,0,1,1
Sierra Leone,SLE,1985,220.47591741861777,1,1.0,1.0,1.0,0,0,1,1
Sierra Leone,SLE,1986,269.12613147780814,1,1.0,1.0,1.0,0,0,1,1
Sierra Leone,SLE,1987,350.71932487274813,1,1.0,1.0,1.0,0,0,1,1
Sierra Leone,SLE,1988,468.03388728659553,1,1.0,1.0,1.0,0,0,1,1
Sierra Leone,SLE,1989,771.5377995250747,1,1.0,1.0,1.0,0,0,1,1
Sierra Leone,SLE,1990,886.1435681100332,1,1.0,1.0,1.0,0,0,1,1
Sierra Leone,SLE,1991,977.0039694880603,1,1.0,1.0,1.0,0,0,1,1
Sierra Leone,SLE,1992,1004.9448744449007,1,1.0,1.0,1.0,0,0,1,1
Sierra Leone,SLE,1993,446.72684440117166,1,1.0,1.0,1.0,0,0,1,1
Sierra Leone,SLE,1994,715.7016962343097,1,1.0,1.0,1.0,0,0,1,1
Sierra Leone,SLE,1995,609.9321775999999,1,1.0,1.0,1.0,0,0,1,1
Sierra Leone,SLE,1996,144.8595295,1,1.0,1.0,1.0,0,0,1,1
Sierra Leone,SLE,1997,178.1566558,1,1.0,1.0,1.0,0,0,1,1
Sierra Leone,SLE,1998,144.08461160000002,1,1.0,1.0,1.0,0,0,1,1
Sierra Leone,SLE,1999,165.9749515,1,1.0,1.0,1.0,0,0,1,1
Sierra Leone,SLE,2000,107.2226712,1,1.0,1.0,1.0,0,0,1,1
Sierra Leone,SLE,2001,208.4304473,1,1.0,1.0,1.0,0,0,1,1
Sierra Leone,SLE,2002,89.013896,1,1.0,1.0,1.0,0,0,1,1
Sierra Leone,SLE,2003,109.4845526,1,1.0,1.0,1.0,0,0,1,1
Sierra Leone,SLE,2004,100.78696839999999,1,1.0,1.0,1.0,0,0,1,1
Sierra Leone,SLE,2005,294.0704718,1,1.0,1.0,1.0,0,0,1,1
Sierra Leone,SLE,2006,519.8167507999999,1,1.0,1.0,1.0,0,0,1,1
Sierra Leone,SLE,2007,1176.0695449,1,1.0,1.0,1.0,0,0,1,1
Sierra Leone,SLE,2008,219.529397,1,1.0,1.0,1.0,0,0,1,1
Sierra Leone,SLE,2009,232.776804,1,1.0,1.0,1.0,0,0,1,1
Sierra Leone,SLE,2010,222.8044377,1,1.0,1.0,1.0,0,0,1,1
Sierra Leone,SLE,2011,219.7267307,1,1.0,1.0,1.0,0,0,1,1
Sierra Leone,SLE,2012,220.6912841,1,1.0,1.0,1.0,0,0,1,1
Sierra Leone,SLE,2013,205.5219218,1,1.0,1.0,1.0,0,0,1,1
Sierra Leone,SLE,2014,205.98249959999998,1,1.0,1.0,1.0,0,0,1,1
Sierra Leone,SLE,2015,202.2440239,1,1.0,1.0,1.0,0,0,1,1
Sierra Leone,SLE,2016,202.4386221,1,1.0,1.0,1.0,0,0,1,1
Sierra Leone,SLE,2017,202.7764325,1,1.0,1.0,1.0,0,0,1,1
Sierra Leone,SLE,2018,203.022372,1,1.0,1.0,1.0,0,0,1,1
Sierra Leone,SLE,2019,196.946212,1,1.0,1.0,1.0,0,0,1,1
Sierra Leone,SLE,2020,195.2540035,1,1.0,1.0,1.0,0,0,1,1
Sierra Leone,SLE,2021,203.10926369999999,1,1.0,1.0,1.0,0,0,1,1
Sierra Leone,SLE,2022,202.93,1,1.0,1.0,1.0,0,0,1,1
Sierra Leone,SLE,2023,213.0,1,1.0,1.0,,0,0,0,0
Sint Maarten,SXM,1960,,0,,,0.0,0,0,0,0
Sint Maarten,SXM,1961,,0,0.0,,0.0,0,0,0,0
Sint Maarten,SXM,1962,,0,0.0,0.0,0.0,0,0,0,0
Sint Maarten,SXM,1963,,0,0.0,0.0,0.0,0,0,0,0
Sint Maarten,SXM,1964,,0,0.0,0.0,0.0,0,0,0,0
Sint Maarten,SXM,1965,,0,0.0,0.0,0.0,0,0,0,0
Sint Maarten,SXM,1966,,0,0.0,0.0,0.0,0,0,0,0
Sint Maarten,SXM,1967,,0,0.0,0.0,0.0,0,0,0,0
Sint Maarten,SXM,1968,,0,0.0,0.0,0.0,0,0,0,0
Sint Maarten,SXM,1969,,0,0.0,0.0,0.0,0,0,0,0
Sint Maarten,SXM,1970,,0,0.0,0.0,0.0,0,0,0,0
Sint Maarten,SXM,1971,,0,0.0,0.0,0.0,0,0,0,0
Sint Maarten,SXM,1972,,0,0.0,0.0,0.0,0,0,0,0
Sint Maarten,SXM,1973,,0,0.0,0.0,0.0,0,0,0,0
Sint Maarten,SXM,1974,,0,0.0,0.0,0.0,0,0,0,0
Sint Maarten,SXM,1975,,0,0.0,0.0,0.0,0,0,0,0
Sint Maarten,SXM,1976,,0,0.0,0.0,0.0,0,0,0,0
Sint Maarten,SXM,1977,,0,0.0,0.0,0.0,0,0,0,0
Sint Maarten,SXM,1978,,0,0.0,0.0,0.0,0,0,0,0
Sint Maarten,SXM,1979,,0,0.0,0.0,0.0,0,0,0,0
Sint Maarten,SXM,1980,,0,0.0,0.0,0.0,0,0,0,0
Sint Maarten,SXM,1981,,0,0.0,0.0,0.0,0,0,0,0
Sint Maarten,SXM,1982,,0,0.0,0.0,0.0,0,0,0,0
Sint Maarten,SXM,1983,,0,0.0,0.0,0.0,0,0,0,0
Sint Maarten,SXM,1984,,0,0.0,0.0,0.0,0,0,0,0
Sint Maarten,SXM,1985,,0,0.0,0.0,0.0,0,0,0,0
Sint Maarten,SXM,1986,,0,0.0,0.0,0.0,0,0,0,0
Sint Maarten,SXM,1987,,0,0.0,0.0,0.0,0,0,0,0
Sint Maarten,SXM,1988,,0,0.0,0.0,0.0,0,0,0,0
Sint Maarten,SXM,1989,,0,0.0,0.0,0.0,0,0,0,0
Sint Maarten,SXM,1990,,0,0.0,0.0,0.0,0,0,0,0
Sint Maarten,SXM,1991,,0,0.0,0.0,0.0,0,0,0,0
Sint Maarten,SXM,1992,,0,0.0,0.0,0.0,0,0,0,0
Sint Maarten,SXM,1993,0.0,0,0.0,0.0,0.0,0,0,0,0
Sint Maarten,SXM,1994,0.0,0,0.0,0.0,0.0,0,0,0,0
Sint Maarten,SXM,1995,0.0,0,0.0,0.0,0.0,0,0,0,0
Sint Maarten,SXM,1996,0.0,0,0.0,0.0,0.0,0,0,0,0
Sint Maarten,SXM,1997,0.0,0,0.0,0.0,0.0,0,0,0,0
Sint Maarten,SXM,1998,0.0,0,0.0,0.0,0.0,0,0,0,0
Sint Maarten,SXM,1999,0.0,0,0.0,0.0,0.0,0,0,0,0
Sint Maarten,SXM,2000,0.0,0,0.0,0.0,0.0,0,0,0,0
Sint Maarten,SXM,2001,0.0,0,0.0,0.0,0.0,0,0,0,0
Sint Maarten,SXM,2002,0.0,0,0.0,0.0,0.0,0,0,0,0
Sint Maarten,SXM,2003,0.0,0,0.0,0.0,0.0,0,0,0,0
Sint Maarten,SXM,2004,0.0,0,0.0,0.0,0.0,0,0,0,0
Sint Maarten,SXM,2005,0.0,0,0.0,0.0,0.0,0,0,0,0
Sint Maarten,SXM,2006,0.0,0,0.0,0.0,0.0,0,0,0,0
Sint Maarten,SXM,2007,0.0,0,0.0,0.0,0.0,0,0,0,0
Sint Maarten,SXM,2008,0.0,0,0.0,0.0,0.0,0,0,0,0
Sint Maarten,SXM,2009,0.0,0,0.0,0.0,1.0,1,1,1,0
Sint Maarten,SXM,2010,413.4078212290503,1,0.0,0.0,0.0,0,0,0,0
Sint Maarten,SXM,2011,0.0,0,1.0,0.0,0.0,0,0,0,0
Sint Maarten,SXM,2012,0.0,0,0.0,1.0,0.0,0,0,0,0
Sint Maarten,SXM,2013,0.0,0,0.0,0.0,0.0,0,0,0,0
Sint Maarten,SXM,2014,0.0,0,0.0,0.0,0.0,0,0,0,0
Sint Maarten,SXM,2015,0.0,0,0.0,0.0,0.0,0,0,0,0
Sint Maarten,SXM,2016,0.0,0,0.0,0.0,0.0,0,0,0,0
Sint Maarten,SXM,2017,0.0,0,0.0,0.0,0.0,0,0,0,0
Sint Maarten,SXM,2018,0.0,0,0.0,0.0,0.0,0,0,0,0
Sint Maarten,SXM,2019,0.0,0,0.0,0.0,0.0,0,0,0,0
Sint Maarten,SXM,2020,0.0,0,0.0,0.0,0.0,0,0,0,0
Sint Maarten,SXM,2021,0.0,0,0.0,0.0,0.0,0,0,0,0
Sint Maarten,SXM,2022,0.0,0,0.0,0.0,0.0,0,0,0,0
Sint Maarten,SXM,2023,0.0,0,0.0,0.0,,0,0,0,0
Slovak Republic,SVK,1960,,0,,,0.0,0,0,0,0
Slovak Republic,SVK,1961,,0,0.0,,0.0,0,0,0,0
Slovak Republic,SVK,1962,,0,0.0,0.0,0.0,0,0,0,0
Slovak Republic,SVK,1963,,0,0.0,0.0,0.0,0,0,0,0
Slovak Republic,SVK,1964,,0,0.0,0.0,0.0,0,0,0,0
Slovak Republic,SVK,1965,,0,0.0,0.0,0.0,0,0,0,0
Slovak Republic,SVK,1966,,0,0.0,0.0,0.0,0,0,0,0
Slovak Republic,SVK,1967,,0,0.0,0.0,0.0,0,0,0,0
Slovak Republic,SVK,1968,,0,0.0,0.0,0.0,0,0,0,0
Slovak Republic,SVK,1969,,0,0.0,0.0,0.0,0,0,0,0
Slovak Republic,SVK,1970,,0,0.0,0.0,0.0,0,0,0,0
Slovak Republic,SVK,1971,,0,0.0,0.0,0.0,0,0,0,0
Slovak Republic,SVK,1972,,0,0.0,0.0,0.0,0,0,0,0
Slovak Republic,SVK,1973,,0,0.0,0.0,0.0,0,0,0,0
Slovak Republic,SVK,1974,,0,0.0,0.0,0.0,0,0,0,0
Slovak Republic,SVK,1975,,0,0.0,0.0,0.0,0,0,0,0
Slovak Republic,SVK,1976,,0,0.0,0.0,0.0,0,0,0,0
Slovak Republic,SVK,1977,,0,0.0,0.0,0.0,0,0,0,0
Slovak Republic,SVK,1978,,0,0.0,0.0,0.0,0,0,0,0
Slovak Republic,SVK,1979,,0,0.0,0.0,0.0,0,0,0,0
Slovak Republic,SVK,1980,,0,0.0,0.0,0.0,0,0,0,0
Slovak Republic,SVK,1981,,0,0.0,0.0,0.0,0,0,0,0
Slovak Republic,SVK,1982,,0,0.0,0.0,0.0,0,0,0,0
Slovak Republic,SVK,1983,,0,0.0,0.0,0.0,0,0,0,0
Slovak Republic,SVK,1984,,0,0.0,0.0,0.0,0,0,0,0
Slovak Republic,SVK,1985,,0,0.0,0.0,0.0,0,0,0,0
Slovak Republic,SVK,1986,,0,0.0,0.0,0.0,0,0,0,0
Slovak Republic,SVK,1987,,0,0.0,0.0,0.0,0,0,0,0
Slovak Republic,SVK,1988,,0,0.0,0.0,0.0,0,0,0,0
Slovak Republic,SVK,1989,,0,0.0,0.0,0.0,0,0,0,0
Slovak Republic,SVK,1990,,0,0.0,0.0,0.0,0,0,0,0
Slovak Republic,SVK,1991,,0,0.0,0.0,0.0,0,0,0,0
Slovak Republic,SVK,1992,,0,0.0,0.0,0.0,0,0,0,0
Slovak Republic,SVK,1993,,0,0.0,0.0,0.0,0,0,0,0
Slovak Republic,SVK,1994,,0,0.0,0.0,0.0,0,0,0,0
Slovak Republic,SVK,1995,,0,0.0,0.0,0.0,0,0,0,0
Slovak Republic,SVK,1996,,0,0.0,0.0,0.0,0,0,0,0
Slovak Republic,SVK,1997,,0,0.0,0.0,0.0,0,0,0,0
Slovak Republic,SVK,1998,,0,0.0,0.0,0.0,0,0,0,0
Slovak Republic,SVK,1999,,0,0.0,0.0,0.0,0,0,0,0
Slovak Republic,SVK,2000,,0,0.0,0.0,0.0,0,0,0,0
Slovak Republic,SVK,2001,,0,0.0,0.0,0.0,0,0,0,0
Slovak Republic,SVK,2002,,0,0.0,0.0,0.0,0,0,0,0
Slovak Republic,SVK,2003,,0,0.0,0.0,0.0,0,0,0,0
Slovak Republic,SVK,2004,,0,0.0,0.0,0.0,0,0,0,0
Slovak Republic,SVK,2005,,0,0.0,0.0,0.0,0,0,0,0
Slovak Republic,SVK,2006,,0,0.0,0.0,0.0,0,0,0,0
Slovak Republic,SVK,2007,,0,0.0,0.0,0.0,0,0,0,0
Slovak Republic,SVK,2008,,0,0.0,0.0,0.0,0,0,0,0
Slovak Republic,SVK,2009,,0,0.0,0.0,0.0,0,0,0,0
Slovak Republic,SVK,2010,,0,0.0,0.0,0.0,0,0,0,0
Slovak Republic,SVK,2011,,0,0.0,0.0,0.0,0,0,0,0
Slovak Republic,SVK,2012,,0,0.0,0.0,0.0,0,0,0,0
Slovak Republic,SVK,2013,,0,0.0,0.0,0.0,0,0,0,0
Slovak Republic,SVK,2014,,0,0.0,0.0,0.0,0,0,0,0
Slovak Republic,SVK,2015,,0,0.0,0.0,0.0,0,0,0,0
Slovak Republic,SVK,2016,,0,0.0,0.0,0.0,0,0,0,0
Slovak Republic,SVK,2017,,0,0.0,0.0,0.0,0,0,0,0
Slovak Republic,SVK,2018,,0,0.0,0.0,0.0,0,0,0,0
Slovak Republic,SVK,2019,,0,0.0,0.0,0.0,0,0,0,0
Slovak Republic,SVK,2020,,0,0.0,0.0,0.0,0,0,0,0
Slovak Republic,SVK,2021,,0,0.0,0.0,0.0,0,0,0,0
Slovak Republic,SVK,2022,,0,0.0,0.0,0.0,0,0,0,0
Slovak Republic,SVK,2023,,0,0.0,0.0,,0,0,0,0
Slovenia,SVN,1960,,0,,,0.0,0,0,0,0
Slovenia,SVN,1961,,0,0.0,,0.0,0,0,0,0
Slovenia,SVN,1962,,0,0.0,0.0,0.0,0,0,0,0
Slovenia,SVN,1963,,0,0.0,0.0,0.0,0,0,0,0
Slovenia,SVN,1964,,0,0.0,0.0,0.0,0,0,0,0
Slovenia,SVN,1965,,0,0.0,0.0,0.0,0,0,0,0
Slovenia,SVN,1966,,0,0.0,0.0,0.0,0,0,0,0
Slovenia,SVN,1967,,0,0.0,0.0,0.0,0,0,0,0
Slovenia,SVN,1968,,0,0.0,0.0,0.0,0,0,0,0
Slovenia,SVN,1969,,0,0.0,0.0,0.0,0,0,0,0
Slovenia,SVN,1970,,0,0.0,0.0,0.0,0,0,0,0
Slovenia,SVN,1971,,0,0.0,0.0,0.0,0,0,0,0
Slovenia,SVN,1972,,0,0.0,0.0,0.0,0,0,0,0
Slovenia,SVN,1973,,0,0.0,0.0,0.0,0,0,0,0
Slovenia,SVN,1974,,0,0.0,0.0,0.0,0,0,0,0
Slovenia,SVN,1975,,0,0.0,0.0,0.0,0,0,0,0
Slovenia,SVN,1976,,0,0.0,0.0,0.0,0,0,0,0
Slovenia,SVN,1977,,0,0.0,0.0,0.0,0,0,0,0
Slovenia,SVN,1978,,0,0.0,0.0,0.0,0,0,0,0
Slovenia,SVN,1979,,0,0.0,0.0,0.0,0,0,0,0
Slovenia,SVN,1980,,0,0.0,0.0,0.0,0,0,0,0
Slovenia,SVN,1981,,0,0.0,0.0,0.0,0,0,0,0
Slovenia,SVN,1982,,0,0.0,0.0,0.0,0,0,0,0
Slovenia,SVN,1983,,0,0.0,0.0,0.0,0,0,0,0
Slovenia,SVN,1984,,0,0.0,0.0,0.0,0,0,0,0
Slovenia,SVN,1985,,0,0.0,0.0,0.0,0,0,0,0
Slovenia,SVN,1986,,0,0.0,0.0,0.0,0,0,0,0
Slovenia,SVN,1987,,0,0.0,0.0,0.0,0,0,0,0
Slovenia,SVN,1988,,0,0.0,0.0,0.0,0,0,0,0
Slovenia,SVN,1989,,0,0.0,0.0,0.0,0,0,0,0
Slovenia,SVN,1990,,0,0.0,0.0,0.0,0,0,0,0
Slovenia,SVN,1991,,0,0.0,0.0,1.0,1,1,1,0
Slovenia,SVN,1992,928.5393840155199,1,0.0,0.0,1.0,0,0,1,1
Slovenia,SVN,1993,677.2758669599999,1,1.0,0.0,1.0,0,0,1,1
Slovenia,SVN,1994,714.42602,1,1.0,1.0,1.0,0,0,1,1
Slovenia,SVN,1995,764.092,1,1.0,1.0,1.0,0,0,1,1
Slovenia,SVN,1996,1681.0,1,1.0,1.0,0.0,0,0,0,0
Slovenia,SVN,1997,0.0,0,1.0,1.0,0.0,0,0,0,0
Slovenia,SVN,1998,0.0,0,0.0,1.0,0.0,0,0,0,0
Slovenia,SVN,1999,0.0,0,0.0,0.0,0.0,0,0,0,0
Slovenia,SVN,2000,0.0,0,0.0,0.0,0.0,0,0,0,0
Slovenia,SVN,2001,0.0,0,0.0,0.0,1.0,1,1,1,0
Slovenia,SVN,2002,633.0,1,0.0,0.0,0.0,0,0,0,0
Slovenia,SVN,2003,0.0,0,1.0,0.0,0.0,0,0,0,0
Slovenia,SVN,2004,0.0,0,0.0,1.0,0.0,0,0,0,0
Slovenia,SVN,2005,0.0,0,0.0,0.0,0.0,0,0,0,0
Slovenia,SVN,2006,0.0,0,0.0,0.0,0.0,0,0,0,0
Slovenia,SVN,2007,0.0,0,0.0,0.0,0.0,0,0,0,0
Slovenia,SVN,2008,0.0,0,0.0,0.0,0.0,0,0,0,0
Slovenia,SVN,2009,0.0,0,0.0,0.0,0.0,0,0,0,0
Slovenia,SVN,2010,0.0,0,0.0,0.0,0.0,0,0,0,0
Slovenia,SVN,2011,0.0,0,0.0,0.0,0.0,0,0,0,0
Slovenia,SVN,2012,0.0,0,0.0,0.0,0.0,0,0,0,0
Slovenia,SVN,2013,0.0,0,0.0,0.0,0.0,0,0,0,0
Slovenia,SVN,2014,0.0,0,0.0,0.0,0.0,0,0,0,0
Slovenia,SVN,2015,0.0,0,0.0,0.0,0.0,0,0,0,0
Slovenia,SVN,2016,0.0,0,0.0,0.0,0.0,0,0,0,0
Slovenia,SVN,2017,0.0,0,0.0,0.0,0.0,0,0,0,0
Slovenia,SVN,2018,0.0,0,0.0,0.0,0.0,0,0,0,0
Slovenia,SVN,2019,0.0,0,0.0,0.0,0.0,0,0,0,0
Slovenia,SVN,2020,0.0,0,0.0,0.0,0.0,0,0,0,0
Slovenia,SVN,2021,0.0,0,0.0,0.0,0.0,0,0,0,0
Slovenia,SVN,2022,0.0,0,0.0,0.0,0.0,0,0,0,0
Slovenia,SVN,2023,0.0,0,0.0,0.0,,0,0,0,0
Solomon Islands,SLB,1960,,0,,,0.0,0,0,0,0
Solomon Islands,SLB,1961,,0,0.0,,0.0,0,0,0,0
Solomon Islands,SLB,1962,,0,0.0,0.0,0.0,0,0,0,0
Solomon Islands,SLB,1963,,0,0.0,0.0,0.0,0,0,0,0
Solomon Islands,SLB,1964,,0,0.0,0.0,0.0,0,0,0,0
Solomon Islands,SLB,1965,,0,0.0,0.0,0.0,0,0,0,0
Solomon Islands,SLB,1966,,0,0.0,0.0,0.0,0,0,0,0
Solomon Islands,SLB,1967,,0,0.0,0.0,0.0,0,0,0,0
Solomon Islands,SLB,1968,,0,0.0,0.0,0.0,0,0,0,0
Solomon Islands,SLB,1969,,0,0.0,0.0,0.0,0,0,0,0
Solomon Islands,SLB,1970,,0,0.0,0.0,0.0,0,0,0,0
Solomon Islands,SLB,1971,,0,0.0,0.0,0.0,0,0,0,0
Solomon Islands,SLB,1972,,0,0.0,0.0,0.0,0,0,0,0
Solomon Islands,SLB,1973,,0,0.0,0.0,0.0,0,0,0,0
Solomon Islands,SLB,1974,,0,0.0,0.0,0.0,0,0,0,0
Solomon Islands,SLB,1975,,0,0.0,0.0,0.0,0,0,0,0
Solomon Islands,SLB,1976,,0,0.0,0.0,0.0,0,0,0,0
Solomon Islands,SLB,1977,,0,0.0,0.0,0.0,0,0,0,0
Solomon Islands,SLB,1978,0.0,0,0.0,0.0,0.0,0,0,0,0
Solomon Islands,SLB,1979,0.0,0,0.0,0.0,0.0,0,0,0,0
Solomon Islands,SLB,1980,0.0,0,0.0,0.0,0.0,0,0,0,0
Solomon Islands,SLB,1981,0.0,0,0.0,0.0,0.0,0,0,0,0
Solomon Islands,SLB,1982,0.0,0,0.0,0.0,0.0,0,0,0,0
Solomon Islands,SLB,1983,0.0,0,0.0,0.0,0.0,0,0,0,0
Solomon Islands,SLB,1984,0.0,0,0.0,0.0,0.0,0,0,0,0
Solomon Islands,SLB,1985,0.0,0,0.0,0.0,0.0,0,0,0,0
Solomon Islands,SLB,1986,0.0,0,0.0,0.0,0.0,0,0,0,0
Solomon Islands,SLB,1987,0.0,0,0.0,0.0,0.0,0,0,0,0
Solomon Islands,SLB,1988,0.0,0,0.0,0.0,0.0,0,0,0,0
Solomon Islands,SLB,1989,0.0,0,0.0,0.0,1.0,1,1,1,0
Solomon Islands,SLB,1990,0.31,1,0.0,0.0,1.0,0,0,1,1
Solomon Islands,SLB,1991,0.23505376344086018,1,1.0,0.0,1.0,0,0,1,1
Solomon Islands,SLB,1992,9.81248387096774,1,1.0,1.0,0.0,0,0,0,0
Solomon Islands,SLB,1993,0.0,0,1.0,1.0,1.0,1,0,1,0
Solomon Islands,SLB,1994,1.183,1,0.0,1.0,1.0,0,0,1,1
Solomon Islands,SLB,1995,76.094,1,1.0,0.0,1.0,0,0,1,1
Solomon Islands,SLB,1996,71.011,1,1.0,1.0,1.0,0,0,1,1
Solomon Islands,SLB,1997,81.086,1,1.0,1.0,1.0,0,0,1,1
Solomon Islands,SLB,1998,74.857,1,1.0,1.0,1.0,0,0,1,1
Solomon Islands,SLB,1999,71.077,1,1.0,1.0,1.0,0,0,1,1
Solomon Islands,SLB,2000,78.8705564,1,1.0,1.0,1.0,0,0,1,1
Solomon Islands,SLB,2001,86.215758,1,1.0,1.0,1.0,0,0,1,1
Solomon Islands,SLB,2002,98.9295035,1,1.0,1.0,1.0,0,0,1,1
Solomon Islands,SLB,2003,113.7658936,1,1.0,1.0,1.0,0,0,1,1
Solomon Islands,SLB,2004,88.9045161,1,1.0,1.0,1.0,0,0,1,1
Solomon Islands,SLB,2005,93.3499282,1,1.0,1.0,1.0,0,0,1,1
Solomon Islands,SLB,2006,95.2347979,1,1.0,1.0,1.0,0,0,1,1
Solomon Islands,SLB,2007,21.180216700000003,1,1.0,1.0,1.0,0,0,1,1
Solomon Islands,SLB,2008,12.4101819,1,1.0,1.0,1.0,0,0,1,1
Solomon Islands,SLB,2009,10.4607659,1,1.0,1.0,1.0,0,0,1,1
Solomon Islands,SLB,2010,13.1062674,1,1.0,1.0,1.0,0,0,1,1
Solomon Islands,SLB,2011,25.3044763,1,1.0,1.0,1.0,0,0,1,1
Solomon Islands,SLB,2012,0.001,1,1.0,1.0,0.0,0,0,0,0
Solomon Islands,SLB,2013,0.0,0,1.0,1.0,0.0,0,0,0,0
Solomon Islands,SLB,2014,0.0,0,0.0,1.0,0.0,0,0,0,0
Solomon Islands,SLB,2015,0.0,0,0.0,0.0,0.0,0,0,0,0
Solomon Islands,SLB,2016,0.0,0,0.0,0.0,0.0,0,0,0,0
Solomon Islands,SLB,2017,0.0,0,0.0,0.0,0.0,0,0,0,0
Solomon Islands,SLB,2018,0.0,0,0.0,0.0,0.0,0,0,0,0
Solomon Islands,SLB,2019,0.0,0,0.0,0.0,0.0,0,0,0,0
Solomon Islands,SLB,2020,0.0,0,0.0,0.0,0.0,0,0,0,0
Solomon Islands,SLB,2021,0.0,0,0.0,0.0,0.0,0,0,0,0
Solomon Islands,SLB,2022,0.0,0,0.0,0.0,0.0,0,0,0,0
Solomon Islands,SLB,2023,0.0,0,0.0,0.0,,0,0,0,0
Somalia,SOM,1960,0.0,0,,,0.0,0,0,0,0
Somalia,SOM,1961,0.0,0,0.0,,0.0,0,0,0,0
Somalia,SOM,1962,0.0,0,0.0,0.0,0.0,0,0,0,0
Somalia,SOM,1963,0.0,0,0.0,0.0,0.0,0,0,0,0
Somalia,SOM,1964,0.0,0,0.0,0.0,0.0,0,0,0,0
Somalia,SOM,1965,0.0,0,0.0,0.0,0.0,0,0,0,0
Somalia,SOM,1966,0.0,0,0.0,0.0,0.0,0,0,0,0
Somalia,SOM,1967,0.0,0,0.0,0.0,0.0,0,0,0,0
Somalia,SOM,1968,0.0,0,0.0,0.0,0.0,0,0,0,0
Somalia,SOM,1969,0.0,0,0.0,0.0,0.0,0,0,0,0
Somalia,SOM,1970,0.0,0,0.0,0.0,0.0,0,0,0,0
Somalia,SOM,1971,0.0,0,0.0,0.0,0.0,0,0,0,0
Somalia,SOM,1972,0.0,0,0.0,0.0,0.0,0,0,0,0
Somalia,SOM,1973,0.0,0,0.0,0.0,1.0,1,1,1,0
Somalia,SOM,1974,0.56,1,0.0,0.0,1.0,0,0,1,1
Somalia,SOM,1975,1.497,1,1.0,0.0,1.0,0,0,1,1
Somalia,SOM,1976,3.589978,1,1.0,1.0,1.0,0,0,1,1
Somalia,SOM,1977,7.472076400000001,1,1.0,1.0,1.0,0,0,1,1
Somalia,SOM,1978,11.356563,1,1.0,1.0,1.0,0,0,1,1
Somalia,SOM,1979,17.9191882,1,1.0,1.0,1.0,0,0,1,1
Somalia,SOM,1980,20.1798192,1,1.0,1.0,1.0,0,0,1,1
Somalia,SOM,1981,49.68572270000001,1,1.0,1.0,1.0,0,0,1,1
Somalia,SOM,1982,88.1540584,1,1.0,1.0,1.0,0,0,1,1
Somalia,SOM,1983,157.9267378,1,1.0,1.0,1.0,0,0,1,1
Somalia,SOM,1984,257.10056729999997,1,1.0,1.0,1.0,0,0,1,1
Somalia,SOM,1985,343.8540948524855,1,1.0,1.0,1.0,0,0,1,1
Somalia,SOM,1986,381.08689922576997,1,1.0,1.0,1.0,0,0,1,1
Somalia,SOM,1987,436.42428659344046,1,1.0,1.0,1.0,0,0,1,1
Somalia,SOM,1988,576.0320094008865,1,1.0,1.0,1.0,0,0,1,1
Somalia,SOM,1989,577.0807352636618,1,1.0,1.0,1.0,0,0,1,1
Somalia,SOM,1990,1142.3518007422942,1,1.0,1.0,1.0,0,0,1,1
Somalia,SOM,1991,1330.1145904852906,1,1.0,1.0,1.0,0,0,1,1
Somalia,SOM,1992,1453.8240250742954,1,1.0,1.0,1.0,0,0,1,1
Somalia,SOM,1993,1613.1254268499915,1,1.0,1.0,1.0,0,0,1,1
Somalia,SOM,1994,1820.645483900943,1,1.0,1.0,1.0,0,0,1,1
Somalia,SOM,1995,1977.7746662412683,1,1.0,1.0,1.0,0,0,1,1
Somalia,SOM,1996,2037.3919299140575,1,1.0,1.0,1.0,0,0,1,1
Somalia,SOM,1997,2052.405783299116,1,1.0,1.0,1.0,0,0,1,1
Somalia,SOM,1998,2172.715378864534,1,1.0,1.0,1.0,0,0,1,1
Somalia,SOM,1999,2199.7530612348655,1,1.0,1.0,1.0,0,0,1,1
Somalia,SOM,2000,4366.200089969439,1,1.0,1.0,1.0,0,0,1,1
Somalia,SOM,2001,4369.220198042662,1,1.0,1.0,1.0,0,0,1,1
Somalia,SOM,2002,4419.430086661935,1,1.0,1.0,1.0,0,0,1,1
Somalia,SOM,2003,4476.35050085308,1,1.0,1.0,1.0,0,0,1,1
Somalia,SOM,2004,4517.587013386538,1,1.0,1.0,1.0,0,0,1,1
Somalia,SOM,2005,4492.768416761798,1,1.0,1.0,1.0,0,0,1,1
Somalia,SOM,2006,2840.673343774905,1,1.0,1.0,1.0,0,0,1,1
Somalia,SOM,2007,2965.7255577005108,1,1.0,1.0,1.0,0,0,1,1
Somalia,SOM,2008,3059.7852717527567,1,1.0,1.0,1.0,0,0,1,1
Somalia,SOM,2009,3137.5852463708216,1,1.0,1.0,1.0,0,0,1,1
Somalia,SOM,2010,3164.1670054122783,1,1.0,1.0,1.0,0,0,1,1
Somalia,SOM,2011,3210.6816571939885,1,1.0,1.0,1.0,0,0,1,1
Somalia,SOM,2012,3251.0552937751354,1,1.0,1.0,1.0,0,0,1,1
Somalia,SOM,2013,3291.6733141233417,1,1.0,1.0,1.0,0,0,1,1
Somalia,SOM,2014,3340.543580751463,1,1.0,1.0,1.0,0,0,1,1
Somalia,SOM,2015,3285.7154504468044,1,1.0,1.0,1.0,0,0,1,1
Somalia,SOM,2016,3336.9946413890257,1,1.0,1.0,1.0,0,0,1,1
Somalia,SOM,2017,3544.764128196225,1,1.0,1.0,1.0,0,0,1,1
Somalia,SOM,2018,4668.2044731000005,1,1.0,1.0,1.0,0,0,1,1
Somalia,SOM,2019,6147.34,1,1.0,1.0,1.0,0,0,1,1
Somalia,SOM,2020,5258.0,1,1.0,1.0,1.0,0,0,1,1
Somalia,SOM,2021,2826.0,1,1.0,1.0,1.0,0,0,1,1
Somalia,SOM,2022,2043.0,1,1.0,1.0,1.0,0,0,1,1
Somalia,SOM,2023,1887.0,1,1.0,1.0,,0,0,0,0
South Africa,ZAF,1960,0.0,0,,,0.0,0,0,0,0
South Africa,ZAF,1961,0.0,0,0.0,,0.0,0,0,0,0
South Africa,ZAF,1962,0.0,0,0.0,0.0,0.0,0,0,0,0
South Africa,ZAF,1963,0.0,0,0.0,0.0,0.0,0,0,0,0
South Africa,ZAF,1964,0.0,0,0.0,0.0,0.0,0,0,0,0
South Africa,ZAF,1965,0.0,0,0.0,0.0,0.0,0,0,0,0
South Africa,ZAF,1966,0.0,0,0.0,0.0,0.0,0,0,0,0
South Africa,ZAF,1967,0.0,0,0.0,0.0,0.0,0,0,0,0
South Africa,ZAF,1968,0.0,0,0.0,0.0,0.0,0,0,0,0
South Africa,ZAF,1969,0.0,0,0.0,0.0,0.0,0,0,0,0
South Africa,ZAF,1970,0.0,0,0.0,0.0,0.0,0,0,0,0
South Africa,ZAF,1971,0.0,0,0.0,0.0,0.0,0,0,0,0
South Africa,ZAF,1972,0.0,0,0.0,0.0,0.0,0,0,0,0
South Africa,ZAF,1973,0.0,0,0.0,0.0,0.0,0,0,0,0
South Africa,ZAF,1974,0.0,0,0.0,0.0,0.0,0,0,0,0
South Africa,ZAF,1975,0.0,0,0.0,0.0,0.0,0,0,0,0
South Africa,ZAF,1976,0.0,0,0.0,0.0,0.0,0,0,0,0
South Africa,ZAF,1977,0.0,0,0.0,0.0,0.0,0,0,0,0
South Africa,ZAF,1978,0.0,0,0.0,0.0,0.0,0,0,0,0
South Africa,ZAF,1979,0.0,0,0.0,0.0,0.0,0,0,0,0
South Africa,ZAF,1980,0.0,0,0.0,0.0,0.0,0,0,0,0
South Africa,ZAF,1981,0.0,0,0.0,0.0,0.0,0,0,0,0
South Africa,ZAF,1982,0.0,0,0.0,0.0,0.0,0,0,0,0
South Africa,ZAF,1983,0.0,0,0.0,0.0,0.0,0,0,0,0
South Africa,ZAF,1984,0.0,0,0.0,0.0,1.0,1,1,1,0
South Africa,ZAF,1985,13628.0,1,0.0,0.0,1.0,0,0,1,1
South Africa,ZAF,1986,16900.0,1,1.0,0.0,1.0,0,0,1,1
South Africa,ZAF,1987,16900.0,1,1.0,1.0,0.0,0,0,0,0
South Africa,ZAF,1988,0.0,0,1.0,1.0,1.0,1,0,1,0
South Africa,ZAF,1989,7500.0,1,0.0,1.0,0.0,0,0,0,0
South Africa,ZAF,1990,0.0,0,1.0,0.0,0.0,0,0,0,0
South Africa,ZAF,1991,0.0,0,0.0,1.0,0.0,0,0,0,0
South Africa,ZAF,1992,0.0,0,0.0,0.0,1.0,1,1,1,0
South Africa,ZAF,1993,5000.0,1,0.0,0.0,0.0,0,0,0,0
South Africa,ZAF,1994,0.0,0,1.0,0.0,0.0,0,0,0,0
South Africa,ZAF,1995,0.0,0,0.0,1.0,0.0,0,0,0,0
South Africa,ZAF,1996,0.0,0,0.0,0.0,0.0,0,0,0,0
South Africa,ZAF,1997,0.0,0,0.0,0.0,0.0,0,0,0,0
South Africa,ZAF,1998,0.0,0,0.0,0.0,0.0,0,0,0,0
South Africa,ZAF,1999,0.0,0,0.0,0.0,0.0,0,0,0,0
South Africa,ZAF,2000,0.0,0,0.0,0.0,0.0,0,0,0,0
South Africa,ZAF,2001,0.0,0,0.0,0.0,0.0,0,0,0,0
South Africa,ZAF,2002,0.0,0,0.0,0.0,0.0,0,0,0,0
South Africa,ZAF,2003,0.0,0,0.0,0.0,1.0,1,1,1,0
South Africa,ZAF,2004,0.049696300000000006,1,0.0,0.0,1.0,0,0,1,1
South Africa,ZAF,2005,0.0714635,1,1.0,0.0,0.0,0,0,0,0
South Africa,ZAF,2006,0.0,0,1.0,1.0,1.0,1,0,1,0
South Africa,ZAF,2007,1222.445,1,0.0,1.0,0.0,0,0,0,0
South Africa,ZAF,2008,0.0,0,1.0,0.0,0.0,0,0,0,0
South Africa,ZAF,2009,0.0,0,0.0,1.0,0.0,0,0,0,0
South Africa,ZAF,2010,0.0,0,0.0,0.0,0.0,0,0,0,0
South Africa,ZAF,2011,0.0,0,0.0,0.0,0.0,0,0,0,0
South Africa,ZAF,2012,0.0,0,0.0,0.0,0.0,0,0,0,0
South Africa,ZAF,2013,0.0,0,0.0,0.0,0.0,0,0,0,0
South Africa,ZAF,2014,0.0,0,0.0,0.0,0.0,0,0,0,0
South Africa,ZAF,2015,0.0,0,0.0,0.0,0.0,0,0,0,0
South Africa,ZAF,2016,0.0,0,0.0,0.0,0.0,0,0,0,0
South Africa,ZAF,2017,0.0,0,0.0,0.0,0.0,0,0,0,0
South Africa,ZAF,2018,0.0,0,0.0,0.0,0.0,0,0,0,0
South Africa,ZAF,2019,0.0,0,0.0,0.0,0.0,0,0,0,0
South Africa,ZAF,2020,0.0,0,0.0,0.0,0.0,0,0,0,0
South Africa,ZAF,2021,0.0,0,0.0,0.0,0.0,0,0,0,0
South Africa,ZAF,2022,0.0,0,0.0,0.0,0.0,0,0,0,0
South Africa,ZAF,2023,0.0,0,0.0,0.0,,0,0,0,0
South Sudan,SSD,1960,,0,,,0.0,0,0,0,0
South Sudan,SSD,1961,,0,0.0,,0.0,0,0,0,0
South Sudan,SSD,1962,,0,0.0,0.0,0.0,0,0,0,0
South Sudan,SSD,1963,,0,0.0,0.0,0.0,0,0,0,0
South Sudan,SSD,1964,,0,0.0,0.0,0.0,0,0,0,0
South Sudan,SSD,1965,,0,0.0,0.0,0.0,0,0,0,0
South Sudan,SSD,1966,,0,0.0,0.0,0.0,0,0,0,0
South Sudan,SSD,1967,,0,0.0,0.0,0.0,0,0,0,0
South Sudan,SSD,1968,,0,0.0,0.0,0.0,0,0,0,0
South Sudan,SSD,1969,,0,0.0,0.0,0.0,0,0,0,0
South Sudan,SSD,1970,,0,0.0,0.0,0.0,0,0,0,0
South Sudan,SSD,1971,,0,0.0,0.0,0.0,0,0,0,0
South Sudan,SSD,1972,,0,0.0,0.0,0.0,0,0,0,0
South Sudan,SSD,1973,,0,0.0,0.0,0.0,0,0,0,0
South Sudan,SSD,1974,,0,0.0,0.0,0.0,0,0,0,0
South Sudan,SSD,1975,,0,0.0,0.0,0.0,0,0,0,0
South Sudan,SSD,1976,,0,0.0,0.0,0.0,0,0,0,0
South Sudan,SSD,1977,,0,0.0,0.0,0.0,0,0,0,0
South Sudan,SSD,1978,,0,0.0,0.0,0.0,0,0,0,0
South Sudan,SSD,1979,,0,0.0,0.0,0.0,0,0,0,0
South Sudan,SSD,1980,,0,0.0,0.0,0.0,0,0,0,0
South Sudan,SSD,1981,,0,0.0,0.0,0.0,0,0,0,0
South Sudan,SSD,1982,,0,0.0,0.0,0.0,0,0,0,0
South Sudan,SSD,1983,,0,0.0,0.0,0.0,0,0,0,0
South Sudan,SSD,1984,,0,0.0,0.0,0.0,0,0,0,0
South Sudan,SSD,1985,,0,0.0,0.0,0.0,0,0,0,0
South Sudan,SSD,1986,,0,0.0,0.0,0.0,0,0,0,0
South Sudan,SSD,1987,,0,0.0,0.0,0.0,0,0,0,0
South Sudan,SSD,1988,,0,0.0,0.0,0.0,0,0,0,0
South Sudan,SSD,1989,,0,0.0,0.0,0.0,0,0,0,0
South Sudan,SSD,1990,,0,0.0,0.0,0.0,0,0,0,0
South Sudan,SSD,1991,,0,0.0,0.0,0.0,0,0,0,0
South Sudan,SSD,1992,,0,0.0,0.0,0.0,0,0,0,0
South Sudan,SSD,1993,,0,0.0,0.0,0.0,0,0,0,0
South Sudan,SSD,1994,,0,0.0,0.0,0.0,0,0,0,0
South Sudan,SSD,1995,,0,0.0,0.0,0.0,0,0,0,0
South Sudan,SSD,1996,,0,0.0,0.0,0.0,0,0,0,0
South Sudan,SSD,1997,,0,0.0,0.0,0.0,0,0,0,0
South Sudan,SSD,1998,,0,0.0,0.0,0.0,0,0,0,0
South Sudan,SSD,1999,,0,0.0,0.0,0.0,0,0,0,0
South Sudan,SSD,2000,,0,0.0,0.0,0.0,0,0,0,0
South Sudan,SSD,2001,,0,0.0,0.0,0.0,0,0,0,0
South Sudan,SSD,2002,,0,0.0,0.0,0.0,0,0,0,0
South Sudan,SSD,2003,,0,0.0,0.0,0.0,0,0,0,0
South Sudan,SSD,2004,,0,0.0,0.0,0.0,0,0,0,0
South Sudan,SSD,2005,,0,0.0,0.0,0.0,0,0,0,0
South Sudan,SSD,2006,,0,0.0,0.0,0.0,0,0,0,0
South Sudan,SSD,2007,,0,0.0,0.0,0.0,0,0,0,0
South Sudan,SSD,2008,,0,0.0,0.0,0.0,0,0,0,0
South Sudan,SSD,2009,,0,0.0,0.0,0.0,0,0,0,0
South Sudan,SSD,2010,0.0,0,0.0,0.0,0.0,0,0,0,0
South Sudan,SSD,2011,0.0,0,0.0,0.0,0.0,0,0,0,0
South Sudan,SSD,2012,0.0,0,0.0,0.0,1.0,1,1,1,0
South Sudan,SSD,2013,374.0,1,0.0,0.0,1.0,0,0,1,1
South Sudan,SSD,2014,1584.0,1,1.0,0.0,1.0,0,0,1,1
South Sudan,SSD,2015,1728.0,1,1.0,1.0,1.0,0,0,1,1
South Sudan,SSD,2016,2040.0,1,1.0,1.0,1.0,0,0,1,1
South Sudan,SSD,2017,1869.0,1,1.0,1.0,1.0,0,0,1,1
South Sudan,SSD,2018,719.0,1,1.0,1.0,1.0,0,0,1,1
South Sudan,SSD,2019,627.0,1,1.0,1.0,1.0,0,0,1,1
South Sudan,SSD,2020,652.0,1,1.0,1.0,0.0,0,0,0,0
South Sudan,SSD,2021,0.0,0,1.0,1.0,0.0,0,0,0,0
South Sudan,SSD,2022,0.0,0,0.0,1.0,1.0,1,1,1,0
South Sudan,SSD,2023,36.0,1,0.0,0.0,,0,0,0,0
Sri Lanka,LKA,1960,0.0,0,,,0.0,0,0,0,0
Sri Lanka,LKA,1961,0.0,0,0.0,,0.0,0,0,0,0
Sri Lanka,LKA,1962,0.0,0,0.0,0.0,0.0,0,0,0,0
Sri Lanka,LKA,1963,0.0,0,0.0,0.0,0.0,0,0,0,0
Sri Lanka,LKA,1964,0.0,0,0.0,0.0,0.0,0,0,0,0
Sri Lanka,LKA,1965,0.0,0,0.0,0.0,0.0,0,0,0,0
Sri Lanka,LKA,1966,0.0,0,0.0,0.0,0.0,0,0,0,0
Sri Lanka,LKA,1967,0.0,0,0.0,0.0,0.0,0,0,0,0
Sri Lanka,LKA,1968,0.0,0,0.0,0.0,0.0,0,0,0,0
Sri Lanka,LKA,1969,0.0,0,0.0,0.0,0.0,0,0,0,0
Sri Lanka,LKA,1970,0.0,0,0.0,0.0,1.0,1,1,1,0
Sri Lanka,LKA,1971,1.9329408000000001,1,0.0,0.0,1.0,0,0,1,1
Sri Lanka,LKA,1972,0.3780441,1,1.0,0.0,1.0,0,0,1,1
Sri Lanka,LKA,1973,0.2114112,1,1.0,1.0,1.0,0,0,1,1
Sri Lanka,LKA,1974,0.2090165,1,1.0,1.0,1.0,0,0,1,1
Sri Lanka,LKA,1975,0.0182115,1,1.0,1.0,1.0,0,0,1,1
Sri Lanka,LKA,1976,0.5510706,1,1.0,1.0,1.0,0,0,1,1
Sri Lanka,LKA,1977,0.30906,1,1.0,1.0,0.0,0,0,0,0
Sri Lanka,LKA,1978,0.0,0,1.0,1.0,0.0,0,0,0,0
Sri Lanka,LKA,1979,0.0,0,0.0,1.0,0.0,0,0,0,0
Sri Lanka,LKA,1980,0.0,0,0.0,0.0,0.0,0,0,0,0
Sri Lanka,LKA,1981,0.0,0,0.0,0.0,0.0,0,0,0,0
Sri Lanka,LKA,1982,0.0,0,0.0,0.0,0.0,0,0,0,0
Sri Lanka,LKA,1983,0.0,0,0.0,0.0,0.0,0,0,0,0
Sri Lanka,LKA,1984,0.0,0,0.0,0.0,0.0,0,0,0,0
Sri Lanka,LKA,1985,0.0,0,0.0,0.0,0.0,0,0,0,0
Sri Lanka,LKA,1986,0.0,0,0.0,0.0,0.0,0,0,0,0
Sri Lanka,LKA,1987,0.0,0,0.0,0.0,1.0,1,1,1,0
Sri Lanka,LKA,1988,3.7981737,1,0.0,0.0,1.0,0,0,1,1
Sri Lanka,LKA,1989,6.6643429,1,1.0,0.0,1.0,0,0,1,1
Sri Lanka,LKA,1990,10.6846252,1,1.0,1.0,1.0,0,0,1,1
Sri Lanka,LKA,1991,15.593109700000001,1,1.0,1.0,1.0,0,0,1,1
Sri Lanka,LKA,1992,22.6995065,1,1.0,1.0,1.0,0,0,1,1
Sri Lanka,LKA,1993,33.014619,1,1.0,1.0,1.0,0,0,1,1
Sri Lanka,LKA,1994,43.1118081,1,1.0,1.0,1.0,0,0,1,1
Sri Lanka,LKA,1995,84.100177,1,1.0,1.0,1.0,0,0,1,1
Sri Lanka,LKA,1996,432.75854749999996,1,1.0,1.0,1.0,0,0,1,1
Sri Lanka,LKA,1997,288.0521828,1,1.0,1.0,1.0,0,0,1,1
Sri Lanka,LKA,1998,345.139564,1,1.0,1.0,1.0,0,0,1,1
Sri Lanka,LKA,1999,393.58139100000005,1,1.0,1.0,1.0,0,0,1,1
Sri Lanka,LKA,2000,336.76713220000005,1,1.0,1.0,1.0,0,0,1,1
Sri Lanka,LKA,2001,280.81745509999996,1,1.0,1.0,1.0,0,0,1,1
Sri Lanka,LKA,2002,301.5023302,1,1.0,1.0,1.0,0,0,1,1
Sri Lanka,LKA,2003,4.4418905,1,1.0,1.0,0.0,0,0,0,0
Sri Lanka,LKA,2004,0.0,0,1.0,1.0,1.0,1,0,1,0
Sri Lanka,LKA,2005,231.72716789999998,1,0.0,1.0,0.0,0,0,0,0
Sri Lanka,LKA,2006,0.0,0,1.0,0.0,1.0,1,0,1,0
Sri Lanka,LKA,2007,1.3148685,1,0.0,1.0,1.0,0,0,1,1
Sri Lanka,LKA,2008,7.9100879,1,1.0,0.0,1.0,0,0,1,1
Sri Lanka,LKA,2009,0.032626999999999996,1,1.0,1.0,1.0,0,0,1,1
Sri Lanka,LKA,2010,0.0573404,1,1.0,1.0,1.0,0,0,1,1
Sri Lanka,LKA,2011,0.1281988,1,1.0,1.0,1.0,0,0,1,1
Sri Lanka,LKA,2012,0.046179,1,1.0,1.0,1.0,0,0,1,1
Sri Lanka,LKA,2013,12.8749692,1,1.0,1.0,1.0,0,0,1,1
Sri Lanka,LKA,2014,115.1606708,1,1.0,1.0,1.0,0,0,1,1
Sri Lanka,LKA,2015,76.80977870000001,1,1.0,1.0,1.0,0,0,1,1
Sri Lanka,LKA,2016,143.9562666,1,1.0,1.0,1.0,0,0,1,1
Sri Lanka,LKA,2017,194.8721996,1,1.0,1.0,1.0,0,0,1,1
Sri Lanka,LKA,2018,188.7890788,1,1.0,1.0,1.0,0,0,1,1
Sri Lanka,LKA,2019,228.4758022,1,1.0,1.0,1.0,0,0,1,1
Sri Lanka,LKA,2020,330.47138789999997,1,1.0,1.0,1.0,0,0,1,1
Sri Lanka,LKA,2021,310.32314180000003,1,1.0,1.0,1.0,0,0,1,1
Sri Lanka,LKA,2022,33047.0,1,1.0,1.0,1.0,0,0,1,1
Sri Lanka,LKA,2023,38618.31481481482,1,1.0,1.0,,0,0,0,0
St. Kitts & Nevis,KNA,1960,,0,,,0.0,0,0,0,0
St. Kitts & Nevis,KNA,1961,,0,0.0,,0.0,0,0,0,0
St. Kitts & Nevis,KNA,1962,,0,0.0,0.0,0.0,0,0,0,0
St. Kitts & Nevis,KNA,1963,,0,0.0,0.0,0.0,0,0,0,0
St. Kitts & Nevis,KNA,1964,,0,0.0,0.0,0.0,0,0,0,0
St. Kitts & Nevis,KNA,1965,,0,0.0,0.0,0.0,0,0,0,0
St. Kitts & Nevis,KNA,1966,,0,0.0,0.0,0.0,0,0,0,0
St. Kitts & Nevis,KNA,1967,,0,0.0,0.0,0.0,0,0,0,0
St. Kitts & Nevis,KNA,1968,,0,0.0,0.0,0.0,0,0,0,0
St. Kitts & Nevis,KNA,1969,,0,0.0,0.0,0.0,0,0,0,0
St. Kitts & Nevis,KNA,1970,,0,0.0,0.0,0.0,0,0,0,0
St. Kitts & Nevis,KNA,1971,,0,0.0,0.0,0.0,0,0,0,0
St. Kitts & Nevis,KNA,1972,,0,0.0,0.0,0.0,0,0,0,0
St. Kitts & Nevis,KNA,1973,,0,0.0,0.0,0.0,0,0,0,0
St. Kitts & Nevis,KNA,1974,,0,0.0,0.0,0.0,0,0,0,0
St. Kitts & Nevis,KNA,1975,,0,0.0,0.0,0.0,0,0,0,0
St. Kitts & Nevis,KNA,1976,,0,0.0,0.0,0.0,0,0,0,0
St. Kitts & Nevis,KNA,1977,,0,0.0,0.0,0.0,0,0,0,0
St. Kitts & Nevis,KNA,1978,,0,0.0,0.0,0.0,0,0,0,0
St. Kitts & Nevis,KNA,1979,,0,0.0,0.0,0.0,0,0,0,0
St. Kitts & Nevis,KNA,1980,,0,0.0,0.0,0.0,0,0,0,0
St. Kitts & Nevis,KNA,1981,,0,0.0,0.0,0.0,0,0,0,0
St. Kitts & Nevis,KNA,1982,,0,0.0,0.0,0.0,0,0,0,0
St. Kitts & Nevis,KNA,1983,0.0,0,0.0,0.0,0.0,0,0,0,0
St. Kitts & Nevis,KNA,1984,0.0,0,0.0,0.0,0.0,0,0,0,0
St. Kitts & Nevis,KNA,1985,0.0,0,0.0,0.0,0.0,0,0,0,0
St. Kitts & Nevis,KNA,1986,0.0,0,0.0,0.0,0.0,0,0,0,0
St. Kitts & Nevis,KNA,1987,0.0,0,0.0,0.0,0.0,0,0,0,0
St. Kitts & Nevis,KNA,1988,0.0,0,0.0,0.0,1.0,1,1,1,0
St. Kitts & Nevis,KNA,1989,0.2,1,0.0,0.0,0.0,0,0,0,0
St. Kitts & Nevis,KNA,1990,0.0,0,1.0,0.0,0.0,0,0,0,0
St. Kitts & Nevis,KNA,1991,0.0,0,0.0,1.0,1.0,1,1,1,0
St. Kitts & Nevis,KNA,1992,1.2,1,0.0,0.0,1.0,0,0,1,1
St. Kitts & Nevis,KNA,1993,1.1,1,1.0,0.0,1.0,0,0,1,1
St. Kitts & Nevis,KNA,1994,1.7000000000000002,1,1.0,1.0,1.0,0,0,1,1
St. Kitts & Nevis,KNA,1995,1.9,1,1.0,1.0,1.0,0,0,1,1
St. Kitts & Nevis,KNA,1996,0.2,1,1.0,1.0,1.0,0,0,1,1
St. Kitts & Nevis,KNA,1997,0.2,1,1.0,1.0,1.0,0,0,1,1
St. Kitts & Nevis,KNA,1998,0.9,1,1.0,1.0,1.0,0,0,1,1
St. Kitts & Nevis,KNA,1999,0.7,1,1.0,1.0,1.0,0,0,1,1
St. Kitts & Nevis,KNA,2000,1.5999999999999999,1,1.0,1.0,1.0,0,0,1,1
St. Kitts & Nevis,KNA,2001,1.9,1,1.0,1.0,1.0,0,0,1,1
St. Kitts & Nevis,KNA,2002,2.0,1,1.0,1.0,1.0,0,0,1,1
St. Kitts & Nevis,KNA,2003,2.9,1,1.0,1.0,1.0,0,0,1,1
St. Kitts & Nevis,KNA,2004,5.1,1,1.0,1.0,1.0,0,0,1,1
St. Kitts & Nevis,KNA,2005,4.7,1,1.0,1.0,1.0,0,0,1,1
St. Kitts & Nevis,KNA,2006,5.5,1,1.0,1.0,1.0,0,0,1,1
St. Kitts & Nevis,KNA,2007,2.7,1,1.0,1.0,1.0,0,0,1,1
St. Kitts & Nevis,KNA,2008,11.1,1,1.0,1.0,1.0,0,0,1,1
St. Kitts & Nevis,KNA,2009,12.1,1,1.0,1.0,1.0,0,0,1,1
St. Kitts & Nevis,KNA,2010,3.5,1,1.0,1.0,1.0,0,0,1,1
St. Kitts & Nevis,KNA,2011,753.0,1,1.0,1.0,1.0,0,0,1,1
St. Kitts & Nevis,KNA,2012,758.0,1,1.0,1.0,1.0,0,0,1,1
St. Kitts & Nevis,KNA,2013,17.46,1,1.0,1.0,1.0,0,0,1,1
St. Kitts & Nevis,KNA,2014,66.47999999999999,1,1.0,1.0,0.0,0,0,0,0
St. Kitts & Nevis,KNA,2015,0.0,0,1.0,1.0,1.0,1,0,1,0
St. Kitts & Nevis,KNA,2016,44.98,1,0.0,1.0,0.0,0,0,0,0
St. Kitts & Nevis,KNA,2017,0.0,0,1.0,0.0,0.0,0,0,0,0
St. Kitts & Nevis,KNA,2018,0.0,0,0.0,1.0,0.0,0,0,0,0
St. Kitts & Nevis,KNA,2019,0.0,0,0.0,0.0,0.0,0,0,0,0
St. Kitts & Nevis,KNA,2020,0.0,0,0.0,0.0,0.0,0,0,0,0
St. Kitts & Nevis,KNA,2021,0.0,0,0.0,0.0,0.0,0,0,0,0
St. Kitts & Nevis,KNA,2022,0.0,0,0.0,0.0,0.0,0,0,0,0
St. Kitts & Nevis,KNA,2023,0.0,0,0.0,0.0,,0,0,0,0
St. Lucia,LCA,1960,,0,,,0.0,0,0,0,0
St. Lucia,LCA,1961,,0,0.0,,0.0,0,0,0,0
St. Lucia,LCA,1962,,0,0.0,0.0,0.0,0,0,0,0
St. Lucia,LCA,1963,,0,0.0,0.0,0.0,0,0,0,0
St. Lucia,LCA,1964,,0,0.0,0.0,0.0,0,0,0,0
St. Lucia,LCA,1965,,0,0.0,0.0,0.0,0,0,0,0
St. Lucia,LCA,1966,,0,0.0,0.0,0.0,0,0,0,0
St. Lucia,LCA,1967,,0,0.0,0.0,0.0,0,0,0,0
St. Lucia,LCA,1968,,0,0.0,0.0,0.0,0,0,0,0
St. Lucia,LCA,1969,,0,0.0,0.0,0.0,0,0,0,0
St. Lucia,LCA,1970,,0,0.0,0.0,0.0,0,0,0,0
St. Lucia,LCA,1971,,0,0.0,0.0,0.0,0,0,0,0
St. Lucia,LCA,1972,,0,0.0,0.0,0.0,0,0,0,0
St. Lucia,LCA,1973,,0,0.0,0.0,0.0,0,0,0,0
St. Lucia,LCA,1974,,0,0.0,0.0,0.0,0,0,0,0
St. Lucia,LCA,1975,,0,0.0,0.0,0.0,0,0,0,0
St. Lucia,LCA,1976,,0,0.0,0.0,0.0,0,0,0,0
St. Lucia,LCA,1977,,0,0.0,0.0,0.0,0,0,0,0
St. Lucia,LCA,1978,,0,0.0,0.0,0.0,0,0,0,0
St. Lucia,LCA,1979,0.0,0,0.0,0.0,0.0,0,0,0,0
St. Lucia,LCA,1980,0.0,0,0.0,0.0,0.0,0,0,0,0
St. Lucia,LCA,1981,0.0,0,0.0,0.0,0.0,0,0,0,0
St. Lucia,LCA,1982,0.0,0,0.0,0.0,0.0,0,0,0,0
St. Lucia,LCA,1983,0.0,0,0.0,0.0,1.0,1,1,1,0
St. Lucia,LCA,1984,0.2,1,0.0,0.0,1.0,0,0,1,1
St. Lucia,LCA,1985,0.3,1,1.0,0.0,1.0,0,0,1,1
St. Lucia,LCA,1986,0.2,1,1.0,1.0,1.0,0,0,1,1
St. Lucia,LCA,1987,0.0128051,1,1.0,1.0,1.0,0,0,1,1
St. Lucia,LCA,1988,0.0912965,1,1.0,1.0,1.0,0,0,1,1
St. Lucia,LCA,1989,0.1120633,1,1.0,1.0,1.0,0,0,1,1
St. Lucia,LCA,1990,1.3662843,1,1.0,1.0,1.0,0,0,1,1
St. Lucia,LCA,1991,0.170875,1,1.0,1.0,1.0,0,0,1,1
St. Lucia,LCA,1992,0.3547077,1,1.0,1.0,1.0,0,0,1,1
St. Lucia,LCA,1993,1.1572627,1,1.0,1.0,1.0,0,0,1,1
St. Lucia,LCA,1994,0.42362079999999996,1,1.0,1.0,1.0,0,0,1,1
St. Lucia,LCA,1995,0.0005,1,1.0,1.0,0.0,0,0,0,0
St. Lucia,LCA,1996,0.0,0,1.0,1.0,0.0,0,0,0,0
St. Lucia,LCA,1997,0.0,0,0.0,1.0,0.0,0,0,0,0
St. Lucia,LCA,1998,0.0,0,0.0,0.0,0.0,0,0,0,0
St. Lucia,LCA,1999,0.0,0,0.0,0.0,0.0,0,0,0,0
St. Lucia,LCA,2000,0.0,0,0.0,0.0,0.0,0,0,0,0
St. Lucia,LCA,2001,0.0,0,0.0,0.0,0.0,0,0,0,0
St. Lucia,LCA,2002,0.0,0,0.0,0.0,1.0,1,1,1,0
St. Lucia,LCA,2003,0.088,1,0.0,0.0,1.0,0,0,1,1
St. Lucia,LCA,2004,0.002,1,1.0,0.0,0.0,0,0,0,0
St. Lucia,LCA,2005,0.0,0,1.0,1.0,0.0,0,0,0,0
St. Lucia,LCA,2006,0.0,0,0.0,1.0,1.0,1,1,1,0
St. Lucia,LCA,2007,0.7344909000000001,1,0.0,0.0,1.0,0,0,1,1
St. Lucia,LCA,2008,56.5571687,1,1.0,0.0,1.0,0,0,1,1
St. Lucia,LCA,2009,4.645289,1,1.0,1.0,1.0,0,0,1,1
St. Lucia,LCA,2010,8.788161500000001,1,1.0,1.0,1.0,0,0,1,1
St. Lucia,LCA,2011,5.5193316,1,1.0,1.0,1.0,0,0,1,1
St. Lucia,LCA,2012,0.2600519,1,1.0,1.0,0.0,0,0,0,0
St. Lucia,LCA,2013,0.0,0,1.0,1.0,0.0,0,0,0,0
St. Lucia,LCA,2014,0.0,0,0.0,1.0,1.0,1,1,1,0
St. Lucia,LCA,2015,0.004,1,0.0,0.0,1.0,0,0,1,1
St. Lucia,LCA,2016,0.23,1,1.0,0.0,1.0,0,0,1,1
St. Lucia,LCA,2017,0.194,1,1.0,1.0,1.0,0,0,1,1
St. Lucia,LCA,2018,0.4833584,1,1.0,1.0,0.0,0,0,0,0
St. Lucia,LCA,2019,0.0,0,1.0,1.0,0.0,0,0,0,0
St. Lucia,LCA,2020,0.0,0,0.0,1.0,1.0,1,1,1,0
St. Lucia,LCA,2021,1.4199048,1,0.0,0.0,0.0,0,0,0,0
St. Lucia,LCA,2022,0.0,0,1.0,0.0,0.0,0,0,0,0
St. Lucia,LCA,2023,0.0,0,0.0,1.0,,0,0,0,0
St. Vincent and the Grenadines,VCT,1960,,0,,,0.0,0,0,0,0
St. Vincent and the Grenadines,VCT,1961,,0,0.0,,0.0,0,0,0,0
St. Vincent and the Grenadines,VCT,1962,,0,0.0,0.0,0.0,0,0,0,0
St. Vincent and the Grenadines,VCT,1963,,0,0.0,0.0,0.0,0,0,0,0
St. Vincent and the Grenadines,VCT,1964,,0,0.0,0.0,0.0,0,0,0,0
St. Vincent and the Grenadines,VCT,1965,,0,0.0,0.0,0.0,0,0,0,0
St. Vincent and the Grenadines,VCT,1966,,0,0.0,0.0,0.0,0,0,0,0
St. Vincent and the Grenadines,VCT,1967,,0,0.0,0.0,0.0,0,0,0,0
St. Vincent and the Grenadines,VCT,1968,,0,0.0,0.0,0.0,0,0,0,0
St. Vincent and the Grenadines,VCT,1969,0.0,0,0.0,0.0,0.0,0,0,0,0
St. Vincent and the Grenadines,VCT,1970,0.0,0,0.0,0.0,0.0,0,0,0,0
St. Vincent and the Grenadines,VCT,1971,0.0,0,0.0,0.0,0.0,0,0,0,0
St. Vincent and the Grenadines,VCT,1972,0.0,0,0.0,0.0,0.0,0,0,0,0
St. Vincent and the Grenadines,VCT,1973,0.0,0,0.0,0.0,0.0,0,0,0,0
St. Vincent and the Grenadines,VCT,1974,0.0,0,0.0,0.0,0.0,0,0,0,0
St. Vincent and the Grenadines,VCT,1975,0.0,0,0.0,0.0,0.0,0,0,0,0
St. Vincent and the Grenadines,VCT,1976,0.0,0,0.0,0.0,0.0,0,0,0,0
St. Vincent and the Grenadines,VCT,1977,0.0,0,0.0,0.0,0.0,0,0,0,0
St. Vincent and the Grenadines,VCT,1978,0.0,0,0.0,0.0,0.0,0,0,0,0
St. Vincent and the Grenadines,VCT,1979,0.0,0,0.0,0.0,0.0,0,0,0,0
St. Vincent and the Grenadines,VCT,1980,0.0,0,0.0,0.0,0.0,0,0,0,0
St. Vincent and the Grenadines,VCT,1981,0.0,0,0.0,0.0,0.0,0,0,0,0
St. Vincent and the Grenadines,VCT,1982,0.0,0,0.0,0.0,1.0,1,1,1,0
St. Vincent and the Grenadines,VCT,1983,0.5042337,1,0.0,0.0,1.0,0,0,1,1
St. Vincent and the Grenadines,VCT,1984,0.3586669,1,1.0,0.0,1.0,0,0,1,1
St. Vincent and the Grenadines,VCT,1985,0.17105579999999998,1,1.0,1.0,1.0,0,0,1,1
St. Vincent and the Grenadines,VCT,1986,0.129592,1,1.0,1.0,1.0,0,0,1,1
St. Vincent and the Grenadines,VCT,1987,0.2066297,1,1.0,1.0,1.0,0,0,1,1
St. Vincent and the Grenadines,VCT,1988,0.0947532,1,1.0,1.0,1.0,0,0,1,1
St. Vincent and the Grenadines,VCT,1989,0.1783185,1,1.0,1.0,1.0,0,0,1,1
St. Vincent and the Grenadines,VCT,1990,1.0424018,1,1.0,1.0,1.0,0,0,1,1
St. Vincent and the Grenadines,VCT,1991,0.2327013,1,1.0,1.0,1.0,0,0,1,1
St. Vincent and the Grenadines,VCT,1992,0.07697230000000001,1,1.0,1.0,1.0,0,0,1,1
St. Vincent and the Grenadines,VCT,1993,0.055506400000000004,1,1.0,1.0,1.0,0,0,1,1
St. Vincent and the Grenadines,VCT,1994,0.0982637,1,1.0,1.0,1.0,0,0,1,1
St. Vincent and the Grenadines,VCT,1995,0.6192761,1,1.0,1.0,1.0,0,0,1,1
St. Vincent and the Grenadines,VCT,1996,1.7357885,1,1.0,1.0,1.0,0,0,1,1
St. Vincent and the Grenadines,VCT,1997,1.8036021,1,1.0,1.0,1.0,0,0,1,1
St. Vincent and the Grenadines,VCT,1998,0.192013,1,1.0,1.0,1.0,0,0,1,1
St. Vincent and the Grenadines,VCT,1999,0.44659089999999996,1,1.0,1.0,1.0,0,0,1,1
St. Vincent and the Grenadines,VCT,2000,1.7109493925925927,1,1.0,1.0,1.0,0,0,1,1
St. Vincent and the Grenadines,VCT,2001,64.02563715185184,1,1.0,1.0,1.0,0,0,1,1
St. Vincent and the Grenadines,VCT,2002,68.35034195185185,1,1.0,1.0,1.0,0,0,1,1
St. Vincent and the Grenadines,VCT,2003,67.52642215185185,1,1.0,1.0,1.0,0,0,1,1
St. Vincent and the Grenadines,VCT,2004,68.38760825185184,1,1.0,1.0,1.0,0,0,1,1
St. Vincent and the Grenadines,VCT,2005,69.17943915185185,1,1.0,1.0,1.0,0,0,1,1
St. Vincent and the Grenadines,VCT,2006,62.642863551851846,1,1.0,1.0,1.0,0,0,1,1
St. Vincent and the Grenadines,VCT,2007,61.86296295185185,1,1.0,1.0,1.0,0,0,1,1
St. Vincent and the Grenadines,VCT,2008,0.45272180000000006,1,1.0,1.0,1.0,0,0,1,1
St. Vincent and the Grenadines,VCT,2009,1.3256554999999999,1,1.0,1.0,1.0,0,0,1,1
St. Vincent and the Grenadines,VCT,2010,0.1750536,1,1.0,1.0,1.0,0,0,1,1
St. Vincent and the Grenadines,VCT,2011,0.183083,1,1.0,1.0,1.0,0,0,1,1
St. Vincent and the Grenadines,VCT,2012,0.18331029999999998,1,1.0,1.0,1.0,0,0,1,1
St. Vincent and the Grenadines,VCT,2013,0.0265524,1,1.0,1.0,1.0,0,0,1,1
St. Vincent and the Grenadines,VCT,2014,0.0249328,1,1.0,1.0,1.0,0,0,1,1
St. Vincent and the Grenadines,VCT,2015,0.024509699999999995,1,1.0,1.0,1.0,0,0,1,1
St. Vincent and the Grenadines,VCT,2016,4.6068982,1,1.0,1.0,1.0,0,0,1,1
St. Vincent and the Grenadines,VCT,2017,4.2981111,1,1.0,1.0,1.0,0,0,1,1
St. Vincent and the Grenadines,VCT,2018,3.7466728,1,1.0,1.0,1.0,0,0,1,1
St. Vincent and the Grenadines,VCT,2019,3.746845,1,1.0,1.0,1.0,0,0,1,1
St. Vincent and the Grenadines,VCT,2020,3.7476091,1,1.0,1.0,1.0,0,0,1,1
St. Vincent and the Grenadines,VCT,2021,5.117825,1,1.0,1.0,1.0,0,0,1,1
St. Vincent and the Grenadines,VCT,2022,73.7508548,1,1.0,1.0,1.0,0,0,1,1
St. Vincent and the Grenadines,VCT,2023,4.0,1,1.0,1.0,,0,0,0,0
Sudan,SDN,1960,0.0,0,,,0.0,0,0,0,0
Sudan,SDN,1961,0.0,0,0.0,,0.0,0,0,0,0
Sudan,SDN,1962,0.0,0,0.0,0.0,0.0,0,0,0,0
Sudan,SDN,1963,0.0,0,0.0,0.0,0.0,0,0,0,0
Sudan,SDN,1964,0.0,0,0.0,0.0,0.0,0,0,0,0
Sudan,SDN,1965,0.0,0,0.0,0.0,0.0,0,0,0,0
Sudan,SDN,1966,0.0,0,0.0,0.0,0.0,0,0,0,0
Sudan,SDN,1967,0.0,0,0.0,0.0,0.0,0,0,0,0
Sudan,SDN,1968,0.0,0,0.0,0.0,0.0,0,0,0,0
Sudan,SDN,1969,0.0,0,0.0,0.0,0.0,0,0,0,0
Sudan,SDN,1970,0.0,0,0.0,0.0,0.0,0,0,0,0
Sudan,SDN,1971,0.0,0,0.0,0.0,0.0,0,0,0,0
Sudan,SDN,1972,0.0,0,0.0,0.0,0.0,0,0,0,0
Sudan,SDN,1973,0.0,0,0.0,0.0,0.0,0,0,0,0
Sudan,SDN,1974,0.0,0,0.0,0.0,1.0,1,1,1,0
Sudan,SDN,1975,0.174,1,0.0,0.0,1.0,0,0,1,1
Sudan,SDN,1976,23.053,1,1.0,0.0,1.0,0,0,1,1
Sudan,SDN,1977,176.36,1,1.0,1.0,1.0,0,0,1,1
Sudan,SDN,1978,248.974,1,1.0,1.0,1.0,0,0,1,1
Sudan,SDN,1979,955.976,1,1.0,1.0,1.0,0,0,1,1
Sudan,SDN,1980,613.672,1,1.0,1.0,1.0,0,0,1,1
Sudan,SDN,1981,899.516,1,1.0,1.0,1.0,0,0,1,1
Sudan,SDN,1982,951.773,1,1.0,1.0,1.0,0,0,1,1
Sudan,SDN,1983,2062.864,1,1.0,1.0,1.0,0,0,1,1
Sudan,SDN,1984,2987.738790313986,1,1.0,1.0,1.0,0,0,1,1
Sudan,SDN,1985,3627.6808366348714,1,1.0,1.0,1.0,0,0,1,1
Sudan,SDN,1986,4705.837571919252,1,1.0,1.0,1.0,0,0,1,1
Sudan,SDN,1987,6436.743856049641,1,1.0,1.0,1.0,0,0,1,1
Sudan,SDN,1988,6933.385745974196,1,1.0,1.0,1.0,0,0,1,1
Sudan,SDN,1989,9294.439904886067,1,1.0,1.0,1.0,0,0,1,1
Sudan,SDN,1990,10612.827693181764,1,1.0,1.0,1.0,0,0,1,1
Sudan,SDN,1991,13054.322216241442,1,1.0,1.0,1.0,0,0,1,1
Sudan,SDN,1992,12059.838971673895,1,1.0,1.0,1.0,0,0,1,1
Sudan,SDN,1993,12815.171155853252,1,1.0,1.0,1.0,0,0,1,1
Sudan,SDN,1994,14321.945493442741,1,1.0,1.0,1.0,0,0,1,1
Sudan,SDN,1995,15363.847382684982,1,1.0,1.0,1.0,0,0,1,1
Sudan,SDN,1996,15074.310370102501,1,1.0,1.0,1.0,0,0,1,1
Sudan,SDN,1997,13665.477514944698,1,1.0,1.0,1.0,0,0,1,1
Sudan,SDN,1998,13890.922165706846,1,1.0,1.0,1.0,0,0,1,1
Sudan,SDN,1999,13577.786941214536,1,1.0,1.0,1.0,0,0,1,1
Sudan,SDN,2000,13590.590162155442,1,1.0,1.0,1.0,0,0,1,1
Sudan,SDN,2001,13621.277452078495,1,1.0,1.0,1.0,0,0,1,1
Sudan,SDN,2002,12975.546460030037,1,1.0,1.0,1.0,0,0,1,1
Sudan,SDN,2003,14195.415981316119,1,1.0,1.0,1.0,0,0,1,1
Sudan,SDN,2004,15523.863670821784,1,1.0,1.0,1.0,0,0,1,1
Sudan,SDN,2005,15542.092927659958,1,1.0,1.0,1.0,0,0,1,1
Sudan,SDN,2006,16677.433549545778,1,1.0,1.0,1.0,0,0,1,1
Sudan,SDN,2007,18350.04099706863,1,1.0,1.0,1.0,0,0,1,1
Sudan,SDN,2008,19695.689688290193,1,1.0,1.0,1.0,0,0,1,1
Sudan,SDN,2009,20643.021433838516,1,1.0,1.0,1.0,0,0,1,1
Sudan,SDN,2010,21902.234115239116,1,1.0,1.0,1.0,0,0,1,1
Sudan,SDN,2011,22913.319155417375,1,1.0,1.0,1.0,0,0,1,1
Sudan,SDN,2012,23924.936812185166,1,1.0,1.0,1.0,0,0,1,1
Sudan,SDN,2013,24879.57546901575,1,1.0,1.0,1.0,0,0,1,1
Sudan,SDN,2014,25250.099191539302,1,1.0,1.0,1.0,0,0,1,1
Sudan,SDN,2015,25998.198821564,1,1.0,1.0,1.0,0,0,1,1
Sudan,SDN,2016,26691.549384458,1,1.0,1.0,1.0,0,0,1,1
Sudan,SDN,2017,27965.080364561825,1,1.0,1.0,1.0,0,0,1,1
Sudan,SDN,2018,27283.291549263377,1,1.0,1.0,1.0,0,0,1,1
Sudan,SDN,2019,27714.21059536228,1,1.0,1.0,1.0,0,0,1,1
Sudan,SDN,2020,32492.184093834374,1,1.0,1.0,1.0,0,0,1,1
Sudan,SDN,2021,30692.222433777784,1,1.0,1.0,1.0,0,0,1,1
Sudan,SDN,2022,9871.885461329595,1,1.0,1.0,1.0,0,0,1,1
Sudan,SDN,2023,10656.331338687476,1,1.0,1.0,,0,0,0,0
Suriname,SUR,1960,,0,,,0.0,0,0,0,0
Suriname,SUR,1961,,0,0.0,,0.0,0,0,0,0
Suriname,SUR,1962,,0,0.0,0.0,0.0,0,0,0,0
Suriname,SUR,1963,,0,0.0,0.0,0.0,0,0,0,0
Suriname,SUR,1964,,0,0.0,0.0,0.0,0,0,0,0
Suriname,SUR,1965,,0,0.0,0.0,0.0,0,0,0,0
Suriname,SUR,1966,,0,0.0,0.0,0.0,0,0,0,0
Suriname,SUR,1967,,0,0.0,0.0,0.0,0,0,0,0
Suriname,SUR,1968,,0,0.0,0.0,0.0,0,0,0,0
Suriname,SUR,1969,,0,0.0,0.0,0.0,0,0,0,0
Suriname,SUR,1970,,0,0.0,0.0,0.0,0,0,0,0
Suriname,SUR,1971,,0,0.0,0.0,0.0,0,0,0,0
Suriname,SUR,1972,,0,0.0,0.0,0.0,0,0,0,0
Suriname,SUR,1973,,0,0.0,0.0,0.0,0,0,0,0
Suriname,SUR,1974,,0,0.0,0.0,0.0,0,0,0,0
Suriname,SUR,1975,0.0,0,0.0,0.0,0.0,0,0,0,0
Suriname,SUR,1976,0.0,0,0.0,0.0,0.0,0,0,0,0
Suriname,SUR,1977,0.0,0,0.0,0.0,0.0,0,0,0,0
Suriname,SUR,1978,0.0,0,0.0,0.0,0.0,0,0,0,0
Suriname,SUR,1979,0.0,0,0.0,0.0,0.0,0,0,0,0
Suriname,SUR,1980,0.0,0,0.0,0.0,0.0,0,0,0,0
Suriname,SUR,1981,0.0,0,0.0,0.0,0.0,0,0,0,0
Suriname,SUR,1982,0.0,0,0.0,0.0,0.0,0,0,0,0
Suriname,SUR,1983,0.0,0,0.0,0.0,0.0,0,0,0,0
Suriname,SUR,1984,0.0,0,0.0,0.0,0.0,0,0,0,0
Suriname,SUR,1985,0.0,0,0.0,0.0,0.0,0,0,0,0
Suriname,SUR,1986,0.0,0,0.0,0.0,0.0,0,0,0,0
Suriname,SUR,1987,0.0,0,0.0,0.0,0.0,0,0,0,0
Suriname,SUR,1988,0.0,0,0.0,0.0,0.0,0,0,0,0
Suriname,SUR,1989,0.0,0,0.0,0.0,1.0,1,1,1,0
Suriname,SUR,1990,2.0,1,0.0,0.0,1.0,0,0,1,1
Suriname,SUR,1991,21.0,1,1.0,0.0,1.0,0,0,1,1
Suriname,SUR,1992,37.8,1,1.0,1.0,1.0,0,0,1,1
Suriname,SUR,1993,54.0,1,1.0,1.0,1.0,0,0,1,1
Suriname,SUR,1994,58.0,1,1.0,1.0,1.0,0,0,1,1
Suriname,SUR,1995,20.0,1,1.0,1.0,1.0,0,0,1,1
Suriname,SUR,1996,20.0,1,1.0,1.0,1.0,0,0,1,1
Suriname,SUR,1997,19.0,1,1.0,1.0,1.0,0,0,1,1
Suriname,SUR,1998,36.0,1,1.0,1.0,1.0,0,0,1,1
Suriname,SUR,1999,53.0,1,1.0,1.0,1.0,0,0,1,1
Suriname,SUR,2000,57.0,1,1.0,1.0,1.0,0,0,1,1
Suriname,SUR,2001,148.0,1,1.0,1.0,1.0,0,0,1,1
Suriname,SUR,2002,136.0,1,1.0,1.0,1.0,0,0,1,1
Suriname,SUR,2003,107.0,1,1.0,1.0,1.0,0,0,1,1
Suriname,SUR,2004,123.0,1,1.0,1.0,1.0,0,0,1,1
Suriname,SUR,2005,141.0,1,1.0,1.0,1.0,0,0,1,1
Suriname,SUR,2006,148.0,1,1.0,1.0,1.0,0,0,1,1
Suriname,SUR,2007,140.0,1,1.0,1.0,1.0,0,0,1,1
Suriname,SUR,2008,150.0,1,1.0,1.0,1.0,0,0,1,1
Suriname,SUR,2009,117.0,1,1.0,1.0,1.0,0,0,1,1
Suriname,SUR,2010,48.0,1,1.0,1.0,1.0,0,0,1,1
Suriname,SUR,2011,14.0,1,1.0,1.0,1.0,0,0,1,1
Suriname,SUR,2012,27.0,1,1.0,1.0,1.0,0,0,1,1
Suriname,SUR,2013,17.0,1,1.0,1.0,1.0,0,0,1,1
Suriname,SUR,2014,17.0,1,1.0,1.0,1.0,0,0,1,1
Suriname,SUR,2015,17.2091612,1,1.0,1.0,1.0,0,0,1,1
Suriname,SUR,2016,16.9907163,1,1.0,1.0,1.0,0,0,1,1
Suriname,SUR,2017,0.795,1,1.0,1.0,0.0,0,0,0,0
Suriname,SUR,2018,0.0,0,1.0,1.0,1.0,1,0,1,0
Suriname,SUR,2019,0.033702,1,0.0,1.0,1.0,0,0,1,1
Suriname,SUR,2020,710.7674749,1,1.0,0.0,1.0,0,0,1,1
Suriname,SUR,2021,967.9399327246516,1,1.0,1.0,1.0,0,0,1,1
Suriname,SUR,2022,1138.76022536652,1,1.0,1.0,1.0,0,0,1,1
Suriname,SUR,2023,1073.838675775092,1,1.0,1.0,,0,0,0,0
Syria,SYR,1960,,0,,,0.0,0,0,0,0
Syria,SYR,1961,0.0,0,0.0,,0.0,0,0,0,0
Syria,SYR,1962,0.0,0,0.0,0.0,0.0,0,0,0,0
Syria,SYR,1963,0.0,0,0.0,0.0,0.0,0,0,0,0
Syria,SYR,1964,0.0,0,0.0,0.0,1.0,1,1,1,0
Syria,SYR,1965,3.6,1,0.0,0.0,0.0,0,0,0,0
Syria,SYR,1966,0.0,0,1.0,0.0,0.0,0,0,0,0
Syria,SYR,1967,0.0,0,0.0,1.0,0.0,0,0,0,0
Syria,SYR,1968,0.0,0,0.0,0.0,0.0,0,0,0,0
Syria,SYR,1969,0.0,0,0.0,0.0,0.0,0,0,0,0
Syria,SYR,1970,0.0,0,0.0,0.0,0.0,0,0,0,0
Syria,SYR,1971,0.0,0,0.0,0.0,0.0,0,0,0,0
Syria,SYR,1972,0.0,0,0.0,0.0,0.0,0,0,0,0
Syria,SYR,1973,0.0,0,0.0,0.0,0.0,0,0,0,0
Syria,SYR,1974,0.0,0,0.0,0.0,0.0,0,0,0,0
Syria,SYR,1975,0.0,0,0.0,0.0,0.0,0,0,0,0
Syria,SYR,1976,0.0,0,0.0,0.0,0.0,0,0,0,0
Syria,SYR,1977,0.0,0,0.0,0.0,0.0,0,0,0,0
Syria,SYR,1978,0.0,0,0.0,0.0,0.0,0,0,0,0
Syria,SYR,1979,0.0,0,0.0,0.0,0.0,0,0,0,0
Syria,SYR,1980,0.0,0,0.0,0.0,0.0,0,0,0,0
Syria,SYR,1981,0.0,0,0.0,0.0,0.0,0,0,0,0
Syria,SYR,1982,0.0,0,0.0,0.0,0.0,0,0,0,0
Syria,SYR,1983,0.0,0,0.0,0.0,0.0,0,0,0,0
Syria,SYR,1984,0.0,0,0.0,0.0,0.0,0,0,0,0
Syria,SYR,1985,0.0,0,0.0,0.0,0.0,0,0,0,0
Syria,SYR,1986,0.0,0,0.0,0.0,1.0,1,1,1,0
Syria,SYR,1987,65.0,1,0.0,0.0,1.0,0,0,1,1
Syria,SYR,1988,92.0,1,1.0,0.0,1.0,0,0,1,1
Syria,SYR,1989,268.0,1,1.0,1.0,1.0,0,0,1,1
Syria,SYR,1990,313.0,1,1.0,1.0,1.0,0,0,1,1
Syria,SYR,1991,390.0,1,1.0,1.0,1.0,0,0,1,1
Syria,SYR,1992,399.0,1,1.0,1.0,1.0,0,0,1,1
Syria,SYR,1993,432.0,1,1.0,1.0,1.0,0,0,1,1
Syria,SYR,1994,1408.0,1,1.0,1.0,1.0,0,0,1,1
Syria,SYR,1995,7790.947,1,1.0,1.0,1.0,0,0,1,1
Syria,SYR,1996,7875.811,1,1.0,1.0,1.0,0,0,1,1
Syria,SYR,1997,7875.084,1,1.0,1.0,1.0,0,0,1,1
Syria,SYR,1998,7926.1269999999995,1,1.0,1.0,1.0,0,0,1,1
Syria,SYR,1999,7862.718,1,1.0,1.0,1.0,0,0,1,1
Syria,SYR,2000,11665.733,1,1.0,1.0,1.0,0,0,1,1
Syria,SYR,2001,12099.239,1,1.0,1.0,1.0,0,0,1,1
Syria,SYR,2002,70.0,1,1.0,1.0,0.0,0,0,0,0
Syria,SYR,2003,0.0,0,1.0,1.0,1.0,1,0,1,0
Syria,SYR,2004,2600.0,1,0.0,1.0,1.0,0,0,1,1
Syria,SYR,2005,13450.0,1,1.0,0.0,0.0,0,0,0,0
Syria,SYR,2006,,0,1.0,1.0,0.0,0,0,0,0
Syria,SYR,2007,,0,0.0,1.0,1.0,1,1,1,0
Syria,SYR,2008,420.2250507,1,0.0,0.0,1.0,0,0,1,1
Syria,SYR,2009,470.6083149,1,1.0,0.0,1.0,0,0,1,1
Syria,SYR,2010,459.38412630000005,1,1.0,1.0,1.0,0,0,1,1
Syria,SYR,2011,471.64945869999997,1,1.0,1.0,1.0,0,0,1,1
Syria,SYR,2012,1060.0404953000002,1,1.0,1.0,1.0,0,0,1,1
Syria,SYR,2013,1666.6614799,1,1.0,1.0,1.0,0,0,1,1
Syria,SYR,2014,2090.1324506,1,1.0,1.0,1.0,0,0,1,1
Syria,SYR,2015,2383.2145561,1,1.0,1.0,1.0,0,0,1,1
Syria,SYR,2016,2672.3657172,1,1.0,1.0,1.0,0,0,1,1
Syria,SYR,2017,2985.8649882,1,1.0,1.0,1.0,0,0,1,1
Syria,SYR,2018,3187.5952646,1,1.0,1.0,1.0,0,0,1,1
Syria,SYR,2019,3358.9668733999997,1,1.0,1.0,1.0,0,0,1,1
Syria,SYR,2020,3597.9410823000003,1,1.0,1.0,1.0,0,0,1,1
Syria,SYR,2021,3609.3291417,1,1.0,1.0,1.0,0,0,1,1
Syria,SYR,2022,3481.5750048,1,1.0,1.0,1.0,0,0,1,1
Syria,SYR,2023,4122.0,1,1.0,1.0,,0,0,0,0
São Tomé and Príncipe,STP,1960,,0,,,0.0,0,0,0,0
São Tomé and Príncipe,STP,1961,,0,0.0,,0.0,0,0,0,0
São Tomé and Príncipe,STP,1962,,0,0.0,0.0,0.0,0,0,0,0
São Tomé and Príncipe,STP,1963,,0,0.0,0.0,0.0,0,0,0,0
São Tomé and Príncipe,STP,1964,,0,0.0,0.0,0.0,0,0,0,0
São Tomé and Príncipe,STP,1965,,0,0.0,0.0,0.0,0,0,0,0
São Tomé and Príncipe,STP,1966,,0,0.0,0.0,0.0,0,0,0,0
São Tomé and Príncipe,STP,1967,,0,0.0,0.0,0.0,0,0,0,0
São Tomé and Príncipe,STP,1968,,0,0.0,0.0,0.0,0,0,0,0
São Tomé and Príncipe,STP,1969,,0,0.0,0.0,0.0,0,0,0,0
São Tomé and Príncipe,STP,1970,,0,0.0,0.0,0.0,0,0,0,0
São Tomé and Príncipe,STP,1971,,0,0.0,0.0,0.0,0,0,0,0
São Tomé and Príncipe,STP,1972,,0,0.0,0.0,0.0,0,0,0,0
São Tomé and Príncipe,STP,1973,,0,0.0,0.0,0.0,0,0,0,0
São Tomé and Príncipe,STP,1974,,0,0.0,0.0,0.0,0,0,0,0
São Tomé and Príncipe,STP,1975,0.0,0,0.0,0.0,0.0,0,0,0,0
São Tomé and Príncipe,STP,1976,0.0,0,0.0,0.0,0.0,0,0,0,0
São Tomé and Príncipe,STP,1977,0.0,0,0.0,0.0,0.0,0,0,0,0
São Tomé and Príncipe,STP,1978,0.0,0,0.0,0.0,0.0,0,0,0,0
São Tomé and Príncipe,STP,1979,0.0,0,0.0,0.0,0.0,0,0,0,0
São Tomé and Príncipe,STP,1980,0.0,0,0.0,0.0,0.0,0,0,0,0
São Tomé and Príncipe,STP,1981,0.0,0,0.0,0.0,0.0,0,0,0,0
São Tomé and Príncipe,STP,1982,0.0,0,0.0,0.0,1.0,1,1,1,0
São Tomé and Príncipe,STP,1983,0.0192859,1,0.0,0.0,1.0,0,0,1,1
São Tomé and Príncipe,STP,1984,0.4553046,1,1.0,0.0,1.0,0,0,1,1
São Tomé and Príncipe,STP,1985,2.9858618000000003,1,1.0,1.0,1.0,0,0,1,1
São Tomé and Príncipe,STP,1986,6.7073065,1,1.0,1.0,1.0,0,0,1,1
São Tomé and Príncipe,STP,1987,15.9569616,1,1.0,1.0,1.0,0,0,1,1
São Tomé and Príncipe,STP,1988,21.7403109,1,1.0,1.0,1.0,0,0,1,1
São Tomé and Príncipe,STP,1989,28.2933591,1,1.0,1.0,1.0,0,0,1,1
São Tomé and Príncipe,STP,1990,37.0370675,1,1.0,1.0,1.0,0,0,1,1
São Tomé and Príncipe,STP,1991,44.5989442,1,1.0,1.0,1.0,0,0,1,1
São Tomé and Príncipe,STP,1992,52.9072656,1,1.0,1.0,1.0,0,0,1,1
São Tomé and Príncipe,STP,1993,59.7175198,1,1.0,1.0,1.0,0,0,1,1
São Tomé and Príncipe,STP,1994,65.3269475,1,1.0,1.0,1.0,0,0,1,1
São Tomé and Príncipe,STP,1995,71.5107999,1,1.0,1.0,1.0,0,0,1,1
São Tomé and Príncipe,STP,1996,28.7899577,1,1.0,1.0,1.0,0,0,1,1
São Tomé and Príncipe,STP,1997,32.7380992,1,1.0,1.0,1.0,0,0,1,1
São Tomé and Príncipe,STP,1998,38.678878,1,1.0,1.0,1.0,0,0,1,1
São Tomé and Príncipe,STP,1999,100.8240011,1,1.0,1.0,1.0,0,0,1,1
São Tomé and Príncipe,STP,2000,83.8477556,1,1.0,1.0,1.0,0,0,1,1
São Tomé and Príncipe,STP,2001,61.9674014,1,1.0,1.0,1.0,0,0,1,1
São Tomé and Príncipe,STP,2002,62.47309130000001,1,1.0,1.0,1.0,0,0,1,1
São Tomé and Príncipe,STP,2003,67.2087943,1,1.0,1.0,1.0,0,0,1,1
São Tomé and Príncipe,STP,2004,72.4175483,1,1.0,1.0,1.0,0,0,1,1
São Tomé and Príncipe,STP,2005,74.08708857031634,1,1.0,1.0,1.0,0,0,1,1
São Tomé and Príncipe,STP,2006,89.1284026429191,1,1.0,1.0,1.0,0,0,1,1
São Tomé and Príncipe,STP,2007,275.987105,1,1.0,1.0,1.0,0,0,1,1
São Tomé and Príncipe,STP,2008,116.3307565,1,1.0,1.0,1.0,0,0,1,1
São Tomé and Príncipe,STP,2009,71.2555758,1,1.0,1.0,1.0,0,0,1,1
São Tomé and Príncipe,STP,2010,73.642556,1,1.0,1.0,1.0,0,0,1,1
São Tomé and Príncipe,STP,2011,75.4577315,1,1.0,1.0,1.0,0,0,1,1
São Tomé and Príncipe,STP,2012,68.2217924,1,1.0,1.0,1.0,0,0,1,1
São Tomé and Príncipe,STP,2013,69.2502624,1,1.0,1.0,1.0,0,0,1,1
São Tomé and Príncipe,STP,2014,71.280281,1,1.0,1.0,1.0,0,0,1,1
São Tomé and Príncipe,STP,2015,70.9939874,1,1.0,1.0,1.0,0,0,1,1
São Tomé and Príncipe,STP,2016,73.9654208,1,1.0,1.0,1.0,0,0,1,1
São Tomé and Príncipe,STP,2017,75.4916493,1,1.0,1.0,1.0,0,0,1,1
São Tomé and Príncipe,STP,2018,74.97089890000001,1,1.0,1.0,1.0,0,0,1,1
São Tomé and Príncipe,STP,2019,73.77316040000001,1,1.0,1.0,1.0,0,0,1,1
São Tomé and Príncipe,STP,2020,89.17565359999999,1,1.0,1.0,1.0,0,0,1,1
São Tomé and Príncipe,STP,2021,84.8377294,1,1.0,1.0,1.0,0,0,1,1
São Tomé and Príncipe,STP,2022,113.23159619999998,1,1.0,1.0,1.0,0,0,1,1
São Tomé and Príncipe,STP,2023,121.0,1,1.0,1.0,,0,0,0,0
Tajikistan,TJK,1960,,0,,,0.0,0,0,0,0
Tajikistan,TJK,1961,,0,0.0,,0.0,0,0,0,0
Tajikistan,TJK,1962,,0,0.0,0.0,0.0,0,0,0,0
Tajikistan,TJK,1963,,0,0.0,0.0,0.0,0,0,0,0
Tajikistan,TJK,1964,,0,0.0,0.0,0.0,0,0,0,0
Tajikistan,TJK,1965,,0,0.0,0.0,0.0,0,0,0,0
Tajikistan,TJK,1966,,0,0.0,0.0,0.0,0,0,0,0
Tajikistan,TJK,1967,,0,0.0,0.0,0.0,0,0,0,0
Tajikistan,TJK,1968,,0,0.0,0.0,0.0,0,0,0,0
Tajikistan,TJK,1969,,0,0.0,0.0,0.0,0,0,0,0
Tajikistan,TJK,1970,,0,0.0,0.0,0.0,0,0,0,0
Tajikistan,TJK,1971,,0,0.0,0.0,0.0,0,0,0,0
Tajikistan,TJK,1972,,0,0.0,0.0,0.0,0,0,0,0
Tajikistan,TJK,1973,,0,0.0,0.0,0.0,0,0,0,0
Tajikistan,TJK,1974,,0,0.0,0.0,0.0,0,0,0,0
Tajikistan,TJK,1975,,0,0.0,0.0,0.0,0,0,0,0
Tajikistan,TJK,1976,,0,0.0,0.0,0.0,0,0,0,0
Tajikistan,TJK,1977,,0,0.0,0.0,0.0,0,0,0,0
Tajikistan,TJK,1978,,0,0.0,0.0,0.0,0,0,0,0
Tajikistan,TJK,1979,,0,0.0,0.0,0.0,0,0,0,0
Tajikistan,TJK,1980,,0,0.0,0.0,0.0,0,0,0,0
Tajikistan,TJK,1981,,0,0.0,0.0,0.0,0,0,0,0
Tajikistan,TJK,1982,,0,0.0,0.0,0.0,0,0,0,0
Tajikistan,TJK,1983,,0,0.0,0.0,0.0,0,0,0,0
Tajikistan,TJK,1984,,0,0.0,0.0,0.0,0,0,0,0
Tajikistan,TJK,1985,,0,0.0,0.0,0.0,0,0,0,0
Tajikistan,TJK,1986,,0,0.0,0.0,0.0,0,0,0,0
Tajikistan,TJK,1987,,0,0.0,0.0,0.0,0,0,0,0
Tajikistan,TJK,1988,,0,0.0,0.0,0.0,0,0,0,0
Tajikistan,TJK,1989,,0,0.0,0.0,0.0,0,0,0,0
Tajikistan,TJK,1990,,0,0.0,0.0,0.0,0,0,0,0
Tajikistan,TJK,1991,0.0,0,0.0,0.0,0.0,0,0,0,0
Tajikistan,TJK,1992,0.0,0,0.0,0.0,1.0,1,1,1,0
Tajikistan,TJK,1993,0.307,1,0.0,0.0,1.0,0,0,1,1
Tajikistan,TJK,1994,78.559,1,1.0,0.0,1.0,0,0,1,1
Tajikistan,TJK,1995,185.078,1,1.0,1.0,1.0,0,0,1,1
Tajikistan,TJK,1996,601.025,1,1.0,1.0,1.0,0,0,1,1
Tajikistan,TJK,1997,154.526,1,1.0,1.0,1.0,0,0,1,1
Tajikistan,TJK,1998,306.863,1,1.0,1.0,1.0,0,0,1,1
Tajikistan,TJK,1999,136.888,1,1.0,1.0,1.0,0,0,1,1
Tajikistan,TJK,2000,166.33446910000004,1,1.0,1.0,1.0,0,0,1,1
Tajikistan,TJK,2001,189.2359044,1,1.0,1.0,1.0,0,0,1,1
Tajikistan,TJK,2002,96.2353691,1,1.0,1.0,1.0,0,0,1,1
Tajikistan,TJK,2003,108.6286774,1,1.0,1.0,1.0,0,0,1,1
Tajikistan,TJK,2004,106.9778295,1,1.0,1.0,1.0,0,0,1,1
Tajikistan,TJK,2005,106.1739196,1,1.0,1.0,1.0,0,0,1,1
Tajikistan,TJK,2006,102.9142585,1,1.0,1.0,0.0,0,0,0,0
Tajikistan,TJK,2007,0.0,0,1.0,1.0,0.0,0,0,0,0
Tajikistan,TJK,2008,0.0,0,0.0,1.0,0.0,0,0,0,0
Tajikistan,TJK,2009,0.0,0,0.0,0.0,1.0,1,1,1,0
Tajikistan,TJK,2010,363.788,1,0.0,0.0,1.0,0,0,1,1
Tajikistan,TJK,2011,299.317,1,1.0,0.0,1.0,0,0,1,1
Tajikistan,TJK,2012,18.39,1,1.0,1.0,1.0,0,0,1,1
Tajikistan,TJK,2013,0.7929016,1,1.0,1.0,1.0,0,0,1,1
Tajikistan,TJK,2014,0.5875475,1,1.0,1.0,1.0,0,0,1,1
Tajikistan,TJK,2015,0.11640139999999999,1,1.0,1.0,1.0,0,0,1,1
Tajikistan,TJK,2016,0.11830120000000001,1,1.0,1.0,1.0,0,0,1,1
Tajikistan,TJK,2017,0.7454914,1,1.0,1.0,1.0,0,0,1,1
Tajikistan,TJK,2018,0.1015278,1,1.0,1.0,0.0,0,0,0,0
Tajikistan,TJK,2019,0.0,0,1.0,1.0,1.0,1,0,1,0
Tajikistan,TJK,2020,42.267,1,0.0,1.0,1.0,0,0,1,1
Tajikistan,TJK,2021,40.0,1,1.0,0.0,0.0,0,0,0,0
Tajikistan,TJK,2022,0.0,0,1.0,1.0,0.0,0,0,0,0
Tajikistan,TJK,2023,0.0,0,0.0,1.0,,0,0,0,0
Tanzania,TZA,1960,,0,,,0.0,0,0,0,0
Tanzania,TZA,1961,0.0,0,0.0,,0.0,0,0,0,0
Tanzania,TZA,1962,0.0,0,0.0,0.0,0.0,0,0,0,0
Tanzania,TZA,1963,0.0,0,0.0,0.0,0.0,0,0,0,0
Tanzania,TZA,1964,0.0,0,0.0,0.0,0.0,0,0,0,0
Tanzania,TZA,1965,0.0,0,0.0,0.0,0.0,0,0,0,0
Tanzania,TZA,1966,0.0,0,0.0,0.0,0.0,0,0,0,0
Tanzania,TZA,1967,0.0,0,0.0,0.0,0.0,0,0,0,0
Tanzania,TZA,1968,0.0,0,0.0,0.0,0.0,0,0,0,0
Tanzania,TZA,1969,0.0,0,0.0,0.0,0.0,0,0,0,0
Tanzania,TZA,1970,0.0,0,0.0,0.0,1.0,1,1,1,0
Tanzania,TZA,1971,2.2613378,1,0.0,0.0,1.0,0,0,1,1
Tanzania,TZA,1972,72.7102737,1,1.0,0.0,1.0,0,0,1,1
Tanzania,TZA,1973,151.9642078,1,1.0,1.0,1.0,0,0,1,1
Tanzania,TZA,1974,219.88133630000002,1,1.0,1.0,1.0,0,0,1,1
Tanzania,TZA,1975,304.9956316,1,1.0,1.0,1.0,0,0,1,1
Tanzania,TZA,1976,495.1967032,1,1.0,1.0,1.0,0,0,1,1
Tanzania,TZA,1977,842.7895631,1,1.0,1.0,1.0,0,0,1,1
Tanzania,TZA,1978,1359.9581694,1,1.0,1.0,1.0,0,0,1,1
Tanzania,TZA,1979,1413.0776738,1,1.0,1.0,1.0,0,0,1,1
Tanzania,TZA,1980,2060.8411493,1,1.0,1.0,1.0,0,0,1,1
Tanzania,TZA,1981,2322.9835286,1,1.0,1.0,1.0,0,0,1,1
Tanzania,TZA,1982,2622.6136548,1,1.0,1.0,1.0,0,0,1,1
Tanzania,TZA,1983,3172.8029289,1,1.0,1.0,1.0,0,0,1,1
Tanzania,TZA,1984,3538.0645477,1,1.0,1.0,1.0,0,0,1,1
Tanzania,TZA,1985,5334.92955833103,1,1.0,1.0,1.0,0,0,1,1
Tanzania,TZA,1986,1412.641733489301,1,1.0,1.0,1.0,0,0,1,1
Tanzania,TZA,1987,769.9689278999999,1,1.0,1.0,1.0,0,0,1,1
Tanzania,TZA,1988,1189.8806829999999,1,1.0,1.0,1.0,0,0,1,1
Tanzania,TZA,1989,1174.2814888,1,1.0,1.0,1.0,0,0,1,1
Tanzania,TZA,1990,1696.145684,1,1.0,1.0,1.0,0,0,1,1
Tanzania,TZA,1991,1670.0743531,1,1.0,1.0,1.0,0,0,1,1
Tanzania,TZA,1992,2647.4280011,1,1.0,1.0,1.0,0,0,1,1
Tanzania,TZA,1993,2089.779738,1,1.0,1.0,1.0,0,0,1,1
Tanzania,TZA,1994,2179.7551247,1,1.0,1.0,1.0,0,0,1,1
Tanzania,TZA,1995,2538.0027893,1,1.0,1.0,1.0,0,0,1,1
Tanzania,TZA,1996,2372.6478397704677,1,1.0,1.0,1.0,0,0,1,1
Tanzania,TZA,1997,4263.434690407313,1,1.0,1.0,1.0,0,0,1,1
Tanzania,TZA,1998,1946.2569509470025,1,1.0,1.0,1.0,0,0,1,1
Tanzania,TZA,1999,2030.7492282444869,1,1.0,1.0,1.0,0,0,1,1
Tanzania,TZA,2000,1996.3633964922067,1,1.0,1.0,1.0,0,0,1,1
Tanzania,TZA,2001,1418.0462716784714,1,1.0,1.0,1.0,0,0,1,1
Tanzania,TZA,2002,1966.6279522623001,1,1.0,1.0,1.0,0,0,1,1
Tanzania,TZA,2003,1653.8326198,1,1.0,1.0,1.0,0,0,1,1
Tanzania,TZA,2004,1737.8895099000001,1,1.0,1.0,1.0,0,0,1,1
Tanzania,TZA,2005,1260.149771,1,1.0,1.0,1.0,0,0,1,1
Tanzania,TZA,2006,5950.4077093,1,1.0,1.0,1.0,0,0,1,1
Tanzania,TZA,2007,907.5602889,1,1.0,1.0,1.0,0,0,1,1
Tanzania,TZA,2008,1102.7847965,1,1.0,1.0,1.0,0,0,1,1
Tanzania,TZA,2009,1165.5024195,1,1.0,1.0,1.0,0,0,1,1
Tanzania,TZA,2010,1224.0889404,1,1.0,1.0,1.0,0,0,1,1
Tanzania,TZA,2011,1246.4855051,1,1.0,1.0,1.0,0,0,1,1
Tanzania,TZA,2012,1259.6942983,1,1.0,1.0,1.0,0,0,1,1
Tanzania,TZA,2013,1080.144466,1,1.0,1.0,1.0,0,0,1,1
Tanzania,TZA,2014,993.7758193,1,1.0,1.0,1.0,0,0,1,1
Tanzania,TZA,2015,1075.0745571,1,1.0,1.0,1.0,0,0,1,1
Tanzania,TZA,2016,1145.7845305,1,1.0,1.0,1.0,0,0,1,1
Tanzania,TZA,2017,1420.9829905,1,1.0,1.0,1.0,0,0,1,1
Tanzania,TZA,2018,1249.9986192,1,1.0,1.0,1.0,0,0,1,1
Tanzania,TZA,2019,1328.5187846,1,1.0,1.0,1.0,0,0,1,1
Tanzania,TZA,2020,1486.8454261,1,1.0,1.0,1.0,0,0,1,1
Tanzania,TZA,2021,1688.3781494,1,1.0,1.0,1.0,0,0,1,1
Tanzania,TZA,2022,1492.4125994,1,1.0,1.0,1.0,0,0,1,1
Tanzania,TZA,2023,1560.0,1,1.0,1.0,,0,0,0,0
Thailand,THA,1960,0.0,0,,,0.0,0,0,0,0
Thailand,THA,1961,0.0,0,0.0,,0.0,0,0,0,0
Thailand,THA,1962,0.0,0,0.0,0.0,0.0,0,0,0,0
Thailand,THA,1963,0.0,0,0.0,0.0,0.0,0,0,0,0
Thailand,THA,1964,0.0,0,0.0,0.0,0.0,0,0,0,0
Thailand,THA,1965,0.0,0,0.0,0.0,0.0,0,0,0,0
Thailand,THA,1966,0.0,0,0.0,0.0,0.0,0,0,0,0
Thailand,THA,1967,0.0,0,0.0,0.0,0.0,0,0,0,0
Thailand,THA,1968,0.0,0,0.0,0.0,0.0,0,0,0,0
Thailand,THA,1969,0.0,0,0.0,0.0,0.0,0,0,0,0
Thailand,THA,1970,0.0,0,0.0,0.0,0.0,0,0,0,0
Thailand,THA,1971,0.0,0,0.0,0.0,0.0,0,0,0,0
Thailand,THA,1972,0.0,0,0.0,0.0,0.0,0,0,0,0
Thailand,THA,1973,0.0,0,0.0,0.0,0.0,0,0,0,0
Thailand,THA,1974,0.0,0,0.0,0.0,0.0,0,0,0,0
Thailand,THA,1975,0.0,0,0.0,0.0,0.0,0,0,0,0
Thailand,THA,1976,0.0,0,0.0,0.0,0.0,0,0,0,0
Thailand,THA,1977,0.0,0,0.0,0.0,0.0,0,0,0,0
Thailand,THA,1978,0.0,0,0.0,0.0,0.0,0,0,0,0
Thailand,THA,1979,0.0,0,0.0,0.0,0.0,0,0,0,0
Thailand,THA,1980,0.0,0,0.0,0.0,0.0,0,0,0,0
Thailand,THA,1981,0.0,0,0.0,0.0,0.0,0,0,0,0
Thailand,THA,1982,0.0,0,0.0,0.0,0.0,0,0,0,0
Thailand,THA,1983,0.0,0,0.0,0.0,0.0,0,0,0,0
Thailand,THA,1984,0.0,0,0.0,0.0,0.0,0,0,0,0
Thailand,THA,1985,0.0,0,0.0,0.0,0.0,0,0,0,0
Thailand,THA,1986,0.0,0,0.0,0.0,0.0,0,0,0,0
Thailand,THA,1987,0.0,0,0.0,0.0,0.0,0,0,0,0
Thailand,THA,1988,0.0,0,0.0,0.0,0.0,0,0,0,0
Thailand,THA,1989,0.0,0,0.0,0.0,0.0,0,0,0,0
Thailand,THA,1990,0.0,0,0.0,0.0,1.0,1,1,1,0
Thailand,THA,1991,6.805,1,0.0,0.0,0.0,0,0,0,0
Thailand,THA,1992,0.0,0,1.0,0.0,0.0,0,0,0,0
Thailand,THA,1993,0.0,0,0.0,1.0,0.0,0,0,0,0
Thailand,THA,1994,0.0,0,0.0,0.0,0.0,0,0,0,0
Thailand,THA,1995,0.0,0,0.0,0.0,0.0,0,0,0,0
Thailand,THA,1996,0.0,0,0.0,0.0,0.0,0,0,0,0
Thailand,THA,1997,0.0,0,0.0,0.0,1.0,1,1,1,0
Thailand,THA,1998,5.691,1,0.0,0.0,0.0,0,0,0,0
Thailand,THA,1999,0.0,0,1.0,0.0,0.0,0,0,0,0
Thailand,THA,2000,0.0,0,0.0,1.0,0.0,0,0,0,0
Thailand,THA,2001,0.0,0,0.0,0.0,0.0,0,0,0,0
Thailand,THA,2002,0.0,0,0.0,0.0,0.0,0,0,0,0
Thailand,THA,2003,0.0,0,0.0,0.0,0.0,0,0,0,0
Thailand,THA,2004,0.0,0,0.0,0.0,0.0,0,0,0,0
Thailand,THA,2005,0.0,0,0.0,0.0,1.0,1,1,1,0
Thailand,THA,2006,0.0084069,1,0.0,0.0,0.0,0,0,0,0
Thailand,THA,2007,0.0,0,1.0,0.0,1.0,1,0,1,0
Thailand,THA,2008,4.3905401,1,0.0,1.0,1.0,0,0,1,1
Thailand,THA,2009,8.2950992,1,1.0,0.0,1.0,0,0,1,1
Thailand,THA,2010,2.159151,1,1.0,1.0,1.0,0,0,1,1
Thailand,THA,2011,4.6466064000000005,1,1.0,1.0,1.0,0,0,1,1
Thailand,THA,2012,1.9064124000000002,1,1.0,1.0,0.0,0,0,0,0
Thailand,THA,2013,0.0,0,1.0,1.0,0.0,0,0,0,0
Thailand,THA,2014,0.0,0,0.0,1.0,0.0,0,0,0,0
Thailand,THA,2015,0.0,0,0.0,0.0,0.0,0,0,0,0
Thailand,THA,2016,0.0,0,0.0,0.0,0.0,0,0,0,0
Thailand,THA,2017,0.0,0,0.0,0.0,0.0,0,0,0,0
Thailand,THA,2018,0.0,0,0.0,0.0,0.0,0,0,0,0
Thailand,THA,2019,0.0,0,0.0,0.0,0.0,0,0,0,0
Thailand,THA,2020,0.0,0,0.0,0.0,0.0,0,0,0,0
Thailand,THA,2021,0.0,0,0.0,0.0,0.0,0,0,0,0
Thailand,THA,2022,0.0,0,0.0,0.0,0.0,0,0,0,0
Thailand,THA,2023,0.0,0,0.0,0.0,,0,0,0,0
The Gambia,GMB,1960,,0,,,0.0,0,0,0,0
The Gambia,GMB,1961,,0,0.0,,0.0,0,0,0,0
The Gambia,GMB,1962,,0,0.0,0.0,0.0,0,0,0,0
The Gambia,GMB,1963,,0,0.0,0.0,0.0,0,0,0,0
The Gambia,GMB,1964,,0,0.0,0.0,0.0,0,0,0,0
The Gambia,GMB,1965,0.0,0,0.0,0.0,0.0,0,0,0,0
The Gambia,GMB,1966,0.0,0,0.0,0.0,0.0,0,0,0,0
The Gambia,GMB,1967,0.0,0,0.0,0.0,0.0,0,0,0,0
The Gambia,GMB,1968,0.0,0,0.0,0.0,0.0,0,0,0,0
The Gambia,GMB,1969,0.0,0,0.0,0.0,0.0,0,0,0,0
The Gambia,GMB,1970,0.0,0,0.0,0.0,0.0,0,0,0,0
The Gambia,GMB,1971,0.0,0,0.0,0.0,0.0,0,0,0,0
The Gambia,GMB,1972,0.0,0,0.0,0.0,0.0,0,0,0,0
The Gambia,GMB,1973,0.0,0,0.0,0.0,0.0,0,0,0,0
The Gambia,GMB,1974,0.0,0,0.0,0.0,0.0,0,0,0,0
The Gambia,GMB,1975,0.0,0,0.0,0.0,0.0,0,0,0,0
The Gambia,GMB,1976,0.0,0,0.0,0.0,1.0,1,1,1,0
The Gambia,GMB,1977,0.015202,1,0.0,0.0,1.0,0,0,1,1
The Gambia,GMB,1978,0.037746,1,1.0,0.0,0.0,0,0,0,0
The Gambia,GMB,1979,0.0,0,1.0,1.0,1.0,1,0,1,0
The Gambia,GMB,1980,0.293921,1,0.0,1.0,1.0,0,0,1,1
The Gambia,GMB,1981,0.5742860000000001,1,1.0,0.0,1.0,0,0,1,1
The Gambia,GMB,1982,2.424911,1,1.0,1.0,1.0,0,0,1,1
The Gambia,GMB,1983,4.946883,1,1.0,1.0,1.0,0,0,1,1
The Gambia,GMB,1984,11.380641999999998,1,1.0,1.0,1.0,0,0,1,1
The Gambia,GMB,1985,56.86037402570524,1,1.0,1.0,1.0,0,0,1,1
The Gambia,GMB,1986,49.60182020073813,1,1.0,1.0,1.0,0,0,1,1
The Gambia,GMB,1987,11.626441,1,1.0,1.0,1.0,0,0,1,1
The Gambia,GMB,1988,28.834692999999998,1,1.0,1.0,1.0,0,0,1,1
The Gambia,GMB,1989,11.362513,1,1.0,1.0,1.0,0,0,1,1
The Gambia,GMB,1990,2.4897143,1,1.0,1.0,1.0,0,0,1,1
The Gambia,GMB,1991,4.0887304,1,1.0,1.0,1.0,0,0,1,1
The Gambia,GMB,1992,2.19823,1,1.0,1.0,1.0,0,0,1,1
The Gambia,GMB,1993,4.464491,1,1.0,1.0,1.0,0,0,1,1
The Gambia,GMB,1994,6.397059,1,1.0,1.0,1.0,0,0,1,1
The Gambia,GMB,1995,2.885492,1,1.0,1.0,1.0,0,0,1,1
The Gambia,GMB,1996,2.045162,1,1.0,1.0,1.0,0,0,1,1
The Gambia,GMB,1997,1.148508,1,1.0,1.0,1.0,0,0,1,1
The Gambia,GMB,1998,0.871921,1,1.0,1.0,1.0,0,0,1,1
The Gambia,GMB,1999,1.429024,1,1.0,1.0,1.0,0,0,1,1
The Gambia,GMB,2000,3.292316,1,1.0,1.0,1.0,0,0,1,1
The Gambia,GMB,2001,6.5579586,1,1.0,1.0,1.0,0,0,1,1
The Gambia,GMB,2002,11.0330953,1,1.0,1.0,1.0,0,0,1,1
The Gambia,GMB,2003,17.8127463,1,1.0,1.0,1.0,0,0,1,1
The Gambia,GMB,2004,19.5443589,1,1.0,1.0,1.0,0,0,1,1
The Gambia,GMB,2005,29.746571199999998,1,1.0,1.0,1.0,0,0,1,1
The Gambia,GMB,2006,33.1850829,1,1.0,1.0,1.0,0,0,1,1
The Gambia,GMB,2007,45.1495008,1,1.0,1.0,1.0,0,0,1,1
The Gambia,GMB,2008,267.2271013,1,1.0,1.0,1.0,0,0,1,1
The Gambia,GMB,2009,31.181761299999998,1,1.0,1.0,1.0,0,0,1,1
The Gambia,GMB,2010,45.263732100000006,1,1.0,1.0,1.0,0,0,1,1
The Gambia,GMB,2011,27.4663951,1,1.0,1.0,1.0,0,0,1,1
The Gambia,GMB,2012,34.5034194,1,1.0,1.0,1.0,0,0,1,1
The Gambia,GMB,2013,21.4606497,1,1.0,1.0,1.0,0,0,1,1
The Gambia,GMB,2014,16.2412299,1,1.0,1.0,1.0,0,0,1,1
The Gambia,GMB,2015,13.9690883,1,1.0,1.0,1.0,0,0,1,1
The Gambia,GMB,2016,1.5033466000000002,1,1.0,1.0,1.0,0,0,1,1
The Gambia,GMB,2017,47.9280824,1,1.0,1.0,1.0,0,0,1,1
The Gambia,GMB,2018,9.6701421,1,1.0,1.0,1.0,0,0,1,1
The Gambia,GMB,2019,6.479647,1,1.0,1.0,1.0,0,0,1,1
The Gambia,GMB,2020,20.8940712,1,1.0,1.0,1.0,0,0,1,1
The Gambia,GMB,2021,21.8863095,1,1.0,1.0,1.0,0,0,1,1
The Gambia,GMB,2022,22.4345988,1,1.0,1.0,1.0,0,0,1,1
The Gambia,GMB,2023,36.0,1,1.0,1.0,,0,0,0,0
Togo,TGO,1960,0.0,0,,,0.0,0,0,0,0
Togo,TGO,1961,0.0,0,0.0,,0.0,0,0,0,0
Togo,TGO,1962,0.0,0,0.0,0.0,0.0,0,0,0,0
Togo,TGO,1963,0.0,0,0.0,0.0,0.0,0,0,0,0
Togo,TGO,1964,0.0,0,0.0,0.0,0.0,0,0,0,0
Togo,TGO,1965,0.0,0,0.0,0.0,0.0,0,0,0,0
Togo,TGO,1966,0.0,0,0.0,0.0,0.0,0,0,0,0
Togo,TGO,1967,0.0,0,0.0,0.0,0.0,0,0,0,0
Togo,TGO,1968,0.0,0,0.0,0.0,0.0,0,0,0,0
Togo,TGO,1969,0.0,0,0.0,0.0,1.0,1,1,1,0
Togo,TGO,1970,0.1470396,1,0.0,0.0,1.0,0,0,1,1
Togo,TGO,1971,2.2378311999999996,1,1.0,0.0,1.0,0,0,1,1
Togo,TGO,1972,1.8845176000000001,1,1.0,1.0,1.0,0,0,1,1
Togo,TGO,1973,2.2869489,1,1.0,1.0,1.0,0,0,1,1
Togo,TGO,1974,0.7857409,1,1.0,1.0,1.0,0,0,1,1
Togo,TGO,1975,0.639569,1,1.0,1.0,1.0,0,0,1,1
Togo,TGO,1976,5.1096824,1,1.0,1.0,1.0,0,0,1,1
Togo,TGO,1977,9.4729418,1,1.0,1.0,1.0,0,0,1,1
Togo,TGO,1978,44.636092999999995,1,1.0,1.0,1.0,0,0,1,1
Togo,TGO,1979,333.3374582,1,1.0,1.0,1.0,0,0,1,1
Togo,TGO,1980,117.7445793,1,1.0,1.0,1.0,0,0,1,1
Togo,TGO,1981,343.041522,1,1.0,1.0,1.0,0,0,1,1
Togo,TGO,1982,196.67980839999998,1,1.0,1.0,1.0,0,0,1,1
Togo,TGO,1983,338.23120090000003,1,1.0,1.0,1.0,0,0,1,1
Togo,TGO,1984,70.0,1,1.0,1.0,1.0,0,0,1,1
Togo,TGO,1985,30.2707159,1,1.0,1.0,1.0,0,0,1,1
Togo,TGO,1986,10.777057000000001,1,1.0,1.0,1.0,0,0,1,1
Togo,TGO,1987,118.4934148,1,1.0,1.0,1.0,0,0,1,1
Togo,TGO,1988,208.67884750000002,1,1.0,1.0,1.0,0,0,1,1
Togo,TGO,1989,298.9584097,1,1.0,1.0,1.0,0,0,1,1
Togo,TGO,1990,191.91282929999997,1,1.0,1.0,1.0,0,0,1,1
Togo,TGO,1991,49.733395800000004,1,1.0,1.0,1.0,0,0,1,1
Togo,TGO,1992,145.4852729,1,1.0,1.0,1.0,0,0,1,1
Togo,TGO,1993,119.426389,1,1.0,1.0,1.0,0,0,1,1
Togo,TGO,1994,196.99742289999998,1,1.0,1.0,1.0,0,0,1,1
Togo,TGO,1995,561.9466193000001,1,1.0,1.0,1.0,0,0,1,1
Togo,TGO,1996,120.82604620000001,1,1.0,1.0,1.0,0,0,1,1
Togo,TGO,1997,147.9653207,1,1.0,1.0,1.0,0,0,1,1
Togo,TGO,1998,52.527925800000006,1,1.0,1.0,1.0,0,0,1,1
Togo,TGO,1999,69.5303045,1,1.0,1.0,1.0,0,0,1,1
Togo,TGO,2000,126.79740469999999,1,1.0,1.0,1.0,0,0,1,1
Togo,TGO,2001,157.8096754,1,1.0,1.0,1.0,0,0,1,1
Togo,TGO,2002,260.8541098,1,1.0,1.0,1.0,0,0,1,1
Togo,TGO,2003,379.00985219999995,1,1.0,1.0,1.0,0,0,1,1
Togo,TGO,2004,527.5050635,1,1.0,1.0,1.0,0,0,1,1
Togo,TGO,2005,540.3578406,1,1.0,1.0,1.0,0,0,1,1
Togo,TGO,2006,658.669269,1,1.0,1.0,1.0,0,0,1,1
Togo,TGO,2007,775.4080790999999,1,1.0,1.0,1.0,0,0,1,1
Togo,TGO,2008,775.6015568,1,1.0,1.0,1.0,0,0,1,1
Togo,TGO,2009,136.2932261,1,1.0,1.0,1.0,0,0,1,1
Togo,TGO,2010,615.0604569,1,1.0,1.0,1.0,0,0,1,1
Togo,TGO,2011,742.8082242,1,1.0,1.0,1.0,0,0,1,1
Togo,TGO,2012,41.0264885,1,1.0,1.0,1.0,0,0,1,1
Togo,TGO,2013,9.3656432,1,1.0,1.0,1.0,0,0,1,1
Togo,TGO,2014,6.2784754000000005,1,1.0,1.0,1.0,0,0,1,1
Togo,TGO,2015,5.3210386,1,1.0,1.0,1.0,0,0,1,1
Togo,TGO,2016,1.0160931000000002,1,1.0,1.0,1.0,0,0,1,1
Togo,TGO,2017,0.034,1,1.0,1.0,1.0,0,0,1,1
Togo,TGO,2018,0.004,1,1.0,1.0,0.0,0,0,0,0
Togo,TGO,2019,0.0,0,1.0,1.0,1.0,1,0,1,0
Togo,TGO,2020,21.678675600000002,1,0.0,1.0,1.0,0,0,1,1
Togo,TGO,2021,20.0854864,1,1.0,0.0,1.0,0,0,1,1
Togo,TGO,2022,1.8616787,1,1.0,1.0,1.0,0,0,1,1
Togo,TGO,2023,2.0,1,1.0,1.0,,0,0,0,0
Tonga,TON,1960,,0,,,0.0,0,0,0,0
Tonga,TON,1961,,0,0.0,,0.0,0,0,0,0
Tonga,TON,1962,,0,0.0,0.0,0.0,0,0,0,0
Tonga,TON,1963,,0,0.0,0.0,0.0,0,0,0,0
Tonga,TON,1964,,0,0.0,0.0,0.0,0,0,0,0
Tonga,TON,1965,,0,0.0,0.0,0.0,0,0,0,0
Tonga,TON,1966,,0,0.0,0.0,0.0,0,0,0,0
Tonga,TON,1967,,0,0.0,0.0,0.0,0,0,0,0
Tonga,TON,1968,,0,0.0,0.0,0.0,0,0,0,0
Tonga,TON,1969,,0,0.0,0.0,0.0,0,0,0,0
Tonga,TON,1970,0.0,0,0.0,0.0,0.0,0,0,0,0
Tonga,TON,1971,0.0,0,0.0,0.0,0.0,0,0,0,0
Tonga,TON,1972,0.0,0,0.0,0.0,0.0,0,0,0,0
Tonga,TON,1973,0.0,0,0.0,0.0,0.0,0,0,0,0
Tonga,TON,1974,0.0,0,0.0,0.0,0.0,0,0,0,0
Tonga,TON,1975,0.0,0,0.0,0.0,0.0,0,0,0,0
Tonga,TON,1976,0.0,0,0.0,0.0,0.0,0,0,0,0
Tonga,TON,1977,0.0,0,0.0,0.0,0.0,0,0,0,0
Tonga,TON,1978,0.0,0,0.0,0.0,0.0,0,0,0,0
Tonga,TON,1979,0.0,0,0.0,0.0,0.0,0,0,0,0
Tonga,TON,1980,0.0,0,0.0,0.0,0.0,0,0,0,0
Tonga,TON,1981,0.0,0,0.0,0.0,0.0,0,0,0,0
Tonga,TON,1982,0.0,0,0.0,0.0,0.0,0,0,0,0
Tonga,TON,1983,0.0,0,0.0,0.0,0.0,0,0,0,0
Tonga,TON,1984,0.0,0,0.0,0.0,0.0,0,0,0,0
Tonga,TON,1985,0.0,0,0.0,0.0,0.0,0,0,0,0
Tonga,TON,1986,0.0,0,0.0,0.0,0.0,0,0,0,0
Tonga,TON,1987,0.0,0,0.0,0.0,0.0,0,0,0,0
Tonga,TON,1988,0.0,0,0.0,0.0,0.0,0,0,0,0
Tonga,TON,1989,0.0,0,0.0,0.0,0.0,0,0,0,0
Tonga,TON,1990,0.0,0,0.0,0.0,0.0,0,0,0,0
Tonga,TON,1991,0.0,0,0.0,0.0,0.0,0,0,0,0
Tonga,TON,1992,0.0,0,0.0,0.0,0.0,0,0,0,0
Tonga,TON,1993,0.0,0,0.0,0.0,0.0,0,0,0,0
Tonga,TON,1994,0.0,0,0.0,0.0,0.0,0,0,0,0
Tonga,TON,1995,0.0,0,0.0,0.0,0.0,0,0,0,0
Tonga,TON,1996,0.0,0,0.0,0.0,1.0,1,1,1,0
Tonga,TON,1997,0.026501,1,0.0,0.0,1.0,0,0,1,1
Tonga,TON,1998,0.0595043,1,1.0,0.0,1.0,0,0,1,1
Tonga,TON,1999,0.30841219999999997,1,1.0,1.0,1.0,0,0,1,1
Tonga,TON,2000,0.673682,1,1.0,1.0,1.0,0,0,1,1
Tonga,TON,2001,1.7960968,1,1.0,1.0,1.0,0,0,1,1
Tonga,TON,2002,2.0175233,1,1.0,1.0,1.0,0,0,1,1
Tonga,TON,2003,2.7029856,1,1.0,1.0,1.0,0,0,1,1
Tonga,TON,2004,2.9044132,1,1.0,1.0,1.0,0,0,1,1
Tonga,TON,2005,0.6760864,1,1.0,1.0,1.0,0,0,1,1
Tonga,TON,2006,1.4270337,1,1.0,1.0,1.0,0,0,1,1
Tonga,TON,2007,0.6502751999999999,1,1.0,1.0,1.0,0,0,1,1
Tonga,TON,2008,2.4078545,1,1.0,1.0,1.0,0,0,1,1
Tonga,TON,2009,0.7322632,1,1.0,1.0,1.0,0,0,1,1
Tonga,TON,2010,0.0243912,1,1.0,1.0,1.0,0,0,1,1
Tonga,TON,2011,0.0770946,1,1.0,1.0,1.0,0,0,1,1
Tonga,TON,2012,0.0982149,1,1.0,1.0,1.0,0,0,1,1
Tonga,TON,2013,2.3507191,1,1.0,1.0,1.0,0,0,1,1
Tonga,TON,2014,0.8195876000000001,1,1.0,1.0,1.0,0,0,1,1
Tonga,TON,2015,1.540476,1,1.0,1.0,1.0,0,0,1,1
Tonga,TON,2016,4.0,1,1.0,1.0,0.0,0,0,0,0
Tonga,TON,2017,0.0,0,1.0,1.0,0.0,0,0,0,0
Tonga,TON,2018,0.0,0,0.0,1.0,0.0,0,0,0,0
Tonga,TON,2019,0.0,0,0.0,0.0,1.0,1,1,1,0
Tonga,TON,2020,3.0413572999999996,1,0.0,0.0,1.0,0,0,1,1
Tonga,TON,2021,6.4210566,1,1.0,0.0,0.0,0,0,0,0
Tonga,TON,2022,0.0,0,1.0,1.0,0.0,0,0,0,0
Tonga,TON,2023,0.0,0,0.0,1.0,,0,0,0,0
Trinidad & Tobago,TTO,1960,,0,,,0.0,0,0,0,0
Trinidad & Tobago,TTO,1961,,0,0.0,,0.0,0,0,0,0
Trinidad & Tobago,TTO,1962,0.0,0,0.0,0.0,0.0,0,0,0,0
Trinidad & Tobago,TTO,1963,0.0,0,0.0,0.0,0.0,0,0,0,0
Trinidad & Tobago,TTO,1964,0.0,0,0.0,0.0,0.0,0,0,0,0
Trinidad & Tobago,TTO,1965,0.0,0,0.0,0.0,0.0,0,0,0,0
Trinidad & Tobago,TTO,1966,0.0,0,0.0,0.0,0.0,0,0,0,0
Trinidad & Tobago,TTO,1967,0.0,0,0.0,0.0,0.0,0,0,0,0
Trinidad & Tobago,TTO,1968,0.0,0,0.0,0.0,0.0,0,0,0,0
Trinidad & Tobago,TTO,1969,0.0,0,0.0,0.0,0.0,0,0,0,0
Trinidad & Tobago,TTO,1970,0.0,0,0.0,0.0,0.0,0,0,0,0
Trinidad & Tobago,TTO,1971,0.0,0,0.0,0.0,0.0,0,0,0,0
Trinidad & Tobago,TTO,1972,0.0,0,0.0,0.0,0.0,0,0,0,0
Trinidad & Tobago,TTO,1973,0.0,0,0.0,0.0,0.0,0,0,0,0
Trinidad & Tobago,TTO,1974,0.0,0,0.0,0.0,0.0,0,0,0,0
Trinidad & Tobago,TTO,1975,0.0,0,0.0,0.0,0.0,0,0,0,0
Trinidad & Tobago,TTO,1976,0.0,0,0.0,0.0,0.0,0,0,0,0
Trinidad & Tobago,TTO,1977,0.0,0,0.0,0.0,0.0,0,0,0,0
Trinidad & Tobago,TTO,1978,0.0,0,0.0,0.0,0.0,0,0,0,0
Trinidad & Tobago,TTO,1979,0.0,0,0.0,0.0,0.0,0,0,0,0
Trinidad & Tobago,TTO,1980,0.0,0,0.0,0.0,0.0,0,0,0,0
Trinidad & Tobago,TTO,1981,0.0,0,0.0,0.0,0.0,0,0,0,0
Trinidad & Tobago,TTO,1982,0.0,0,0.0,0.0,0.0,0,0,0,0
Trinidad & Tobago,TTO,1983,0.0,0,0.0,0.0,0.0,0,0,0,0
Trinidad & Tobago,TTO,1984,0.0,0,0.0,0.0,0.0,0,0,0,0
Trinidad & Tobago,TTO,1985,0.0,0,0.0,0.0,0.0,0,0,0,0
Trinidad & Tobago,TTO,1986,0.0,0,0.0,0.0,0.0,0,0,0,0
Trinidad & Tobago,TTO,1987,0.0,0,0.0,0.0,1.0,1,1,1,0
Trinidad & Tobago,TTO,1988,401.5115,1,0.0,0.0,1.0,0,0,1,1
Trinidad & Tobago,TTO,1989,655.0,1,1.0,0.0,1.0,0,0,1,1
Trinidad & Tobago,TTO,1990,110.0,1,1.0,1.0,0.0,0,0,0,0
Trinidad & Tobago,TTO,1991,0.0,0,1.0,1.0,0.0,0,0,0,0
Trinidad & Tobago,TTO,1992,0.0,0,0.0,1.0,0.0,0,0,0,0
Trinidad & Tobago,TTO,1993,0.0,0,0.0,0.0,0.0,0,0,0,0
Trinidad & Tobago,TTO,1994,0.0,0,0.0,0.0,0.0,0,0,0,0
Trinidad & Tobago,TTO,1995,0.0,0,0.0,0.0,0.0,0,0,0,0
Trinidad & Tobago,TTO,1996,0.0,0,0.0,0.0,0.0,0,0,0,0
Trinidad & Tobago,TTO,1997,0.0,0,0.0,0.0,0.0,0,0,0,0
Trinidad & Tobago,TTO,1998,0.0,0,0.0,0.0,0.0,0,0,0,0
Trinidad & Tobago,TTO,1999,0.0,0,0.0,0.0,0.0,0,0,0,0
Trinidad & Tobago,TTO,2000,0.0,0,0.0,0.0,0.0,0,0,0,0
Trinidad & Tobago,TTO,2001,0.0,0,0.0,0.0,0.0,0,0,0,0
Trinidad & Tobago,TTO,2002,0.0,0,0.0,0.0,0.0,0,0,0,0
Trinidad & Tobago,TTO,2003,0.0,0,0.0,0.0,0.0,0,0,0,0
Trinidad & Tobago,TTO,2004,0.0,0,0.0,0.0,0.0,0,0,0,0
Trinidad & Tobago,TTO,2005,0.0,0,0.0,0.0,0.0,0,0,0,0
Trinidad & Tobago,TTO,2006,0.0,0,0.0,0.0,0.0,0,0,0,0
Trinidad & Tobago,TTO,2007,0.0,0,0.0,0.0,0.0,0,0,0,0
Trinidad & Tobago,TTO,2008,0.0,0,0.0,0.0,0.0,0,0,0,0
Trinidad & Tobago,TTO,2009,0.0,0,0.0,0.0,0.0,0,0,0,0
Trinidad & Tobago,TTO,2010,0.0,0,0.0,0.0,0.0,0,0,0,0
Trinidad & Tobago,TTO,2011,0.0,0,0.0,0.0,0.0,0,0,0,0
Trinidad & Tobago,TTO,2012,0.0,0,0.0,0.0,0.0,0,0,0,0
Trinidad & Tobago,TTO,2013,0.0,0,0.0,0.0,0.0,0,0,0,0
Trinidad & Tobago,TTO,2014,0.0,0,0.0,0.0,0.0,0,0,0,0
Trinidad & Tobago,TTO,2015,0.0,0,0.0,0.0,0.0,0,0,0,0
Trinidad & Tobago,TTO,2016,0.0,0,0.0,0.0,0.0,0,0,0,0
Trinidad & Tobago,TTO,2017,0.0,0,0.0,0.0,0.0,0,0,0,0
Trinidad & Tobago,TTO,2018,0.0,0,0.0,0.0,0.0,0,0,0,0
Trinidad & Tobago,TTO,2019,0.0,0,0.0,0.0,0.0,0,0,0,0
Trinidad & Tobago,TTO,2020,0.0,0,0.0,0.0,0.0,0,0,0,0
Trinidad & Tobago,TTO,2021,0.0,0,0.0,0.0,0.0,0,0,0,0
Trinidad & Tobago,TTO,2022,0.0,0,0.0,0.0,0.0,0,0,0,0
Trinidad & Tobago,TTO,2023,0.0,0,0.0,0.0,,0,0,0,0
Tunisia,TUN,1960,0.0,0,,,0.0,0,0,0,0
Tunisia,TUN,1961,0.0,0,0.0,,0.0,0,0,0,0
Tunisia,TUN,1962,0.0,0,0.0,0.0,0.0,0,0,0,0
Tunisia,TUN,1963,0.0,0,0.0,0.0,0.0,0,0,0,0
Tunisia,TUN,1964,0.0,0,0.0,0.0,0.0,0,0,0,0
Tunisia,TUN,1965,0.0,0,0.0,0.0,0.0,0,0,0,0
Tunisia,TUN,1966,0.0,0,0.0,0.0,0.0,0,0,0,0
Tunisia,TUN,1967,0.0,0,0.0,0.0,0.0,0,0,0,0
Tunisia,TUN,1968,0.0,0,0.0,0.0,0.0,0,0,0,0
Tunisia,TUN,1969,0.0,0,0.0,0.0,1.0,1,1,1,0
Tunisia,TUN,1970,2.83,1,0.0,0.0,1.0,0,0,1,1
Tunisia,TUN,1971,4.525,1,1.0,0.0,1.0,0,0,1,1
Tunisia,TUN,1972,4.753,1,1.0,1.0,1.0,0,0,1,1
Tunisia,TUN,1973,5.337999999999999,1,1.0,1.0,1.0,0,0,1,1
Tunisia,TUN,1974,5.726,1,1.0,1.0,1.0,0,0,1,1
Tunisia,TUN,1975,5.781000000000001,1,1.0,1.0,1.0,0,0,1,1
Tunisia,TUN,1976,5.223,1,1.0,1.0,1.0,0,0,1,1
Tunisia,TUN,1977,5.705,1,1.0,1.0,1.0,0,0,1,1
Tunisia,TUN,1978,6.87,1,1.0,1.0,1.0,0,0,1,1
Tunisia,TUN,1979,6.711,1,1.0,1.0,1.0,0,0,1,1
Tunisia,TUN,1980,6.129,1,1.0,1.0,1.0,0,0,1,1
Tunisia,TUN,1981,4.595000000000001,1,1.0,1.0,1.0,0,0,1,1
Tunisia,TUN,1982,4.061,1,1.0,1.0,1.0,0,0,1,1
Tunisia,TUN,1983,6.613,1,1.0,1.0,1.0,0,0,1,1
Tunisia,TUN,1984,3.192,1,1.0,1.0,1.0,0,0,1,1
Tunisia,TUN,1985,16.919,1,1.0,1.0,1.0,0,0,1,1
Tunisia,TUN,1986,21.353,1,1.0,1.0,1.0,0,0,1,1
Tunisia,TUN,1987,5.285,1,1.0,1.0,0.0,0,0,0,0
Tunisia,TUN,1988,0.0,0,1.0,1.0,1.0,1,0,1,0
Tunisia,TUN,1989,6.306,1,0.0,1.0,1.0,0,0,1,1
Tunisia,TUN,1990,22.092,1,1.0,0.0,1.0,0,0,1,1
Tunisia,TUN,1991,82.256,1,1.0,1.0,1.0,0,0,1,1
Tunisia,TUN,1992,13.629,1,1.0,1.0,1.0,0,0,1,1
Tunisia,TUN,1993,3.204,1,1.0,1.0,1.0,0,0,1,1
Tunisia,TUN,1994,16.445,1,1.0,1.0,1.0,0,0,1,1
Tunisia,TUN,1995,0.737,1,1.0,1.0,1.0,0,0,1,1
Tunisia,TUN,1996,0.191,1,1.0,1.0,0.0,0,0,0,0
Tunisia,TUN,1997,0.0,0,1.0,1.0,0.0,0,0,0,0
Tunisia,TUN,1998,0.0,0,0.0,1.0,0.0,0,0,0,0
Tunisia,TUN,1999,0.0,0,0.0,0.0,0.0,0,0,0,0
Tunisia,TUN,2000,0.0,0,0.0,0.0,0.0,0,0,0,0
Tunisia,TUN,2001,0.0,0,0.0,0.0,0.0,0,0,0,0
Tunisia,TUN,2002,0.0,0,0.0,0.0,0.0,0,0,0,0
Tunisia,TUN,2003,0.0,0,0.0,0.0,0.0,0,0,0,0
Tunisia,TUN,2004,0.0,0,0.0,0.0,0.0,0,0,0,0
Tunisia,TUN,2005,0.0,0,0.0,0.0,0.0,0,0,0,0
Tunisia,TUN,2006,0.0,0,0.0,0.0,0.0,0,0,0,0
Tunisia,TUN,2007,0.0,0,0.0,0.0,0.0,0,0,0,0
Tunisia,TUN,2008,0.0,0,0.0,0.0,0.0,0,0,0,0
Tunisia,TUN,2009,0.0,0,0.0,0.0,0.0,0,0,0,0
Tunisia,TUN,2010,0.0,0,0.0,0.0,0.0,0,0,0,0
Tunisia,TUN,2011,0.0,0,0.0,0.0,0.0,0,0,0,0
Tunisia,TUN,2012,0.0,0,0.0,0.0,1.0,1,1,1,0
Tunisia,TUN,2013,5.4984717000000005,1,0.0,0.0,1.0,0,0,1,1
Tunisia,TUN,2014,2.4197013,1,1.0,0.0,1.0,0,0,1,1
Tunisia,TUN,2015,0.27,1,1.0,1.0,0.0,0,0,0,0
Tunisia,TUN,2016,0.0,0,1.0,1.0,0.0,0,0,0,0
Tunisia,TUN,2017,0.0,0,0.0,1.0,0.0,0,0,0,0
Tunisia,TUN,2018,0.0,0,0.0,0.0,0.0,0,0,0,0
Tunisia,TUN,2019,0.0,0,0.0,0.0,0.0,0,0,0,0
Tunisia,TUN,2020,0.0,0,0.0,0.0,0.0,0,0,0,0
Tunisia,TUN,2021,0.0,0,0.0,0.0,0.0,0,0,0,0
Tunisia,TUN,2022,0.0,0,0.0,0.0,0.0,0,0,0,0
Tunisia,TUN,2023,0.0,0,0.0,0.0,,0,0,0,0
Turkey,TUR,1960,0.0,0,,,0.0,0,0,0,0
Turkey,TUR,1961,0.0,0,0.0,,0.0,0,0,0,0
Turkey,TUR,1962,0.0,0,0.0,0.0,0.0,0,0,0,0
Turkey,TUR,1963,0.0,0,0.0,0.0,0.0,0,0,0,0
Turkey,TUR,1964,0.0,0,0.0,0.0,1.0,1,1,1,0
Turkey,TUR,1965,220.0,1,0.0,0.0,0.0,0,0,0,0
Turkey,TUR,1966,0.0,0,1.0,0.0,0.0,0,0,0,0
Turkey,TUR,1967,0.0,0,0.0,1.0,0.0,0,0,0,0
Turkey,TUR,1968,0.0,0,0.0,0.0,0.0,0,0,0,0
Turkey,TUR,1969,0.0,0,0.0,0.0,1.0,1,1,1,0
Turkey,TUR,1970,75.0,1,0.0,0.0,1.0,0,0,1,1
Turkey,TUR,1971,0.52,1,1.0,0.0,0.0,0,0,0,0
Turkey,TUR,1972,0.0,0,1.0,1.0,0.0,0,0,0,0
Turkey,TUR,1973,0.0,0,0.0,1.0,0.0,0,0,0,0
Turkey,TUR,1974,0.0,0,0.0,0.0,0.0,0,0,0,0
Turkey,TUR,1975,0.0,0,0.0,0.0,0.0,0,0,0,0
Turkey,TUR,1976,0.0,0,0.0,0.0,1.0,1,1,1,0
Turkey,TUR,1977,0.21,1,0.0,0.0,1.0,0,0,1,1
Turkey,TUR,1978,3300.37,1,1.0,0.0,1.0,0,0,1,1
Turkey,TUR,1979,4064.45,1,1.0,1.0,1.0,0,0,1,1
Turkey,TUR,1980,3033.9500000000003,1,1.0,1.0,1.0,0,0,1,1
Turkey,TUR,1981,130.34,1,1.0,1.0,1.0,0,0,1,1
Turkey,TUR,1982,2925.41,1,1.0,1.0,1.0,0,0,1,1
Turkey,TUR,1983,23.539999999999996,1,1.0,1.0,1.0,0,0,1,1
Turkey,TUR,1984,21.529999999999998,1,1.0,1.0,0.0,0,0,0,0
Turkey,TUR,1985,0.0,0,1.0,1.0,0.0,0,0,0,0
Turkey,TUR,1986,0.0,0,0.0,1.0,0.0,0,0,0,0
Turkey,TUR,1987,0.0,0,0.0,0.0,0.0,0,0,0,0
Turkey,TUR,1988,0.0,0,0.0,0.0,0.0,0,0,0,0
Turkey,TUR,1989,0.0,0,0.0,0.0,0.0,0,0,0,0
Turkey,TUR,1990,0.0,0,0.0,0.0,0.0,0,0,0,0
Turkey,TUR,1991,0.0,0,0.0,0.0,0.0,0,0,0,0
Turkey,TUR,1992,0.0,0,0.0,0.0,0.0,0,0,0,0
Turkey,TUR,1993,0.0,0,0.0,0.0,0.0,0,0,0,0
Turkey,TUR,1994,0.0,0,0.0,0.0,0.0,0,0,0,0
Turkey,TUR,1995,0.0,0,0.0,0.0,0.0,0,0,0,0
Turkey,TUR,1996,0.0,0,0.0,0.0,0.0,0,0,0,0
Turkey,TUR,1997,0.0,0,0.0,0.0,0.0,0,0,0,0
Turkey,TUR,1998,0.0,0,0.0,0.0,1.0,1,1,1,0
Turkey,TUR,1999,48280.0,1,0.0,0.0,0.0,0,0,0,0
Turkey,TUR,2000,0.0,0,1.0,0.0,0.0,0,0,0,0
Turkey,TUR,2001,0.0,0,0.0,1.0,0.0,0,0,0,0
Turkey,TUR,2002,0.0,0,0.0,0.0,0.0,0,0,0,0
Turkey,TUR,2003,0.0,0,0.0,0.0,0.0,0,0,0,0
Turkey,TUR,2004,0.0,0,0.0,0.0,0.0,0,0,0,0
Turkey,TUR,2005,0.0,0,0.0,0.0,0.0,0,0,0,0
Turkey,TUR,2006,0.0,0,0.0,0.0,0.0,0,0,0,0
Turkey,TUR,2007,0.0,0,0.0,0.0,0.0,0,0,0,0
Turkey,TUR,2008,0.0,0,0.0,0.0,0.0,0,0,0,0
Turkey,TUR,2009,0.0,0,0.0,0.0,0.0,0,0,0,0
Turkey,TUR,2010,0.0,0,0.0,0.0,1.0,1,1,1,0
Turkey,TUR,2011,13.6135669,1,0.0,0.0,0.0,0,0,0,0
Turkey,TUR,2012,0.0,0,1.0,0.0,0.0,0,0,0,0
Turkey,TUR,2013,0.0,0,0.0,1.0,0.0,0,0,0,0
Turkey,TUR,2014,0.0,0,0.0,0.0,0.0,0,0,0,0
Turkey,TUR,2015,0.0,0,0.0,0.0,0.0,0,0,0,0
Turkey,TUR,2016,0.0,0,0.0,0.0,1.0,1,1,1,0
Turkey,TUR,2017,563.0,1,0.0,0.0,0.0,0,0,0,0
Turkey,TUR,2018,0.0,0,1.0,0.0,0.0,0,0,0,0
Turkey,TUR,2019,0.0,0,0.0,1.0,1.0,1,1,1,0
Turkey,TUR,2020,0.13566170000000002,1,0.0,0.0,0.0,0,0,0,0
Turkey,TUR,2021,0.0,0,1.0,0.0,0.0,0,0,0,0
Turkey,TUR,2022,0.0,0,0.0,1.0,0.0,0,0,0,0
Turkey,TUR,2023,0.0,0,0.0,0.0,,0,0,0,0
Turkmenistan,TKM,1960,,0,,,0.0,0,0,0,0
Turkmenistan,TKM,1961,,0,0.0,,0.0,0,0,0,0
Turkmenistan,TKM,1962,,0,0.0,0.0,0.0,0,0,0,0
Turkmenistan,TKM,1963,,0,0.0,0.0,0.0,0,0,0,0
Turkmenistan,TKM,1964,,0,0.0,0.0,0.0,0,0,0,0
Turkmenistan,TKM,1965,,0,0.0,0.0,0.0,0,0,0,0
Turkmenistan,TKM,1966,,0,0.0,0.0,0.0,0,0,0,0
Turkmenistan,TKM,1967,,0,0.0,0.0,0.0,0,0,0,0
Turkmenistan,TKM,1968,,0,0.0,0.0,0.0,0,0,0,0
Turkmenistan,TKM,1969,,0,0.0,0.0,0.0,0,0,0,0
Turkmenistan,TKM,1970,,0,0.0,0.0,0.0,0,0,0,0
Turkmenistan,TKM,1971,,0,0.0,0.0,0.0,0,0,0,0
Turkmenistan,TKM,1972,,0,0.0,0.0,0.0,0,0,0,0
Turkmenistan,TKM,1973,,0,0.0,0.0,0.0,0,0,0,0
Turkmenistan,TKM,1974,,0,0.0,0.0,0.0,0,0,0,0
Turkmenistan,TKM,1975,,0,0.0,0.0,0.0,0,0,0,0
Turkmenistan,TKM,1976,,0,0.0,0.0,0.0,0,0,0,0
Turkmenistan,TKM,1977,,0,0.0,0.0,0.0,0,0,0,0
Turkmenistan,TKM,1978,,0,0.0,0.0,0.0,0,0,0,0
Turkmenistan,TKM,1979,,0,0.0,0.0,0.0,0,0,0,0
Turkmenistan,TKM,1980,,0,0.0,0.0,0.0,0,0,0,0
Turkmenistan,TKM,1981,,0,0.0,0.0,0.0,0,0,0,0
Turkmenistan,TKM,1982,,0,0.0,0.0,0.0,0,0,0,0
Turkmenistan,TKM,1983,,0,0.0,0.0,0.0,0,0,0,0
Turkmenistan,TKM,1984,,0,0.0,0.0,0.0,0,0,0,0
Turkmenistan,TKM,1985,,0,0.0,0.0,0.0,0,0,0,0
Turkmenistan,TKM,1986,,0,0.0,0.0,0.0,0,0,0,0
Turkmenistan,TKM,1987,,0,0.0,0.0,0.0,0,0,0,0
Turkmenistan,TKM,1988,,0,0.0,0.0,0.0,0,0,0,0
Turkmenistan,TKM,1989,,0,0.0,0.0,0.0,0,0,0,0
Turkmenistan,TKM,1990,,0,0.0,0.0,0.0,0,0,0,0
Turkmenistan,TKM,1991,0.0,0,0.0,0.0,0.0,0,0,0,0
Turkmenistan,TKM,1992,0.0,0,0.0,0.0,0.0,0,0,0,0
Turkmenistan,TKM,1993,0.0,0,0.0,0.0,1.0,1,1,1,0
Turkmenistan,TKM,1994,38.3973197,1,0.0,0.0,1.0,0,0,1,1
Turkmenistan,TKM,1995,139.6400041,1,1.0,0.0,1.0,0,0,1,1
Turkmenistan,TKM,1996,64.6061536,1,1.0,1.0,1.0,0,0,1,1
Turkmenistan,TKM,1997,68.3828707,1,1.0,1.0,1.0,0,0,1,1
Turkmenistan,TKM,1998,89.4870951,1,1.0,1.0,1.0,0,0,1,1
Turkmenistan,TKM,1999,90.291492,1,1.0,1.0,1.0,0,0,1,1
Turkmenistan,TKM,2000,200.8292485,1,1.0,1.0,1.0,0,0,1,1
Turkmenistan,TKM,2001,123.79527490000001,1,1.0,1.0,1.0,0,0,1,1
Turkmenistan,TKM,2002,56.309165099999994,1,1.0,1.0,1.0,0,0,1,1
Turkmenistan,TKM,2003,25.948553999999998,1,1.0,1.0,1.0,0,0,1,1
Turkmenistan,TKM,2004,29.0914758,1,1.0,1.0,1.0,0,0,1,1
Turkmenistan,TKM,2005,22.383000000000003,1,1.0,1.0,1.0,0,0,1,1
Turkmenistan,TKM,2006,5.0615440000000005,1,1.0,1.0,1.0,0,0,1,1
Turkmenistan,TKM,2007,5.136,1,1.0,1.0,1.0,0,0,1,1
Turkmenistan,TKM,2008,1.418,1,1.0,1.0,1.0,0,0,1,1
Turkmenistan,TKM,2009,1.418,1,1.0,1.0,1.0,0,0,1,1
Turkmenistan,TKM,2010,0.941,1,1.0,1.0,0.0,0,0,0,0
Turkmenistan,TKM,2011,0.0,0,1.0,1.0,1.0,1,0,1,0
Turkmenistan,TKM,2012,0.007921,1,0.0,1.0,0.0,0,0,0,0
Turkmenistan,TKM,2013,0.0,0,1.0,0.0,0.0,0,0,0,0
Turkmenistan,TKM,2014,0.0,0,0.0,1.0,0.0,0,0,0,0
Turkmenistan,TKM,2015,0.0,0,0.0,0.0,0.0,0,0,0,0
Turkmenistan,TKM,2016,0.0,0,0.0,0.0,0.0,0,0,0,0
Turkmenistan,TKM,2017,0.0,0,0.0,0.0,0.0,0,0,0,0
Turkmenistan,TKM,2018,0.0,0,0.0,0.0,0.0,0,0,0,0
Turkmenistan,TKM,2019,0.0,0,0.0,0.0,0.0,0,0,0,0
Turkmenistan,TKM,2020,0.0,0,0.0,0.0,0.0,0,0,0,0
Turkmenistan,TKM,2021,0.0,0,0.0,0.0,0.0,0,0,0,0
Turkmenistan,TKM,2022,0.0,0,0.0,0.0,0.0,0,0,0,0
Turkmenistan,TKM,2023,0.0,0,0.0,0.0,,0,0,0,0
Tuvalu,TUV,1960,,0,,,0.0,0,0,0,0
Tuvalu,TUV,1961,,0,0.0,,0.0,0,0,0,0
Tuvalu,TUV,1962,,0,0.0,0.0,0.0,0,0,0,0
Tuvalu,TUV,1963,,0,0.0,0.0,0.0,0,0,0,0
Tuvalu,TUV,1964,,0,0.0,0.0,0.0,0,0,0,0
Tuvalu,TUV,1965,,0,0.0,0.0,0.0,0,0,0,0
Tuvalu,TUV,1966,,0,0.0,0.0,0.0,0,0,0,0
Tuvalu,TUV,1967,,0,0.0,0.0,0.0,0,0,0,0
Tuvalu,TUV,1968,,0,0.0,0.0,0.0,0,0,0,0
Tuvalu,TUV,1969,,0,0.0,0.0,0.0,0,0,0,0
Tuvalu,TUV,1970,,0,0.0,0.0,0.0,0,0,0,0
Tuvalu,TUV,1971,,0,0.0,0.0,0.0,0,0,0,0
Tuvalu,TUV,1972,,0,0.0,0.0,0.0,0,0,0,0
Tuvalu,TUV,1973,,0,0.0,0.0,0.0,0,0,0,0
Tuvalu,TUV,1974,,0,0.0,0.0,0.0,0,0,0,0
Tuvalu,TUV,1975,,0,0.0,0.0,0.0,0,0,0,0
Tuvalu,TUV,1976,,0,0.0,0.0,0.0,0,0,0,0
Tuvalu,TUV,1977,,0,0.0,0.0,0.0,0,0,0,0
Tuvalu,TUV,1978,,0,0.0,0.0,0.0,0,0,0,0
Tuvalu,TUV,1979,,0,0.0,0.0,0.0,0,0,0,0
Tuvalu,TUV,1980,,0,0.0,0.0,0.0,0,0,0,0
Tuvalu,TUV,1981,,0,0.0,0.0,0.0,0,0,0,0
Tuvalu,TUV,1982,,0,0.0,0.0,0.0,0,0,0,0
Tuvalu,TUV,1983,,0,0.0,0.0,0.0,0,0,0,0
Tuvalu,TUV,1984,,0,0.0,0.0,0.0,0,0,0,0
Tuvalu,TUV,1985,,0,0.0,0.0,0.0,0,0,0,0
Tuvalu,TUV,1986,,0,0.0,0.0,0.0,0,0,0,0
Tuvalu,TUV,1987,,0,0.0,0.0,0.0,0,0,0,0
Tuvalu,TUV,1988,,0,0.0,0.0,0.0,0,0,0,0
Tuvalu,TUV,1989,,0,0.0,0.0,0.0,0,0,0,0
Tuvalu,TUV,1990,,0,0.0,0.0,0.0,0,0,0,0
Tuvalu,TUV,1991,,0,0.0,0.0,0.0,0,0,0,0
Tuvalu,TUV,1992,,0,0.0,0.0,0.0,0,0,0,0
Tuvalu,TUV,1993,,0,0.0,0.0,0.0,0,0,0,0
Tuvalu,TUV,1994,,0,0.0,0.0,0.0,0,0,0,0
Tuvalu,TUV,1995,,0,0.0,0.0,0.0,0,0,0,0
Tuvalu,TUV,1996,,0,0.0,0.0,0.0,0,0,0,0
Tuvalu,TUV,1997,,0,0.0,0.0,0.0,0,0,0,0
Tuvalu,TUV,1998,,0,0.0,0.0,0.0,0,0,0,0
Tuvalu,TUV,1999,,0,0.0,0.0,0.0,0,0,0,0
Tuvalu,TUV,2000,,0,0.0,0.0,0.0,0,0,0,0
Tuvalu,TUV,2001,,0,0.0,0.0,0.0,0,0,0,0
Tuvalu,TUV,2002,,0,0.0,0.0,0.0,0,0,0,0
Tuvalu,TUV,2003,,0,0.0,0.0,0.0,0,0,0,0
Tuvalu,TUV,2004,,0,0.0,0.0,0.0,0,0,0,0
Tuvalu,TUV,2005,,0,0.0,0.0,0.0,0,0,0,0
Tuvalu,TUV,2006,,0,0.0,0.0,0.0,0,0,0,0
Tuvalu,TUV,2007,,0,0.0,0.0,0.0,0,0,0,0
Tuvalu,TUV,2008,,0,0.0,0.0,0.0,0,0,0,0
Tuvalu,TUV,2009,,0,0.0,0.0,0.0,0,0,0,0
Tuvalu,TUV,2010,,0,0.0,0.0,0.0,0,0,0,0
Tuvalu,TUV,2011,,0,0.0,0.0,0.0,0,0,0,0
Tuvalu,TUV,2012,,0,0.0,0.0,0.0,0,0,0,0
Tuvalu,TUV,2013,,0,0.0,0.0,0.0,0,0,0,0
Tuvalu,TUV,2014,,0,0.0,0.0,0.0,0,0,0,0
Tuvalu,TUV,2015,,0,0.0,0.0,0.0,0,0,0,0
Tuvalu,TUV,2016,,0,0.0,0.0,0.0,0,0,0,0
Tuvalu,TUV,2017,,0,0.0,0.0,0.0,0,0,0,0
Tuvalu,TUV,2018,,0,0.0,0.0,0.0,0,0,0,0
Tuvalu,TUV,2019,,0,0.0,0.0,0.0,0,0,0,0
Tuvalu,TUV,2020,,0,0.0,0.0,0.0,0,0,0,0
Tuvalu,TUV,2021,,0,0.0,0.0,0.0,0,0,0,0
Tuvalu,TUV,2022,,0,0.0,0.0,0.0,0,0,0,0
Tuvalu,TUV,2023,,0,0.0,0.0,,0,0,0,0
USSR/Russian Federation,RUS,1960,10938.0,1,,,1.0,0,0,1,1
USSR/Russian Federation,RUS,1961,11402.71831399371,1,1.0,,1.0,0,0,1,1
USSR/Russian Federation,RUS,1962,11887.147046553457,1,1.0,1.0,1.0,0,0,1,1
USSR/Russian Federation,RUS,1963,12394.112928415596,1,1.0,1.0,1.0,0,0,1,1
USSR/Russian Federation,RUS,1964,12920.15744555222,1,1.0,1.0,1.0,0,0,1,1
USSR/Russian Federation,RUS,1965,13468.84374337431,1,1.0,1.0,1.0,0,0,1,1
USSR/Russian Federation,RUS,1966,14042.757493109282,1,1.0,1.0,1.0,0,0,1,1
USSR/Russian Federation,RUS,1967,12588.14953671456,1,1.0,1.0,1.0,0,0,1,1
USSR/Russian Federation,RUS,1968,13124.195518183144,1,1.0,1.0,1.0,0,0,1,1
USSR/Russian Federation,RUS,1969,13668.92333891047,1,1.0,1.0,1.0,0,0,1,1
USSR/Russian Federation,RUS,1970,14231.92027246689,1,1.0,1.0,1.0,0,0,1,1
USSR/Russian Federation,RUS,1971,15749.721901075915,1,1.0,1.0,1.0,0,0,1,1
USSR/Russian Federation,RUS,1972,15630.223874756024,1,1.0,1.0,1.0,0,0,1,1
USSR/Russian Federation,RUS,1973,15750.109460044958,1,1.0,1.0,1.0,0,0,1,1
USSR/Russian Federation,RUS,1974,16323.68056017016,1,1.0,1.0,1.0,0,0,1,1
USSR/Russian Federation,RUS,1975,14903.813500347187,1,1.0,1.0,1.0,0,0,1,1
USSR/Russian Federation,RUS,1976,14001.22920468176,1,1.0,1.0,1.0,0,0,1,1
USSR/Russian Federation,RUS,1977,16345.161032431699,1,1.0,1.0,1.0,0,0,1,1
USSR/Russian Federation,RUS,1978,18627.82158510779,1,1.0,1.0,1.0,0,0,1,1
USSR/Russian Federation,RUS,1979,19444.494448512105,1,1.0,1.0,1.0,0,0,1,1
USSR/Russian Federation,RUS,1980,21638.301144815658,1,1.0,1.0,1.0,0,0,1,1
USSR/Russian Federation,RUS,1981,17844.471100522867,1,1.0,1.0,1.0,0,0,1,1
USSR/Russian Federation,RUS,1982,15658.294080330485,1,1.0,1.0,1.0,0,0,1,1
USSR/Russian Federation,RUS,1983,14650.44211086006,1,1.0,1.0,1.0,0,0,1,1
USSR/Russian Federation,RUS,1984,12516.685287059106,1,1.0,1.0,1.0,0,0,1,1
USSR/Russian Federation,RUS,1985,15974.062187106241,1,1.0,1.0,1.0,0,0,1,1
USSR/Russian Federation,RUS,1986,17301.870572303447,1,1.0,1.0,1.0,0,0,1,1
USSR/Russian Federation,RUS,1987,615.0,1,1.0,1.0,1.0,0,0,1,1
USSR/Russian Federation,RUS,1988,564.0,1,1.0,1.0,1.0,0,0,1,1
USSR/Russian Federation,RUS,1989,617.0,1,1.0,1.0,1.0,0,0,1,1
USSR/Russian Federation,RUS,1990,730.0,1,1.0,1.0,1.0,0,0,1,1
USSR/Russian Federation,RUS,1991,31011.932941576295,1,1.0,1.0,1.0,0,0,1,1
USSR/Russian Federation,RUS,1992,24733.095556594988,1,1.0,1.0,1.0,0,0,1,1
USSR/Russian Federation,RUS,1993,45105.02744508283,1,1.0,1.0,1.0,0,0,1,1
USSR/Russian Federation,RUS,1994,33542.356725146194,1,1.0,1.0,1.0,0,0,1,1
USSR/Russian Federation,RUS,1995,36458.0,1,1.0,1.0,1.0,0,0,1,1
USSR/Russian Federation,RUS,1996,70182.0,1,1.0,1.0,1.0,0,0,1,1
USSR/Russian Federation,RUS,1997,41733.432,1,1.0,1.0,1.0,0,0,1,1
USSR/Russian Federation,RUS,1998,77719.58499999999,1,1.0,1.0,1.0,0,0,1,1
USSR/Russian Federation,RUS,1999,96152.207,1,1.0,1.0,1.0,0,0,1,1
USSR/Russian Federation,RUS,2000,49315.4484868,1,1.0,1.0,1.0,0,0,1,1
USSR/Russian Federation,RUS,2001,12680.8244499,1,1.0,1.0,1.0,0,0,1,1
USSR/Russian Federation,RUS,2002,10977.1172485,1,1.0,1.0,1.0,0,0,1,1
USSR/Russian Federation,RUS,2003,9951.6111757,1,1.0,1.0,1.0,0,0,1,1
USSR/Russian Federation,RUS,2004,6601.903829399999,1,1.0,1.0,1.0,0,0,1,1
USSR/Russian Federation,RUS,2005,4895.989,1,1.0,1.0,1.0,0,0,1,1
USSR/Russian Federation,RUS,2006,1802.8000000000002,1,1.0,1.0,1.0,0,0,1,1
USSR/Russian Federation,RUS,2007,644.85,1,1.0,1.0,1.0,0,0,1,1
USSR/Russian Federation,RUS,2008,769.75,1,1.0,1.0,1.0,0,0,1,1
USSR/Russian Federation,RUS,2009,427.08,1,1.0,1.0,1.0,0,0,1,1
USSR/Russian Federation,RUS,2010,6.6,1,1.0,1.0,1.0,0,0,1,1
USSR/Russian Federation,RUS,2011,1.84,1,1.0,1.0,1.0,0,0,1,1
USSR/Russian Federation,RUS,2012,1.84,1,1.0,1.0,0.0,0,0,0,0
USSR/Russian Federation,RUS,2013,0.0,0,1.0,1.0,0.0,0,0,0,0
USSR/Russian Federation,RUS,2014,0.0,0,0.0,1.0,0.0,0,0,0,0
USSR/Russian Federation,RUS,2015,0.0,0,0.0,0.0,0.0,0,0,0,0
USSR/Russian Federation,RUS,2016,0.0,0,0.0,0.0,0.0,0,0,0,0
USSR/Russian Federation,RUS,2017,0.0,0,0.0,0.0,0.0,0,0,0,0
USSR/Russian Federation,RUS,2018,0.0,0,0.0,0.0,0.0,0,0,0,0
USSR/Russian Federation,RUS,2019,0.0,0,0.0,0.0,0.0,0,0,0,0
USSR/Russian Federation,RUS,2020,0.0,0,0.0,0.0,0.0,0,0,0,0
USSR/Russian Federation,RUS,2021,0.0,0,0.0,0.0,1.0,1,1,1,0
USSR/Russian Federation,RUS,2022,44443.0,1,0.0,0.0,1.0,0,0,1,1
USSR/Russian Federation,RUS,2023,47067.0,1,1.0,0.0,,0,0,0,0
Uganda,UGA,1960,,0,,,0.0,0,0,0,0
Uganda,UGA,1961,,0,0.0,,0.0,0,0,0,0
Uganda,UGA,1962,0.0,0,0.0,0.0,0.0,0,0,0,0
Uganda,UGA,1963,0.0,0,0.0,0.0,0.0,0,0,0,0
Uganda,UGA,1964,0.0,0,0.0,0.0,0.0,0,0,0,0
Uganda,UGA,1965,0.0,0,0.0,0.0,0.0,0,0,0,0
Uganda,UGA,1966,0.0,0,0.0,0.0,0.0,0,0,0,0
Uganda,UGA,1967,0.0,0,0.0,0.0,0.0,0,0,0,0
Uganda,UGA,1968,0.0,0,0.0,0.0,0.0,0,0,0,0
Uganda,UGA,1969,0.0,0,0.0,0.0,1.0,1,1,1,0
Uganda,UGA,1970,0.06,1,0.0,0.0,1.0,0,0,1,1
Uganda,UGA,1971,0.0663598,1,1.0,0.0,1.0,0,0,1,1
Uganda,UGA,1972,0.431907,1,1.0,1.0,1.0,0,0,1,1
Uganda,UGA,1973,0.5737238,1,1.0,1.0,1.0,0,0,1,1
Uganda,UGA,1974,1.003707,1,1.0,1.0,1.0,0,0,1,1
Uganda,UGA,1975,4.3152607,1,1.0,1.0,1.0,0,0,1,1
Uganda,UGA,1976,12.8067861,1,1.0,1.0,1.0,0,0,1,1
Uganda,UGA,1977,15.7443557,1,1.0,1.0,1.0,0,0,1,1
Uganda,UGA,1978,40.0964213,1,1.0,1.0,1.0,0,0,1,1
Uganda,UGA,1979,66.7840839,1,1.0,1.0,1.0,0,0,1,1
Uganda,UGA,1980,100.606565,1,1.0,1.0,1.0,0,0,1,1
Uganda,UGA,1981,74.4718843,1,1.0,1.0,1.0,0,0,1,1
Uganda,UGA,1982,56.21684280000001,1,1.0,1.0,1.0,0,0,1,1
Uganda,UGA,1983,39.0372349,1,1.0,1.0,1.0,0,0,1,1
Uganda,UGA,1984,47.9627402,1,1.0,1.0,1.0,0,0,1,1
Uganda,UGA,1985,68.1780271,1,1.0,1.0,1.0,0,0,1,1
Uganda,UGA,1986,107.2423606,1,1.0,1.0,1.0,0,0,1,1
Uganda,UGA,1987,368.2048718,1,1.0,1.0,1.0,0,0,1,1
Uganda,UGA,1988,185.90849329999998,1,1.0,1.0,1.0,0,0,1,1
Uganda,UGA,1989,232.3317309,1,1.0,1.0,1.0,0,0,1,1
Uganda,UGA,1990,399.9937989,1,1.0,1.0,1.0,0,0,1,1
Uganda,UGA,1991,464.26077770000006,1,1.0,1.0,1.0,0,0,1,1
Uganda,UGA,1992,419.1546836,1,1.0,1.0,1.0,0,0,1,1
Uganda,UGA,1993,425.12117539999997,1,1.0,1.0,1.0,0,0,1,1
Uganda,UGA,1994,465.28102509999997,1,1.0,1.0,1.0,0,0,1,1
Uganda,UGA,1995,511.96678529999997,1,1.0,1.0,1.0,0,0,1,1
Uganda,UGA,1996,282.3952476,1,1.0,1.0,1.0,0,0,1,1
Uganda,UGA,1997,340.6408573,1,1.0,1.0,1.0,0,0,1,1
Uganda,UGA,1998,397.11494289999996,1,1.0,1.0,1.0,0,0,1,1
Uganda,UGA,1999,260.3967698,1,1.0,1.0,1.0,0,0,1,1
Uganda,UGA,2000,309.37729590000004,1,1.0,1.0,1.0,0,0,1,1
Uganda,UGA,2001,323.43369229999996,1,1.0,1.0,1.0,0,0,1,1
Uganda,UGA,2002,352.21122319999995,1,1.0,1.0,1.0,0,0,1,1
Uganda,UGA,2003,345.96429,1,1.0,1.0,1.0,0,0,1,1
Uganda,UGA,2004,305.2797196,1,1.0,1.0,1.0,0,0,1,1
Uganda,UGA,2005,113.4337077,1,1.0,1.0,1.0,0,0,1,1
Uganda,UGA,2006,3652.3273449,1,1.0,1.0,1.0,0,0,1,1
Uganda,UGA,2007,99.26798430000001,1,1.0,1.0,1.0,0,0,1,1
Uganda,UGA,2008,83.75944190000001,1,1.0,1.0,1.0,0,0,1,1
Uganda,UGA,2009,77.0244775,1,1.0,1.0,1.0,0,0,1,1
Uganda,UGA,2010,103.6483532,1,1.0,1.0,1.0,0,0,1,1
Uganda,UGA,2011,76.9516622,1,1.0,1.0,1.0,0,0,1,1
Uganda,UGA,2012,76.9553703,1,1.0,1.0,1.0,0,0,1,1
Uganda,UGA,2013,77.2847715,1,1.0,1.0,1.0,0,0,1,1
Uganda,UGA,2014,85.06115709999999,1,1.0,1.0,1.0,0,0,1,1
Uganda,UGA,2015,70.1153334,1,1.0,1.0,1.0,0,0,1,1
Uganda,UGA,2016,70.01383019999999,1,1.0,1.0,1.0,0,0,1,1
Uganda,UGA,2017,70.1185366,1,1.0,1.0,1.0,0,0,1,1
Uganda,UGA,2018,70.4886406,1,1.0,1.0,1.0,0,0,1,1
Uganda,UGA,2019,70.4825858,1,1.0,1.0,1.0,0,0,1,1
Uganda,UGA,2020,70.5319373,1,1.0,1.0,1.0,0,0,1,1
Uganda,UGA,2021,70.67202430000002,1,1.0,1.0,1.0,0,0,1,1
Uganda,UGA,2022,70.45599259999999,1,1.0,1.0,1.0,0,0,1,1
Uganda,UGA,2023,71.0,1,1.0,1.0,,0,0,0,0
Ukraine,UKR,1960,,0,,,0.0,0,0,0,0
Ukraine,UKR,1961,,0,0.0,,0.0,0,0,0,0
Ukraine,UKR,1962,,0,0.0,0.0,0.0,0,0,0,0
Ukraine,UKR,1963,,0,0.0,0.0,0.0,0,0,0,0
Ukraine,UKR,1964,,0,0.0,0.0,0.0,0,0,0,0
Ukraine,UKR,1965,,0,0.0,0.0,0.0,0,0,0,0
Ukraine,UKR,1966,,0,0.0,0.0,0.0,0,0,0,0
Ukraine,UKR,1967,,0,0.0,0.0,0.0,0,0,0,0
Ukraine,UKR,1968,,0,0.0,0.0,0.0,0,0,0,0
Ukraine,UKR,1969,,0,0.0,0.0,0.0,0,0,0,0
Ukraine,UKR,1970,,0,0.0,0.0,0.0,0,0,0,0
Ukraine,UKR,1971,,0,0.0,0.0,0.0,0,0,0,0
Ukraine,UKR,1972,,0,0.0,0.0,0.0,0,0,0,0
Ukraine,UKR,1973,,0,0.0,0.0,0.0,0,0,0,0
Ukraine,UKR,1974,,0,0.0,0.0,0.0,0,0,0,0
Ukraine,UKR,1975,,0,0.0,0.0,0.0,0,0,0,0
Ukraine,UKR,1976,,0,0.0,0.0,0.0,0,0,0,0
Ukraine,UKR,1977,,0,0.0,0.0,0.0,0,0,0,0
Ukraine,UKR,1978,,0,0.0,0.0,0.0,0,0,0,0
Ukraine,UKR,1979,,0,0.0,0.0,0.0,0,0,0,0
Ukraine,UKR,1980,,0,0.0,0.0,0.0,0,0,0,0
Ukraine,UKR,1981,,0,0.0,0.0,0.0,0,0,0,0
Ukraine,UKR,1982,,0,0.0,0.0,0.0,0,0,0,0
Ukraine,UKR,1983,,0,0.0,0.0,0.0,0,0,0,0
Ukraine,UKR,1984,,0,0.0,0.0,0.0,0,0,0,0
Ukraine,UKR,1985,,0,0.0,0.0,0.0,0,0,0,0
Ukraine,UKR,1986,,0,0.0,0.0,0.0,0,0,0,0
Ukraine,UKR,1987,,0,0.0,0.0,0.0,0,0,0,0
Ukraine,UKR,1988,,0,0.0,0.0,0.0,0,0,0,0
Ukraine,UKR,1989,,0,0.0,0.0,0.0,0,0,0,0
Ukraine,UKR,1990,,0,0.0,0.0,0.0,0,0,0,0
Ukraine,UKR,1991,0.0,0,0.0,0.0,1.0,1,1,1,0
Ukraine,UKR,1992,1.99,1,0.0,0.0,1.0,0,0,1,1
Ukraine,UKR,1993,31.515,1,1.0,0.0,1.0,0,0,1,1
Ukraine,UKR,1994,807.1359755,1,1.0,1.0,1.0,0,0,1,1
Ukraine,UKR,1995,1257.2441622000001,1,1.0,1.0,1.0,0,0,1,1
Ukraine,UKR,1996,106.4685354,1,1.0,1.0,1.0,0,0,1,1
Ukraine,UKR,1997,278.3970157,1,1.0,1.0,1.0,0,0,1,1
Ukraine,UKR,1998,958.1894626999999,1,1.0,1.0,1.0,0,0,1,1
Ukraine,UKR,1999,4884.952597199999,1,1.0,1.0,1.0,0,0,1,1
Ukraine,UKR,2000,4634.2564839,1,1.0,1.0,1.0,0,0,1,1
Ukraine,UKR,2001,580.0,1,1.0,1.0,1.0,0,0,1,1
Ukraine,UKR,2002,309.1108364,1,1.0,1.0,1.0,0,0,1,1
Ukraine,UKR,2003,281.714,1,1.0,1.0,0.0,0,0,0,0
Ukraine,UKR,2004,0.0,0,1.0,1.0,0.0,0,0,0,0
Ukraine,UKR,2005,0.0,0,0.0,1.0,0.0,0,0,0,0
Ukraine,UKR,2006,0.0,0,0.0,0.0,0.0,0,0,0,0
Ukraine,UKR,2007,0.0,0,0.0,0.0,0.0,0,0,0,0
Ukraine,UKR,2008,0.0,0,0.0,0.0,0.0,0,0,0,0
Ukraine,UKR,2009,0.0,0,0.0,0.0,0.0,0,0,0,0
Ukraine,UKR,2010,0.0,0,0.0,0.0,0.0,0,0,0,0
Ukraine,UKR,2011,0.0,0,0.0,0.0,0.0,0,0,0,0
Ukraine,UKR,2012,0.0,0,0.0,0.0,0.0,0,0,0,0
Ukraine,UKR,2013,0.0,0,0.0,0.0,1.0,1,1,1,0
Ukraine,UKR,2014,1552.0,1,0.0,0.0,1.0,0,0,1,1
Ukraine,UKR,2015,19186.551,1,1.0,0.0,1.0,0,0,1,1
Ukraine,UKR,2016,22573.102,1,1.0,1.0,1.0,0,0,1,1
Ukraine,UKR,2017,3259.6530000000002,1,1.0,1.0,0.0,0,0,0,0
Ukraine,UKR,2018,0.0,0,1.0,1.0,0.0,0,0,0,0
Ukraine,UKR,2019,0.0,0,0.0,1.0,0.0,0,0,0,0
Ukraine,UKR,2020,0.0,0,0.0,0.0,0.0,0,0,0,0
Ukraine,UKR,2021,0.0,0,0.0,0.0,1.0,1,1,1,0
Ukraine,UKR,2022,36527.449,1,0.0,0.0,1.0,0,0,1,1
Ukraine,UKR,2023,40328.449,1,1.0,0.0,,0,0,0,0
United Kingdom,GBR,1960,0.0,0,,,0.0,0,0,0,0
United Kingdom,GBR,1961,0.0,0,0.0,,0.0,0,0,0,0
United Kingdom,GBR,1962,0.0,0,0.0,0.0,0.0,0,0,0,0
United Kingdom,GBR,1963,0.0,0,0.0,0.0,0.0,0,0,0,0
United Kingdom,GBR,1964,0.0,0,0.0,0.0,0.0,0,0,0,0
United Kingdom,GBR,1965,0.0,0,0.0,0.0,0.0,0,0,0,0
United Kingdom,GBR,1966,0.0,0,0.0,0.0,0.0,0,0,0,0
United Kingdom,GBR,1967,0.0,0,0.0,0.0,0.0,0,0,0,0
United Kingdom,GBR,1968,0.0,0,0.0,0.0,0.0,0,0,0,0
United Kingdom,GBR,1969,0.0,0,0.0,0.0,0.0,0,0,0,0
United Kingdom,GBR,1970,0.0,0,0.0,0.0,0.0,0,0,0,0
United Kingdom,GBR,1971,0.0,0,0.0,0.0,0.0,0,0,0,0
United Kingdom,GBR,1972,0.0,0,0.0,0.0,0.0,0,0,0,0
United Kingdom,GBR,1973,0.0,0,0.0,0.0,0.0,0,0,0,0
United Kingdom,GBR,1974,0.0,0,0.0,0.0,0.0,0,0,0,0
United Kingdom,GBR,1975,0.0,0,0.0,0.0,0.0,0,0,0,0
United Kingdom,GBR,1976,0.0,0,0.0,0.0,0.0,0,0,0,0
United Kingdom,GBR,1977,0.0,0,0.0,0.0,0.0,0,0,0,0
United Kingdom,GBR,1978,0.0,0,0.0,0.0,1.0,1,1,1,0
United Kingdom,GBR,1979,728.7772500000001,1,0.0,0.0,1.0,0,0,1,1
United Kingdom,GBR,1980,798.76215,1,1.0,0.0,1.0,0,0,1,1
United Kingdom,GBR,1981,651.4830000000001,1,1.0,1.0,1.0,0,0,1,1
United Kingdom,GBR,1982,559.9089000000001,1,1.0,1.0,1.0,0,0,1,1
United Kingdom,GBR,1983,497.3725,1,1.0,1.0,1.0,0,0,1,1
United Kingdom,GBR,1984,413.98499999999996,1,1.0,1.0,1.0,0,0,1,1
United Kingdom,GBR,1985,525.2575,1,1.0,1.0,1.0,0,0,1,1
United Kingdom,GBR,1986,547.7837499999999,1,1.0,1.0,1.0,0,0,1,1
United Kingdom,GBR,1987,708.193,1,1.0,1.0,1.0,0,0,1,1
United Kingdom,GBR,1988,689.94275,1,1.0,1.0,1.0,0,0,1,1
United Kingdom,GBR,1989,624.8115,1,1.0,1.0,1.0,0,0,1,1
United Kingdom,GBR,1990,746.3295,1,1.0,1.0,1.0,0,0,1,1
United Kingdom,GBR,1991,722.142,1,1.0,1.0,1.0,0,0,1,1
United Kingdom,GBR,1992,585.531,1,1.0,1.0,1.0,0,0,1,1
United Kingdom,GBR,1993,571.7925,1,1.0,1.0,1.0,0,0,1,1
United Kingdom,GBR,1994,606.2355,1,1.0,1.0,1.0,0,0,1,1
United Kingdom,GBR,1995,601.2045,1,1.0,1.0,1.0,0,0,1,1
United Kingdom,GBR,1996,662.6600999999999,1,1.0,1.0,1.0,0,0,1,1
United Kingdom,GBR,1997,635.7249,1,1.0,1.0,1.0,0,0,1,1
United Kingdom,GBR,1998,643.5036,1,1.0,1.0,1.0,0,0,1,1
United Kingdom,GBR,1999,625.005,1,1.0,1.0,1.0,0,0,1,1
United Kingdom,GBR,2000,578.7585,1,1.0,1.0,1.0,0,0,1,1
United Kingdom,GBR,2001,562.8140999999999,1,1.0,1.0,1.0,0,0,1,1
United Kingdom,GBR,2002,622.8765,1,1.0,1.0,1.0,0,0,1,1
United Kingdom,GBR,2003,690.4854,1,1.0,1.0,1.0,0,0,1,1
United Kingdom,GBR,2004,741.492,1,1.0,1.0,1.0,0,0,1,1
United Kingdom,GBR,2005,665.1756,1,1.0,1.0,1.0,0,0,1,1
United Kingdom,GBR,2006,757.9782,1,1.0,1.0,1.0,0,0,1,1
United Kingdom,GBR,2007,767.9241,1,1.0,1.0,1.0,0,0,1,1
United Kingdom,GBR,2008,565.7553,1,1.0,1.0,1.0,0,0,1,1
United Kingdom,GBR,2009,625.6629,1,1.0,1.0,1.0,0,0,1,1
United Kingdom,GBR,2010,595.6704,1,1.0,1.0,1.0,0,0,1,1
United Kingdom,GBR,2011,601.2819000000001,1,1.0,1.0,1.0,0,0,1,1
United Kingdom,GBR,2012,629.3394000000001,1,1.0,1.0,1.0,0,0,1,1
United Kingdom,GBR,2013,641.4138,1,1.0,1.0,1.0,0,0,1,1
United Kingdom,GBR,2014,602.8686,1,1.0,1.0,1.0,0,0,1,1
United Kingdom,GBR,2015,570.6701999999999,1,1.0,1.0,1.0,0,0,1,1
United Kingdom,GBR,2016,477.44190000000003,1,1.0,1.0,1.0,0,0,1,1
United Kingdom,GBR,2017,523.5723,1,1.0,1.0,1.0,0,0,1,1
United Kingdom,GBR,2018,493.9281,1,1.0,1.0,1.0,0,0,1,1
United Kingdom,GBR,2019,513.5103,1,1.0,1.0,1.0,0,0,1,1
United Kingdom,GBR,2020,528.7194000000001,1,1.0,1.0,1.0,0,0,1,1
United Kingdom,GBR,2021,522.45,1,1.0,1.0,1.0,0,0,1,1
United Kingdom,GBR,2022,508.9824,1,1.0,1.0,0.0,0,0,0,0
United Kingdom,GBR,2023,0.0,0,1.0,1.0,,0,0,0,0
Uruguay,URY,1960,0.0,0,,,0.0,0,0,0,0
Uruguay,URY,1961,0.0,0,0.0,,0.0,0,0,0,0
Uruguay,URY,1962,0.0,0,0.0,0.0,0.0,0,0,0,0
Uruguay,URY,1963,0.0,0,0.0,0.0,0.0,0,0,0,0
Uruguay,URY,1964,0.0,0,0.0,0.0,1.0,1,1,1,0
Uruguay,URY,1965,161.9,1,0.0,0.0,0.0,0,0,0,0
Uruguay,URY,1966,0.0,0,1.0,0.0,0.0,0,0,0,0
Uruguay,URY,1967,0.0,0,0.0,1.0,0.0,0,0,0,0
Uruguay,URY,1968,0.0,0,0.0,0.0,0.0,0,0,0,0
Uruguay,URY,1969,0.0,0,0.0,0.0,0.0,0,0,0,0
Uruguay,URY,1970,0.0,0,0.0,0.0,0.0,0,0,0,0
Uruguay,URY,1971,0.0,0,0.0,0.0,0.0,0,0,0,0
Uruguay,URY,1972,0.0,0,0.0,0.0,0.0,0,0,0,0
Uruguay,URY,1973,0.0,0,0.0,0.0,0.0,0,0,0,0
Uruguay,URY,1974,0.0,0,0.0,0.0,0.0,0,0,0,0
Uruguay,URY,1975,0.0,0,0.0,0.0,0.0,0,0,0,0
Uruguay,URY,1976,0.0,0,0.0,0.0,0.0,0,0,0,0
Uruguay,URY,1977,0.0,0,0.0,0.0,0.0,0,0,0,0
Uruguay,URY,1978,0.0,0,0.0,0.0,0.0,0,0,0,0
Uruguay,URY,1979,0.0,0,0.0,0.0,0.0,0,0,0,0
Uruguay,URY,1980,0.0,0,0.0,0.0,0.0,0,0,0,0
Uruguay,URY,1981,0.0,0,0.0,0.0,0.0,0,0,0,0
Uruguay,URY,1982,0.0,0,0.0,0.0,1.0,1,1,1,0
Uruguay,URY,1983,575.0,1,0.0,0.0,1.0,0,0,1,1
Uruguay,URY,1984,111.0,1,1.0,0.0,1.0,0,0,1,1
Uruguay,URY,1985,234.0,1,1.0,1.0,1.0,0,0,1,1
Uruguay,URY,1986,1958.0,1,1.0,1.0,0.0,0,0,0,0
Uruguay,URY,1987,0.0,0,1.0,1.0,1.0,1,0,1,0
Uruguay,URY,1988,1770.0,1,0.0,1.0,0.0,0,0,0,0
Uruguay,URY,1989,0.0,0,1.0,0.0,1.0,1,0,1,0
Uruguay,URY,1990,1608.0,1,0.0,1.0,1.0,0,0,1,1
Uruguay,URY,1991,1610.0,1,1.0,0.0,0.0,0,0,0,0
Uruguay,URY,1992,0.0,0,1.0,1.0,0.0,0,0,0,0
Uruguay,URY,1993,0.0,0,0.0,1.0,0.0,0,0,0,0
Uruguay,URY,1994,0.0,0,0.0,0.0,0.0,0,0,0,0
Uruguay,URY,1995,0.0,0,0.0,0.0,0.0,0,0,0,0
Uruguay,URY,1996,0.0,0,0.0,0.0,0.0,0,0,0,0
Uruguay,URY,1997,0.0,0,0.0,0.0,0.0,0,0,0,0
Uruguay,URY,1998,0.0,0,0.0,0.0,0.0,0,0,0,0
Uruguay,URY,1999,0.0,0,0.0,0.0,0.0,0,0,0,0
Uruguay,URY,2000,0.0,0,0.0,0.0,0.0,0,0,0,0
Uruguay,URY,2001,0.0,0,0.0,0.0,0.0,0,0,0,0
Uruguay,URY,2002,0.0,0,0.0,0.0,1.0,1,1,1,0
Uruguay,URY,2003,4900.0,1,0.0,0.0,0.0,0,0,0,0
Uruguay,URY,2004,0.0,0,1.0,0.0,0.0,0,0,0,0
Uruguay,URY,2005,0.0,0,0.0,1.0,0.0,0,0,0,0
Uruguay,URY,2006,0.0,0,0.0,0.0,0.0,0,0,0,0
Uruguay,URY,2007,0.0,0,0.0,0.0,0.0,0,0,0,0
Uruguay,URY,2008,0.0,0,0.0,0.0,0.0,0,0,0,0
Uruguay,URY,2009,0.0,0,0.0,0.0,0.0,0,0,0,0
Uruguay,URY,2010,0.0,0,0.0,0.0,0.0,0,0,0,0
Uruguay,URY,2011,0.0,0,0.0,0.0,0.0,0,0,0,0
Uruguay,URY,2012,0.0,0,0.0,0.0,0.0,0,0,0,0
Uruguay,URY,2013,0.0,0,0.0,0.0,0.0,0,0,0,0
Uruguay,URY,2014,0.0,0,0.0,0.0,0.0,0,0,0,0
Uruguay,URY,2015,0.0,0,0.0,0.0,0.0,0,0,0,0
Uruguay,URY,2016,0.0,0,0.0,0.0,0.0,0,0,0,0
Uruguay,URY,2017,0.0,0,0.0,0.0,0.0,0,0,0,0
Uruguay,URY,2018,0.0,0,0.0,0.0,0.0,0,0,0,0
Uruguay,URY,2019,0.0,0,0.0,0.0,0.0,0,0,0,0
Uruguay,URY,2020,0.0,0,0.0,0.0,0.0,0,0,0,0
Uruguay,URY,2021,0.0,0,0.0,0.0,0.0,0,0,0,0
Uruguay,URY,2022,0.0,0,0.0,0.0,0.0,0,0,0,0
Uruguay,URY,2023,0.0,0,0.0,0.0,,0,0,0,0
Uzbekistan,UZB,1960,,0,,,0.0,0,0,0,0
Uzbekistan,UZB,1961,,0,0.0,,0.0,0,0,0,0
Uzbekistan,UZB,1962,,0,0.0,0.0,0.0,0,0,0,0
Uzbekistan,UZB,1963,,0,0.0,0.0,0.0,0,0,0,0
Uzbekistan,UZB,1964,,0,0.0,0.0,0.0,0,0,0,0
Uzbekistan,UZB,1965,,0,0.0,0.0,0.0,0,0,0,0
Uzbekistan,UZB,1966,,0,0.0,0.0,0.0,0,0,0,0
Uzbekistan,UZB,1967,,0,0.0,0.0,0.0,0,0,0,0
Uzbekistan,UZB,1968,,0,0.0,0.0,0.0,0,0,0,0
Uzbekistan,UZB,1969,,0,0.0,0.0,0.0,0,0,0,0
Uzbekistan,UZB,1970,,0,0.0,0.0,0.0,0,0,0,0
Uzbekistan,UZB,1971,,0,0.0,0.0,0.0,0,0,0,0
Uzbekistan,UZB,1972,,0,0.0,0.0,0.0,0,0,0,0
Uzbekistan,UZB,1973,,0,0.0,0.0,0.0,0,0,0,0
Uzbekistan,UZB,1974,,0,0.0,0.0,0.0,0,0,0,0
Uzbekistan,UZB,1975,,0,0.0,0.0,0.0,0,0,0,0
Uzbekistan,UZB,1976,,0,0.0,0.0,0.0,0,0,0,0
Uzbekistan,UZB,1977,,0,0.0,0.0,0.0,0,0,0,0
Uzbekistan,UZB,1978,,0,0.0,0.0,0.0,0,0,0,0
Uzbekistan,UZB,1979,,0,0.0,0.0,0.0,0,0,0,0
Uzbekistan,UZB,1980,,0,0.0,0.0,0.0,0,0,0,0
Uzbekistan,UZB,1981,,0,0.0,0.0,0.0,0,0,0,0
Uzbekistan,UZB,1982,,0,0.0,0.0,0.0,0,0,0,0
Uzbekistan,UZB,1983,,0,0.0,0.0,0.0,0,0,0,0
Uzbekistan,UZB,1984,,0,0.0,0.0,0.0,0,0,0,0
Uzbekistan,UZB,1985,,0,0.0,0.0,0.0,0,0,0,0
Uzbekistan,UZB,1986,,0,0.0,0.0,0.0,0,0,0,0
Uzbekistan,UZB,1987,,0,0.0,0.0,0.0,0,0,0,0
Uzbekistan,UZB,1988,,0,0.0,0.0,0.0,0,0,0,0
Uzbekistan,UZB,1989,,0,0.0,0.0,0.0,0,0,0,0
Uzbekistan,UZB,1990,,0,0.0,0.0,0.0,0,0,0,0
Uzbekistan,UZB,1991,0.0,0,0.0,0.0,0.0,0,0,0,0
Uzbekistan,UZB,1992,0.0,0,0.0,0.0,0.0,0,0,0,0
Uzbekistan,UZB,1993,0.0,0,0.0,0.0,0.0,0,0,0,0
Uzbekistan,UZB,1994,0.0,0,0.0,0.0,0.0,0,0,0,0
Uzbekistan,UZB,1995,0.0,0,0.0,0.0,0.0,0,0,0,0
Uzbekistan,UZB,1996,0.0,0,0.0,0.0,1.0,1,1,1,0
Uzbekistan,UZB,1997,500.61,1,0.0,0.0,1.0,0,0,1,1
Uzbekistan,UZB,1998,6.7,1,1.0,0.0,1.0,0,0,1,1
Uzbekistan,UZB,1999,22.8,1,1.0,1.0,1.0,0,0,1,1
Uzbekistan,UZB,2000,20.403,1,1.0,1.0,1.0,0,0,1,1
Uzbekistan,UZB,2001,19.494,1,1.0,1.0,1.0,0,0,1,1
Uzbekistan,UZB,2002,132.329,1,1.0,1.0,1.0,0,0,1,1
Uzbekistan,UZB,2003,40.842,1,1.0,1.0,1.0,0,0,1,1
Uzbekistan,UZB,2004,47.381,1,1.0,1.0,1.0,0,0,1,1
Uzbekistan,UZB,2005,43.16,1,1.0,1.0,0.0,0,0,0,0
Uzbekistan,UZB,2006,0.0,0,1.0,1.0,1.0,1,0,1,0
Uzbekistan,UZB,2007,88.156,1,0.0,1.0,1.0,0,0,1,1
Uzbekistan,UZB,2008,113.21,1,1.0,0.0,1.0,0,0,1,1
Uzbekistan,UZB,2009,80.876,1,1.0,1.0,1.0,0,0,1,1
Uzbekistan,UZB,2010,192.125,1,1.0,1.0,1.0,0,0,1,1
Uzbekistan,UZB,2011,161.461,1,1.0,1.0,1.0,0,0,1,1
Uzbekistan,UZB,2012,1.34,1,1.0,1.0,0.0,0,0,0,0
Uzbekistan,UZB,2013,0.0,0,1.0,1.0,0.0,0,0,0,0
Uzbekistan,UZB,2014,0.0,0,0.0,1.0,1.0,1,1,1,0
Uzbekistan,UZB,2015,0.1575609,1,0.0,0.0,1.0,0,0,1,1
Uzbekistan,UZB,2016,19.4611465,1,1.0,0.0,1.0,0,0,1,1
Uzbekistan,UZB,2017,1.8756925,1,1.0,1.0,1.0,0,0,1,1
Uzbekistan,UZB,2018,2.6265867999999997,1,1.0,1.0,1.0,0,0,1,1
Uzbekistan,UZB,2019,3.4349506,1,1.0,1.0,1.0,0,0,1,1
Uzbekistan,UZB,2020,4.8337358,1,1.0,1.0,1.0,0,0,1,1
Uzbekistan,UZB,2021,6.5981366,1,1.0,1.0,1.0,0,0,1,1
Uzbekistan,UZB,2022,21.0,1,1.0,1.0,1.0,0,0,1,1
Uzbekistan,UZB,2023,12.0,1,1.0,1.0,,0,0,0,0
Vanuatu,VUT,1960,,0,,,0.0,0,0,0,0
Vanuatu,VUT,1961,,0,0.0,,0.0,0,0,0,0
Vanuatu,VUT,1962,,0,0.0,0.0,0.0,0,0,0,0
Vanuatu,VUT,1963,,0,0.0,0.0,0.0,0,0,0,0
Vanuatu,VUT,1964,,0,0.0,0.0,0.0,0,0,0,0
Vanuatu,VUT,1965,,0,0.0,0.0,0.0,0,0,0,0
Vanuatu,VUT,1966,,0,0.0,0.0,0.0,0,0,0,0
Vanuatu,VUT,1967,,0,0.0,0.0,0.0,0,0,0,0
Vanuatu,VUT,1968,,0,0.0,0.0,0.0,0,0,0,0
Vanuatu,VUT,1969,,0,0.0,0.0,0.0,0,0,0,0
Vanuatu,VUT,1970,,0,0.0,0.0,0.0,0,0,0,0
Vanuatu,VUT,1971,,0,0.0,0.0,0.0,0,0,0,0
Vanuatu,VUT,1972,,0,0.0,0.0,0.0,0,0,0,0
Vanuatu,VUT,1973,,0,0.0,0.0,0.0,0,0,0,0
Vanuatu,VUT,1974,,0,0.0,0.0,0.0,0,0,0,0
Vanuatu,VUT,1975,,0,0.0,0.0,0.0,0,0,0,0
Vanuatu,VUT,1976,,0,0.0,0.0,0.0,0,0,0,0
Vanuatu,VUT,1977,,0,0.0,0.0,0.0,0,0,0,0
Vanuatu,VUT,1978,,0,0.0,0.0,0.0,0,0,0,0
Vanuatu,VUT,1979,,0,0.0,0.0,0.0,0,0,0,0
Vanuatu,VUT,1980,0.0,0,0.0,0.0,0.0,0,0,0,0
Vanuatu,VUT,1981,0.0,0,0.0,0.0,0.0,0,0,0,0
Vanuatu,VUT,1982,0.0,0,0.0,0.0,0.0,0,0,0,0
Vanuatu,VUT,1983,0.0,0,0.0,0.0,0.0,0,0,0,0
Vanuatu,VUT,1984,0.0,0,0.0,0.0,0.0,0,0,0,0
Vanuatu,VUT,1985,0.0,0,0.0,0.0,0.0,0,0,0,0
Vanuatu,VUT,1986,0.0,0,0.0,0.0,0.0,0,0,0,0
Vanuatu,VUT,1987,0.0,0,0.0,0.0,0.0,0,0,0,0
Vanuatu,VUT,1988,0.0,0,0.0,0.0,0.0,0,0,0,0
Vanuatu,VUT,1989,0.0,0,0.0,0.0,0.0,0,0,0,0
Vanuatu,VUT,1990,0.0,0,0.0,0.0,1.0,1,1,1,0
Vanuatu,VUT,1991,5.584,1,0.0,0.0,0.0,0,0,0,0
Vanuatu,VUT,1992,0.0,0,1.0,0.0,0.0,0,0,0,0
Vanuatu,VUT,1993,0.0,0,0.0,1.0,0.0,0,0,0,0
Vanuatu,VUT,1994,0.0,0,0.0,0.0,0.0,0,0,0,0
Vanuatu,VUT,1995,0.0,0,0.0,0.0,0.0,0,0,0,0
Vanuatu,VUT,1996,0.0,0,0.0,0.0,0.0,0,0,0,0
Vanuatu,VUT,1997,0.0,0,0.0,0.0,0.0,0,0,0,0
Vanuatu,VUT,1998,0.0,0,0.0,0.0,0.0,0,0,0,0
Vanuatu,VUT,1999,0.0,0,0.0,0.0,0.0,0,0,0,0
Vanuatu,VUT,2000,0.0,0,0.0,0.0,0.0,0,0,0,0
Vanuatu,VUT,2001,0.0,0,0.0,0.0,0.0,0,0,0,0
Vanuatu,VUT,2002,0.0,0,0.0,0.0,1.0,1,1,1,0
Vanuatu,VUT,2003,10.0,1,0.0,0.0,1.0,0,0,1,1
Vanuatu,VUT,2004,0.5162359,1,1.0,0.0,1.0,0,0,1,1
Vanuatu,VUT,2005,4.8500108,1,1.0,1.0,1.0,0,0,1,1
Vanuatu,VUT,2006,0.626892,1,1.0,1.0,1.0,0,0,1,1
Vanuatu,VUT,2007,0.7007196,1,1.0,1.0,1.0,0,0,1,1
Vanuatu,VUT,2008,0.6624492,1,1.0,1.0,0.0,0,0,0,0
Vanuatu,VUT,2009,0.0,0,1.0,1.0,0.0,0,0,0,0
Vanuatu,VUT,2010,0.0,0,0.0,1.0,0.0,0,0,0,0
Vanuatu,VUT,2011,0.0,0,0.0,0.0,0.0,0,0,0,0
Vanuatu,VUT,2012,0.0,0,0.0,0.0,1.0,1,1,1,0
Vanuatu,VUT,2013,10.0,1,0.0,0.0,0.0,0,0,0,0
Vanuatu,VUT,2014,0.0,0,1.0,0.0,1.0,1,0,1,0
Vanuatu,VUT,2015,3.0,1,0.0,1.0,1.0,0,0,1,1
Vanuatu,VUT,2016,3.0,1,1.0,0.0,1.0,0,0,1,1
Vanuatu,VUT,2017,3.0,1,1.0,1.0,1.0,0,0,1,1
Vanuatu,VUT,2018,2.8,1,1.0,1.0,0.0,0,0,0,0
Vanuatu,VUT,2019,0.0,0,1.0,1.0,0.0,0,0,0,0
Vanuatu,VUT,2020,0.0,0,0.0,1.0,0.0,0,0,0,0
Vanuatu,VUT,2021,0.0,0,0.0,0.0,0.0,0,0,0,0
Vanuatu,VUT,2022,0.0,0,0.0,0.0,0.0,0,0,0,0
Vanuatu,VUT,2023,0.0,0,0.0,0.0,,0,0,0,0
Venezuela,VEN,1960,,0,,,0.0,0,0,0,0
Venezuela,VEN,1961,0.0,0,0.0,,0.0,0,0,0,0
Venezuela,VEN,1962,0.0,0,0.0,0.0,0.0,0,0,0,0
Venezuela,VEN,1963,0.0,0,0.0,0.0,0.0,0,0,0,0
Venezuela,VEN,1964,0.0,0,0.0,0.0,0.0,0,0,0,0
Venezuela,VEN,1965,0.0,0,0.0,0.0,0.0,0,0,0,0
Venezuela,VEN,1966,0.0,0,0.0,0.0,0.0,0,0,0,0
Venezuela,VEN,1967,0.0,0,0.0,0.0,0.0,0,0,0,0
Venezuela,VEN,1968,0.0,0,0.0,0.0,0.0,0,0,0,0
Venezuela,VEN,1969,0.0,0,0.0,0.0,0.0,0,0,0,0
Venezuela,VEN,1970,0.0,0,0.0,0.0,0.0,0,0,0,0
Venezuela,VEN,1971,0.0,0,0.0,0.0,0.0,0,0,0,0
Venezuela,VEN,1972,0.0,0,0.0,0.0,0.0,0,0,0,0
Venezuela,VEN,1973,0.0,0,0.0,0.0,0.0,0,0,0,0
Venezuela,VEN,1974,0.0,0,0.0,0.0,0.0,0,0,0,0
Venezuela,VEN,1975,0.0,0,0.0,0.0,0.0,0,0,0,0
Venezuela,VEN,1976,0.0,0,0.0,0.0,0.0,0,0,0,0
Venezuela,VEN,1977,0.0,0,0.0,0.0,1.0,1,1,1,0
Venezuela,VEN,1978,52.9,1,0.0,0.0,1.0,0,0,1,1
Venezuela,VEN,1979,160.20000000000002,1,1.0,0.0,1.0,0,0,1,1
Venezuela,VEN,1980,51.4,1,1.0,1.0,1.0,0,0,1,1
Venezuela,VEN,1981,5.8,1,1.0,1.0,1.0,0,0,1,1
Venezuela,VEN,1982,5.4,1,1.0,1.0,1.0,0,0,1,1
Venezuela,VEN,1983,14977.956400596002,1,1.0,1.0,1.0,0,0,1,1
Venezuela,VEN,1984,16988.809978,1,1.0,1.0,1.0,0,0,1,1
Venezuela,VEN,1985,18737.854,1,1.0,1.0,1.0,0,0,1,1
Venezuela,VEN,1986,20329.6,1,1.0,1.0,1.0,0,0,1,1
Venezuela,VEN,1987,20360.6,1,1.0,1.0,1.0,0,0,1,1
Venezuela,VEN,1988,20338.8,1,1.0,1.0,1.0,0,0,1,1
Venezuela,VEN,1989,20288.8,1,1.0,1.0,1.0,0,0,1,1
Venezuela,VEN,1990,19585.0,1,1.0,1.0,0.0,0,0,0,0
Venezuela,VEN,1991,0.0,0,1.0,1.0,1.0,1,0,1,0
Venezuela,VEN,1992,618.5,1,0.0,1.0,1.0,0,0,1,1
Venezuela,VEN,1993,2013.3,1,1.0,0.0,1.0,0,0,1,1
Venezuela,VEN,1994,1540.1,1,1.0,1.0,1.0,0,0,1,1
Venezuela,VEN,1995,1420.1,1,1.0,1.0,1.0,0,0,1,1
Venezuela,VEN,1996,546.5,1,1.0,1.0,1.0,0,0,1,1
Venezuela,VEN,1997,698.7,1,1.0,1.0,1.0,0,0,1,1
Venezuela,VEN,1998,484.7,1,1.0,1.0,1.0,0,0,1,1
Venezuela,VEN,1999,183.89999999999998,1,1.0,1.0,1.0,0,0,1,1
Venezuela,VEN,2000,137.9,1,1.0,1.0,1.0,0,0,1,1
Venezuela,VEN,2001,54.5,1,1.0,1.0,1.0,0,0,1,1
Venezuela,VEN,2002,5186.2,1,1.0,1.0,1.0,0,0,1,1
Venezuela,VEN,2003,1104.7,1,1.0,1.0,1.0,0,0,1,1
Venezuela,VEN,2004,16.05,1,1.0,1.0,1.0,0,0,1,1
Venezuela,VEN,2005,942.944,1,1.0,1.0,1.0,0,0,1,1
Venezuela,VEN,2006,0.407,1,1.0,1.0,1.0,0,0,1,1
Venezuela,VEN,2007,178.15200000000002,1,1.0,1.0,1.0,0,0,1,1
Venezuela,VEN,2008,6.074999999999999,1,1.0,1.0,1.0,0,0,1,1
Venezuela,VEN,2009,1.473,1,1.0,1.0,1.0,0,0,1,1
Venezuela,VEN,2010,1490.176043,1,1.0,1.0,1.0,0,0,1,1
Venezuela,VEN,2011,0.11040849999999999,1,1.0,1.0,1.0,0,0,1,1
Venezuela,VEN,2012,0.062,1,1.0,1.0,1.0,0,0,1,1
Venezuela,VEN,2013,0.16499999999999998,1,1.0,1.0,1.0,0,0,1,1
Venezuela,VEN,2014,0.556,1,1.0,1.0,1.0,0,0,1,1
Venezuela,VEN,2015,2.672079,1,1.0,1.0,1.0,0,0,1,1
Venezuela,VEN,2016,14517.786213899999,1,1.0,1.0,1.0,0,0,1,1
Venezuela,VEN,2017,30669.3691931,1,1.0,1.0,1.0,0,0,1,1
Venezuela,VEN,2018,75624.7734806,1,1.0,1.0,1.0,0,0,1,1
Venezuela,VEN,2019,78264.2379474,1,1.0,1.0,1.0,0,0,1,1
Venezuela,VEN,2020,87248.58802755202,1,1.0,1.0,1.0,0,0,1,1
Venezuela,VEN,2021,86701.90594865408,1,1.0,1.0,1.0,0,0,1,1
Venezuela,VEN,2022,90467.0,1,1.0,1.0,1.0,0,0,1,1
Venezuela,VEN,2023,92474.0,1,1.0,1.0,,0,0,0,0
Vietnam,VNM,1960,0.0,0,,,0.0,0,0,0,0
Vietnam,VNM,1961,0.0,0,0.0,,0.0,0,0,0,0
Vietnam,VNM,1962,0.0,0,0.0,0.0,0.0,0,0,0,0
Vietnam,VNM,1963,0.0,0,0.0,0.0,0.0,0,0,0,0
Vietnam,VNM,1964,0.0,0,0.0,0.0,0.0,0,0,0,0
Vietnam,VNM,1965,0.0,0,0.0,0.0,0.0,0,0,0,0
Vietnam,VNM,1966,0.0,0,0.0,0.0,0.0,0,0,0,0
Vietnam,VNM,1967,0.0,0,0.0,0.0,0.0,0,0,0,0
Vietnam,VNM,1968,0.0,0,0.0,0.0,0.0,0,0,0,0
Vietnam,VNM,1969,0.0,0,0.0,0.0,0.0,0,0,0,0
Vietnam,VNM,1970,0.0,0,0.0,0.0,0.0,0,0,0,0
Vietnam,VNM,1971,0.0,0,0.0,0.0,0.0,0,0,0,0
Vietnam,VNM,1972,0.0,0,0.0,0.0,0.0,0,0,0,0
Vietnam,VNM,1973,0.0,0,0.0,0.0,0.0,0,0,0,0
Vietnam,VNM,1974,0.0,0,0.0,0.0,1.0,1,1,1,0
Vietnam,VNM,1975,516.0,1,0.0,0.0,0.0,0,0,0,0
Vietnam,VNM,1976,0.0,0,1.0,0.0,0.0,0,0,0,0
Vietnam,VNM,1977,0.0,0,0.0,1.0,1.0,1,1,1,0
Vietnam,VNM,1978,467.0,1,0.0,0.0,0.0,0,0,0,0
Vietnam,VNM,1979,0.0,0,1.0,0.0,1.0,1,0,1,0
Vietnam,VNM,1980,33.0,1,0.0,1.0,1.0,0,0,1,1
Vietnam,VNM,1981,1389.0,1,1.0,0.0,1.0,0,0,1,1
Vietnam,VNM,1982,1406.8,1,1.0,1.0,1.0,0,0,1,1
Vietnam,VNM,1983,1604.0,1,1.0,1.0,1.0,0,0,1,1
Vietnam,VNM,1984,1593.1080252569363,1,1.0,1.0,1.0,0,0,1,1
Vietnam,VNM,1985,2720.3288522699695,1,1.0,1.0,1.0,0,0,1,1
Vietnam,VNM,1986,1976.360883595234,1,1.0,1.0,1.0,0,0,1,1
Vietnam,VNM,1987,603.8956250939475,1,1.0,1.0,1.0,0,0,1,1
Vietnam,VNM,1988,1169.4578428817617,1,1.0,1.0,1.0,0,0,1,1
Vietnam,VNM,1989,1527.189040904239,1,1.0,1.0,1.0,0,0,1,1
Vietnam,VNM,1990,2730.070398304325,1,1.0,1.0,1.0,0,0,1,1
Vietnam,VNM,1991,4832.188879837414,1,1.0,1.0,1.0,0,0,1,1
Vietnam,VNM,1992,7017.663771780735,1,1.0,1.0,1.0,0,0,1,1
Vietnam,VNM,1993,7492.463324573713,1,1.0,1.0,1.0,0,0,1,1
Vietnam,VNM,1994,9276.480883475,1,1.0,1.0,1.0,0,0,1,1
Vietnam,VNM,1995,11295.4595855,1,1.0,1.0,1.0,0,0,1,1
Vietnam,VNM,1996,13255.6011344,1,1.0,1.0,1.0,0,0,1,1
Vietnam,VNM,1997,9791.9694205,1,1.0,1.0,1.0,0,0,1,1
Vietnam,VNM,1998,10379.449051399999,1,1.0,1.0,1.0,0,0,1,1
Vietnam,VNM,1999,10285.0830929,1,1.0,1.0,1.0,0,0,1,1
Vietnam,VNM,2000,10219.6523484,1,1.0,1.0,1.0,0,0,1,1
Vietnam,VNM,2001,1457.1148962000002,1,1.0,1.0,1.0,0,0,1,1
Vietnam,VNM,2002,1439.5023544,1,1.0,1.0,1.0,0,0,1,1
Vietnam,VNM,2003,1445.0868311,1,1.0,1.0,1.0,0,0,1,1
Vietnam,VNM,2004,1406.3591419,1,1.0,1.0,1.0,0,0,1,1
Vietnam,VNM,2005,1423.1403598000002,1,1.0,1.0,1.0,0,0,1,1
Vietnam,VNM,2006,14.329099300000001,1,1.0,1.0,1.0,0,0,1,1
Vietnam,VNM,2007,16.0850185,1,1.0,1.0,1.0,0,0,1,1
Vietnam,VNM,2008,13.788119199999999,1,1.0,1.0,1.0,0,0,1,1
Vietnam,VNM,2009,13.597750699999999,1,1.0,1.0,1.0,0,0,1,1
Vietnam,VNM,2010,18.3721614,1,1.0,1.0,1.0,0,0,1,1
Vietnam,VNM,2011,17.2715753,1,1.0,1.0,1.0,0,0,1,1
Vietnam,VNM,2012,12.9785389,1,1.0,1.0,1.0,0,0,1,1
Vietnam,VNM,2013,11.1732174,1,1.0,1.0,1.0,0,0,1,1
Vietnam,VNM,2014,33.466742100000005,1,1.0,1.0,1.0,0,0,1,1
Vietnam,VNM,2015,36.4642568,1,1.0,1.0,1.0,0,0,1,1
Vietnam,VNM,2016,50.036088799999995,1,1.0,1.0,1.0,0,0,1,1
Vietnam,VNM,2017,54.7549957,1,1.0,1.0,1.0,0,0,1,1
Vietnam,VNM,2018,56.6578188,1,1.0,1.0,1.0,0,0,1,1
Vietnam,VNM,2019,59.6497058,1,1.0,1.0,1.0,0,0,1,1
Vietnam,VNM,2020,63.582558899999995,1,1.0,1.0,1.0,0,0,1,1
Vietnam,VNM,2021,63.744028300000004,1,1.0,1.0,1.0,0,0,1,1
Vietnam,VNM,2022,61.743168,1,1.0,1.0,1.0,0,0,1,1
Vietnam,VNM,2023,66.0331317,1,1.0,1.0,,0,0,0,0
West Bank & Gaza,PSE,1960,,0,,,0.0,0,0,0,0
West Bank & Gaza,PSE,1961,,0,0.0,,0.0,0,0,0,0
West Bank & Gaza,PSE,1962,,0,0.0,0.0,0.0,0,0,0,0
West Bank & Gaza,PSE,1963,,0,0.0,0.0,0.0,0,0,0,0
West Bank & Gaza,PSE,1964,,0,0.0,0.0,0.0,0,0,0,0
West Bank & Gaza,PSE,1965,,0,0.0,0.0,0.0,0,0,0,0
West Bank & Gaza,PSE,1966,,0,0.0,0.0,0.0,0,0,0,0
West Bank & Gaza,PSE,1967,,0,0.0,0.0,0.0,0,0,0,0
West Bank & Gaza,PSE,1968,,0,0.0,0.0,0.0,0,0,0,0
West Bank & Gaza,PSE,1969,,0,0.0,0.0,0.0,0,0,0,0
West Bank & Gaza,PSE,1970,,0,0.0,0.0,0.0,0,0,0,0
West Bank & Gaza,PSE,1971,,0,0.0,0.0,0.0,0,0,0,0
West Bank & Gaza,PSE,1972,,0,0.0,0.0,0.0,0,0,0,0
West Bank & Gaza,PSE,1973,,0,0.0,0.0,0.0,0,0,0,0
West Bank & Gaza,PSE,1974,,0,0.0,0.0,0.0,0,0,0,0
West Bank & Gaza,PSE,1975,,0,0.0,0.0,0.0,0,0,0,0
West Bank & Gaza,PSE,1976,,0,0.0,0.0,0.0,0,0,0,0
West Bank & Gaza,PSE,1977,,0,0.0,0.0,0.0,0,0,0,0
West Bank & Gaza,PSE,1978,,0,0.0,0.0,0.0,0,0,0,0
West Bank & Gaza,PSE,1979,,0,0.0,0.0,0.0,0,0,0,0
West Bank & Gaza,PSE,1980,,0,0.0,0.0,0.0,0,0,0,0
West Bank & Gaza,PSE,1981,,0,0.0,0.0,0.0,0,0,0,0
West Bank & Gaza,PSE,1982,,0,0.0,0.0,0.0,0,0,0,0
West Bank & Gaza,PSE,1983,,0,0.0,0.0,0.0,0,0,0,0
West Bank & Gaza,PSE,1984,,0,0.0,0.0,0.0,0,0,0,0
West Bank & Gaza,PSE,1985,,0,0.0,0.0,0.0,0,0,0,0
West Bank & Gaza,PSE,1986,,0,0.0,0.0,0.0,0,0,0,0
West Bank & Gaza,PSE,1987,,0,0.0,0.0,0.0,0,0,0,0
West Bank & Gaza,PSE,1988,,0,0.0,0.0,0.0,0,0,0,0
West Bank & Gaza,PSE,1989,,0,0.0,0.0,0.0,0,0,0,0
West Bank & Gaza,PSE,1990,,0,0.0,0.0,0.0,0,0,0,0
West Bank & Gaza,PSE,1991,,0,0.0,0.0,0.0,0,0,0,0
West Bank & Gaza,PSE,1992,,0,0.0,0.0,0.0,0,0,0,0
West Bank & Gaza,PSE,1993,,0,0.0,0.0,0.0,0,0,0,0
West Bank & Gaza,PSE,1994,,0,0.0,0.0,0.0,0,0,0,0
West Bank & Gaza,PSE,1995,,0,0.0,0.0,0.0,0,0,0,0
West Bank & Gaza,PSE,1996,,0,0.0,0.0,0.0,0,0,0,0
West Bank & Gaza,PSE,1997,,0,0.0,0.0,0.0,0,0,0,0
West Bank & Gaza,PSE,1998,,0,0.0,0.0,0.0,0,0,0,0
West Bank & Gaza,PSE,1999,,0,0.0,0.0,0.0,0,0,0,0
West Bank & Gaza,PSE,2000,,0,0.0,0.0,0.0,0,0,0,0
West Bank & Gaza,PSE,2001,,0,0.0,0.0,0.0,0,0,0,0
West Bank & Gaza,PSE,2002,,0,0.0,0.0,0.0,0,0,0,0
West Bank & Gaza,PSE,2003,,0,0.0,0.0,0.0,0,0,0,0
West Bank & Gaza,PSE,2004,,0,0.0,0.0,0.0,0,0,0,0
West Bank & Gaza,PSE,2005,,0,0.0,0.0,0.0,0,0,0,0
West Bank & Gaza,PSE,2006,,0,0.0,0.0,0.0,0,0,0,0
West Bank & Gaza,PSE,2007,,0,0.0,0.0,0.0,0,0,0,0
West Bank & Gaza,PSE,2008,,0,0.0,0.0,0.0,0,0,0,0
West Bank & Gaza,PSE,2009,,0,0.0,0.0,0.0,0,0,0,0
West Bank & Gaza,PSE,2010,,0,0.0,0.0,0.0,0,0,0,0
West Bank & Gaza,PSE,2011,,0,0.0,0.0,0.0,0,0,0,0
West Bank & Gaza,PSE,2012,,0,0.0,0.0,0.0,0,0,0,0
West Bank & Gaza,PSE,2013,,0,0.0,0.0,0.0,0,0,0,0
West Bank & Gaza,PSE,2014,,0,0.0,0.0,0.0,0,0,0,0
West Bank & Gaza,PSE,2015,,0,0.0,0.0,0.0,0,0,0,0
West Bank & Gaza,PSE,2016,,0,0.0,0.0,0.0,0,0,0,0
West Bank & Gaza,PSE,2017,,0,0.0,0.0,0.0,0,0,0,0
West Bank & Gaza,PSE,2018,,0,0.0,0.0,0.0,0,0,0,0
West Bank & Gaza,PSE,2019,,0,0.0,0.0,0.0,0,0,0,0
West Bank & Gaza,PSE,2020,,0,0.0,0.0,0.0,0,0,0,0
West Bank & Gaza,PSE,2021,,0,0.0,0.0,0.0,0,0,0,0
West Bank & Gaza,PSE,2022,,0,0.0,0.0,0.0,0,0,0,0
West Bank & Gaza,PSE,2023,,0,0.0,0.0,,0,0,0,0
Yemen,YEM,1960,,0,,,0.0,0,0,0,0
Yemen,YEM,1961,,0,0.0,,0.0,0,0,0,0
Yemen,YEM,1962,,0,0.0,0.0,0.0,0,0,0,0
Yemen,YEM,1963,,0,0.0,0.0,0.0,0,0,0,0
Yemen,YEM,1964,,0,0.0,0.0,0.0,0,0,0,0
Yemen,YEM,1965,,0,0.0,0.0,0.0,0,0,0,0
Yemen,YEM,1966,,0,0.0,0.0,0.0,0,0,0,0
Yemen,YEM,1967,0.0,0,0.0,0.0,0.0,0,0,0,0
Yemen,YEM,1968,0.0,0,0.0,0.0,0.0,0,0,0,0
Yemen,YEM,1969,0.0,0,0.0,0.0,0.0,0,0,0,0
Yemen,YEM,1970,0.0,0,0.0,0.0,0.0,0,0,0,0
Yemen,YEM,1971,0.0,0,0.0,0.0,0.0,0,0,0,0
Yemen,YEM,1972,0.0,0,0.0,0.0,1.0,1,1,1,0
Yemen,YEM,1973,14.919215900000001,1,0.0,0.0,1.0,0,0,1,1
Yemen,YEM,1974,22.5859415,1,1.0,0.0,1.0,0,0,1,1
Yemen,YEM,1975,32.7957055,1,1.0,1.0,1.0,0,0,1,1
Yemen,YEM,1976,46.1014261,1,1.0,1.0,1.0,0,0,1,1
Yemen,YEM,1977,104.12655059999999,1,1.0,1.0,1.0,0,0,1,1
Yemen,YEM,1978,48.8020005,1,1.0,1.0,1.0,0,0,1,1
Yemen,YEM,1979,49.4379212,1,1.0,1.0,1.0,0,0,1,1
Yemen,YEM,1980,7.6549528,1,1.0,1.0,1.0,0,0,1,1
Yemen,YEM,1981,22.362048199999997,1,1.0,1.0,1.0,0,0,1,1
Yemen,YEM,1982,40.9874716,1,1.0,1.0,1.0,0,0,1,1
Yemen,YEM,1983,81.0321909,1,1.0,1.0,1.0,0,0,1,1
Yemen,YEM,1984,131.7719942,1,1.0,1.0,1.0,0,0,1,1
Yemen,YEM,1985,194.8690814,1,1.0,1.0,1.0,0,0,1,1
Yemen,YEM,1986,278.4136268,1,1.0,1.0,1.0,0,0,1,1
Yemen,YEM,1987,383.6468353,1,1.0,1.0,1.0,0,0,1,1
Yemen,YEM,1988,497.5120352,1,1.0,1.0,1.0,0,0,1,1
Yemen,YEM,1989,605.7736818999999,1,1.0,1.0,1.0,0,0,1,1
Yemen,YEM,1990,1183.1682697,1,1.0,1.0,1.0,0,0,1,1
Yemen,YEM,1991,972.8873652999999,1,1.0,1.0,1.0,0,0,1,1
Yemen,YEM,1992,1134.2716333,1,1.0,1.0,1.0,0,0,1,1
Yemen,YEM,1993,1299.2691287,1,1.0,1.0,1.0,0,0,1,1
Yemen,YEM,1994,1300.9644991,1,1.0,1.0,1.0,0,0,1,1
Yemen,YEM,1995,1368.1706653,1,1.0,1.0,1.0,0,0,1,1
Yemen,YEM,1996,1709.6725564,1,1.0,1.0,1.0,0,0,1,1
Yemen,YEM,1997,2124.1524675,1,1.0,1.0,1.0,0,0,1,1
Yemen,YEM,1998,104.3206494,1,1.0,1.0,1.0,0,0,1,1
Yemen,YEM,1999,225.09334149999998,1,1.0,1.0,1.0,0,0,1,1
Yemen,YEM,2000,148.68650069999998,1,1.0,1.0,1.0,0,0,1,1
Yemen,YEM,2001,1211.9855627000002,1,1.0,1.0,1.0,0,0,1,1
Yemen,YEM,2002,220.76538060000001,1,1.0,1.0,1.0,0,0,1,1
Yemen,YEM,2003,189.4593653,1,1.0,1.0,1.0,0,0,1,1
Yemen,YEM,2004,359.5057793,1,1.0,1.0,1.0,0,0,1,1
Yemen,YEM,2005,365.0725765,1,1.0,1.0,1.0,0,0,1,1
Yemen,YEM,2006,365.4447177,1,1.0,1.0,1.0,0,0,1,1
Yemen,YEM,2007,273.2429443,1,1.0,1.0,1.0,0,0,1,1
Yemen,YEM,2008,292.4803532,1,1.0,1.0,1.0,0,0,1,1
Yemen,YEM,2009,282.5769283,1,1.0,1.0,1.0,0,0,1,1
Yemen,YEM,2010,390.0076752,1,1.0,1.0,1.0,0,0,1,1
Yemen,YEM,2011,226.87077649999998,1,1.0,1.0,1.0,0,0,1,1
Yemen,YEM,2012,334.9464432,1,1.0,1.0,1.0,0,0,1,1
Yemen,YEM,2013,355.9309934,1,1.0,1.0,1.0,0,0,1,1
Yemen,YEM,2014,371.9819745,1,1.0,1.0,1.0,0,0,1,1
Yemen,YEM,2015,397.9591249,1,1.0,1.0,1.0,0,0,1,1
Yemen,YEM,2016,629.7284272,1,1.0,1.0,1.0,0,0,1,1
Yemen,YEM,2017,1730.0,1,1.0,1.0,1.0,0,0,1,1
Yemen,YEM,2018,1730.0,1,1.0,1.0,1.0,0,0,1,1
Yemen,YEM,2019,1759.0,1,1.0,1.0,1.0,0,0,1,1
Yemen,YEM,2020,2152.8147562,1,1.0,1.0,1.0,0,0,1,1
Yemen,YEM,2021,2493.9192525,1,1.0,1.0,1.0,0,0,1,1
Yemen,YEM,2022,2803.381659,1,1.0,1.0,1.0,0,0,1,1
Yemen,YEM,2023,3154.0,1,1.0,1.0,,0,0,0,0
Yugoslavia,YUG,1960,241.31000000000003,1,,,1.0,0,0,1,1
Yugoslavia,YUG,1961,248.41060000000002,1,1.0,,1.0,0,0,1,1
Yugoslavia,YUG,1962,255.5112,1,1.0,1.0,1.0,0,0,1,1
Yugoslavia,YUG,1963,262.6118,1,1.0,1.0,1.0,0,0,1,1
Yugoslavia,YUG,1964,284.7124,1,1.0,1.0,1.0,0,0,1,1
Yugoslavia,YUG,1965,595.413,1,1.0,1.0,1.0,0,0,1,1
Yugoslavia,YUG,1966,295.51360000000005,1,1.0,1.0,1.0,0,0,1,1
Yugoslavia,YUG,1967,290.8586000000001,1,1.0,1.0,1.0,0,0,1,1
Yugoslavia,YUG,1968,15.9,1,1.0,1.0,0.0,0,0,0,0
Yugoslavia,YUG,1969,0.0,0,1.0,1.0,1.0,1,0,1,0
Yugoslavia,YUG,1970,0.7,1,0.0,1.0,0.0,0,0,0,0
Yugoslavia,YUG,1971,0.0,0,1.0,0.0,0.0,0,0,0,0
Yugoslavia,YUG,1972,0.0,0,0.0,1.0,0.0,0,0,0,0
Yugoslavia,YUG,1973,0.0,0,0.0,0.0,0.0,0,0,0,0
Yugoslavia,YUG,1974,0.0,0,0.0,0.0,0.0,0,0,0,0
Yugoslavia,YUG,1975,0.0,0,0.0,0.0,0.0,0,0,0,0
Yugoslavia,YUG,1976,0.0,0,0.0,0.0,0.0,0,0,0,0
Yugoslavia,YUG,1977,0.0,0,0.0,0.0,0.0,0,0,0,0
Yugoslavia,YUG,1978,0.0,0,0.0,0.0,0.0,0,0,0,0
Yugoslavia,YUG,1979,0.0,0,0.0,0.0,0.0,0,0,0,0
Yugoslavia,YUG,1980,0.0,0,0.0,0.0,0.0,0,0,0,0
Yugoslavia,YUG,1981,0.0,0,0.0,0.0,1.0,1,1,1,0
Yugoslavia,YUG,1982,1.7,1,0.0,0.0,1.0,0,0,1,1
Yugoslavia,YUG,1983,951.3,1,1.0,0.0,1.0,0,0,1,1
Yugoslavia,YUG,1984,2054.0,1,1.0,1.0,1.0,0,0,1,1
Yugoslavia,YUG,1985,4902.8,1,1.0,1.0,1.0,0,0,1,1
Yugoslavia,YUG,1986,1636.0,1,1.0,1.0,1.0,0,0,1,1
Yugoslavia,YUG,1987,958.9,1,1.0,1.0,1.0,0,0,1,1
Yugoslavia,YUG,1988,7849.5,1,1.0,1.0,1.0,0,0,1,1
Yugoslavia,YUG,1989,6768.66,1,1.0,1.0,1.0,0,0,1,1
Yugoslavia,YUG,1990,6329.4,1,1.0,1.0,1.0,0,0,1,1
Yugoslavia,YUG,1991,5347.3,1,1.0,1.0,0.0,0,0,0,0
Yugoslavia,YUG,1992,,0,1.0,1.0,0.0,0,0,0,0
Yugoslavia,YUG,1993,,0,0.0,1.0,0.0,0,0,0,0
Yugoslavia,YUG,1994,,0,0.0,0.0,0.0,0,0,0,0
Yugoslavia,YUG,1995,,0,0.0,0.0,0.0,0,0,0,0
Yugoslavia,YUG,1996,,0,0.0,0.0,0.0,0,0,0,0
Yugoslavia,YUG,1997,,0,0.0,0.0,0.0,0,0,0,0
Yugoslavia,YUG,1998,,0,0.0,0.0,0.0,0,0,0,0
Yugoslavia,YUG,1999,,0,0.0,0.0,0.0,0,0,0,0
Yugoslavia,YUG,2000,,0,0.0,0.0,0.0,0,0,0,0
Yugoslavia,YUG,2001,,0,0.0,0.0,0.0,0,0,0,0
Yugoslavia,YUG,2002,,0,0.0,0.0,0.0,0,0,0,0
Yugoslavia,YUG,2003,,0,0.0,0.0,0.0,0,0,0,0
Yugoslavia,YUG,2004,,0,0.0,0.0,0.0,0,0,0,0
Yugoslavia,YUG,2005,,0,0.0,0.0,0.0,0,0,0,0
Yugoslavia,YUG,2006,,0,0.0,0.0,0.0,0,0,0,0
Yugoslavia,YUG,2007,,0,0.0,0.0,0.0,0,0,0,0
Yugoslavia,YUG,2008,,0,0.0,0.0,0.0,0,0,0,0
Yugoslavia,YUG,2009,,0,0.0,0.0,0.0,0,0,0,0
Yugoslavia,YUG,2010,,0,0.0,0.0,0.0,0,0,0,0
Yugoslavia,YUG,2011,,0,0.0,0.0,0.0,0,0,0,0
Yugoslavia,YUG,2012,,0,0.0,0.0,0.0,0,0,0,0
Yugoslavia,YUG,2013,,0,0.0,0.0,0.0,0,0,0,0
Yugoslavia,YUG,2014,,0,0.0,0.0,0.0,0,0,0,0
Yugoslavia,YUG,2015,,0,0.0,0.0,0.0,0,0,0,0
Yugoslavia,YUG,2016,,0,0.0,0.0,0.0,0,0,0,0
Yugoslavia,YUG,2017,,0,0.0,0.0,0.0,0,0,0,0
Yugoslavia,YUG,2018,,0,0.0,0.0,0.0,0,0,0,0
Yugoslavia,YUG,2019,,0,0.0,0.0,0.0,0,0,0,0
Yugoslavia,YUG,2020,,0,0.0,0.0,0.0,0,0,0,0
Yugoslavia,YUG,2021,,0,0.0,0.0,0.0,0,0,0,0
Yugoslavia,YUG,2022,,0,0.0,0.0,0.0,0,0,0,0
Yugoslavia,YUG,2023,,0,0.0,0.0,,0,0,0,0
Zambia,ZMB,1960,0.0,0,,,0.0,0,0,0,0
Zambia,ZMB,1961,0.0,0,0.0,,0.0,0,0,0,0
Zambia,ZMB,1962,0.0,0,0.0,0.0,0.0,0,0,0,0
Zambia,ZMB,1963,0.0,0,0.0,0.0,0.0,0,0,0,0
Zambia,ZMB,1964,0.0,0,0.0,0.0,0.0,0,0,0,0
Zambia,ZMB,1965,0.0,0,0.0,0.0,0.0,0,0,0,0
Zambia,ZMB,1966,0.0,0,0.0,0.0,0.0,0,0,0,0
Zambia,ZMB,1967,0.0,0,0.0,0.0,0.0,0,0,0,0
Zambia,ZMB,1968,0.0,0,0.0,0.0,0.0,0,0,0,0
Zambia,ZMB,1969,0.0,0,0.0,0.0,0.0,0,0,0,0
Zambia,ZMB,1970,0.0,0,0.0,0.0,0.0,0,0,0,0
Zambia,ZMB,1971,0.0,0,0.0,0.0,0.0,0,0,0,0
Zambia,ZMB,1972,0.0,0,0.0,0.0,0.0,0,0,0,0
Zambia,ZMB,1973,0.0,0,0.0,0.0,0.0,0,0,0,0
Zambia,ZMB,1974,0.0,0,0.0,0.0,1.0,1,1,1,0
Zambia,ZMB,1975,1.845432,1,0.0,0.0,1.0,0,0,1,1
Zambia,ZMB,1976,1.9986176000000002,1,1.0,0.0,1.0,0,0,1,1
Zambia,ZMB,1977,3.3608195,1,1.0,1.0,1.0,0,0,1,1
Zambia,ZMB,1978,15.3235604,1,1.0,1.0,1.0,0,0,1,1
Zambia,ZMB,1979,38.3769745,1,1.0,1.0,1.0,0,0,1,1
Zambia,ZMB,1980,39.2794867,1,1.0,1.0,1.0,0,0,1,1
Zambia,ZMB,1981,75.4461442,1,1.0,1.0,1.0,0,0,1,1
Zambia,ZMB,1982,233.2320325,1,1.0,1.0,1.0,0,0,1,1
Zambia,ZMB,1983,503.9554645,1,1.0,1.0,1.0,0,0,1,1
Zambia,ZMB,1984,382.0187915,1,1.0,1.0,1.0,0,0,1,1
Zambia,ZMB,1985,1484.567541276474,1,1.0,1.0,1.0,0,0,1,1
Zambia,ZMB,1986,1771.4314042089563,1,1.0,1.0,1.0,0,0,1,1
Zambia,ZMB,1987,2410.1176269265297,1,1.0,1.0,1.0,0,0,1,1
Zambia,ZMB,1988,3077.37361772186,1,1.0,1.0,1.0,0,0,1,1
Zambia,ZMB,1989,3803.3756781757897,1,1.0,1.0,1.0,0,0,1,1
Zambia,ZMB,1990,3784.5956415726005,1,1.0,1.0,1.0,0,0,1,1
Zambia,ZMB,1991,4025.5325850612353,1,1.0,1.0,1.0,0,0,1,1
Zambia,ZMB,1992,3306.9307720238544,1,1.0,1.0,1.0,0,0,1,1
Zambia,ZMB,1993,4245.609469856156,1,1.0,1.0,1.0,0,0,1,1
Zambia,ZMB,1994,4257.208121313598,1,1.0,1.0,1.0,0,0,1,1
Zambia,ZMB,1995,3048.498319087103,1,1.0,1.0,1.0,0,0,1,1
Zambia,ZMB,1996,736.2739159,1,1.0,1.0,1.0,0,0,1,1
Zambia,ZMB,1997,1012.0317289999999,1,1.0,1.0,1.0,0,0,1,1
Zambia,ZMB,1998,968.4477576,1,1.0,1.0,1.0,0,0,1,1
Zambia,ZMB,1999,1174.7238831000002,1,1.0,1.0,1.0,0,0,1,1
Zambia,ZMB,2000,377.25932109999997,1,1.0,1.0,1.0,0,0,1,1
Zambia,ZMB,2001,591.4562742,1,1.0,1.0,1.0,0,0,1,1
Zambia,ZMB,2002,832.4410310000001,1,1.0,1.0,1.0,0,0,1,1
Zambia,ZMB,2003,807.8226092,1,1.0,1.0,1.0,0,0,1,1
Zambia,ZMB,2004,855.6560825,1,1.0,1.0,1.0,0,0,1,1
Zambia,ZMB,2005,2184.3678108,1,1.0,1.0,1.0,0,0,1,1
Zambia,ZMB,2006,4014.0072290000003,1,1.0,1.0,1.0,0,0,1,1
Zambia,ZMB,2007,476.7478296,1,1.0,1.0,1.0,0,0,1,1
Zambia,ZMB,2008,442.04700760000003,1,1.0,1.0,1.0,0,0,1,1
Zambia,ZMB,2009,683.8919623,1,1.0,1.0,1.0,0,0,1,1
Zambia,ZMB,2010,607.695036,1,1.0,1.0,1.0,0,0,1,1
Zambia,ZMB,2011,618.8088618,1,1.0,1.0,1.0,0,0,1,1
Zambia,ZMB,2012,594.8176091,1,1.0,1.0,1.0,0,0,1,1
Zambia,ZMB,2013,602.457554,1,1.0,1.0,1.0,0,0,1,1
Zambia,ZMB,2014,561.3036473,1,1.0,1.0,1.0,0,0,1,1
Zambia,ZMB,2015,594.9379382,1,1.0,1.0,1.0,0,0,1,1
Zambia,ZMB,2016,520.4268475,1,1.0,1.0,1.0,0,0,1,1
Zambia,ZMB,2017,556.9119012,1,1.0,1.0,1.0,0,0,1,1
Zambia,ZMB,2018,547.1793101,1,1.0,1.0,1.0,0,0,1,1
Zambia,ZMB,2019,568.8859508,1,1.0,1.0,1.0,0,0,1,1
Zambia,ZMB,2020,4122.3942552,1,1.0,1.0,1.0,0,0,1,1
Zambia,ZMB,2021,11282.93,1,1.0,1.0,1.0,0,0,1,1
Zambia,ZMB,2022,10069.0,1,1.0,1.0,1.0,0,0,1,1
Zambia,ZMB,2023,11149.0,1,1.0,1.0,,0,0,0,0
Zimbabwe,ZWE,1960,,0,,,0.0,0,0,0,0
Zimbabwe,ZWE,1961,,0,0.0,,0.0,0,0,0,0
Zimbabwe,ZWE,1962,,0,0.0,0.0,0.0,0,0,0,0
Zimbabwe,ZWE,1963,,0,0.0,0.0,0.0,0,0,0,0
Zimbabwe,ZWE,1964,,0,0.0,0.0,1.0,1,1,1,0
Zimbabwe,ZWE,1965,184.26827048,1,0.0,0.0,1.0,0,0,1,1
Zimbabwe,ZWE,1966,191.35462506999994,1,1.0,0.0,1.0,0,0,1,1
Zimbabwe,ZWE,1967,170.09226827999998,1,1.0,1.0,1.0,0,0,1,1
Zimbabwe,ZWE,1968,176.16628649999998,1,1.0,1.0,1.0,0,0,1,1
Zimbabwe,ZWE,1969,182.24030472,1,1.0,1.0,1.0,0,0,1,1
Zimbabwe,ZWE,1970,257.34807992775,1,1.0,1.0,1.0,0,0,1,1
Zimbabwe,ZWE,1971,215.69096793950004,1,1.0,1.0,1.0,0,0,1,1
Zimbabwe,ZWE,1972,206.75220569550004,1,1.0,1.0,1.0,0,0,1,1
Zimbabwe,ZWE,1973,199.65183168000007,1,1.0,1.0,1.0,0,0,1,1
Zimbabwe,ZWE,1974,206.4092592752501,1,1.0,1.0,1.0,0,0,1,1
Zimbabwe,ZWE,1975,184.0593818170001,1,1.0,1.0,1.0,0,0,1,1
Zimbabwe,ZWE,1976,157.33090258200008,1,1.0,1.0,1.0,0,0,1,1
Zimbabwe,ZWE,1977,177.93334724500014,1,1.0,1.0,1.0,0,0,1,1
Zimbabwe,ZWE,1978,247.42847436375013,1,1.0,1.0,1.0,0,0,1,1
Zimbabwe,ZWE,1979,222.73211301000018,1,1.0,1.0,1.0,0,0,1,1
Zimbabwe,ZWE,1980,243.8658696162502,1,1.0,1.0,1.0,0,0,1,1
Zimbabwe,ZWE,1981,63.0,1,1.0,1.0,0.0,0,0,0,0
Zimbabwe,ZWE,1982,0.0,0,1.0,1.0,0.0,0,0,0,0
Zimbabwe,ZWE,1983,0.0,0,0.0,1.0,0.0,0,0,0,0
Zimbabwe,ZWE,1984,0.0,0,0.0,0.0,1.0,1,1,1,0
Zimbabwe,ZWE,1985,0.1218397,1,0.0,0.0,1.0,0,0,1,1
Zimbabwe,ZWE,1986,0.38743259999999996,1,1.0,0.0,1.0,0,0,1,1
Zimbabwe,ZWE,1987,11.5914587,1,1.0,1.0,1.0,0,0,1,1
Zimbabwe,ZWE,1988,0.5743531,1,1.0,1.0,1.0,0,0,1,1
Zimbabwe,ZWE,1989,1.866,1,1.0,1.0,1.0,0,0,1,1
Zimbabwe,ZWE,1990,23.7708284,1,1.0,1.0,1.0,0,0,1,1
Zimbabwe,ZWE,1991,0.0127034,1,1.0,1.0,1.0,0,0,1,1
Zimbabwe,ZWE,1992,4.153570500000001,1,1.0,1.0,1.0,0,0,1,1
Zimbabwe,ZWE,1993,5.1328145,1,1.0,1.0,1.0,0,0,1,1
Zimbabwe,ZWE,1994,17.1611913,1,1.0,1.0,1.0,0,0,1,1
Zimbabwe,ZWE,1995,89.4341135,1,1.0,1.0,1.0,0,0,1,1
Zimbabwe,ZWE,1996,1.3784911,1,1.0,1.0,1.0,0,0,1,1
Zimbabwe,ZWE,1997,6.9817822000000005,1,1.0,1.0,1.0,0,0,1,1
Zimbabwe,ZWE,1998,20.007793,1,1.0,1.0,1.0,0,0,1,1
Zimbabwe,ZWE,1999,26.739382900000003,1,1.0,1.0,1.0,0,0,1,1
Zimbabwe,ZWE,2000,252.3086905,1,1.0,1.0,1.0,0,0,1,1
Zimbabwe,ZWE,2001,2651.845403930027,1,1.0,1.0,1.0,0,0,1,1
Zimbabwe,ZWE,2002,1532.3712839020368,1,1.0,1.0,1.0,0,0,1,1
Zimbabwe,ZWE,2003,2096.8104084015786,1,1.0,1.0,1.0,0,0,1,1
Zimbabwe,ZWE,2004,2465.9648044400556,1,1.0,1.0,1.0,0,0,1,1
Zimbabwe,ZWE,2005,2252.697819585044,1,1.0,1.0,1.0,0,0,1,1
Zimbabwe,ZWE,2006,2944.7132901465548,1,1.0,1.0,1.0,0,0,1,1
Zimbabwe,ZWE,2007,3137.9729014196623,1,1.0,1.0,1.0,0,0,1,1
Zimbabwe,ZWE,2008,3568.7383617618775,1,1.0,1.0,1.0,0,0,1,1
Zimbabwe,ZWE,2009,3711.637986108105,1,1.0,1.0,1.0,0,0,1,1
Zimbabwe,ZWE,2010,3720.594848131209,1,1.0,1.0,1.0,0,0,1,1
Zimbabwe,ZWE,2011,3935.342306646103,1,1.0,1.0,1.0,0,0,1,1
Zimbabwe,ZWE,2012,4119.743602270026,1,1.0,1.0,1.0,0,0,1,1
Zimbabwe,ZWE,2013,4359.198492910759,1,1.0,1.0,1.0,0,0,1,1
Zimbabwe,ZWE,2014,4163.540869044131,1,1.0,1.0,1.0,0,0,1,1
Zimbabwe,ZWE,2015,4762.617865038257,1,1.0,1.0,1.0,0,0,1,1
Zimbabwe,ZWE,2016,5034.288988001763,1,1.0,1.0,1.0,0,0,1,1
Zimbabwe,ZWE,2017,4571.0,1,1.0,1.0,1.0,0,0,1,1
Zimbabwe,ZWE,2018,4413.0,1,1.0,1.0,1.0,0,0,1,1
Zimbabwe,ZWE,2019,4570.0,1,1.0,1.0,1.0,0,0,1,1
Zimbabwe,ZWE,2020,8349.0,1,1.0,1.0,1.0,0,0,1,1
Zimbabwe,ZWE,2021,8377.0,1,1.0,1.0,1.0,0,0,1,1
Zimbabwe,ZWE,2022,8332.0,1,1.0,1.0,1.0,0,0,1,1
Zimbabwe,ZWE,2023,8485.0,1,1.0,1.0,,0,0,0,0
eSwatini (Swaziland),SWZ,1960,,0,,,0.0,0,0,0,0
eSwatini (Swaziland),SWZ,1961,,0,0.0,,0.0,0,0,0,0
eSwatini (Swaziland),SWZ,1962,,0,0.0,0.0,0.0,0,0,0,0
eSwatini (Swaziland),SWZ,1963,,0,0.0,0.0,0.0,0,0,0,0
eSwatini (Swaziland),SWZ,1964,,0,0.0,0.0,0.0,0,0,0,0
eSwatini (Swaziland),SWZ,1965,,0,0.0,0.0,0.0,0,0,0,0
eSwatini (Swaziland),SWZ,1966,,0,0.0,0.0,0.0,0,0,0,0
eSwatini (Swaziland),SWZ,1967,,0,0.0,0.0,0.0,0,0,0,0
eSwatini (Swaziland),SWZ,1968,0.0,0,0.0,0.0,0.0,0,0,0,0
eSwatini (Swaziland),SWZ,1969,0.0,0,0.0,0.0,0.0,0,0,0,0
eSwatini (Swaziland),SWZ,1970,0.0,0,0.0,0.0,0.0,0,0,0,0
eSwatini (Swaziland),SWZ,1971,0.0,0,0.0,0.0,0.0,0,0,0,0
eSwatini (Swaziland),SWZ,1972,0.0,0,0.0,0.0,0.0,0,0,0,0
eSwatini (Swaziland),SWZ,1973,0.0,0,0.0,0.0,0.0,0,0,0,0
eSwatini (Swaziland),SWZ,1974,0.0,0,0.0,0.0,0.0,0,0,0,0
eSwatini (Swaziland),SWZ,1975,0.0,0,0.0,0.0,0.0,0,0,0,0
eSwatini (Swaziland),SWZ,1976,0.0,0,0.0,0.0,0.0,0,0,0,0
eSwatini (Swaziland),SWZ,1977,0.0,0,0.0,0.0,1.0,1,1,1,0
eSwatini (Swaziland),SWZ,1978,0.008,1,0.0,0.0,0.0,0,0,0,0
eSwatini (Swaziland),SWZ,1979,0.0,0,1.0,0.0,0.0,0,0,0,0
eSwatini (Swaziland),SWZ,1980,0.0,0,0.0,1.0,0.0,0,0,0,0
eSwatini (Swaziland),SWZ,1981,0.0,0,0.0,0.0,0.0,0,0,0,0
eSwatini (Swaziland),SWZ,1982,0.0,0,0.0,0.0,0.0,0,0,0,0
eSwatini (Swaziland),SWZ,1983,0.0,0,0.0,0.0,0.0,0,0,0,0
eSwatini (Swaziland),SWZ,1984,0.0,0,0.0,0.0,0.0,0,0,0,0
eSwatini (Swaziland),SWZ,1985,0.0,0,0.0,0.0,1.0,1,1,1,0
eSwatini (Swaziland),SWZ,1986,0.06972239999999999,1,0.0,0.0,1.0,0,0,1,1
eSwatini (Swaziland),SWZ,1987,0.012,1,1.0,0.0,1.0,0,0,1,1
eSwatini (Swaziland),SWZ,1988,0.1289031,1,1.0,1.0,1.0,0,0,1,1
eSwatini (Swaziland),SWZ,1989,0.044954,1,1.0,1.0,1.0,0,0,1,1
eSwatini (Swaziland),SWZ,1990,0.200252,1,1.0,1.0,1.0,0,0,1,1
eSwatini (Swaziland),SWZ,1991,2.0699736,1,1.0,1.0,1.0,0,0,1,1
eSwatini (Swaziland),SWZ,1992,4.1874205,1,1.0,1.0,1.0,0,0,1,1
eSwatini (Swaziland),SWZ,1993,4.6516551,1,1.0,1.0,1.0,0,0,1,1
eSwatini (Swaziland),SWZ,1994,4.3279007,1,1.0,1.0,1.0,0,0,1,1
eSwatini (Swaziland),SWZ,1995,4.2915716,1,1.0,1.0,1.0,0,0,1,1
eSwatini (Swaziland),SWZ,1996,1.2361045,1,1.0,1.0,1.0,0,0,1,1
eSwatini (Swaziland),SWZ,1997,1.1262338,1,1.0,1.0,1.0,0,0,1,1
eSwatini (Swaziland),SWZ,1998,1.1880058999999998,1,1.0,1.0,1.0,0,0,1,1
eSwatini (Swaziland),SWZ,1999,0.3405594,1,1.0,1.0,1.0,0,0,1,1
eSwatini (Swaziland),SWZ,2000,0.2162831,1,1.0,1.0,1.0,0,0,1,1
eSwatini (Swaziland),SWZ,2001,0.24999909999999997,1,1.0,1.0,1.0,0,0,1,1
eSwatini (Swaziland),SWZ,2002,7.6880196000000005,1,1.0,1.0,1.0,0,0,1,1
eSwatini (Swaziland),SWZ,2003,16.4824056,1,1.0,1.0,1.0,0,0,1,1
eSwatini (Swaziland),SWZ,2004,13.5429434,1,1.0,1.0,1.0,0,0,1,1
eSwatini (Swaziland),SWZ,2005,20.8991621,1,1.0,1.0,1.0,0,0,1,1
eSwatini (Swaziland),SWZ,2006,23.6569069,1,1.0,1.0,1.0,0,0,1,1
eSwatini (Swaziland),SWZ,2007,6.5237632,1,1.0,1.0,1.0,0,0,1,1
eSwatini (Swaziland),SWZ,2008,3.6675222,1,1.0,1.0,1.0,0,0,1,1
eSwatini (Swaziland),SWZ,2009,7.355439800000001,1,1.0,1.0,1.0,0,0,1,1
eSwatini (Swaziland),SWZ,2010,14.725465,1,1.0,1.0,1.0,0,0,1,1
eSwatini (Swaziland),SWZ,2011,14.876569400000001,1,1.0,1.0,1.0,0,0,1,1
eSwatini (Swaziland),SWZ,2012,11.003816999999998,1,1.0,1.0,1.0,0,0,1,1
eSwatini (Swaziland),SWZ,2013,11.1285597,1,1.0,1.0,1.0,0,0,1,1
eSwatini (Swaziland),SWZ,2014,11.6755751,1,1.0,1.0,1.0,0,0,1,1
eSwatini (Swaziland),SWZ,2015,11.5343659,1,1.0,1.0,1.0,0,0,1,1
eSwatini (Swaziland),SWZ,2016,13.079441,1,1.0,1.0,1.0,0,0,1,1
eSwatini (Swaziland),SWZ,2017,8.694706199999999,1,1.0,1.0,1.0,0,0,1,1
eSwatini (Swaziland),SWZ,2018,4.766351,1,1.0,1.0,1.0,0,0,1,1
eSwatini (Swaziland),SWZ,2019,3.0687725999999995,1,1.0,1.0,1.0,0,0,1,1
eSwatini (Swaziland),SWZ,2020,0.0898805,1,1.0,1.0,1.0,0,0,1,1
eSwatini (Swaziland),SWZ,2021,0.0027992,1,1.0,1.0,1.0,0,0,1,1
eSwatini (Swaziland),SWZ,2022,0.3952606,1,1.0,1.0,1.0,0,0,1,1
eSwatini (Swaziland),SWZ,2023,0.3952606,1,1.0,1.0,,0,0,0,0
