iso3,period,ons_target,n_attacks_strict_since_0,pred_with_text,pred_without_text
AFG,201901,,0,0.8097956975927652,0.7977111337356653
AFG,201902,,0,0.8057822409433423,0.7955693869204556
AFG,201903,,0,0.8000172608423753,0.7965647919002425
AFG,201904,,0,0.7914732036685563,0.7950885572807534
AFG,201905,,0,0.8085598905143714,0.79732527637569
AFG,201906,,0,0.8260279377709037,0.8090910926911953
AFG,201907,,0,0.8104967274840703,0.8151331416804862
AFG,201908,,0,0.8410838428358122,0.8074205968450812
AFG,201909,,0,0.8176855300570454,0.7929268585490441
AFG,201910,,0,0.8127010452146434,0.7866928385509674
AFG,201911,,0,0.8241537174232108,0.8050641825417992
AFG,201912,,0,0.831501178477791,0.8058110199512472
AFG,202001,,0,0.8311598633579169,0.8153109217970943
AFG,202002,,0,0.8315103517662026,0.809720454408161
AFG,202003,,0,0.8307750952572497,0.808463578253667
AFG,202004,,0,0.8321736087761653,0.8083543154533288
AFG,202005,,0,0.8259894067900524,0.811844079194507
AFG,202006,,0,0.8164635255198638,0.8216094919062928
AFG,202007,,0,0.8128147910436258,0.8252795874331182
AFG,202008,,0,0.809946499017164,0.8118310642173097
AFG,202009,,0,0.8163739384256208,0.820836657348686
AFG,202010,,0,0.8143298729335116,0.8061650685969103
AFG,202011,,0,0.8227136856264313,0.8147248586554403
AFG,202012,,0,0.8272912437577518,0.8128931104862289
AGO,201901,0.0,17,0.16041033877619476,0.19185181475224
AGO,201902,0.0,18,0.15690427068989635,0.1731776833096899
AGO,201903,0.0,19,0.1502074642914028,0.17087518411424849
AGO,201904,0.0,20,0.12521862779997328,0.13927768794640294
AGO,201905,0.0,21,0.13009521986025485,0.14891876777545046
AGO,201906,0.0,22,0.1428775678013185,0.16800004420909295
AGO,201907,1.0,23,0.09282816563959032,0.1232323041845168
AGO,201908,1.0,24,0.09545662997272608,0.12383325730889443
AGO,201909,1.0,25,0.0961105958590648,0.12076095396588586
AGO,201910,,0,0.1390237585767557,0.17219912913228683
AGO,201911,0.0,1,0.2434481818019309,0.29056671695197744
AGO,201912,0.0,2,0.2090601555105727,0.26566970309752214
AGO,202001,0.0,3,0.2633807693178283,0.3285305592520657
AGO,202002,0.0,4,0.1678067592609091,0.17903078091367466
AGO,202003,1.0,5,0.16024452174234202,0.17491024964467086
AGO,202004,1.0,6,0.1376209344947123,0.1814421098438627
AGO,202005,1.0,7,0.16574553953313953,0.22021575444783317
AGO,202006,,0,0.20517982263984913,0.24994289311805917
AGO,202007,0.0,1,0.3021186757140184,0.3662834194386302
AGO,202008,0.0,2,0.2975189597963399,0.3411846641047323
AGO,202009,0.0,3,0.2606105970508721,0.3080649476012858
AGO,202010,,4,0.16629841448899563,0.19005240536983894
AGO,202011,,5,0.15723537192810805,0.2122840663870886
AGO,202012,,6,0.1222538482127349,0.1719071328029029
ALB,201901,1.0,15,0.13264992929951028,0.12554354184631195
ALB,201902,1.0,16,0.1164088325375658,0.11576280233136547
ALB,201903,,0,0.1459393458998687,0.16990119823913605
ALB,201904,0.0,1,0.26176757133225703,0.3065518033100354
ALB,201905,0.0,2,0.27110442141395086,0.2580977978435832
ALB,201906,0.0,3,0.240973613304964,0.245866181604932
ALB,201907,0.0,4,0.15759375232635953,0.16983999928611646
ALB,201908,0.0,5,0.14114833949600988,0.16681573353830867
ALB,201909,0.0,6,0.11883109726275841,0.12418392677270132
ALB,201910,0.0,7,0.10774654323044013,0.12552974417982762
ALB,201911,0.0,8,0.13486155143151768,0.11220941270343722
ALB,201912,0.0,9,0.1235776911980722,0.11763900135523281
ALB,202001,0.0,10,0.13928170927766423,0.13403808967173164
ALB,202002,0.0,11,0.11902124117728821,0.13622546761209386
ALB,202003,0.0,12,0.12038779226240569,0.13478915159494392
ALB,202004,0.0,13,0.11542612243016165,0.12074177692215655
ALB,202005,0.0,14,0.11604255564218847,0.12508872366627258
ALB,202006,0.0,15,0.10062877135369665,0.11789785706459747
ALB,202007,1.0,16,0.09618731944659348,0.10838140754820591
ALB,202008,1.0,17,0.09592498553163033,0.10657562388720784
ALB,202009,1.0,18,0.09200749199421346,0.10911312599141432
ALB,202010,,0,0.1274124040575781,0.15793426081528397
ALB,202011,,1,0.23542164229491316,0.27474101794760014
ALB,202012,,2,0.20780558517461234,0.2328973094947492
ARE,201901,0.0,49,0.08741253283677818,0.08809014346816031
ARE,201902,0.0,50,0.09317143591062087,0.08684775259349387
ARE,201903,0.0,51,0.09543881788009616,0.08905598373525918
ARE,201904,0.0,52,0.0890825226057029,0.09290594724692486
ARE,201905,0.0,53,0.09117149726428603,0.08839517929106638
ARE,201906,0.0,54,0.08335403386845795,0.09065252231870216
ARE,201907,0.0,55,0.08852249764680574,0.09168438195127143
ARE,201908,0.0,56,0.08461201958266037,0.08416135903216448
ARE,201909,0.0,57,0.08895255201540535,0.08781036396893435
ARE,201910,0.0,58,0.08137777059115577,0.09154691913707459
ARE,201911,0.0,59,0.08162015037464843,0.0884721710033482
ARE,201912,0.0,60,0.08020019370826542,0.08165879482461903
ARE,202001,0.0,61,0.08306003911396492,0.08855513500044991
ARE,202002,0.0,62,0.08568575179203161,0.09729150338480447
ARE,202003,0.0,63,0.08012383592118785,0.09347625389005602
ARE,202004,0.0,64,0.08139991271450463,0.08638123973929264
ARE,202005,0.0,65,0.08118044967994387,0.08785185961243623
ARE,202006,0.0,66,0.08029375946672591,0.08409337477244849
ARE,202007,0.0,67,0.07662048271580818,0.0891812013138181
ARE,202008,0.0,68,0.08471504610204363,0.08246145642355282
ARE,202009,0.0,69,0.09261982492216442,0.08067109669055503
ARE,202010,,70,0.08889274371515574,0.08207470708305785
ARE,202011,,71,0.08988335643139272,0.08189223385370706
ARE,202012,,72,0.09425423145928966,0.08196708340446206
ARG,201901,0.0,2,0.45319662012096323,0.48929800305724713
ARG,201902,0.0,3,0.4453371499118237,0.48841873337753805
ARG,201903,0.0,4,0.38387769773193786,0.368189782054656
ARG,201904,0.0,5,0.35518543688671955,0.3543823840562081
ARG,201905,0.0,6,0.36827930208929865,0.3649892410033971
ARG,201906,0.0,7,0.36237407204419275,0.34940032037628965
ARG,201907,0.0,8,0.36172990858214726,0.3338320696774423
ARG,201908,0.0,9,0.30067045825339206,0.2898775698333404
ARG,201909,0.0,10,0.2908500072117278,0.2867578239244638
ARG,201910,0.0,11,0.29444888688086396,0.28732573654473326
ARG,201911,0.0,12,0.29174393290516937,0.28436253075000795
ARG,201912,0.0,13,0.23876862571432614,0.25881533774990456
ARG,202001,0.0,14,0.24513589622762452,0.27412075546781006
ARG,202002,0.0,15,0.24238655338628187,0.2647633761628865
ARG,202003,0.0,16,0.2283929564758255,0.25421129322015945
ARG,202004,0.0,17,0.22676003455596,0.24362699522084086
ARG,202005,0.0,18,0.21175806598501568,0.24704779400047883
ARG,202006,1.0,19,0.22348338079194485,0.2392385100348832
ARG,202007,1.0,20,0.21689461621318432,0.24053570848614844
ARG,202008,1.0,21,0.2003411173049183,0.23625683374338036
ARG,202009,,0,0.22430952994358835,0.2498995348293282
ARG,202010,,1,0.3892145574426933,0.47851874424782137
ARG,202011,,0,0.40147181935100046,0.41870105792898415
ARG,202012,,0,0.47856045851306317,0.48857416824932637
ARM,201901,0.0,3,0.23201679487920132,0.24502476435292056
ARM,201902,0.0,4,0.17210887275152,0.17310939109797205
ARM,201903,0.0,5,0.16413715867119386,0.16390991784652365
ARM,201904,0.0,6,0.18023617013411408,0.15893731664904912
ARM,201905,0.0,7,0.17602628264920955,0.15506819243148168
ARM,201906,0.0,8,0.1461737907609948,0.15998611377265448
ARM,201907,0.0,9,0.11981435698495634,0.11941354957882781
ARM,201908,0.0,10,0.1257181278372971,0.12211761881831709
ARM,201909,0.0,11,0.12580165946518032,0.11666594400873583
ARM,201910,0.0,12,0.143856857141727,0.17436470413821412
ARM,201911,0.0,13,0.10631540335605014,0.10821854504872178
ARM,201912,0.0,14,0.10386628345233823,0.10110863117619788
ARM,202001,0.0,15,0.10313228310715551,0.11785678693657493
ARM,202002,0.0,16,0.10545722282845262,0.11483105807218416
ARM,202003,0.0,17,0.1030885459236463,0.11002109023978647
ARM,202004,0.0,18,0.10012875499164962,0.10696007004975
ARM,202005,0.0,19,0.09537041830427344,0.10545909453829529
ARM,202006,0.0,20,0.096123232572323,0.10596005554488092
ARM,202007,0.0,21,0.12428917120439628,0.10326418951935343
ARM,202008,0.0,22,0.1262831794629005,0.10344149681355652
ARM,202009,0.0,23,0.1621624947653705,0.16331458915778096
ARM,202010,,24,0.1753463727257093,0.15257076090096486
ARM,202011,,25,0.18426256332244098,0.15915382013512117
ARM,202012,,26,0.13828693995026825,0.10283086036710858
AUS,201901,0.0,2,0.5084970155237236,0.5041658553586484
AUS,201902,1.0,3,0.5389547653855693,0.48469483414432263
AUS,201903,1.0,4,0.3705593423072749,0.37226357703725876
AUS,201904,1.0,5,0.3438343596311919,0.3634933643508594
AUS,201905,,0,0.3767677358163011,0.3764051760461304
AUS,201906,,0,0.45662746943948357,0.4475189830895634
AUS,201907,0.0,1,0.5308621383652166,0.5195182469200726
AUS,201908,0.0,2,0.49247413964809994,0.5045976057031935
AUS,201909,0.0,3,0.5101039075164047,0.47541436796241215
AUS,201910,0.0,4,0.32557437823339264,0.33138324878108016
AUS,201911,0.0,5,0.30098780499795214,0.3160701839630502
AUS,201912,1.0,6,0.24141166503641512,0.25031468127182316
AUS,202001,1.0,7,0.22800659589067798,0.2533377013353799
AUS,202002,1.0,8,0.22364990629685536,0.2467299888905476
AUS,202003,,0,0.27253002890455325,0.28724732873360137
AUS,202004,1.0,1,0.3776596382233774,0.37135632363593296
AUS,202005,,0,0.36984484031863957,0.3715009066404942
AUS,202006,1.0,1,0.35761388593012255,0.3692654299903868
AUS,202007,1.0,2,0.3068171414635999,0.2989258970988404
AUS,202008,,0,0.28687068141176825,0.30451672659143736
AUS,202009,0.0,1,0.3703640802401692,0.3908766309993989
AUS,202010,,2,0.3615178290207944,0.3599020878831671
AUS,202011,,3,0.3796825562598696,0.35895126171084274
AUS,202012,,4,0.3258277793989714,0.3209373460437214
AUT,201901,0.0,10,0.20606407997318338,0.21838105400402236
AUT,201902,0.0,11,0.20378416923272927,0.20422626466307062
AUT,201903,0.0,12,0.2188872588103812,0.21052591238419363
AUT,201904,0.0,13,0.18474696107120578,0.18751168847643718
AUT,201905,0.0,14,0.1872043922472785,0.19082739092530004
AUT,201906,0.0,15,0.1797863367957767,0.18733916152254199
AUT,201907,0.0,16,0.16397540630699559,0.15846060015060778
AUT,201908,0.0,17,0.15767234691685028,0.16546727149611576
AUT,201909,0.0,18,0.13722292060453922,0.13568930918682437
AUT,201910,0.0,19,0.13756255698406775,0.14141463410103258
AUT,201911,0.0,20,0.13935266933771773,0.1397977406618922
AUT,201912,0.0,21,0.11603899009500372,0.10626699546482765
AUT,202001,0.0,22,0.12597512806453204,0.10928049557639126
AUT,202002,0.0,23,0.1310545395065057,0.1091417334984268
AUT,202003,0.0,24,0.12162358895445527,0.11353770879115128
AUT,202004,0.0,25,0.11669156622289062,0.10662524179199932
AUT,202005,1.0,26,0.11510923730373135,0.10941277173775253
AUT,202006,1.0,27,0.10812334934935293,0.09941072429345132
AUT,202007,1.0,28,0.10958385503204932,0.0939569296957004
AUT,202008,,0,0.15426678473417707,0.16187529521694535
AUT,202009,1.0,1,0.2516607978455178,0.2564204270796389
AUT,202010,,2,0.23298131862246987,0.22742495815426306
AUT,202011,,0,0.33408779677078426,0.3092186596957879
AUT,202012,,1,0.3946788721518506,0.3919306287363911
AZE,201901,0.0,6,0.18658873882802623,0.21449698816563462
AZE,201902,0.0,7,0.1707598556853517,0.20452358857022804
AZE,201903,0.0,8,0.21261871790359396,0.24070588547603916
AZE,201904,0.0,9,0.19110106142721256,0.23775550194781023
AZE,201905,0.0,10,0.2064487287811938,0.23623150260721426
AZE,201906,0.0,11,0.1888791401325878,0.21580039674006327
AZE,201907,0.0,12,0.1705642866484382,0.21331706152911425
AZE,201908,0.0,13,0.12493978589317262,0.16299061574230447
AZE,201909,0.0,14,0.1582582033290374,0.1810856335136795
AZE,201910,0.0,15,0.1637074991750561,0.19715269902942456
AZE,201911,0.0,16,0.10901579778364882,0.1375279018074754
AZE,201912,0.0,17,0.11227514733714491,0.125549182565418
AZE,202001,0.0,18,0.13255769079304813,0.16719446985571998
AZE,202002,0.0,19,0.1344671455453042,0.16836535422794113
AZE,202003,0.0,20,0.12254095050025086,0.1673634594119001
AZE,202004,0.0,21,0.0955892094983796,0.10831158798787589
AZE,202005,0.0,22,0.09234081090881435,0.10583747489987104
AZE,202006,0.0,23,0.08813237137257834,0.10414716724911419
AZE,202007,0.0,24,0.14968311889951968,0.16608037918140997
AZE,202008,0.0,25,0.12155613623891715,0.10342993645116089
AZE,202009,0.0,26,0.15643268303340993,0.16313628884074824
AZE,202010,,27,0.16280097943195673,0.14648344894686272
AZE,202011,,28,0.17065971307030378,0.15601690923069825
AZE,202012,,29,0.16994714032018354,0.15346382221555316
BDI,201901,,0,0.5985139001164426,0.5572510379897969
BDI,201902,0.0,1,0.7431252798432753,0.7150495801155098
BDI,201903,0.0,2,0.7124150598214141,0.6702367834778067
BDI,201904,0.0,3,0.7130662866735276,0.6428035597599923
BDI,201905,0.0,4,0.5681045232271021,0.5309742461486683
BDI,201906,1.0,5,0.5015576806223974,0.4206753388310148
BDI,201907,1.0,6,0.38733302250297535,0.34443076719883364
BDI,201908,1.0,7,0.40293833532050777,0.3506432034326438
BDI,201909,,0,0.42625238022261974,0.42117188556553614
BDI,201910,,0,0.6380740065968282,0.6038007719100922
BDI,201911,,0,0.6849199918492123,0.6622964398058464
BDI,201912,1.0,1,0.6913269177891695,0.6664689819094783
BDI,202001,1.0,2,0.6523885967705354,0.6372464524540635
BDI,202002,1.0,3,0.6265778864666904,0.6285571903425572
BDI,202003,,0,0.5289426034418787,0.4984709770496394
BDI,202004,1.0,1,0.6860703917897532,0.667460353527326
BDI,202005,,0,0.63372994845631,0.6376842839061049
BDI,202006,1.0,1,0.714566367282069,0.6950535669330425
BDI,202007,1.0,2,0.6491331445631551,0.640938546534613
BDI,202008,,0,0.66392666094628,0.6497811505203086
BDI,202009,,0,0.6964178559814529,0.6819512463263085
BDI,202010,,1,0.731430419678939,0.73212440363722
BDI,202011,,2,0.6857278632419888,0.707298769448384
BDI,202012,,3,0.6840000715459673,0.6914011377573268
BEL,201901,0.0,6,0.29127907995668284,0.26784733275159917
BEL,201902,0.0,7,0.27247016530703294,0.26155300156270195
BEL,201903,0.0,8,0.2970614386341891,0.2526883632231481
BEL,201904,0.0,9,0.25067345177605743,0.22225819107038844
BEL,201905,0.0,10,0.25020906623800543,0.23506554830917284
BEL,201906,0.0,11,0.22354587017269206,0.21418012105514683
BEL,201907,0.0,12,0.20275393470029343,0.19102835381956418
BEL,201908,1.0,13,0.21899580388603637,0.18936006219478302
BEL,201909,1.0,14,0.19094509172565086,0.182993501566874
BEL,201910,1.0,15,0.1851137741265718,0.16773943814098385
BEL,201911,,0,0.2079763287111825,0.2044521064176792
BEL,201912,0.0,1,0.2823198576402441,0.2779727835025044
BEL,202001,1.0,2,0.2755226954296433,0.27419968832873554
BEL,202002,1.0,3,0.27870278791080183,0.2702599480640926
BEL,202003,1.0,4,0.23277553733915904,0.24673782863047045
BEL,202004,,0,0.24248002597028942,0.24192395636693334
BEL,202005,1.0,1,0.3343258109585423,0.33416055165891095
BEL,202006,1.0,2,0.30369104909840416,0.30791706872321273
BEL,202007,,0,0.2928680328591727,0.3003098629625539
BEL,202008,1.0,1,0.3500156904570808,0.3820796668988212
BEL,202009,,0,0.3541110879720779,0.36624633850068733
BEL,202010,,1,0.44545346924923457,0.46110548757856984
BEL,202011,,2,0.4327149962129942,0.43214983746574887
BEL,202012,,3,0.3602066341915864,0.37576416743578867
BFA,201901,,0,0.8076976672307193,0.8018039156117368
BFA,201902,,0,0.7768848404711833,0.7937273343719008
BFA,201903,,0,0.7925563697432336,0.7961201104372515
BFA,201904,,0,0.7764374317089958,0.8021704850209348
BFA,201905,,0,0.7832260323005701,0.7983678951006169
BFA,201906,,0,0.7894602610709047,0.7907778513102787
BFA,201907,,0,0.8211747828262177,0.8027091547554046
BFA,201908,,0,0.7931403561912995,0.8080585981885694
BFA,201909,,0,0.7820851841157571,0.8008850327913126
BFA,201910,,0,0.804973679437347,0.7920920981507956
BFA,201911,,0,0.805840660469838,0.7866428788487864
BFA,201912,,0,0.8172870119763254,0.8009816039520834
BFA,202001,,0,0.793765345274781,0.7812546208961796
BFA,202002,,0,0.8167142041666691,0.781050191066485
BFA,202003,,0,0.7969133838910304,0.796413495687446
BFA,202004,,0,0.810274259640963,0.7745774893985891
BFA,202005,,0,0.8079792058556944,0.7807287273582962
BFA,202006,,0,0.8140108865301693,0.7827788031670466
BFA,202007,,0,0.8199704364243704,0.7899711484045906
BFA,202008,,0,0.8136758299211024,0.7905841107467276
BFA,202009,,0,0.8280271646674353,0.7717934549457705
BFA,202010,,0,0.8210267905374221,0.79388816210337
BFA,202011,,0,0.8125517558233553,0.7971367099867068
BFA,202012,,0,0.8048345384762091,0.7983462804722202
BGD,201901,1.0,1,0.779192332728163,0.7804896657730511
BGD,201902,,0,0.697992656291377,0.7262737220796083
BGD,201903,,0,0.75043831326059,0.774512173575157
BGD,201904,,0,0.7747775466970437,0.8134785742491983
BGD,201905,,0,0.7302939442042177,0.7795488467396464
BGD,201906,1.0,1,0.7690019096361196,0.7781726301075532
BGD,201907,,0,0.7019743173884051,0.7329793063317176
BGD,201908,,0,0.772084693597,0.7852541576010921
BGD,201909,,0,0.7221400808964639,0.7662595576621871
BGD,201910,,0,0.7359264042566582,0.7709311699005067
BGD,201911,1.0,1,0.7693729034464879,0.7990347932316301
BGD,201912,,0,0.6963010245560093,0.7113883652689812
BGD,202001,,0,0.7655927615999775,0.7778542972478202
BGD,202002,,0,0.7495652528470429,0.7762493133416197
BGD,202003,1.0,1,0.7349318624273832,0.8078601807731866
BGD,202004,1.0,2,0.6978604985101967,0.7599693949422719
BGD,202005,,0,0.6853888834455204,0.6896661897856257
BGD,202006,1.0,1,0.6802930386768453,0.6977341634743364
BGD,202007,,0,0.7075976589327837,0.714057924945685
BGD,202008,,0,0.7320677642082292,0.766487047792392
BGD,202009,1.0,1,0.7537291973021807,0.7672683124939463
BGD,202010,,2,0.7273174727379913,0.7652551031487647
BGD,202011,,0,0.6509935673960696,0.6603870957161129
BGD,202012,,1,0.760845523063361,0.8263057568181434
BGR,201901,0.0,8,0.1087227909820564,0.11557990847522685
BGR,201902,0.0,9,0.1020849443187899,0.11659015254284516
BGR,201903,0.0,10,0.11048778314847581,0.12256416651466527
BGR,201904,0.0,11,0.11071686007164624,0.11771629463958594
BGR,201905,0.0,12,0.1074981351928535,0.113407203533506
BGR,201906,0.0,13,0.10107007382314415,0.11115929782748463
BGR,201907,0.0,14,0.09547652403494623,0.10320034423087616
BGR,201908,0.0,15,0.09466267394861992,0.10257172769556776
BGR,201909,0.0,16,0.08895209172498278,0.0961001038512791
BGR,201910,0.0,17,0.08861390367795285,0.09551101987799665
BGR,201911,0.0,18,0.08371295593084704,0.08524643744616363
BGR,201912,0.0,19,0.08240041675968576,0.08445091659116134
BGR,202001,0.0,20,0.09510278927989795,0.10296020256567552
BGR,202002,0.0,21,0.08798687918923748,0.10437445280880916
BGR,202003,0.0,22,0.08644577872224948,0.10159405358260047
BGR,202004,1.0,23,0.08944207790369851,0.10310323471121537
BGR,202005,1.0,24,0.08977585457463282,0.10602597961179283
BGR,202006,1.0,25,0.0860481210332697,0.1028350561806237
BGR,202007,,0,0.12614186749706166,0.14713767882826698
BGR,202008,0.0,1,0.22973194884969833,0.2549775236606132
BGR,202009,0.0,2,0.19124323407782653,0.22017860167299344
BGR,202010,,3,0.18668339012783894,0.21863853495931618
BGR,202011,,4,0.12789207483570655,0.15617244965253735
BGR,202012,,5,0.12059441761916163,0.14568421150333838
BHR,201901,0.0,10,0.30197805226007357,0.28098267250354597
BHR,201902,0.0,11,0.3211073058013211,0.27391196604819507
BHR,201903,0.0,12,0.3210194686796976,0.276679406443624
BHR,201904,0.0,13,0.3085325814308254,0.2807303759470965
BHR,201905,0.0,14,0.3095377142903365,0.2722928773012238
BHR,201906,0.0,15,0.3104531067367056,0.255069686036321
BHR,201907,0.0,16,0.29794128770911366,0.23768220860928144
BHR,201908,0.0,17,0.2782105798812768,0.23112231062529265
BHR,201909,0.0,18,0.27438801428809745,0.23847408792034613
BHR,201910,0.0,19,0.2682245104918239,0.2327692266856802
BHR,201911,0.0,20,0.26885717342955856,0.21713928370138869
BHR,201912,0.0,21,0.25809770235778534,0.23131288862726618
BHR,202001,0.0,22,0.26301137242111045,0.246632972749841
BHR,202002,0.0,23,0.27533748527350516,0.25482304209392637
BHR,202003,0.0,24,0.15915009846162087,0.19664411349368116
BHR,202004,0.0,25,0.17706022850466016,0.17546703496504676
BHR,202005,0.0,26,0.1565144062508536,0.18022455622614886
BHR,202006,0.0,27,0.1628265719766191,0.16559080471959398
BHR,202007,0.0,28,0.1670908229630223,0.1680192900981571
BHR,202008,0.0,29,0.1491450402735808,0.1594025509670539
BHR,202009,0.0,30,0.16543467573742285,0.15289000662497668
BHR,202010,,31,0.17279745025061855,0.15242346990760527
BHR,202011,,32,0.10320209843790426,0.11035770091658759
BHR,202012,,33,0.1058243746474463,0.0843950643033563
BIH,201901,0.0,4,0.178114349158989,0.18942718898809624
BIH,201902,0.0,5,0.1506870212349941,0.16841329889342288
BIH,201903,0.0,6,0.17202076170581163,0.1650015753408814
BIH,201904,0.0,7,0.15055005053718,0.15416933510737738
BIH,201905,0.0,8,0.14797212459790413,0.15847578395306314
BIH,201906,0.0,9,0.13368233663761936,0.14689304976954623
BIH,201907,0.0,10,0.13309050079127857,0.14090865667590577
BIH,201908,0.0,11,0.14451415012412736,0.14357433589414434
BIH,201909,0.0,12,0.1152220195723783,0.11973686588600792
BIH,201910,0.0,13,0.10690624974856887,0.11443825180037676
BIH,201911,0.0,14,0.10564799478935505,0.10962167354523453
BIH,201912,0.0,15,0.10573277154841065,0.10839368140460509
BIH,202001,0.0,16,0.11383263743352519,0.11463733272135704
BIH,202002,0.0,17,0.1176455124730492,0.1085783092296473
BIH,202003,0.0,18,0.10565401542494547,0.10635200488970047
BIH,202004,0.0,19,0.10139257809618338,0.10785463449998922
BIH,202005,0.0,20,0.1056788142048991,0.10889195180500968
BIH,202006,0.0,21,0.09709936881075387,0.10516818441615433
BIH,202007,0.0,22,0.10349170513130215,0.10828419961909688
BIH,202008,0.0,23,0.09815593922377812,0.10349095956588612
BIH,202009,0.0,24,0.09575397221633918,0.10769002877791507
BIH,202010,,25,0.09765394181616845,0.10191803439975695
BIH,202011,,26,0.09750066519417398,0.10519569971351098
BIH,202012,,27,0.0935601676376619,0.10473872801973289
BLR,201901,0.0,74,0.09388924789554193,0.09683769104281498
BLR,201902,0.0,75,0.09534296198963566,0.0928690494950855
BLR,201903,0.0,76,0.08619626175261011,0.09763131948111971
BLR,201904,0.0,77,0.09391457533058356,0.09539256512857504
BLR,201905,0.0,78,0.08571571030367357,0.09510436879545477
BLR,201906,0.0,79,0.09550622963248498,0.09388263645211485
BLR,201907,0.0,80,0.08660668423855836,0.0966158057800047
BLR,201908,0.0,81,0.08687915846978127,0.09455849979547613
BLR,201909,0.0,82,0.09098277296624038,0.09997609071149594
BLR,201910,0.0,83,0.09488545146559392,0.09772705948859187
BLR,201911,0.0,84,0.09715511180340446,0.09728700124475763
BLR,201912,0.0,85,0.09822909219849692,0.09325598429705398
BLR,202001,0.0,86,0.09438320177881014,0.09228776954438059
BLR,202002,0.0,87,0.1012147590035515,0.09504958120839496
BLR,202003,0.0,88,0.09386359829350445,0.09437566760156567
BLR,202004,0.0,89,0.10050762822792221,0.08995647687465837
BLR,202005,0.0,90,0.09415325251030046,0.08598699123107684
BLR,202006,0.0,91,0.0969348373009661,0.09135738429962505
BLR,202007,1.0,92,0.10030975062552006,0.09091556279767517
BLR,202008,1.0,93,0.1009939823437045,0.09004800242585546
BLR,202009,1.0,94,0.10625068245895582,0.0909941846275167
BLR,202010,,0,0.1482267138889397,0.14957212273648443
BLR,202011,,1,0.26642015866253854,0.30222177049525867
BLR,202012,,2,0.23152545423139828,0.2471365269577241
BOL,201901,0.0,11,0.16003914953979845,0.14905219247842816
BOL,201902,0.0,12,0.14329938967678524,0.14454640800669033
BOL,201903,0.0,13,0.1120347682121867,0.12186289123475644
BOL,201904,0.0,14,0.11375786043649408,0.12044181902908221
BOL,201905,0.0,15,0.10817071292417181,0.11722487232705596
BOL,201906,0.0,16,0.10991720702588018,0.10617701821500708
BOL,201907,1.0,17,0.09739141624990187,0.10443428416145208
BOL,201908,1.0,18,0.10285072978075543,0.10936665080008023
BOL,201909,1.0,19,0.10488138035842808,0.1079295177572898
BOL,201910,,0,0.14796594238532568,0.15718979869538252
BOL,201911,0.0,1,0.2967534788790242,0.2690251565509208
BOL,201912,0.0,2,0.2563671982373382,0.2383287715283916
BOL,202001,0.0,3,0.25352414372539817,0.25798511145168546
BOL,202002,0.0,4,0.1704031317852588,0.19122070480430914
BOL,202003,1.0,5,0.1675046837559985,0.16694355025990215
BOL,202004,1.0,6,0.15301871697597563,0.1723350658339359
BOL,202005,1.0,7,0.16724345943749205,0.16929428711641076
BOL,202006,,0,0.191886165670245,0.20013296022955857
BOL,202007,0.0,1,0.6137591534757335,0.6285335076266481
BOL,202008,0.0,2,0.5929800671482581,0.60217520001062
BOL,202009,0.0,3,0.5282421350915195,0.5567246532586837
BOL,202010,,4,0.4292373177602345,0.43878615501955465
BOL,202011,,5,0.38025901801945616,0.3854577542667129
BOL,202012,,6,0.40106998185724796,0.38253626871296603
BRA,201901,0.0,1,0.6697280717999701,0.7063226154744444
BRA,201902,0.0,2,0.6649809123278311,0.6624956428842063
BRA,201903,0.0,3,0.6447982149854949,0.6570645054830017
BRA,201904,0.0,4,0.5401887532670888,0.520732343541533
BRA,201905,0.0,5,0.5211400058688891,0.4670228528958441
BRA,201906,0.0,6,0.3907074345155048,0.3597642003928956
BRA,201907,0.0,7,0.4017557875827758,0.35850362343686126
BRA,201908,0.0,8,0.4049620152659187,0.3680132537269872
BRA,201909,1.0,9,0.3626437611494787,0.3247146948481056
BRA,201910,1.0,10,0.3471137591840458,0.3224139956919821
BRA,201911,1.0,11,0.32331030971909563,0.3200330879528689
BRA,201912,,0,0.307942534554652,0.3343268873681707
BRA,202001,1.0,1,0.5090378634614494,0.5053700220020438
BRA,202002,,0,0.49932529690024036,0.5074584660436566
BRA,202003,1.0,1,0.580326582553319,0.6027097477203153
BRA,202004,,0,0.5526673538768844,0.568167730026544
BRA,202005,,0,0.6169383298413541,0.6241242972317937
BRA,202006,,0,0.6353477222302024,0.6464181969715663
BRA,202007,1.0,1,0.6335414960649884,0.6708681425976234
BRA,202008,1.0,2,0.6191153693663585,0.6298433428200793
BRA,202009,1.0,3,0.6004669065540436,0.623031846645938
BRA,202010,,0,0.5357857342727448,0.5173201416975773
BRA,202011,,0,0.620101799922853,0.660072266084426
BRA,202012,,1,0.6514019920785732,0.681419713157514
BWA,201901,0.0,109,0.08680642887804182,0.10081741739557218
BWA,201902,0.0,110,0.09187658905634835,0.09669664136037243
BWA,201903,0.0,111,0.08737614988555625,0.09806604295437965
BWA,201904,0.0,112,0.08701480303638051,0.09876827433828864
BWA,201905,0.0,113,0.08425539131227769,0.10120975668699052
BWA,201906,0.0,114,0.09537228159468437,0.09575993539450814
BWA,201907,0.0,115,0.09560676350241738,0.09873662824742022
BWA,201908,0.0,116,0.09341450493093245,0.09591561192073646
BWA,201909,0.0,117,0.09861138166049419,0.09894446749836623
BWA,201910,0.0,118,0.10533674102321618,0.09967285752136325
BWA,201911,0.0,119,0.1007319215949104,0.09817516180036084
BWA,201912,0.0,120,0.10505081013455882,0.09423593717071349
BWA,202001,0.0,121,0.09542594470895717,0.0970812846791374
BWA,202002,0.0,122,0.09392741969778191,0.10568886634344685
BWA,202003,0.0,123,0.08717700638842774,0.103479209348173
BWA,202004,0.0,124,0.09667641599399804,0.09616860966645882
BWA,202005,0.0,125,0.09205289349593515,0.10347677948359502
BWA,202006,0.0,126,0.09215913792483342,0.0981966706133112
BWA,202007,0.0,127,0.09070491830464932,0.09813369849897204
BWA,202008,0.0,128,0.09257724671237728,0.0981964200944524
BWA,202009,0.0,129,0.09439215017272819,0.09502139617547493
BWA,202010,,130,0.09128649001596081,0.09448016272599574
BWA,202011,,131,0.08573575837262974,0.09301227573988623
BWA,202012,,132,0.08801719044253123,0.09221194208927638
CAF,201901,,0,0.7746040988602797,0.7811501204844659
CAF,201902,1.0,1,0.7889428679222054,0.7991404337305038
CAF,201903,,0,0.7615950162852364,0.7682855234289157
CAF,201904,,0,0.8092557542363644,0.7833045682773586
CAF,201905,,0,0.7959111567557973,0.8005360946985113
CAF,201906,0.0,1,0.8050797858614114,0.8032400507029723
CAF,201907,0.0,2,0.7714787840411588,0.7584286962973156
CAF,201908,0.0,3,0.7505604494132767,0.7526315623874003
CAF,201909,0.0,4,0.5852665400204399,0.5578617907043442
CAF,201910,0.0,5,0.5400700544598684,0.5250273494534512
CAF,201911,1.0,6,0.575939976657613,0.48157651182135175
CAF,201912,1.0,7,0.5350093350806359,0.4863816403726038
CAF,202001,1.0,8,0.5131079536814915,0.4784015047981027
CAF,202002,,0,0.5888115445654659,0.5657616411041545
CAF,202003,,0,0.7483039890755532,0.7259343988036481
CAF,202004,1.0,1,0.803815440638147,0.7658201303579812
CAF,202005,,0,0.7309953756492432,0.7179409303671974
CAF,202006,,0,0.7278223141948412,0.7262381064000688
CAF,202007,,0,0.7662056861503241,0.7461742453969934
CAF,202008,,0,0.7592001398423754,0.7512021231589404
CAF,202009,,0,0.7675722635562623,0.7477357807071822
CAF,202010,,0,0.7767058017026932,0.7515843315694037
CAF,202011,,1,0.7926248328414137,0.7932320269492587
CAF,202012,,0,0.7653163816794671,0.7427707001766776
CAN,201901,1.0,3,0.5603300922110572,0.5792896597728331
CAN,201902,1.0,4,0.5025096532538695,0.46258665581644287
CAN,201903,,0,0.5071965972618885,0.5015528005058552
CAN,201904,,0,0.5833402819896767,0.5928803638837823
CAN,201905,,0,0.6146735245725763,0.6083275786452941
CAN,201906,,0,0.6046413568183924,0.6308061357900744
CAN,201907,1.0,1,0.5976960917492832,0.6304935657698275
CAN,201908,1.0,2,0.5671443721162646,0.5866577085827286
CAN,201909,1.0,3,0.5557004946452214,0.5573700586333553
CAN,201910,,0,0.5104286938042594,0.5152700625765742
CAN,201911,1.0,1,0.5916021533882564,0.5999758777551336
CAN,201912,1.0,2,0.5744120604886263,0.5758698198207095
CAN,202001,1.0,3,0.5753635188846427,0.5658525306217895
CAN,202002,,0,0.5023149989223978,0.4774880914510878
CAN,202003,1.0,1,0.6070500756533423,0.6157442541447129
CAN,202004,1.0,2,0.5749751348887834,0.5737736345182873
CAN,202005,,0,0.5907059531331008,0.5786473719334542
CAN,202006,1.0,1,0.6676835038079377,0.6969775463701251
CAN,202007,,0,0.6375533796447617,0.6402790986181808
CAN,202008,,0,0.6840882616484847,0.7090811813913355
CAN,202009,,0,0.6683668349446757,0.6764293298851725
CAN,202010,,1,0.6638325187951024,0.6909040396416488
CAN,202011,,2,0.6283765583096202,0.6221662516804698
CAN,202012,,3,0.6257079170447767,0.5972317894835812
CHE,201901,1.0,12,0.14677213289261673,0.16136146836483264
CHE,201902,1.0,13,0.1277225472208782,0.14545853408845186
CHE,201903,1.0,14,0.12589081980158015,0.14443940343110567
CHE,201904,,0,0.17397787509950555,0.19085255095817505
CHE,201905,0.0,1,0.29908141132939925,0.3062823311906987
CHE,201906,0.0,2,0.26127926309045685,0.2595910092043634
CHE,201907,0.0,3,0.27893556521783897,0.2624006407316469
CHE,201908,0.0,4,0.20289247495107038,0.20151987175563885
CHE,201909,0.0,5,0.19053466248896636,0.18477732823122475
CHE,201910,0.0,6,0.1908870635957118,0.18856521196122056
CHE,201911,0.0,7,0.1683786705130256,0.15853387553591164
CHE,201912,0.0,8,0.14549475478135826,0.1353661230994759
CHE,202001,0.0,9,0.15311342946759443,0.1459420429964351
CHE,202002,0.0,10,0.14699734361134287,0.14028606090371176
CHE,202003,0.0,11,0.1524923747111347,0.13403275618280236
CHE,202004,0.0,12,0.13248734363911946,0.140040309440412
CHE,202005,0.0,13,0.13430372409382504,0.1351155512749956
CHE,202006,1.0,14,0.11593290879199161,0.1238589874802202
CHE,202007,1.0,15,0.12997170695812119,0.11709609301434137
CHE,202008,1.0,16,0.11774178962244729,0.10530734851397827
CHE,202009,,0,0.16470039399730804,0.16890304433009093
CHE,202010,,1,0.2889837232911638,0.2752996301788003
CHE,202011,,2,0.24392594614085839,0.2506330349556612
CHE,202012,,3,0.2568764265029082,0.26307771181417955
CHL,201901,,0,0.7069829159689557,0.7314152643743747
CHL,201902,,0,0.7332070121574745,0.7544704954842202
CHL,201903,,0,0.7128355280685826,0.75797829336701
CHL,201904,1.0,1,0.7259791931719073,0.7415124864869105
CHL,201905,,0,0.6703859971208123,0.6696627797063169
CHL,201906,,0,0.7161295223479932,0.7246139999573704
CHL,201907,,0,0.7264007225382884,0.7497658929599273
CHL,201908,1.0,1,0.7366596201949873,0.7729831578140386
CHL,201909,,0,0.659308426304587,0.7041954890486966
CHL,201910,,0,0.7445469871418855,0.761045630304841
CHL,201911,,0,0.7541194790356671,0.7625180261691823
CHL,201912,1.0,1,0.7441355816442141,0.7531064029471526
CHL,202001,,0,0.6965111484328647,0.7252923516506817
CHL,202002,,0,0.7358480872376009,0.7374235067928531
CHL,202003,,0,0.7339894399742332,0.7819903642692617
CHL,202004,,0,0.7292011015170936,0.7617663764541337
CHL,202005,,0,0.7609032603095364,0.7625984819647222
CHL,202006,,0,0.7430501865285014,0.7686767121607134
CHL,202007,1.0,1,0.7460175300699394,0.7765005652435697
CHL,202008,,0,0.6781976368536858,0.7139718454602941
CHL,202009,,0,0.7741328088044321,0.772675061195274
CHL,202010,,0,0.7604063184458358,0.7626127491676458
CHL,202011,,0,0.7434064225609306,0.7630289925605299
CHL,202012,,0,0.7396986188405867,0.7453197150942947
CHN,201901,0.0,7,0.2867937355783921,0.29418451931399897
CHN,201902,0.0,8,0.29078671838315684,0.2717840235404038
CHN,201903,0.0,9,0.2863835230666527,0.2957133525129308
CHN,201904,0.0,10,0.2933007092242796,0.28683835259650614
CHN,201905,1.0,11,0.23809484725862887,0.2391081628259211
CHN,201906,1.0,12,0.21728735022107648,0.22582798369223853
CHN,201907,1.0,13,0.2069676341997607,0.21745951522658666
CHN,201908,,0,0.2726674461659034,0.2711008840809507
CHN,201909,,0,0.46832466891931895,0.46534124590419135
CHN,201910,,0,0.6342612703044158,0.6495621651744995
CHN,201911,,0,0.6522073998235979,0.7011038081703816
CHN,201912,,0,0.6724424167541764,0.698627601623503
CHN,202001,,0,0.6729099139591552,0.704603378016714
CHN,202002,,0,0.6853347278377697,0.7072540738088989
CHN,202003,,0,0.6719710636538668,0.7130228927159327
CHN,202004,,0,0.705664932280701,0.7068133092562505
CHN,202005,,0,0.7086659080636046,0.709315682833893
CHN,202006,1.0,1,0.7239095713700953,0.7299709224719119
CHN,202007,,0,0.657758791776867,0.650355806632811
CHN,202008,0.0,1,0.6679358741738123,0.6949944932371841
CHN,202009,1.0,2,0.6590031267375211,0.6567428442823197
CHN,202010,,3,0.6761451596262288,0.6395498672800636
CHN,202011,,4,0.5356600373539354,0.46120238252879026
CHN,202012,,0,0.5329573506986947,0.5041943897009875
CIV,201901,0.0,16,0.19262206926122413,0.1644671244020066
CIV,201902,0.0,17,0.18116829994604391,0.1619608261775547
CIV,201903,0.0,18,0.17933527401624205,0.15923590916065972
CIV,201904,0.0,19,0.16797831134800117,0.1461869187285535
CIV,201905,0.0,20,0.1607494018898823,0.15788283147436305
CIV,201906,0.0,21,0.1503867426145257,0.1497161315926336
CIV,201907,0.0,22,0.15286608542533248,0.13495680635360066
CIV,201908,0.0,23,0.15831410714829683,0.14472357724426557
CIV,201909,0.0,24,0.16247883763352647,0.14268525286477712
CIV,201910,0.0,25,0.1673615489774521,0.13607556341856508
CIV,201911,0.0,26,0.15206843906604153,0.14120016125094814
CIV,201912,0.0,27,0.14756824271131894,0.1395143764093802
CIV,202001,0.0,28,0.16138349399615456,0.16825368992440437
CIV,202002,0.0,29,0.1711636765882415,0.15664591101925665
CIV,202003,0.0,30,0.158465239102118,0.1686035142785973
CIV,202004,0.0,31,0.18406380599594716,0.17096614625333548
CIV,202005,0.0,32,0.16099157439027206,0.1804894437443108
CIV,202006,0.0,33,0.16628566594534072,0.16272093917146113
CIV,202007,0.0,34,0.16300640772159636,0.1754430923230229
CIV,202008,1.0,35,0.15685720890019467,0.14060195006107842
CIV,202009,1.0,36,0.10593734707374908,0.09973721400782778
CIV,202010,,37,0.10810991189052736,0.09286152779525252
CIV,202011,,0,0.22664262581038497,0.20067449600413234
CIV,202012,,1,0.3075442320458917,0.307089513703237
CMR,201901,,0,0.7939492050856717,0.7800160722229452
CMR,201902,,0,0.7942333641376456,0.7859202230109902
CMR,201903,,0,0.79319325617435,0.7934033061669175
CMR,201904,,0,0.8000210047714087,0.790063695004894
CMR,201905,,0,0.7946386529220782,0.7902460354300945
CMR,201906,,0,0.7853709471143047,0.7902952352857971
CMR,201907,,0,0.7933469808751963,0.7935561954114618
CMR,201908,,0,0.8045864030986372,0.8013678011597598
CMR,201909,,0,0.7908311465875179,0.7982465808903615
CMR,201910,,0,0.7816410523139997,0.7777443062605045
CMR,201911,,0,0.8002633990302414,0.7809636790087527
CMR,201912,,0,0.7963632556217468,0.7844567752220521
CMR,202001,,0,0.7690548089573075,0.7775627336360874
CMR,202002,,0,0.8098955174677755,0.784794908116994
CMR,202003,,0,0.7639852570484811,0.7967008133803791
CMR,202004,,0,0.7832778707281527,0.7691463135359303
CMR,202005,,0,0.7573978598938261,0.7801119146681899
CMR,202006,,0,0.7646116460434393,0.7803563835501969
CMR,202007,,0,0.7624622242728265,0.7861048581095982
CMR,202008,,0,0.7579620063155019,0.7872807581191676
CMR,202009,,0,0.7753449171363082,0.7757524340043773
CMR,202010,,0,0.7834392766900412,0.7931782486472113
CMR,202011,,0,0.7831451332523155,0.8041148542421338
CMR,202012,,0,0.7882133598312422,0.803231133634824
COD,201901,,0,0.7936801074238421,0.7888609779619457
COD,201902,,0,0.8067365720168764,0.7870252717454672
COD,201903,,0,0.8063289235291006,0.7986086811851197
COD,201904,,0,0.8197978525565389,0.7929467651119454
COD,201905,,0,0.8048241053881113,0.7980074647221278
COD,201906,,0,0.81436519858581,0.7944599331796007
COD,201907,,0,0.8102398459153978,0.7969781035750231
COD,201908,,0,0.8236995926795747,0.7967407417449566
COD,201909,,0,0.8093078194623105,0.7876570430613705
COD,201910,,0,0.7942282240662187,0.7752578547349519
COD,201911,,0,0.805949250221965,0.7780240996079536
COD,201912,,0,0.8304146339432947,0.7756799562389054
COD,202001,,0,0.7967563634372118,0.7786701306191371
COD,202002,,0,0.8188523175847472,0.7839678484719714
COD,202003,,0,0.7948995718770743,0.7982498666266608
COD,202004,,0,0.804607669567168,0.7723047851235507
COD,202005,,0,0.7999674035883207,0.7783577130439886
COD,202006,,0,0.7945167006808243,0.7783747666823914
COD,202007,,0,0.8056091934879315,0.784845554383072
COD,202008,,0,0.7995873908518369,0.7835089710245857
COD,202009,,0,0.809579770704034,0.7788925374320163
COD,202010,,0,0.7993501210999336,0.7860905804431846
COD,202011,,0,0.8027404954287023,0.7993302974496035
COD,202012,,0,0.812668132068458,0.806227467483856
COG,201901,0.0,27,0.2849586946584324,0.2625977532606193
COG,201902,0.0,28,0.277021475550825,0.24576210849644403
COG,201903,0.0,29,0.28706579421551537,0.2512929710993514
COG,201904,0.0,30,0.2890364605082398,0.2556348547960171
COG,201905,0.0,31,0.16390065340635257,0.1367181083231127
COG,201906,0.0,32,0.1400188811831952,0.14074226514536348
COG,201907,0.0,33,0.13270458869086363,0.13757711322665866
COG,201908,0.0,34,0.14577600096317017,0.1360569766142803
COG,201909,0.0,35,0.13174308702689744,0.130364827438329
COG,201910,0.0,36,0.10566908506878288,0.10038962305032934
COG,201911,0.0,37,0.10112522211665707,0.10148458726438568
COG,201912,0.0,38,0.0921784176338857,0.09653760274745479
COG,202001,0.0,39,0.10202470158183508,0.10383420618777249
COG,202002,0.0,40,0.10357863074659387,0.1083351681459796
COG,202003,0.0,41,0.08883575040217118,0.1091650603258645
COG,202004,0.0,42,0.09366354829273348,0.10307836290028749
COG,202005,0.0,43,0.09538423063723679,0.10870648019805935
COG,202006,0.0,44,0.09231288150232234,0.10122229703753616
COG,202007,0.0,45,0.09065844051161864,0.10122077885171138
COG,202008,0.0,46,0.09201631245269802,0.09630651723598455
COG,202009,0.0,47,0.09077598900918142,0.09820627090640176
COG,202010,,48,0.08979204443929176,0.09800191894098619
COG,202011,,49,0.08546729280586125,0.09930862895601048
COG,202012,,50,0.0881479320009738,0.09406566285069977
COL,201901,,0,0.7804327079218198,0.8133660018732772
COL,201902,,0,0.7715172533564504,0.8110548554533874
COL,201903,,0,0.7875010007340603,0.8111213682311131
COL,201904,,0,0.785937235292011,0.8097029459405786
COL,201905,,0,0.7769040194934143,0.8156958578334268
COL,201906,,0,0.7840493693698227,0.8134174714511352
COL,201907,,0,0.7950750637230086,0.8185217974734167
COL,201908,,0,0.7892065962903331,0.8204940501435553
COL,201909,,0,0.7904648642265635,0.8084958051316466
COL,201910,,0,0.7864769612486087,0.7998528856483952
COL,201911,,0,0.7961621182433692,0.8120609078784996
COL,201912,,0,0.8132961284090459,0.8150351883929193
COL,202001,,0,0.7875324993846788,0.7843992879427765
COL,202002,,0,0.8100130288416364,0.7936361850410242
COL,202003,,0,0.784395249475503,0.8004038717819825
COL,202004,,0,0.7716498550634556,0.7834585947746657
COL,202005,,0,0.7755210137461144,0.7826124977417698
COL,202006,,0,0.784195287875316,0.7986774659996516
COL,202007,,0,0.7760201391317735,0.8048232854147086
COL,202008,,0,0.7962512910601535,0.7867352995706688
COL,202009,,0,0.7989964622949831,0.7907373180683188
COL,202010,,0,0.7833721614128347,0.7794750800442329
COL,202011,,0,0.7829791533795355,0.800659215461077
COL,202012,,0,0.7772026902083802,0.7999594898364564
COM,201901,0.0,6,0.18210042717156866,0.1615495554843114
COM,201902,0.0,7,0.14942006538767857,0.14684724014901124
COM,201903,0.0,8,0.16291273863842629,0.14645129859169706
COM,201904,0.0,9,0.148915473687264,0.1416138473846936
COM,201905,0.0,10,0.14168534374410505,0.1458157399765202
COM,201906,0.0,11,0.13320553187728146,0.13464239069517633
COM,201907,0.0,12,0.125265856327803,0.142130323890597
COM,201908,0.0,13,0.10921016041346335,0.12357991305647077
COM,201909,0.0,14,0.10746305233711777,0.12409539042938318
COM,201910,0.0,15,0.10835626554261778,0.12125598781594416
COM,201911,0.0,16,0.09698431722285678,0.11102008081703586
COM,201912,0.0,17,0.09977529890920231,0.10556961952213242
COM,202001,0.0,18,0.10081092168179477,0.1102658334330507
COM,202002,0.0,19,0.09727495282245503,0.10816013940609755
COM,202003,0.0,20,0.09730801150609224,0.10827457166631019
COM,202004,0.0,21,0.10670822681338407,0.1079821000122975
COM,202005,0.0,22,0.09858721190408146,0.10700385323862856
COM,202006,0.0,23,0.09434473810978662,0.10358367351101797
COM,202007,0.0,24,0.09495658292244963,0.10335253335803099
COM,202008,0.0,25,0.09183730979893558,0.10383869705298501
COM,202009,0.0,26,0.09546078862567288,0.10617627346569908
COM,202010,,27,0.0911822798149193,0.10094960473281821
COM,202011,,28,0.08618683348066579,0.10095146969625246
COM,202012,,29,0.09033975473045032,0.0984974285688227
CRI,201901,0.0,109,0.10013288809223168,0.1005056619145992
CRI,201902,0.0,110,0.10182414989760571,0.09621002053410856
CRI,201903,1.0,111,0.10243697032212193,0.09885273249915373
CRI,201904,1.0,112,0.10642252132108476,0.09899830394633953
CRI,201905,1.0,113,0.11622701601293052,0.10201704593350963
CRI,201906,,0,0.15840596893247041,0.15645862727169738
CRI,201907,,0,0.24082695754792124,0.2700833396134197
CRI,201908,0.0,1,0.24927576151413447,0.27880246500743644
CRI,201909,0.0,2,0.22529818655985465,0.24735363968984317
CRI,201910,0.0,3,0.216582537555591,0.24000467981120124
CRI,201911,0.0,4,0.17284850127696344,0.15981901646559069
CRI,201912,0.0,5,0.15354291125262776,0.1585391400580973
CRI,202001,0.0,6,0.15428542466561873,0.16210268402633257
CRI,202002,0.0,7,0.16341619717932804,0.156365579865964
CRI,202003,0.0,8,0.17000286806573942,0.15989636432288756
CRI,202004,0.0,9,0.1594856815873714,0.16106694524343892
CRI,202005,0.0,10,0.15980430342416457,0.15484538813798226
CRI,202006,0.0,11,0.1644208878420889,0.15847705550703672
CRI,202007,0.0,12,0.14331251901654293,0.13544835491950546
CRI,202008,0.0,13,0.11539008860929167,0.12258755498329839
CRI,202009,0.0,14,0.12257413979639376,0.12232962727862585
CRI,202010,,15,0.11689192813579302,0.11871767505788985
CRI,202011,,16,0.1110102957752565,0.10741525335054343
CRI,202012,,17,0.09794851229688754,0.10936647746288561
CUB,201901,0.0,109,0.08531303147235791,0.09798988024853811
CUB,201902,0.0,110,0.08922557851656544,0.09852523689454865
CUB,201903,0.0,111,0.08966671763166696,0.09670741974893096
CUB,201904,0.0,112,0.08884461646316724,0.0932085905593031
CUB,201905,0.0,113,0.08603692037719084,0.09282074628812147
CUB,201906,0.0,114,0.09043796303568716,0.09601621518110744
CUB,201907,0.0,115,0.09176959074912754,0.09796235186770222
CUB,201908,0.0,116,0.09302190682514302,0.09097596119672055
CUB,201909,0.0,117,0.09296250785828893,0.09467729486974959
CUB,201910,0.0,118,0.0894625449538347,0.09440381597577774
CUB,201911,0.0,119,0.08988429785348051,0.09389080821900024
CUB,201912,0.0,120,0.08597172929812837,0.08917004756062624
CUB,202001,0.0,121,0.08969125662502844,0.09410141172647185
CUB,202002,0.0,122,0.09147634783570088,0.10081164170534405
CUB,202003,0.0,123,0.08403077268823625,0.09506274956874158
CUB,202004,0.0,124,0.08907921680548832,0.09318510541129052
CUB,202005,0.0,125,0.08659291067891373,0.09540937756121685
CUB,202006,0.0,126,0.08443968952852991,0.09058856967427704
CUB,202007,0.0,127,0.08488784675719999,0.09030675101556172
CUB,202008,0.0,128,0.08555399557882373,0.09282733486561583
CUB,202009,0.0,129,0.08320426089321385,0.08964617732661234
CUB,202010,,130,0.08875163243171501,0.08709575861835578
CUB,202011,,131,0.08138048954227077,0.08966854329060123
CUB,202012,,132,0.0853809105497996,0.08638214520413026
CYP,201901,0.0,25,0.09528618539110921,0.09846740658860849
CYP,201902,0.0,26,0.08808857480708374,0.09167786586034998
CYP,201903,0.0,27,0.0818779396178077,0.08421434641266515
CYP,201904,0.0,28,0.084106045244173,0.08400774639244771
CYP,201905,0.0,29,0.08238757831013414,0.0849180798233531
CYP,201906,0.0,30,0.08713013667303436,0.08221728635288145
CYP,201907,0.0,31,0.08195446589489251,0.08557770166399173
CYP,201908,0.0,32,0.08366319464114985,0.08241139879731796
CYP,201909,0.0,33,0.08425283167675944,0.08298958723618409
CYP,201910,0.0,34,0.08271592471666006,0.08515763133882238
CYP,201911,0.0,35,0.08049813391890372,0.08548260723628254
CYP,201912,1.0,36,0.08075938896735041,0.08360090902727067
CYP,202001,1.0,37,0.0873821533536074,0.09318321519445483
CYP,202002,1.0,38,0.09087100251460199,0.09926554384088267
CYP,202003,,0,0.14195061782817697,0.14888505520269674
CYP,202004,,0,0.23591060604933797,0.25513682153340156
CYP,202005,1.0,1,0.3639805996332957,0.42509430544706106
CYP,202006,,0,0.32607261237365237,0.3830467799557223
CYP,202007,,0,0.43146300821692996,0.4707185302875972
CYP,202008,0.0,1,0.5472109407607798,0.56409924561357
CYP,202009,1.0,2,0.459203573733353,0.4968749612156539
CYP,202010,,3,0.47044018597711956,0.49307703346424137
CYP,202011,,4,0.35869979081551,0.3815066409934628
CYP,202012,,0,0.4018226543490272,0.39858495303346053
CZE,201901,0.0,17,0.18170881648553686,0.1662046234419057
CZE,201902,0.0,18,0.16054738227556162,0.164833029738829
CZE,201903,0.0,19,0.1537312521101447,0.15530304747502602
CZE,201904,0.0,20,0.14632502765017455,0.15015271505525793
CZE,201905,0.0,21,0.15599623773513419,0.15508260383504127
CZE,201906,0.0,22,0.145548481416839,0.14668921214687652
CZE,201907,0.0,23,0.14847183555509294,0.13339399146371353
CZE,201908,0.0,24,0.1416769590842128,0.14914788141364826
CZE,201909,0.0,25,0.11266729542239926,0.10914351398375899
CZE,201910,0.0,26,0.11051464283866926,0.11992173766122698
CZE,201911,0.0,27,0.10628499719048982,0.10664177525470288
CZE,201912,0.0,28,0.1117693420818071,0.10465231556712853
CZE,202001,0.0,29,0.10677820709943667,0.12460293991716527
CZE,202002,0.0,30,0.1049251445426775,0.12490774406252743
CZE,202003,0.0,31,0.11260204626233922,0.12563634404789356
CZE,202004,0.0,32,0.10621219280958603,0.12491300085064597
CZE,202005,0.0,33,0.10586407235842799,0.12262854992036211
CZE,202006,0.0,34,0.11385450736998055,0.1140898129852576
CZE,202007,0.0,35,0.08968762915761469,0.09533491820460464
CZE,202008,0.0,36,0.08522128156064729,0.0934169185188101
CZE,202009,0.0,37,0.08507038688358995,0.09425550860424911
CZE,202010,,38,0.09148696338680963,0.08852919860911809
CZE,202011,,39,0.08514104304071003,0.08973079327213208
CZE,202012,,40,0.08787059671742928,0.08844367482087803
DEU,201901,,0,0.751886969023367,0.7316171745597759
DEU,201902,1.0,1,0.7554632735652309,0.7486918110575859
DEU,201903,1.0,2,0.6883832342054396,0.7074583878132331
DEU,201904,1.0,3,0.6804650796438558,0.6939831809948133
DEU,201905,,0,0.6012077002649044,0.5884474528525622
DEU,201906,,0,0.6935946467345999,0.6975789041674038
DEU,201907,,0,0.7256811075435547,0.7261753394464452
DEU,201908,,0,0.7366594589841992,0.7401645039813034
DEU,201909,1.0,1,0.7240529202660759,0.7234971239262978
DEU,201910,,0,0.6759685846343575,0.6739413442542685
DEU,201911,1.0,1,0.7650130494183898,0.7648344935698066
DEU,201912,1.0,2,0.7157489470416152,0.689973942462285
DEU,202001,,0,0.6858430217707785,0.7079561537256661
DEU,202002,,0,0.6879431165908269,0.6595522684276536
DEU,202003,,0,0.747536991042803,0.7815768117304873
DEU,202004,,0,0.7308578982750538,0.7487993525867966
DEU,202005,,0,0.7625738063747779,0.7600956200245664
DEU,202006,,0,0.7372474358081476,0.7479229367230943
DEU,202007,1.0,1,0.745798350962677,0.7604099282900647
DEU,202008,,0,0.6931721693563688,0.7061035210419316
DEU,202009,,0,0.7399349724578328,0.7433370069117337
DEU,202010,,0,0.7330273425130744,0.7273007783659438
DEU,202011,,0,0.7437744567640889,0.7493574288269879
DEU,202012,,1,0.7411984023257112,0.7257817352123825
DJI,201901,0.0,19,0.1116397054393453,0.09392042650933828
DJI,201902,0.0,20,0.10174574294450472,0.10025591612027301
DJI,201903,0.0,21,0.09257279191299624,0.095233309841131
DJI,201904,0.0,22,0.10420553575808461,0.09000661851116448
DJI,201905,0.0,23,0.09517545547011333,0.09220355577305227
DJI,201906,0.0,24,0.10248150486665612,0.09400663298446
DJI,201907,0.0,25,0.0933980602515205,0.09616104030766728
DJI,201908,0.0,26,0.09709122478169635,0.09165218927880554
DJI,201909,0.0,27,0.09443725246066757,0.0938584022734062
DJI,201910,0.0,28,0.09472902849295674,0.09063349232555952
DJI,201911,0.0,29,0.09572986848431894,0.08515095826032311
DJI,201912,0.0,30,0.09244478006486222,0.09021595330076584
DJI,202001,0.0,31,0.1001879453180756,0.10024259429187657
DJI,202002,0.0,32,0.09966148024244033,0.10146104119677682
DJI,202003,0.0,33,0.08932173785855874,0.10456247602859413
DJI,202004,0.0,34,0.09044864406886434,0.09962049658703266
DJI,202005,0.0,35,0.09157571347505077,0.09825206667784486
DJI,202006,0.0,36,0.08434625326254576,0.10170549592148852
DJI,202007,0.0,37,0.08686613559165507,0.10389845945011611
DJI,202008,0.0,38,0.08629910206694902,0.0974422765689221
DJI,202009,0.0,39,0.08727854049816902,0.09410116369874354
DJI,202010,,40,0.09082859426690858,0.09829455834840323
DJI,202011,,41,0.08826883203338483,0.09813870625632459
DJI,202012,,42,0.09863734454443669,0.09549202340936755
DNK,201901,0.0,10,0.12289047271420751,0.12726821436249727
DNK,201902,0.0,11,0.12285070940415924,0.12135361796011726
DNK,201903,0.0,12,0.12451734825133248,0.12881613964985342
DNK,201904,0.0,13,0.10661229069837845,0.11865078932927885
DNK,201905,1.0,14,0.10917363903768969,0.11651762979409504
DNK,201906,1.0,15,0.11074402421709083,0.10821217790313545
DNK,201907,1.0,16,0.10381817493810949,0.10336248593881664
DNK,201908,,0,0.1524497662909326,0.15869100620715199
DNK,201909,0.0,1,0.30114140970386855,0.31251840014863186
DNK,201910,0.0,2,0.26050933884600724,0.2778058381927545
DNK,201911,0.0,3,0.2790793823475053,0.28042246599418696
DNK,201912,0.0,4,0.21463428549152472,0.18654756780192996
DNK,202001,0.0,5,0.18877726105237677,0.19428382284653192
DNK,202002,0.0,6,0.1916005102865007,0.1918126948164463
DNK,202003,0.0,7,0.1971961464197927,0.183706556743676
DNK,202004,0.0,8,0.1793919065815425,0.19680039638039135
DNK,202005,0.0,9,0.2038872220371982,0.18407843889836692
DNK,202006,0.0,10,0.1904276395180862,0.18984635190230453
DNK,202007,0.0,11,0.190965410819286,0.17615707242089632
DNK,202008,0.0,12,0.16861366378150192,0.1851235371150504
DNK,202009,0.0,13,0.1396729275939127,0.14672190557984582
DNK,202010,,14,0.13357895518685006,0.14918546376660166
DNK,202011,,15,0.12587722508199006,0.14836147914665154
DNK,202012,,16,0.1290558267001254,0.13553227322899666
DOM,201901,0.0,63,0.08076450452278242,0.08806297337841817
DOM,201902,0.0,64,0.08071778959546531,0.09103724866073147
DOM,201903,0.0,65,0.0783417082343965,0.09053482021428931
DOM,201904,0.0,66,0.07995404034776932,0.0904764582700681
DOM,201905,0.0,67,0.08148409580541913,0.08792120278142679
DOM,201906,0.0,68,0.09030232642358536,0.08696866867869024
DOM,201907,0.0,69,0.08394357030807695,0.08788998072649865
DOM,201908,0.0,70,0.08352423418513455,0.08437901277839194
DOM,201909,0.0,71,0.08113268773135336,0.08698734580263069
DOM,201910,0.0,72,0.08861714751098125,0.08599952189780086
DOM,201911,0.0,73,0.08124391226915602,0.08731725836374618
DOM,201912,0.0,74,0.08370509318882409,0.08450610808765933
DOM,202001,0.0,75,0.08862252784085557,0.10352698723791784
DOM,202002,0.0,76,0.0963641356052574,0.11069735041958834
DOM,202003,0.0,77,0.08820382628692164,0.1051987937847781
DOM,202004,0.0,78,0.09392668898233456,0.09956025863187723
DOM,202005,0.0,79,0.0918829469535603,0.10403478069526478
DOM,202006,0.0,80,0.086877531758498,0.09944286538283778
DOM,202007,0.0,81,0.08654979175525933,0.09676553919828694
DOM,202008,0.0,82,0.09229436174339069,0.09598872833126382
DOM,202009,0.0,83,0.08589756242347261,0.09795649156677368
DOM,202010,,84,0.08427934593244425,0.09474634938555386
DOM,202011,,85,0.08181118723782564,0.09699478692039186
DOM,202012,,86,0.08373492719378278,0.09823320584603869
DZA,201901,0.0,5,0.4904115797800334,0.4665820665228882
DZA,201902,0.0,6,0.3748847203699111,0.34900449639136555
DZA,201903,0.0,7,0.4112812823151557,0.3559459084117409
DZA,201904,0.0,8,0.3874072785109755,0.35428992499321976
DZA,201905,0.0,9,0.4242185149024173,0.38355651465533147
DZA,201906,0.0,10,0.33703873417139496,0.3121844080573346
DZA,201907,0.0,11,0.3547128723455231,0.3139102682101493
DZA,201908,0.0,12,0.34211091736286453,0.3142268228349584
DZA,201909,0.0,13,0.3512070730614157,0.33629957102913527
DZA,201910,0.0,14,0.34314524973743343,0.33052577054734
DZA,201911,0.0,15,0.3472972976718102,0.31475260771906977
DZA,201912,1.0,16,0.2999689357149391,0.26659335876116536
DZA,202001,1.0,17,0.30673259945261566,0.2928745671987865
DZA,202002,1.0,18,0.3399109329277832,0.2956245279621643
DZA,202003,,0,0.38141324272132066,0.40568746498161035
DZA,202004,0.0,1,0.5114351923677238,0.489350206009574
DZA,202005,0.0,2,0.47076554633052725,0.48288703470380534
DZA,202006,0.0,3,0.3423647892202105,0.37422191283442324
DZA,202007,0.0,4,0.27325960155268936,0.3103482750441433
DZA,202008,0.0,5,0.20977307891732355,0.221006558273229
DZA,202009,0.0,6,0.23210249947959427,0.268681976196786
DZA,202010,,7,0.21495205104652057,0.20797020330519675
DZA,202011,,8,0.22696468873800646,0.2502840601027648
DZA,202012,,9,0.2299775939789939,0.24917048866965094
ECU,201901,,0,0.547046309434835,0.497577790395105
ECU,201902,1.0,1,0.6129006939513,0.5670307140472527
ECU,201903,1.0,2,0.5835773192884466,0.549560691726178
ECU,201904,1.0,3,0.5848972037787443,0.5559013677875003
ECU,201905,,0,0.40465811639034416,0.3736413902409187
ECU,201906,0.0,1,0.5756792666580783,0.5358857696387042
ECU,201907,0.0,2,0.523868172183193,0.480206367633696
ECU,201908,0.0,3,0.5110943542307321,0.48850229310994886
ECU,201909,0.0,4,0.4910355705070597,0.39794090528156695
ECU,201910,0.0,5,0.4609536484827012,0.4123387288434602
ECU,201911,1.0,6,0.45359049756650616,0.3829999948087448
ECU,201912,1.0,7,0.4022052237175281,0.32416021687370417
ECU,202001,1.0,8,0.35117097962471244,0.34338259629448414
ECU,202002,,0,0.28256227016678326,0.29430439109127177
ECU,202003,,0,0.39466225059035587,0.40187176191984697
ECU,202004,1.0,1,0.47541158064795863,0.4744400192700471
ECU,202005,1.0,2,0.4370951538082914,0.4692180947809698
ECU,202006,1.0,3,0.35413246565595,0.34006067456298295
ECU,202007,,0,0.29504483738016096,0.30847623638622645
ECU,202008,,0,0.47914008292396504,0.4651184736878857
ECU,202009,0.0,1,0.5792474513233827,0.5618813635575539
ECU,202010,,2,0.5782037326395062,0.5632634829079906
ECU,202011,,3,0.5232395715245249,0.5337146974355824
ECU,202012,,4,0.4474082859221249,0.4204602989081604
EGY,201901,,0,0.8166735052232924,0.809729917613876
EGY,201902,,0,0.8059575070740373,0.8161095508111061
EGY,201903,,0,0.8076955866422609,0.8099900576619186
EGY,201904,,0,0.8084058925032934,0.8043292767217624
EGY,201905,,0,0.7975426759187353,0.8203822206051115
EGY,201906,,0,0.8302111464493802,0.8136266728140866
EGY,201907,,0,0.8168988660566299,0.8254587888612842
EGY,201908,,0,0.8203935277874085,0.8207873779758643
EGY,201909,,0,0.8040587570686182,0.8193585210923534
EGY,201910,,0,0.8047292943164964,0.789807900434147
EGY,201911,,0,0.8002565060510015,0.8309661300547921
EGY,201912,,0,0.8043069879114381,0.8091472004746286
EGY,202001,,0,0.8142323416791263,0.8176001867209094
EGY,202002,,0,0.7905785778931896,0.8091816265756836
EGY,202003,,0,0.7975623138741014,0.8028184153451202
EGY,202004,,0,0.8021929759804287,0.8245195921165427
EGY,202005,,0,0.8106741411766686,0.8087915662021679
EGY,202006,,0,0.815911972179687,0.8226503122723912
EGY,202007,,0,0.7992235153643742,0.8127724987994331
EGY,202008,1.0,1,0.7980641532513517,0.8224627327660827
EGY,202009,1.0,2,0.7794598229645737,0.7653159361196122
EGY,202010,,0,0.777270047619289,0.769536731877115
EGY,202011,,0,0.8100464392541386,0.8139733218541814
EGY,202012,,0,0.82234050054045,0.8238552143285635
ERI,201901,0.0,85,0.09921041539425522,0.07783050626093325
ERI,201902,0.0,86,0.09644597091544617,0.07876467350051908
ERI,201903,0.0,87,0.10078169630525032,0.08104824094227377
ERI,201904,0.0,88,0.09390903006715481,0.0799867164249205
ERI,201905,0.0,89,0.10189547769323022,0.08155284444161931
ERI,201906,0.0,90,0.09962545421174857,0.07791392436549371
ERI,201907,0.0,91,0.09413365776843045,0.07457571506763809
ERI,201908,0.0,92,0.09329904937244099,0.07490347808292853
ERI,201909,0.0,93,0.08648690381681001,0.07712587117852973
ERI,201910,0.0,94,0.08476443191873971,0.07864381360289252
ERI,201911,0.0,95,0.09588549321836584,0.07844671763668028
ERI,201912,0.0,96,0.09501189717344605,0.0753585742848638
ERI,202001,0.0,97,0.08891776543530794,0.07521530376932291
ERI,202002,0.0,98,0.09855876059844164,0.07364947991753146
ERI,202003,0.0,99,0.08511786088827313,0.07449915917743873
ERI,202004,0.0,100,0.08067261776560607,0.0761657748956597
ERI,202005,0.0,101,0.07701365576618961,0.07648706925821754
ERI,202006,0.0,102,0.08091451957854771,0.07756057914325101
ERI,202007,0.0,103,0.08823644106666659,0.07784382836803717
ERI,202008,1.0,104,0.08628700987519972,0.07885444131822839
ERI,202009,1.0,105,0.09119304956582601,0.07466799778444758
ERI,202010,,106,0.08645234108900537,0.07688680853747164
ERI,202011,,0,0.20426712173274456,0.14569426408960717
ERI,202012,,1,0.540237656587655,0.5476313299138138
ESP,201901,0.0,9,0.2645362764327111,0.23783034312091178
ESP,201902,0.0,10,0.24872761176730232,0.23972383227738978
ESP,201903,1.0,11,0.25923141606810246,0.2417401987151689
ESP,201904,1.0,12,0.2410531256312537,0.20709424168013021
ESP,201905,1.0,13,0.22636428463988167,0.20468251515647054
ESP,201906,,0,0.22878617171977367,0.22891835158710416
ESP,201907,0.0,1,0.3276149800263669,0.316597314586387
ESP,201908,0.0,2,0.32180929225186866,0.29463246458646375
ESP,201909,1.0,3,0.29184032655172504,0.2769479252249015
ESP,201910,1.0,4,0.2503065510421171,0.2298493856823677
ESP,201911,1.0,5,0.25174129009501245,0.21436532150181264
ESP,201912,,0,0.25137569039339536,0.24528721742173246
ESP,202001,0.0,1,0.4155423329184122,0.42503729846290533
ESP,202002,0.0,2,0.3669424364954871,0.4011236565021219
ESP,202003,0.0,3,0.3621590205470172,0.3823703428170221
ESP,202004,0.0,4,0.35628730873680536,0.3480506726490063
ESP,202005,0.0,5,0.3470098075245315,0.342243002799947
ESP,202006,0.0,6,0.32934492161799617,0.32019958401354937
ESP,202007,0.0,7,0.2841497736242122,0.27653032600204225
ESP,202008,0.0,8,0.2559699783817525,0.26287532844532424
ESP,202009,0.0,9,0.252333932570421,0.23755161484163317
ESP,202010,,10,0.25276290110001226,0.22784580951546235
ESP,202011,,11,0.24711866987382294,0.21980771189184406
ESP,202012,,12,0.247665077111254,0.2246795065430836
EST,201901,0.0,40,0.09894114468373749,0.07884007457879924
EST,201902,0.0,41,0.09249945825259145,0.08068782884083556
EST,201903,0.0,42,0.09274973447205294,0.08516482720153878
EST,201904,0.0,43,0.09561379404568945,0.08062834991606842
EST,201905,0.0,44,0.09402355439774614,0.08045559729453236
EST,201906,0.0,45,0.09585375881425189,0.07840607329167366
EST,201907,0.0,46,0.09359792940625526,0.08132286570565431
EST,201908,0.0,47,0.09328701133265474,0.07861639066341514
EST,201909,0.0,48,0.09473686913714938,0.08137683261197669
EST,201910,0.0,49,0.09747231272457306,0.07912664278106803
EST,201911,0.0,50,0.08956563886444519,0.08149160366559954
EST,201912,0.0,51,0.09336707680862208,0.08070546696172146
EST,202001,0.0,52,0.0965529098786023,0.0943730024585314
EST,202002,0.0,53,0.10461622915793901,0.09523225451749907
EST,202003,0.0,54,0.09689822771104865,0.09777406807619786
EST,202004,0.0,55,0.09803692870079413,0.09430863469454415
EST,202005,0.0,56,0.09147928747564932,0.09546631243841626
EST,202006,0.0,57,0.09777707391037505,0.09894234452561351
EST,202007,0.0,58,0.1012938689799649,0.09846457429892343
EST,202008,0.0,59,0.09317631932831215,0.0942198808182944
EST,202009,0.0,60,0.09247710884776131,0.09566724630907687
EST,202010,,61,0.09124243107300992,0.09301591190785352
EST,202011,,62,0.0922429051775877,0.09426319197943167
EST,202012,,63,0.09424926520076467,0.09387393423248983
ETH,201901,,0,0.7727241519070757,0.7909762291156477
ETH,201902,1.0,1,0.7874676465196656,0.8104589096834894
ETH,201903,,0,0.6941814834295771,0.7275067583322395
ETH,201904,1.0,1,0.7675196176789062,0.8015419875620696
ETH,201905,1.0,2,0.7217080545583979,0.7085931230156439
ETH,201906,,0,0.6877397023450419,0.7203753136498523
ETH,201907,1.0,1,0.7963436117790472,0.8049421497005969
ETH,201908,,0,0.756628482396149,0.7779148681293365
ETH,201909,,0,0.7816264512887939,0.8162715843227774
ETH,201910,,0,0.7885912522235153,0.7856156785293779
ETH,201911,1.0,1,0.8122429397695692,0.8075496513020047
ETH,201912,,0,0.7495100297831307,0.7684783192912896
ETH,202001,,0,0.8033235012328891,0.8207758042286994
ETH,202002,,0,0.8063242705126705,0.8122624794895031
ETH,202003,,0,0.8051904847600477,0.8176683470477474
ETH,202004,1.0,1,0.7946912142082033,0.8139376817159991
ETH,202005,1.0,2,0.7505350338561786,0.7619483910594101
ETH,202006,,0,0.72234698321392,0.7152477382238759
ETH,202007,,0,0.7926401380035821,0.8229564228100066
ETH,202008,1.0,1,0.8142817925123366,0.826239808581558
ETH,202009,,0,0.7820157369122831,0.791754023397353
ETH,202010,,0,0.8180341774864712,0.8242210830715619
ETH,202011,,0,0.8392429953145322,0.8276383421561573
ETH,202012,,0,0.8528373422933648,0.8342760318711586
FIN,201901,,0,0.23083346902187254,0.23816605517353412
FIN,201902,0.0,1,0.3212794604143722,0.34854516902123506
FIN,201903,0.0,2,0.30365300798309414,0.29932141302221704
FIN,201904,1.0,3,0.27337577113669154,0.27981881006614645
FIN,201905,1.0,4,0.23787511577394915,0.24218244626277724
FIN,201906,1.0,5,0.22625368821329467,0.2259180367678267
FIN,201907,,0,0.21747465770377888,0.2511192083268679
FIN,201908,0.0,1,0.3478493644080528,0.362035578510433
FIN,201909,0.0,2,0.36064056533704286,0.3415892723370581
FIN,201910,0.0,3,0.2777539989102646,0.29030481873985564
FIN,201911,0.0,4,0.2523401794098984,0.23206364695936307
FIN,201912,0.0,5,0.2504421030833058,0.25547374824074054
FIN,202001,1.0,6,0.24721367822428722,0.24221806799305814
FIN,202002,1.0,7,0.22713635448958544,0.20963726746011563
FIN,202003,1.0,8,0.23635595013597513,0.22662297300228523
FIN,202004,,0,0.22429449159769776,0.23218830624686468
FIN,202005,0.0,1,0.3103526655399406,0.3080372845559758
FIN,202006,0.0,2,0.2834180171261995,0.30261690825679716
FIN,202007,0.0,3,0.2798833235479255,0.29420215092972485
FIN,202008,0.0,4,0.20891272476127556,0.23547349856359467
FIN,202009,0.0,5,0.19924950602977476,0.22319425940677484
FIN,202010,,6,0.21248365822599943,0.20931413437285395
FIN,202011,,7,0.20759844166693134,0.20130557635171523
FIN,202012,,8,0.22174917381333284,0.20584576520754408
FJI,201901,0.0,109,0.0863789639573703,0.09774680865788898
FJI,201902,0.0,110,0.09178778503918678,0.09657935499111688
FJI,201903,0.0,111,0.08754732429278356,0.0977959883233922
FJI,201904,0.0,112,0.08522660570135439,0.09589148302299652
FJI,201905,0.0,113,0.08893586792120824,0.10129390329768208
FJI,201906,0.0,114,0.09046017489976928,0.09498449971198748
FJI,201907,0.0,115,0.0887296322553328,0.0959776898238673
FJI,201908,0.0,116,0.08764645300015118,0.09427707594366334
FJI,201909,0.0,117,0.09250109030863779,0.09838587495100753
FJI,201910,0.0,118,0.08867056011282766,0.09626969744732633
FJI,201911,0.0,119,0.08493115355445922,0.09551106543915527
FJI,201912,0.0,120,0.08329254835979251,0.09518611658490268
FJI,202001,0.0,121,0.08688417541940403,0.09673152873200105
FJI,202002,0.0,122,0.08688625374511498,0.10495140456910805
FJI,202003,0.0,123,0.08008900374748258,0.10310595001267892
FJI,202004,0.0,124,0.08676511946674846,0.09820806815178874
FJI,202005,0.0,125,0.08346966496666745,0.10159198719153972
FJI,202006,0.0,126,0.08622011530972433,0.09674331904471284
FJI,202007,0.0,127,0.08164177830968798,0.09278078989741635
FJI,202008,0.0,128,0.08447723459293863,0.09742705340995095
FJI,202009,0.0,129,0.08238585910462813,0.09323852618017706
FJI,202010,,130,0.07883739650407814,0.09085087845334047
FJI,202011,,131,0.07747053824345607,0.09321865373474976
FJI,202012,,132,0.08093249919802205,0.09515544112046402
FRA,201901,,0,0.692226858544426,0.6739069398868592
FRA,201902,1.0,1,0.7225245526940295,0.7205662029850549
FRA,201903,,0,0.680633958012194,0.691856761467734
FRA,201904,,0,0.7355952579263066,0.7542390194253639
FRA,201905,,0,0.7457617491525932,0.7489724059950305
FRA,201906,1.0,1,0.7383919357047176,0.7469718204870879
FRA,201907,1.0,2,0.69657845006925,0.6924105716886377
FRA,201908,1.0,3,0.6979705696417706,0.661354647870682
FRA,201909,,0,0.6091482492982782,0.597770297132639
FRA,201910,,0,0.7178286998373834,0.696260535098102
FRA,201911,1.0,1,0.753836082967393,0.7609144558706343
FRA,201912,,0,0.7242335202576475,0.7133182066901388
FRA,202001,,0,0.7236686504969961,0.7509251991843577
FRA,202002,1.0,1,0.7466481013808458,0.7571696125530303
FRA,202003,1.0,2,0.708433672485742,0.7020817137789659
FRA,202004,,0,0.6721611977504881,0.6689892315837045
FRA,202005,,0,0.7059680267684209,0.681888810832765
FRA,202006,,0,0.7311151224855397,0.7691062444611623
FRA,202007,,0,0.72813784378959,0.7573433423363887
FRA,202008,,0,0.7106930904624851,0.7546350236611911
FRA,202009,,0,0.7514856854558485,0.7692877469635485
FRA,202010,,0,0.7723229187022029,0.7458537440473704
FRA,202011,,1,0.7749264557239133,0.7659428566734238
FRA,202012,,2,0.7013137216433126,0.6947428410347094
GAB,201901,,0,0.23461571981420742,0.2152945028929431
GAB,201902,0.0,1,0.35799185515707976,0.3179659924201742
GAB,201903,0.0,2,0.3204278457709787,0.28853372129180105
GAB,201904,0.0,3,0.3103537471142077,0.2818019641218246
GAB,201905,0.0,4,0.21096747159146342,0.2062874007589088
GAB,201906,0.0,5,0.19048029597315513,0.19198557196829966
GAB,201907,0.0,6,0.1915626713388695,0.19074883116832056
GAB,201908,0.0,7,0.18707530022121321,0.20043428032789365
GAB,201909,0.0,8,0.19293124720575375,0.18437823467460432
GAB,201910,0.0,9,0.18773439224941982,0.18527675828125706
GAB,201911,0.0,10,0.19091245854008526,0.1887213666375872
GAB,201912,0.0,11,0.18887213242373743,0.2031904790124724
GAB,202001,0.0,12,0.18240457172456664,0.20733729286524633
GAB,202002,0.0,13,0.17578660028084678,0.19714387783389828
GAB,202003,0.0,14,0.17568737867650244,0.20283902703205495
GAB,202004,0.0,15,0.18933838346639997,0.18041817862735565
GAB,202005,0.0,16,0.1592035410662559,0.17356096998333365
GAB,202006,0.0,17,0.1693705079197967,0.16648266413136953
GAB,202007,0.0,18,0.09857637805240857,0.10898420392214873
GAB,202008,0.0,19,0.0959086222978203,0.10823559768510133
GAB,202009,0.0,20,0.09423872403067186,0.11097422954002445
GAB,202010,,21,0.09760462136364158,0.1087864900182291
GAB,202011,,22,0.0932153284797634,0.10795251477679846
GAB,202012,,23,0.09776960085598509,0.10932602216192365
GBR,201901,,0,0.7554181238519793,0.7266913662022916
GBR,201902,,0,0.7631469112030715,0.7423495486874107
GBR,201903,,0,0.7393846676004786,0.7533398052705196
GBR,201904,,0,0.7717328577769115,0.7800422797535614
GBR,201905,,0,0.7335934631583386,0.7404571247260314
GBR,201906,,0,0.7470316183823849,0.7343357480101065
GBR,201907,,0,0.7710484961275011,0.7558513477602412
GBR,201908,,0,0.7875061150199721,0.7568025639100937
GBR,201909,,0,0.7618715527700874,0.7463674006223904
GBR,201910,,0,0.7558230994571018,0.7636808911175962
GBR,201911,,0,0.7791355033884284,0.787524630575777
GBR,201912,,0,0.7746992063484847,0.758391489331487
GBR,202001,,0,0.7381224882418062,0.7588195122428403
GBR,202002,,0,0.7618452980823767,0.7593435475531233
GBR,202003,,0,0.7264405483427319,0.7821989387354573
GBR,202004,,0,0.734311179205672,0.7535351989914892
GBR,202005,,0,0.7626675141573779,0.7537503806771778
GBR,202006,,0,0.7301208715832561,0.7611438882735426
GBR,202007,,0,0.737260303668322,0.7679347219959533
GBR,202008,,0,0.7211481805306491,0.7573803429125516
GBR,202009,,0,0.7563041990758651,0.759767057651419
GBR,202010,,0,0.7609124204231874,0.7532486523659985
GBR,202011,,0,0.7244493247538537,0.7568707165491126
GBR,202012,,0,0.743946172300673,0.7387563555826351
GEO,201901,0.0,11,0.22596199338086084,0.19599920429313392
GEO,201902,0.0,12,0.21318308926407098,0.19943625247323507
GEO,201903,0.0,13,0.18879399393569088,0.18279515550998637
GEO,201904,0.0,14,0.18231939577845252,0.1781873044148227
GEO,201905,0.0,15,0.17512518729169974,0.16829061199172543
GEO,201906,0.0,16,0.16581756969405045,0.1534701183018898
GEO,201907,0.0,17,0.17241239231838776,0.1408573550477424
GEO,201908,0.0,18,0.15675422379144083,0.15532224132788164
GEO,201909,0.0,19,0.16589470372775028,0.14835050511070358
GEO,201910,0.0,20,0.1693582740079968,0.1414218512943642
GEO,201911,0.0,21,0.10512501466626446,0.0882146037389435
GEO,201912,0.0,22,0.10388244365508748,0.0850626132415683
GEO,202001,0.0,23,0.11141418372554165,0.10710927418119573
GEO,202002,0.0,24,0.12296437106682456,0.108300017515442
GEO,202003,0.0,25,0.116085626410184,0.10919735862001483
GEO,202004,0.0,26,0.10969024481835243,0.10857475331502053
GEO,202005,0.0,27,0.10061788502200025,0.09836124945131683
GEO,202006,0.0,28,0.09828317150704947,0.10338295032469758
GEO,202007,0.0,29,0.10102238314128467,0.09888741805778369
GEO,202008,1.0,30,0.0929420988060789,0.09690718758398972
GEO,202009,1.0,31,0.09743501871754255,0.09704739264991448
GEO,202010,,32,0.10079477043518764,0.0956754159837167
GEO,202011,,0,0.14353901217803022,0.15541311589961007
GEO,202012,,1,0.2176431961133404,0.2737912128274483
GHA,201901,1.0,12,0.11854132794970433,0.11504179344626575
GHA,201902,,0,0.13800647265348487,0.1420428014892105
GHA,201903,,0,0.28821418263066456,0.2843318782455222
GHA,201904,0.0,1,0.3205685154019322,0.3333960137036984
GHA,201905,0.0,2,0.29683377478564277,0.3058326062850081
GHA,201906,0.0,3,0.2876666306602753,0.26989122825043643
GHA,201907,0.0,4,0.24008736499481007,0.20387503545166566
GHA,201908,0.0,5,0.20842574865723637,0.1964908844195716
GHA,201909,0.0,6,0.18724161143710774,0.1779274219675283
GHA,201910,1.0,7,0.1948650972684581,0.18775978852366695
GHA,201911,1.0,8,0.18171390142629337,0.18261912870633729
GHA,201912,1.0,9,0.1604997857704564,0.15625516382526944
GHA,202001,,0,0.17686282730377975,0.19248162915532369
GHA,202002,0.0,1,0.3267020923356079,0.33671542382892206
GHA,202003,0.0,2,0.23920728698712831,0.2687780509171651
GHA,202004,0.0,3,0.22530970952843088,0.25174124158205946
GHA,202005,0.0,4,0.18638043110845254,0.19300726007081426
GHA,202006,1.0,5,0.18623191262353941,0.18823797898575048
GHA,202007,1.0,6,0.1940146763650837,0.20303846239659484
GHA,202008,1.0,7,0.18352662987430646,0.18839686184210655
GHA,202009,,0,0.19937183726495078,0.22134477126858923
GHA,202010,,0,0.44289271040708067,0.4932925068302511
GHA,202011,,1,0.4812614816698379,0.5013875407909997
GHA,202012,,0,0.4441656130061887,0.44908898079636567
GIN,201901,0.0,12,0.10411615143506835,0.10906537020580093
GIN,201902,0.0,13,0.088218688771374,0.09813722248522028
GIN,201903,0.0,14,0.0906363125796964,0.09872850431520443
GIN,201904,0.0,15,0.08663119201979855,0.09690230392471313
GIN,201905,0.0,16,0.13579683116450136,0.14491177112371467
GIN,201906,0.0,17,0.08527529316227804,0.08343434899502519
GIN,201907,0.0,18,0.08499872012179668,0.085157775872759
GIN,201908,0.0,19,0.09551459222954957,0.08651487956965935
GIN,201909,0.0,20,0.08851849161241455,0.08893391582479733
GIN,201910,0.0,21,0.10492390378281242,0.0836521011136564
GIN,201911,0.0,22,0.09916034436392965,0.08717569172746899
GIN,201912,0.0,23,0.09211213178960183,0.08558798826862789
GIN,202001,0.0,24,0.09984169010319446,0.08858149070178077
GIN,202002,0.0,25,0.09810473934920391,0.08778438689351199
GIN,202003,0.0,26,0.1466419917802833,0.15102497628649802
GIN,202004,0.0,27,0.10032469488796304,0.08666081851226416
GIN,202005,0.0,28,0.09455561145589901,0.08465326938709973
GIN,202006,0.0,29,0.12785009903253125,0.1519285023081437
GIN,202007,0.0,30,0.09411873940865764,0.08444213496398455
GIN,202008,0.0,31,0.08893236831279318,0.0843868185810129
GIN,202009,0.0,32,0.09294315112885129,0.0867954105043758
GIN,202010,,33,0.09950328276907511,0.08565357541793928
GIN,202011,,34,0.10230090892032759,0.08584652059089903
GIN,202012,,35,0.14234869506648945,0.14487561045639918
GNB,201901,0.0,82,0.08544339523215397,0.08154719480198341
GNB,201902,0.0,83,0.0837297567657809,0.08388144808992719
GNB,201903,0.0,84,0.07592659258633398,0.08326683072596315
GNB,201904,0.0,85,0.08440570783361717,0.08232627715948056
GNB,201905,0.0,86,0.08648140839701687,0.08195933523698422
GNB,201906,0.0,87,0.07637813781597008,0.0797830201809889
GNB,201907,0.0,88,0.08049350125573569,0.08345972432958206
GNB,201908,0.0,89,0.07756852247667742,0.07741644570427501
GNB,201909,0.0,90,0.07514903638406484,0.07896963691966277
GNB,201910,0.0,91,0.07364117824907715,0.07977020897205528
GNB,201911,0.0,92,0.1034434901494024,0.08045370640975227
GNB,201912,0.0,93,0.09277634683631639,0.07922193975075488
GNB,202001,0.0,94,0.10259896961905986,0.0992463024767477
GNB,202002,0.0,95,0.10917874423250912,0.09853398578124965
GNB,202003,0.0,96,0.09722305362135243,0.09749757018718115
GNB,202004,0.0,97,0.09349874601162435,0.09398450491718378
GNB,202005,0.0,98,0.08978523934288646,0.09268424250619461
GNB,202006,0.0,99,0.09402061421446337,0.09671795645029654
GNB,202007,0.0,100,0.08561871950052723,0.09517679671486441
GNB,202008,0.0,101,0.08569133131682852,0.09427645804673641
GNB,202009,0.0,102,0.08582393790936024,0.09710475124797892
GNB,202010,,103,0.08447944738386041,0.09398654604934911
GNB,202011,,104,0.08303321387203011,0.0930935744433927
GNB,202012,,105,0.08777976590317105,0.09316521005409172
GRC,201901,,0,0.7526209363339167,0.7504638965463198
GRC,201902,,0,0.7620547806550636,0.752341483878729
GRC,201903,,0,0.7542667630929446,0.7430234823014681
GRC,201904,1.0,1,0.7661287731786167,0.7408276907454407
GRC,201905,,0,0.7120783931354825,0.6974091108292564
GRC,201906,,0,0.7650487459717202,0.757907105156502
GRC,201907,,0,0.7756916798492485,0.758239580546788
GRC,201908,1.0,1,0.7759965570671808,0.7614061042731222
GRC,201909,,0,0.7015642775719289,0.702577364605987
GRC,201910,,0,0.746826399199172,0.7362055816892001
GRC,201911,,0,0.7758402076524495,0.7656825767572784
GRC,201912,,0,0.7761615627837791,0.7644729558238035
GRC,202001,,0,0.7636077427558108,0.7735340171083368
GRC,202002,,0,0.7748316904567091,0.7714790139677146
GRC,202003,,0,0.7556470036791016,0.7826817794407472
GRC,202004,,0,0.7470889223349443,0.762793500412738
GRC,202005,,0,0.7508788494456238,0.7407486576492325
GRC,202006,,0,0.7547203487299531,0.77429056274342
GRC,202007,,0,0.7585548835255159,0.7632977463233249
GRC,202008,1.0,1,0.7435761372692389,0.7678497994774311
GRC,202009,,0,0.7177718032474956,0.7193477520246624
GRC,202010,,0,0.771656990488408,0.7433126383223985
GRC,202011,,0,0.7419820789569121,0.744200022646671
GRC,202012,,0,0.7416574663247962,0.7321331847645695
GTM,201901,0.0,5,0.1738534482084917,0.14291944454919686
GTM,201902,0.0,6,0.16674248425860871,0.13912341522621363
GTM,201903,0.0,7,0.1804925808505044,0.14350418781365026
GTM,201904,0.0,8,0.1660620458366585,0.13121482692713282
GTM,201905,0.0,9,0.15313568514141168,0.1313390179736392
GTM,201906,0.0,10,0.1554571273473664,0.12665028359288985
GTM,201907,0.0,11,0.1734116553783987,0.1276561796866852
GTM,201908,0.0,12,0.17313691202737233,0.13088100237940925
GTM,201909,0.0,13,0.12916282141910654,0.10576608009710525
GTM,201910,0.0,14,0.12256872637898147,0.10871977881803035
GTM,201911,0.0,15,0.12552891258798954,0.10261973361200347
GTM,201912,0.0,16,0.11406052458576324,0.09385408330506717
GTM,202001,0.0,17,0.1290349591506387,0.11397904392571503
GTM,202002,0.0,18,0.12764572599547166,0.11188177987531209
GTM,202003,0.0,19,0.12935662410586965,0.10837537310796633
GTM,202004,0.0,20,0.11877803944049317,0.10828218464920285
GTM,202005,1.0,21,0.11686653009464681,0.10617257329004018
GTM,202006,1.0,22,0.11306343685919519,0.10545804335260581
GTM,202007,1.0,23,0.11722133597568211,0.10369302701836106
GTM,202008,,0,0.16555928369829204,0.16247999480089526
GTM,202009,1.0,1,0.32993651229384535,0.31101854380418564
GTM,202010,,2,0.31602777343933086,0.27064279884924425
GTM,202011,,0,0.30720614225240095,0.2885634489697366
GTM,202012,,1,0.38063758856802116,0.3723217616663417
HND,201901,0.0,20,0.1381558011023618,0.11651812313134795
HND,201902,0.0,21,0.12580935815393843,0.11432086705696888
HND,201903,0.0,22,0.11920677571626649,0.11077277828093805
HND,201904,1.0,23,0.11246075898040812,0.11053552826882018
HND,201905,1.0,24,0.12576156664065144,0.11205478253257727
HND,201906,1.0,25,0.11779115903040323,0.10893695475061632
HND,201907,,0,0.166549444615634,0.1631612830470807
HND,201908,,0,0.3896208689583798,0.40130657079097554
HND,201909,,0,0.41704461606757787,0.43532750056711156
HND,201910,0.0,1,0.45722745651536295,0.4914517897053614
HND,201911,0.0,2,0.41286717073167845,0.4321739742387892
HND,201912,1.0,3,0.42700173640988454,0.4652789839330785
HND,202001,1.0,4,0.35337331775346487,0.3450882448200113
HND,202002,1.0,5,0.3145478632049624,0.30685647591077414
HND,202003,,0,0.37859888210147924,0.35095788412077233
HND,202004,0.0,1,0.44832631751543894,0.45099393090611245
HND,202005,0.0,2,0.4252132209871018,0.4399655708404204
HND,202006,1.0,3,0.439280326708553,0.48354674361593103
HND,202007,1.0,4,0.34926490834589907,0.32445445936814976
HND,202008,1.0,5,0.30273052195523936,0.295267160047625
HND,202009,,0,0.2526723477869773,0.25377601238801256
HND,202010,,1,0.3441947749671487,0.3149479169119813
HND,202011,,2,0.3203661537720133,0.310780835798572
HND,202012,,3,0.3171294087472741,0.318075339205945
HRV,201901,0.0,72,0.0846163957568911,0.0832924414677725
HRV,201902,0.0,73,0.08549074279735118,0.08304230741111361
HRV,201903,0.0,74,0.08257010724991487,0.08327281676146094
HRV,201904,0.0,75,0.08075075206547537,0.08375568801543172
HRV,201905,0.0,76,0.08245000709656933,0.08383387941045849
HRV,201906,0.0,77,0.08194157125658064,0.08146783374260924
HRV,201907,0.0,78,0.08279616854696492,0.08411276477942412
HRV,201908,0.0,79,0.08140904484767018,0.08116369830407583
HRV,201909,0.0,80,0.08054971639061939,0.08100665790911668
HRV,201910,0.0,81,0.08169429566665075,0.0824611876327016
HRV,201911,0.0,82,0.0810855630167518,0.085213247156195
HRV,201912,0.0,83,0.0820486196202919,0.0819489521547286
HRV,202001,0.0,84,0.0931409003616473,0.09368016768516065
HRV,202002,0.0,85,0.09419784281630976,0.1016230432042418
HRV,202003,0.0,86,0.08715073156350077,0.09998494753403836
HRV,202004,0.0,87,0.0900850577705636,0.09400860288720679
HRV,202005,0.0,88,0.0843500101444182,0.09295559907791803
HRV,202006,0.0,89,0.08619383879286921,0.09755585216124016
HRV,202007,1.0,90,0.08526391858113584,0.09303548799753646
HRV,202008,1.0,91,0.08781049902792266,0.09247621918542485
HRV,202009,1.0,92,0.08517310400783572,0.09281110729845574
HRV,202010,,0,0.14209568741396383,0.15829589755481607
HRV,202011,,1,0.24081125209340415,0.2703195831154447
HRV,202012,,2,0.24129927706215223,0.23705374723114755
HTI,201901,0.0,1,0.49402298677986906,0.5112307388829537
HTI,201902,0.0,2,0.46231962016736783,0.4640542207259344
HTI,201903,1.0,3,0.45090063352370185,0.442250433610936
HTI,201904,1.0,4,0.35954551076104835,0.32896000724218466
HTI,201905,1.0,5,0.33533706910620575,0.32396580781504286
HTI,201906,,0,0.3715752056668522,0.3511022999732033
HTI,201907,,0,0.4437020747833222,0.45754008771334964
HTI,201908,,0,0.4759007295923297,0.4753422858121323
HTI,201909,1.0,1,0.49068049331755914,0.5245537268065984
HTI,201910,,0,0.4659276655597827,0.46056343163854135
HTI,201911,0.0,1,0.5113632688896843,0.5678130718615259
HTI,201912,0.0,2,0.4449673285883773,0.44089260130831
HTI,202001,0.0,3,0.4564372891945787,0.44889687828480923
HTI,202002,0.0,4,0.3454494448740942,0.35831325495933863
HTI,202003,0.0,5,0.338371159335201,0.35206076347317405
HTI,202004,0.0,6,0.36107953223931594,0.3411042866791988
HTI,202005,0.0,7,0.3573708564934097,0.3802802616234153
HTI,202006,0.0,8,0.3419405570291707,0.35812871348739783
HTI,202007,0.0,9,0.33819262756606966,0.35755011093693406
HTI,202008,0.0,10,0.2787447116383317,0.3023351843784739
HTI,202009,0.0,11,0.27191406512800614,0.28953626964771545
HTI,202010,,12,0.2706622905481091,0.29308714602674146
HTI,202011,,13,0.21209526468138543,0.23711492136753365
HTI,202012,,14,0.24337313691369897,0.2661792720680048
HUN,201901,0.0,28,0.08792132701563146,0.08167264534082345
HUN,201902,0.0,29,0.09021362689048944,0.08223443512977052
HUN,201903,0.0,30,0.08990952944590325,0.0826968099514333
HUN,201904,0.0,31,0.08394406739318333,0.08139472766978337
HUN,201905,0.0,32,0.08514579389954903,0.07906698393731217
HUN,201906,0.0,33,0.0873970764121054,0.07731609602883042
HUN,201907,1.0,34,0.08381125552395746,0.08047866555604402
HUN,201908,1.0,35,0.08646720286592621,0.08098707394257985
HUN,201909,1.0,36,0.08370875329027552,0.08027783827600514
HUN,201910,,0,0.12831719972318859,0.1342818559682663
HUN,201911,0.0,1,0.23583402002281248,0.23510954744932624
HUN,201912,0.0,2,0.20333347959461087,0.21143014646642555
HUN,202001,0.0,3,0.21695353620079874,0.21089676181072675
HUN,202002,0.0,4,0.13888879408010096,0.1531643260499373
HUN,202003,0.0,5,0.12215092336023897,0.13022956414291226
HUN,202004,0.0,6,0.1300186857772248,0.1324796254700308
HUN,202005,0.0,7,0.1214679897537722,0.1322981551938335
HUN,202006,0.0,8,0.12449289080060456,0.12673605888906628
HUN,202007,0.0,9,0.13469734329321967,0.12356365940437479
HUN,202008,0.0,10,0.1270718425656451,0.12933547483749003
HUN,202009,0.0,11,0.1220507918542156,0.1292382164180571
HUN,202010,,12,0.1290208798964462,0.12925636106746505
HUN,202011,,13,0.12459047075983636,0.10955480580911545
HUN,202012,,14,0.11997317493930604,0.1143628034940169
IDN,201901,,0,0.7702798756492534,0.7913536516301903
IDN,201902,,0,0.7240880229520685,0.7427783758437124
IDN,201903,,0,0.767784945772592,0.7815204475382971
IDN,201904,1.0,1,0.7335980716736823,0.7312474554050148
IDN,201905,1.0,2,0.7282860121448735,0.7490182703787889
IDN,201906,,0,0.6639641629837905,0.635836605726476
IDN,201907,,0,0.7291061977647542,0.7072055359658055
IDN,201908,,0,0.7274345405825887,0.7039997308718788
IDN,201909,1.0,1,0.7774289133874411,0.7794226641254367
IDN,201910,,0,0.7399284430168209,0.7421160127455765
IDN,201911,,0,0.77506107298721,0.7582071251340733
IDN,201912,,0,0.7930528356625652,0.7911334022109701
IDN,202001,,0,0.7499603128204241,0.7499401321785135
IDN,202002,,0,0.7827835299160543,0.7709362901188358
IDN,202003,,0,0.7686170033618852,0.7822170622529475
IDN,202004,,0,0.7669423543155425,0.7532602981209249
IDN,202005,,0,0.7437116436953235,0.7669620348576189
IDN,202006,,0,0.7436202031671146,0.7283313540781137
IDN,202007,,0,0.7350941637862338,0.7353745201049455
IDN,202008,,0,0.760072138961022,0.7695912155393344
IDN,202009,,0,0.7861880686749926,0.7595497661201298
IDN,202010,,0,0.7772564876462799,0.7775062660194293
IDN,202011,,0,0.7422003966517233,0.7195689936421789
IDN,202012,,1,0.7513668200836805,0.7127104165572975
IND,201901,,0,0.7745437594031601,0.8011079955451469
IND,201902,,0,0.791913515811963,0.8017961718025759
IND,201903,,0,0.7982760301656104,0.8102028487908208
IND,201904,,0,0.7940184383782874,0.8050950732329089
IND,201905,,0,0.8061045146740098,0.8154761772534855
IND,201906,,0,0.791840194100165,0.7988313657094608
IND,201907,,0,0.8113362760188187,0.8056344874276149
IND,201908,,0,0.8127844505082268,0.804622385426598
IND,201909,,0,0.7905601120909224,0.7987804720922073
IND,201910,,0,0.8009588255556653,0.7905522392394055
IND,201911,,0,0.8158747492907384,0.797009929013814
IND,201912,,0,0.8044093094230904,0.7952580766983207
IND,202001,,0,0.7875790182153408,0.808269341190793
IND,202002,,0,0.7957002810194315,0.8119211111655037
IND,202003,,0,0.7615871740663168,0.8136857862064143
IND,202004,,0,0.7777646906465427,0.794399213806516
IND,202005,,0,0.7727237820596535,0.809753495695901
IND,202006,,0,0.7879638168644173,0.800748618460548
IND,202007,,0,0.7947620675566143,0.8197827543103812
IND,202008,,0,0.7910521157805753,0.8078198394711018
IND,202009,,0,0.7639713339028602,0.8102362596439393
IND,202010,,0,0.7878978524357356,0.8003964314075782
IND,202011,,0,0.7965834959247399,0.8127584774966461
IND,202012,,0,0.7879754404060604,0.8120881752912504
IRL,201901,,0,0.6039747832755843,0.5948273953349965
IRL,201902,,0,0.6190338343255991,0.6248735641396949
IRL,201903,,0,0.6229669233210398,0.6372144631548564
IRL,201904,,0,0.6781573432095471,0.685592926926659
IRL,201905,1.0,1,0.6611691838724119,0.6639527351234438
IRL,201906,1.0,2,0.6449935877141877,0.6406876719893441
IRL,201907,,0,0.6514420182517235,0.6018993020464902
IRL,201908,,0,0.654533314528024,0.6372904962577948
IRL,201909,1.0,1,0.6689422002892303,0.680672776608165
IRL,201910,,0,0.6420193778263145,0.6623396875913279
IRL,201911,1.0,1,0.6813352294592008,0.7133158640991785
IRL,201912,1.0,2,0.6654519858589559,0.6380523263799572
IRL,202001,,0,0.6230450116810219,0.6197596307906433
IRL,202002,,0,0.6501443890511429,0.6584259647949616
IRL,202003,,0,0.6642615442690485,0.6802207494690719
IRL,202004,,0,0.6839861071551958,0.6884870449964356
IRL,202005,0.0,1,0.7092717151063316,0.7168842760509382
IRL,202006,1.0,2,0.6608553637733512,0.6400337967617312
IRL,202007,1.0,3,0.6442627070970351,0.6138559861846153
IRL,202008,1.0,4,0.5811683651314518,0.5038692767355196
IRL,202009,,0,0.5790849306781779,0.5401551978338861
IRL,202010,,1,0.6538276784176981,0.6523186980836386
IRL,202011,,2,0.6229024440529577,0.5884325559390987
IRL,202012,,3,0.6227873200087902,0.5761961081271446
IRN,201901,,0,0.6721435912737729,0.6479835090403435
IRN,201902,1.0,1,0.7442485547548169,0.7397637164643668
IRN,201903,1.0,2,0.6916066634350971,0.6443499714700818
IRN,201904,,0,0.6731899226433061,0.643114995932313
IRN,201905,0.0,1,0.7316211863966737,0.6940011233466423
IRN,201906,0.0,2,0.6906942957443399,0.6579440192254995
IRN,201907,0.0,3,0.6929043431849435,0.6516520502617033
IRN,201908,0.0,4,0.5672633150183337,0.5292228731843217
IRN,201909,0.0,5,0.5420000933855338,0.5211542799154323
IRN,201910,0.0,6,0.4897942688615213,0.4468822982900447
IRN,201911,0.0,7,0.5122178418669528,0.465051878751297
IRN,201912,0.0,8,0.49130502766218015,0.4216546187256947
IRN,202001,0.0,9,0.48708916006348685,0.4395563453301824
IRN,202002,1.0,10,0.3545035577121618,0.307828144378257
IRN,202003,1.0,11,0.33995564242963655,0.3373888150586304
IRN,202004,1.0,12,0.3133275345633312,0.3138057052196758
IRN,202005,,0,0.3995930310548137,0.40030479467714214
IRN,202006,1.0,1,0.5487653918068675,0.5231596765407526
IRN,202007,,0,0.5056740187791205,0.5092404739445902
IRN,202008,1.0,1,0.5488916174427524,0.5321922576615119
IRN,202009,1.0,2,0.5326657805834497,0.49939976059837726
IRN,202010,,3,0.5288582492913276,0.5088194411706073
IRN,202011,,0,0.4453311012348702,0.4299914734389123
IRN,202012,,1,0.5712370355501828,0.5170916892709834
IRQ,201901,,0,0.8044558660798853,0.8075486462216409
IRQ,201902,,0,0.8006767121486988,0.8050231216467846
IRQ,201903,,0,0.8032178759681095,0.8059625047342439
IRQ,201904,,0,0.7890128669360174,0.806522581126378
IRQ,201905,,0,0.8089020631497852,0.8070677634624253
IRQ,201906,,0,0.8119121742187745,0.8079922122729809
IRQ,201907,,0,0.795013269863234,0.8081164742725478
IRQ,201908,,0,0.823922812486541,0.8169887869076338
IRQ,201909,,0,0.790103069475299,0.801816512033669
IRQ,201910,,0,0.8031810615870121,0.799245410883158
IRQ,201911,,0,0.8169712305138707,0.8111603542709362
IRQ,201912,,0,0.8298945817969186,0.811137430854175
IRQ,202001,,0,0.8223456776544913,0.7907834824048244
IRQ,202002,,0,0.8409904935893323,0.7959769429682853
IRQ,202003,,0,0.8248778321154059,0.8163353832554259
IRQ,202004,,0,0.8353551957245413,0.7842276767158861
IRQ,202005,,0,0.824844538224928,0.7949930592422478
IRQ,202006,,0,0.814063799365768,0.7989779815660158
IRQ,202007,,0,0.8220916800943064,0.8068726503301327
IRQ,202008,,0,0.8148948544818763,0.7888906736357038
IRQ,202009,,0,0.8317219292697192,0.7934620932981331
IRQ,202010,,0,0.8183877475472435,0.7880091093380607
IRQ,202011,,0,0.8222878332030306,0.7902501444959136
IRQ,202012,,0,0.8320501151499871,0.8059244153763119
ISL,201901,0.0,57,0.10191777691490023,0.09574797256933841
ISL,201902,0.0,58,0.1039335770058723,0.09381420382075112
ISL,201903,0.0,59,0.10251065687869679,0.09585318353465061
ISL,201904,0.0,60,0.09909596050960617,0.09302419601519243
ISL,201905,0.0,61,0.10595206397532461,0.09473061565826559
ISL,201906,0.0,62,0.10595114812304168,0.09272494128829865
ISL,201907,0.0,63,0.09353830574615651,0.09590052897833438
ISL,201908,0.0,64,0.11123561197036232,0.09198493162962101
ISL,201909,0.0,65,0.10908640899547221,0.09748411784786178
ISL,201910,0.0,66,0.09651029991381196,0.09633991776793727
ISL,201911,0.0,67,0.0965405125684532,0.09389022032597882
ISL,201912,0.0,68,0.10130921295698954,0.09451168437260553
ISL,202001,0.0,69,0.10809120601786124,0.09446492304723256
ISL,202002,0.0,70,0.11063300734051129,0.10158243908273853
ISL,202003,0.0,71,0.09115043731013125,0.10121615210600857
ISL,202004,0.0,72,0.0934735634406247,0.09646922489080262
ISL,202005,0.0,73,0.09903400690303941,0.09616000322689205
ISL,202006,0.0,74,0.09491226161595279,0.09737770771913787
ISL,202007,0.0,75,0.0888412796931258,0.0939147874163467
ISL,202008,0.0,76,0.09836163009485664,0.09312118879583718
ISL,202009,0.0,77,0.10295145527075744,0.09512554091236941
ISL,202010,,78,0.09275089661373742,0.09199358501538626
ISL,202011,,79,0.09261020315772363,0.0938349685695796
ISL,202012,,80,0.09299297214035693,0.09333340023442421
ISR,201901,,0,0.8421916283428565,0.7824177234372605
ISR,201902,,0,0.7985536973244719,0.7351272688442578
ISR,201903,,0,0.8390772052903557,0.7825553106639195
ISR,201904,1.0,1,0.835400485805629,0.7833952602405297
ISR,201905,,0,0.8098723309391767,0.7473604141321366
ISR,201906,,0,0.8164777333703148,0.7440654702985771
ISR,201907,,0,0.8195190353596863,0.75529983356977
ISR,201908,,0,0.8383073235918401,0.7978384035189764
ISR,201909,,0,0.8060469226878568,0.7479455974020662
ISR,201910,,0,0.8088054449633176,0.7626058396691626
ISR,201911,,0,0.8315054851048628,0.7970084527680343
ISR,201912,,0,0.8194676327631418,0.7957627742124592
ISR,202001,,0,0.8166296828453632,0.7764712643352634
ISR,202002,,0,0.8289600151158452,0.7795596255929282
ISR,202003,1.0,1,0.795365870246119,0.7785778730908858
ISR,202004,,0,0.748431565587868,0.7037416812966761
ISR,202005,,0,0.8223221264958819,0.7728970108463298
ISR,202006,,0,0.7940495795824019,0.7357057393896903
ISR,202007,,0,0.7898890278171432,0.7259017441266598
ISR,202008,,0,0.7786603247863849,0.7309787646152978
ISR,202009,,0,0.808289099499058,0.7488012541252176
ISR,202010,,0,0.8025960513685635,0.7510564482242025
ISR,202011,,0,0.8039713015128968,0.7538557120279847
ISR,202012,,0,0.7848536978598791,0.7320957689741411
ITA,201901,1.0,1,0.6753152901320525,0.657764367882743
ITA,201902,1.0,2,0.6884509740820035,0.6172137983210155
ITA,201903,,0,0.6297174804519488,0.6246858614050106
ITA,201904,,0,0.6488130986384764,0.6523115703160439
ITA,201905,1.0,1,0.6880110501524199,0.6779675939631329
ITA,201906,1.0,2,0.6468517759199142,0.6495840918239805
ITA,201907,,0,0.6542559024170166,0.6265571737623149
ITA,201908,0.0,1,0.6793175539973259,0.6943114655957152
ITA,201909,0.0,2,0.6488610416403899,0.6384081212023212
ITA,201910,0.0,3,0.6279137886043817,0.6288277277384399
ITA,201911,0.0,4,0.5370603000759977,0.4919402047341478
ITA,201912,1.0,5,0.5171024379361381,0.4618062002780011
ITA,202001,1.0,6,0.4902754707127526,0.4482975872618748
ITA,202002,1.0,7,0.49428463088549357,0.41642443622494724
ITA,202003,,0,0.521266037827796,0.5096551863641402
ITA,202004,,0,0.732528014446627,0.7519568666694946
ITA,202005,0.0,1,0.7406647207904311,0.7455715573303583
ITA,202006,0.0,2,0.6943233319332504,0.6983066883694736
ITA,202007,1.0,3,0.6738894136546346,0.6616587222666506
ITA,202008,1.0,4,0.5736251339426675,0.5225275161777336
ITA,202009,1.0,5,0.5229619807736918,0.4949477264663422
ITA,202010,,0,0.5721807961893925,0.5478790607450391
ITA,202011,,1,0.6551497120052754,0.657925407899909
ITA,202012,,2,0.6320913744150581,0.6145289976280756
JAM,201901,0.0,15,0.11113076982923148,0.11624893554607006
JAM,201902,0.0,16,0.09484197879830011,0.1062663111158162
JAM,201903,0.0,17,0.0982425931900403,0.10530119427535255
JAM,201904,0.0,18,0.09952356095311324,0.10621018418254556
JAM,201905,0.0,19,0.09904419827510764,0.11205006140151273
JAM,201906,0.0,20,0.11162717283895965,0.10548698117972448
JAM,201907,0.0,21,0.0976593216323752,0.10441771620289753
JAM,201908,0.0,22,0.11575321322992328,0.10709038612165139
JAM,201909,0.0,23,0.11542935687350406,0.10611192343253974
JAM,201910,0.0,24,0.10520674657202443,0.10646953729789395
JAM,201911,0.0,25,0.1087782791085001,0.10373818252608621
JAM,201912,0.0,26,0.10811104963983402,0.10045036450197062
JAM,202001,0.0,27,0.1145108181558347,0.10675097408359818
JAM,202002,0.0,28,0.10610511040177213,0.11232970969798607
JAM,202003,0.0,29,0.10103350775393684,0.1127153671449697
JAM,202004,0.0,30,0.09976190911377991,0.10766111479633093
JAM,202005,0.0,31,0.09727992214906861,0.10894742322976404
JAM,202006,0.0,32,0.09494770137820412,0.10288183333603726
JAM,202007,0.0,33,0.09620503441759266,0.10144579514005934
JAM,202008,0.0,34,0.09507245872920876,0.09958267683531816
JAM,202009,0.0,35,0.10066863211750116,0.10061443919026186
JAM,202010,,36,0.09241040450216348,0.0956754159837167
JAM,202011,,37,0.08496580579805413,0.09592516064871337
JAM,202012,,38,0.08651627823171623,0.0935101145090037
JOR,201901,1.0,3,0.47349162136389084,0.4274772684711833
JOR,201902,,0,0.4223827504241446,0.3796041173181321
JOR,201903,0.0,1,0.640712698961162,0.6010502999941254
JOR,201904,0.0,2,0.6122861600183027,0.5782187024968201
JOR,201905,1.0,3,0.6248475904545101,0.562522644116034
JOR,201906,1.0,4,0.5117688702283365,0.4626260938743377
JOR,201907,1.0,5,0.5175177959027882,0.42883071852380156
JOR,201908,,0,0.5371677490185229,0.4749095964755806
JOR,201909,1.0,1,0.6310251808623143,0.5810151452051486
JOR,201910,1.0,2,0.5801911934503661,0.5590988178050444
JOR,201911,,0,0.555583572864905,0.5073722429591598
JOR,201912,0.0,1,0.6120907902199029,0.575576932953404
JOR,202001,0.0,2,0.5962235780160265,0.5542959120410873
JOR,202002,0.0,3,0.5772351195474088,0.537931199873398
JOR,202003,0.0,4,0.3650250930771468,0.3542599646319916
JOR,202004,0.0,5,0.3284304459033164,0.323626677752978
JOR,202005,0.0,6,0.3481177212514857,0.3204740162494694
JOR,202006,0.0,7,0.34891699285400735,0.3139595039113739
JOR,202007,0.0,8,0.3396962027236499,0.3137619191797688
JOR,202008,0.0,9,0.340108645795983,0.31126876844962514
JOR,202009,0.0,10,0.22043179955917977,0.2180929046905314
JOR,202010,,11,0.23217976262612544,0.22236859106238085
JOR,202011,,12,0.2246663822874769,0.21544577352033958
JOR,202012,,13,0.2124559813133344,0.20468925539332095
JPN,201901,,0,0.14902147268308907,0.1682247540490837
JPN,201902,0.0,1,0.27998602053613986,0.3044904943909251
JPN,201903,0.0,2,0.23575075112301494,0.25371063539977107
JPN,201904,0.0,3,0.23080258725435468,0.24345118089906267
JPN,201905,0.0,4,0.17131662663665279,0.19015713251087885
JPN,201906,0.0,5,0.1575954447171884,0.1755510299090474
JPN,201907,0.0,6,0.14304809160509316,0.1658847277248768
JPN,201908,0.0,7,0.11989834214616417,0.14273815987210103
JPN,201909,0.0,8,0.11928851989571598,0.13315754320838744
JPN,201910,0.0,9,0.11902393325683054,0.13471569668098726
JPN,201911,0.0,10,0.11871412753164307,0.12604091028696232
JPN,201912,0.0,11,0.11426765284506452,0.13023013712313547
JPN,202001,0.0,12,0.12122542763149785,0.13747372391649063
JPN,202002,0.0,13,0.10531598359370584,0.12399922195208629
JPN,202003,0.0,14,0.10135153093350434,0.12539525506901814
JPN,202004,0.0,15,0.10554001404669856,0.114534879924494
JPN,202005,0.0,16,0.09528086522935211,0.10711412262031965
JPN,202006,0.0,17,0.09371424780902134,0.10333101319604196
JPN,202007,0.0,18,0.09452429796680634,0.1003523413202089
JPN,202008,0.0,19,0.09438577627779822,0.10210183747781411
JPN,202009,0.0,20,0.09769710835234323,0.1034631506518538
JPN,202010,,21,0.0964453436552787,0.10038312790074372
JPN,202011,,22,0.09381867399852299,0.10037691886028163
JPN,202012,,23,0.0953549434005528,0.103913598857287
KAZ,201901,0.0,31,0.10796446483203115,0.10552132849065662
KAZ,201902,0.0,32,0.10227011103282242,0.1053808083782022
KAZ,201903,0.0,33,0.10047361555811987,0.11774539369307471
KAZ,201904,0.0,34,0.11019308129202315,0.10871652753972931
KAZ,201905,0.0,35,0.11722494773579832,0.11325903940961794
KAZ,201906,0.0,36,0.10059512196876483,0.12041203706599013
KAZ,201907,0.0,37,0.08125452707287392,0.08631904468619102
KAZ,201908,0.0,38,0.08017085718442422,0.0834309563583141
KAZ,201909,0.0,39,0.07877326131799035,0.08468642016734124
KAZ,201910,0.0,40,0.07919916944916384,0.08110779531964185
KAZ,201911,0.0,41,0.07640189327884767,0.08398415719303597
KAZ,201912,1.0,42,0.07801723702596916,0.08379173331582174
KAZ,202001,1.0,43,0.08435282249447314,0.10483086837951612
KAZ,202002,1.0,44,0.08895917774689605,0.10341815875189983
KAZ,202003,,0,0.1352623132131538,0.15902116938354705
KAZ,202004,1.0,1,0.23537071921313846,0.27083935586299135
KAZ,202005,,0,0.1877573684301112,0.24170443958302634
KAZ,202006,0.0,1,0.2338619771641158,0.28955291578214815
KAZ,202007,0.0,2,0.22195879911976724,0.2512692815382153
KAZ,202008,0.0,3,0.20539131971852626,0.2553259069618822
KAZ,202009,1.0,4,0.1759464987921762,0.171612896913779
KAZ,202010,,5,0.15709068348179542,0.16465221286067755
KAZ,202011,,6,0.15031064042037223,0.15137578576383745
KAZ,202012,,0,0.16729349903781038,0.1861739298543866
KEN,201901,,0,0.7878721859005872,0.8109573480152682
KEN,201902,,0,0.7775341834748292,0.8079014561664392
KEN,201903,1.0,1,0.7815655291386863,0.804810639461367
KEN,201904,,0,0.7506041933485725,0.7760696194117501
KEN,201905,,0,0.7737594312873541,0.8012620038343724
KEN,201906,,0,0.76881717367378,0.7720142467285944
KEN,201907,,0,0.8004780576852809,0.8206645700624492
KEN,201908,,0,0.797990430642095,0.8210505121706986
KEN,201909,1.0,1,0.7779846924915118,0.81245565274906
KEN,201910,,0,0.7518964129364931,0.7671613418959832
KEN,201911,1.0,1,0.792917545835345,0.808494396251441
KEN,201912,,0,0.7539972298776562,0.7505213318038861
KEN,202001,,0,0.7948340250811118,0.7964607413392182
KEN,202002,,0,0.8032939337120589,0.8029468508177043
KEN,202003,,0,0.8005733781280194,0.8029409922033569
KEN,202004,,0,0.7908739842491521,0.7878805889914865
KEN,202005,,0,0.7716923260595085,0.7925869066156604
KEN,202006,,0,0.7873582365272374,0.7932045668927047
KEN,202007,,0,0.8021025691599803,0.814306448868307
KEN,202008,1.0,1,0.7478891526058757,0.7608273809998813
KEN,202009,,0,0.7530774789686481,0.7538745465435889
KEN,202010,,0,0.7700567088713106,0.7618505030922502
KEN,202011,,0,0.8069281141409566,0.7971580278919775
KEN,202012,,0,0.8195107381806701,0.8023890632826126
KGZ,201901,0.0,12,0.19807521394987138,0.19461466463826402
KGZ,201902,0.0,13,0.18336299092229552,0.19138243432930618
KGZ,201903,0.0,14,0.19526503023670927,0.19397851530876878
KGZ,201904,0.0,15,0.17769036593286347,0.17295351197684533
KGZ,201905,0.0,16,0.17700670579654396,0.16114126070413679
KGZ,201906,0.0,17,0.15834777026314217,0.16193939133634916
KGZ,201907,0.0,18,0.15890462738880173,0.15082336752980105
KGZ,201908,0.0,19,0.17435428531745895,0.15409737730247897
KGZ,201909,0.0,20,0.1666729079105441,0.15045061105423385
KGZ,201910,1.0,21,0.16979944655396473,0.14029538720571583
KGZ,201911,1.0,22,0.16393863064247594,0.136758530621109
KGZ,201912,1.0,23,0.15497222964629095,0.14674934113355356
KGZ,202001,,0,0.19662909869815548,0.21874200262044216
KGZ,202002,0.0,1,0.2820911567793278,0.30043846396160523
KGZ,202003,1.0,2,0.24646634613069082,0.2693115399645645
KGZ,202004,1.0,3,0.2265260550369027,0.2755690230052896
KGZ,202005,1.0,4,0.19684895184004728,0.2207213269264275
KGZ,202006,,0,0.1820326920600102,0.2008723032933267
KGZ,202007,0.0,1,0.3157482349030716,0.32523678836835584
KGZ,202008,0.0,2,0.27795832085503214,0.28443044008947527
KGZ,202009,0.0,3,0.2744704546616329,0.2864086784273608
KGZ,202010,,4,0.2536789185545617,0.2412597729443031
KGZ,202011,,5,0.18603074854644205,0.19281235683224326
KGZ,202012,,6,0.18709566041598877,0.19734314598858135
KHM,201901,0.0,64,0.07944649141714723,0.08523785699649312
KHM,201902,0.0,65,0.08247439009207902,0.09079662719067151
KHM,201903,0.0,66,0.07937430460654432,0.08692811388470523
KHM,201904,0.0,67,0.07966535288410638,0.08679843891395755
KHM,201905,0.0,68,0.07671013241827546,0.08185436656965882
KHM,201906,0.0,69,0.0839009371489921,0.08310389578267804
KHM,201907,0.0,70,0.07965720243448672,0.08768111857610052
KHM,201908,0.0,71,0.08168927066286179,0.07997393584341353
KHM,201909,0.0,72,0.07748310770883225,0.07625847935105767
KHM,201910,0.0,73,0.0788224778993592,0.07891085503934024
KHM,201911,0.0,74,0.07789754120818436,0.08381595802985504
KHM,201912,0.0,75,0.07660437204553823,0.08045511226795111
KHM,202001,0.0,76,0.08354553771071271,0.09673513455114267
KHM,202002,0.0,77,0.08634459946828034,0.09730095388686223
KHM,202003,0.0,78,0.08379247228569656,0.09858643328950382
KHM,202004,0.0,79,0.08718111776715746,0.09660185643861458
KHM,202005,0.0,80,0.08514310814082159,0.09110818348528417
KHM,202006,0.0,81,0.08623296832436657,0.09451747404017098
KHM,202007,0.0,82,0.0825745934413234,0.09080318110882199
KHM,202008,0.0,83,0.08543240332665165,0.0867199645529047
KHM,202009,0.0,84,0.08492432790282611,0.09011641573950117
KHM,202010,,85,0.08189302434328397,0.08642686720436207
KHM,202011,,86,0.08584383211102516,0.08811735608685928
KHM,202012,,87,0.08598093921876282,0.08751291486456307
KOR,201901,0.0,11,0.10909938346681075,0.11452330972552521
KOR,201902,0.0,12,0.10627558807500095,0.1133400409672004
KOR,201903,1.0,13,0.10480491394328452,0.11592808881015904
KOR,201904,1.0,14,0.09507685597824231,0.11159315373928584
KOR,201905,1.0,15,0.0958943872595148,0.10318040372981013
KOR,201906,,0,0.1332203298581531,0.15060356367913577
KOR,201907,0.0,1,0.2600509721755945,0.26196702346816947
KOR,201908,0.0,2,0.22441772234839497,0.24679347756685707
KOR,201909,0.0,3,0.2145480112988133,0.23945011333815144
KOR,201910,0.0,4,0.14379037393216845,0.172722647263251
KOR,201911,0.0,5,0.13601659295754134,0.1505337388448271
KOR,201912,0.0,6,0.13754486927292053,0.13838669991456096
KOR,202001,0.0,7,0.12005100444602972,0.13047284820295085
KOR,202002,0.0,8,0.10642373542343588,0.1317374143771742
KOR,202003,0.0,9,0.11363815706834694,0.12996938613301773
KOR,202004,0.0,10,0.12238350035609426,0.13122015552390218
KOR,202005,0.0,11,0.12249684644339429,0.13229339410997326
KOR,202006,0.0,12,0.1266772154586157,0.1284163178495921
KOR,202007,0.0,13,0.11646529606112807,0.11825759501520407
KOR,202008,0.0,14,0.10889216012346918,0.12112487141547992
KOR,202009,0.0,15,0.10226782766673408,0.11533799787185267
KOR,202010,,16,0.10309219799285792,0.10236454679053349
KOR,202011,,17,0.09531983933733457,0.1001340648468452
KOR,202012,,18,0.09638228915276531,0.10603411225447801
KWT,201901,0.0,35,0.09404184608754113,0.0960325092540145
KWT,201902,0.0,36,0.09284746858762981,0.09782847716198165
KWT,201903,0.0,37,0.09230226038228807,0.09719976243204957
KWT,201904,0.0,38,0.08838650653438274,0.09553178297064795
KWT,201905,0.0,39,0.09030227464823891,0.09432370111603762
KWT,201906,0.0,40,0.09453503971394385,0.09441286587919602
KWT,201907,0.0,41,0.08840841844888167,0.09705713581957905
KWT,201908,0.0,42,0.0894251367409996,0.0939446318177646
KWT,201909,0.0,43,0.10455125458325645,0.09726390503465876
KWT,201910,0.0,44,0.09500586805259832,0.09465487696944437
KWT,201911,0.0,45,0.08963058675853805,0.09468382493939062
KWT,201912,0.0,46,0.08395362948803287,0.09245511557267086
KWT,202001,0.0,47,0.10006585041544054,0.09809872881446471
KWT,202002,0.0,48,0.10669549730707839,0.0972902958709687
KWT,202003,0.0,49,0.09910741678788756,0.09919238998215336
KWT,202004,0.0,50,0.09843804428075899,0.09411707267441427
KWT,202005,0.0,51,0.09506988224533425,0.09137883593773875
KWT,202006,0.0,52,0.09857254325829987,0.09360533860848959
KWT,202007,0.0,53,0.10360880295735468,0.09144838654282773
KWT,202008,0.0,54,0.09594159947627809,0.09163108630041648
KWT,202009,0.0,55,0.10206393050388302,0.09359830459543422
KWT,202010,,56,0.10020687149288783,0.09065675147747347
KWT,202011,,57,0.09369190362533361,0.09151341618076954
KWT,202012,,58,0.10259672455583274,0.0885746662150971
LAO,201901,0.0,19,0.14119086394239358,0.13754232039363765
LAO,201902,0.0,20,0.13102407610630132,0.12762293630382218
LAO,201903,0.0,21,0.11581366324135915,0.1313907860711132
LAO,201904,0.0,22,0.07725307933147507,0.07992183896267115
LAO,201905,0.0,23,0.0748193273334267,0.0781755907603603
LAO,201906,0.0,24,0.08089244815959223,0.07637785041406582
LAO,201907,0.0,25,0.07398034022115851,0.0775184100410993
LAO,201908,0.0,26,0.08071806296893987,0.07718974226327206
LAO,201909,0.0,27,0.07248971478247934,0.07151214460483737
LAO,201910,0.0,28,0.07172421855788805,0.07570514775384375
LAO,201911,0.0,29,0.07293995926616599,0.07719796079277776
LAO,201912,0.0,30,0.07661310539189006,0.07277530055316396
LAO,202001,0.0,31,0.08688900923183632,0.09138575890414763
LAO,202002,0.0,32,0.0768513463322749,0.09230290822701372
LAO,202003,0.0,33,0.07570532729155918,0.09116167495663316
LAO,202004,0.0,34,0.08781712438026036,0.08789757576982352
LAO,202005,0.0,35,0.08145359074401495,0.08755612448724351
LAO,202006,0.0,36,0.07606780733596945,0.08991443669415744
LAO,202007,0.0,37,0.07269949605652838,0.08804954867497003
LAO,202008,0.0,38,0.07753409720533047,0.08350986138271914
LAO,202009,0.0,39,0.07520452652285915,0.08694831743225037
LAO,202010,,40,0.075292127651384,0.08207210176353025
LAO,202011,,41,0.07170204948742459,0.08264106695577599
LAO,202012,,42,0.07268754178196983,0.08108498550079866
LBN,201901,1.0,4,0.5391414277167197,0.5045524827638548
LBN,201902,,0,0.5895673747894173,0.5345688285653525
LBN,201903,1.0,1,0.7046227558695872,0.6295014493917223
LBN,201904,1.0,2,0.6657472407814272,0.6192051231926105
LBN,201905,1.0,3,0.6525347680978791,0.6065247696000846
LBN,201906,,0,0.5748526069849555,0.5268373873499924
LBN,201907,0.0,1,0.6766401469644504,0.664975025479261
LBN,201908,1.0,2,0.6685286063915734,0.6178049312509512
LBN,201909,1.0,3,0.6170186337024295,0.5797752717329319
LBN,201910,1.0,4,0.4636831020723726,0.4534198164827945
LBN,201911,,0,0.4958712231014363,0.4639894337405523
LBN,201912,1.0,1,0.6495443302759345,0.5874264804735476
LBN,202001,1.0,2,0.6204605913658997,0.5725197973202685
LBN,202002,,0,0.599170667867149,0.5694762683013301
LBN,202003,,0,0.6466533056061314,0.5941468769551653
LBN,202004,,0,0.6348939714596805,0.6135516357761815
LBN,202005,1.0,1,0.6590371558755774,0.610764556974149
LBN,202006,1.0,2,0.6419027818876988,0.5729314771338943
LBN,202007,1.0,3,0.6030753631004253,0.5599194687266674
LBN,202008,,0,0.5677962564218022,0.5207332143649254
LBN,202009,,0,0.7061949705899413,0.6214034886845728
LBN,202010,,1,0.6731783250207131,0.6188465698683879
LBN,202011,,2,0.6207976906340477,0.5785610858601127
LBN,202012,,0,0.6358640777577231,0.5652129033770443
LBR,201901,,0,0.16043091786072117,0.18161626368833242
LBR,201902,0.0,1,0.26464235714868994,0.27278797838986124
LBR,201903,0.0,2,0.23169438012239818,0.23520154344627212
LBR,201904,0.0,3,0.22639085896244854,0.236102690215613
LBR,201905,0.0,4,0.150067016208203,0.1859417250798002
LBR,201906,0.0,5,0.18922392989163794,0.24376191939075967
LBR,201907,0.0,6,0.13375742336713245,0.16328550939714706
LBR,201908,0.0,7,0.1400121302875107,0.17108735432593286
LBR,201909,0.0,8,0.13479110076577955,0.1763308494401036
LBR,201910,0.0,9,0.1356169878188286,0.17357177079694214
LBR,201911,0.0,10,0.14469069692385778,0.1532107615505135
LBR,201912,0.0,11,0.12789918047984403,0.1735171798180203
LBR,202001,0.0,12,0.15549050057487995,0.14746797658515853
LBR,202002,0.0,13,0.11984777017839235,0.12868019204997802
LBR,202003,0.0,14,0.1557770631550345,0.1849132342714848
LBR,202004,0.0,15,0.16244396012590706,0.16812570893418832
LBR,202005,0.0,16,0.1051296585699864,0.11001485176404616
LBR,202006,0.0,17,0.09841544805204352,0.11349162769057158
LBR,202007,0.0,18,0.10273963617132914,0.10640078077817866
LBR,202008,0.0,19,0.09885950255213748,0.10983957422693578
LBR,202009,0.0,20,0.10875031900520077,0.10923578019443628
LBR,202010,,21,0.09945405498592769,0.10509080989286305
LBR,202011,,22,0.10263056104923568,0.10130151243362223
LBR,202012,,23,0.1030778125358657,0.1026670081913404
LBY,201901,,0,0.773009127953354,0.7871336451207672
LBY,201902,,0,0.7756026505780079,0.790117322943468
LBY,201903,,0,0.7784279364051145,0.7757831845212669
LBY,201904,,0,0.8021423958000882,0.781390478542686
LBY,201905,,0,0.8125575356911525,0.7847778321655139
LBY,201906,,0,0.8138900869905092,0.8020952409292511
LBY,201907,,0,0.8183651891434885,0.7918159893531039
LBY,201908,,0,0.8161992070465112,0.787013496330492
LBY,201909,1.0,1,0.7629171817773961,0.761072215914607
LBY,201910,,0,0.7532563848031181,0.7111536535602525
LBY,201911,,0,0.7884353954477514,0.7936513302624391
LBY,201912,,0,0.804046650657053,0.7833691358142534
LBY,202001,,0,0.809519122564397,0.7808216487507211
LBY,202002,,0,0.8042127320254032,0.7787899625274091
LBY,202003,,0,0.8034664940134617,0.7908963070623097
LBY,202004,,0,0.8232732171425948,0.7624450175977856
LBY,202005,,0,0.7992464876868572,0.7895522017243798
LBY,202006,1.0,1,0.8124202736623894,0.7811618197320577
LBY,202007,,0,0.7657433570328607,0.7523635775406252
LBY,202008,1.0,1,0.7570404056957234,0.7256565718267202
LBY,202009,1.0,2,0.7391496682637226,0.6950343592518975
LBY,202010,,3,0.7122964936996968,0.6335413051231357
LBY,202011,,0,0.5987475311391788,0.5509383059875117
LBY,202012,,1,0.7286088894477634,0.6820520440870931
LKA,201901,1.0,7,0.505319333985642,0.43770112473185724
LKA,201902,1.0,8,0.49319366313485397,0.42160456315897066
LKA,201903,,0,0.5457794232542714,0.521460009971199
LKA,201904,,0,0.6916667830544563,0.6224119826501279
LKA,201905,,0,0.7500899431163865,0.737248032942287
LKA,201906,0.0,1,0.7426818580967535,0.729482081989818
LKA,201907,0.0,2,0.704902862150031,0.6680934625323621
LKA,201908,1.0,3,0.6884005604966725,0.6325461590783283
LKA,201909,1.0,4,0.5691133632336977,0.5366524008450402
LKA,201910,1.0,5,0.5443052655268853,0.5012414720923363
LKA,201911,,0,0.5866481562680452,0.5300532529188314
LKA,201912,0.0,1,0.7451517633999305,0.7444555662060017
LKA,202001,0.0,2,0.6987761157307856,0.7029100450972652
LKA,202002,0.0,3,0.6464148615658522,0.693051344928725
LKA,202003,0.0,4,0.5426181953768376,0.5141227109850655
LKA,202004,0.0,5,0.5112938746438226,0.4947824985147434
LKA,202005,1.0,6,0.4722102717336218,0.446141779430241
LKA,202006,1.0,7,0.4571370940723433,0.3985445959483707
LKA,202007,1.0,8,0.4426265645171695,0.39602772697571054
LKA,202008,,0,0.49992259508412396,0.48563469855908326
LKA,202009,0.0,1,0.6152281200875589,0.6000218701497525
LKA,202010,,2,0.5578559963303521,0.567730406669406
LKA,202011,,3,0.5287778211001419,0.5526466472388105
LKA,202012,,4,0.36446153850390645,0.3417082578743215
LTU,201901,0.0,5,0.12402256965926922,0.12199922843720692
LTU,201902,0.0,6,0.12095282304750826,0.12202753843576013
LTU,201903,0.0,7,0.11990657823284558,0.11635013943505607
LTU,201904,0.0,8,0.14164110420211973,0.11583365230492713
LTU,201905,0.0,9,0.12113796549187425,0.11217534233322617
LTU,201906,0.0,10,0.12344229092526764,0.11402542182124986
LTU,201907,1.0,11,0.12714430426061524,0.10911394079705533
LTU,201908,1.0,12,0.12311789262512597,0.11039590936371553
LTU,201909,1.0,13,0.10763815525904384,0.10193264392320055
LTU,201910,,0,0.12490805915626213,0.1371205218174599
LTU,201911,0.0,1,0.21446203300343464,0.2386187797868228
LTU,201912,0.0,2,0.18234449431499075,0.21091887855294955
LTU,202001,0.0,3,0.1997561522333614,0.21221132328344885
LTU,202002,0.0,4,0.1511542463077181,0.15440743281662095
LTU,202003,0.0,5,0.1548335605225055,0.1337958178126737
LTU,202004,0.0,6,0.1438984261123029,0.13072092006402639
LTU,202005,0.0,7,0.149327887776231,0.13370086073358137
LTU,202006,0.0,8,0.145178299605738,0.1345913093560449
LTU,202007,0.0,9,0.14756634051162767,0.13050030602242083
LTU,202008,0.0,10,0.14175754942434823,0.13501411349065903
LTU,202009,0.0,11,0.130848838607494,0.13532018247312733
LTU,202010,,12,0.13337148359969223,0.13152592946191194
LTU,202011,,13,0.1263225277679914,0.12042602640525937
LTU,202012,,14,0.13167348762176265,0.12166259885454
LUX,201901,0.0,109,0.08790785726595163,0.09661672542401595
LUX,201902,0.0,110,0.09203962070222438,0.09324029760127525
LUX,201903,0.0,111,0.08903167865406977,0.09523152818685571
LUX,201904,0.0,112,0.08377984309394078,0.09489984663960115
LUX,201905,0.0,113,0.08576195646538261,0.0973602482118154
LUX,201906,0.0,114,0.08795306952823086,0.09532714852846709
LUX,201907,0.0,115,0.08738041702402813,0.09650221539830786
LUX,201908,0.0,116,0.09182828939049037,0.09531035855994333
LUX,201909,0.0,117,0.08454122433489349,0.09656270934066878
LUX,201910,0.0,118,0.0823810483180136,0.09526096305950313
LUX,201911,0.0,119,0.07940676445471187,0.09921149379897037
LUX,201912,0.0,120,0.08253284324906346,0.0947046196174886
LUX,202001,0.0,121,0.08129300724724381,0.09252613590287873
LUX,202002,0.0,122,0.07663498278315856,0.09497610682031798
LUX,202003,0.0,123,0.07467506324461336,0.09556198915229981
LUX,202004,0.0,124,0.07712012407439599,0.0912183025899477
LUX,202005,0.0,125,0.08199451730507672,0.09306808887543769
LUX,202006,0.0,126,0.08090510508613016,0.09633180675994293
LUX,202007,0.0,127,0.0792522576201361,0.09619389401734002
LUX,202008,0.0,128,0.08360745917751684,0.09359559341876658
LUX,202009,0.0,129,0.07964490459678393,0.09291675291793089
LUX,202010,,130,0.07606882702682075,0.09469842857369627
LUX,202011,,131,0.07653671794924928,0.0938349685695796
LUX,202012,,132,0.07882714240680641,0.09387393423248983
LVA,201901,0.0,13,0.11274033770855069,0.11434368851943862
LVA,201902,0.0,14,0.10608783302095544,0.10891818877865327
LVA,201903,0.0,15,0.09960155784655007,0.10902685610933065
LVA,201904,0.0,16,0.101826405832198,0.10262370782467307
LVA,201905,0.0,17,0.09129728239348983,0.1064227357817665
LVA,201906,0.0,18,0.09915647370159628,0.10201138057086304
LVA,201907,0.0,19,0.10081532169517125,0.10106396804069878
LVA,201908,0.0,20,0.10790579147101105,0.10302802152807443
LVA,201909,0.0,21,0.1059225258935632,0.10511808260660617
LVA,201910,0.0,22,0.10525615284374618,0.10327785160246261
LVA,201911,0.0,23,0.10601186402115664,0.10726177450950786
LVA,201912,0.0,24,0.11289737437429272,0.09763144837444561
LVA,202001,0.0,25,0.1030666652944484,0.10062401643291398
LVA,202002,0.0,26,0.09493761363607434,0.101783992267995
LVA,202003,0.0,27,0.10531501119964246,0.1003903890475935
LVA,202004,0.0,28,0.10115085127692136,0.09764594067213249
LVA,202005,0.0,29,0.09841596188358444,0.0967911711242324
LVA,202006,0.0,30,0.09793081657354646,0.09810412294409146
LVA,202007,0.0,31,0.10250012884632685,0.09629783129841957
LVA,202008,0.0,32,0.09164643299011507,0.09588254846415094
LVA,202009,0.0,33,0.09740235414852463,0.09596572871862906
LVA,202010,,34,0.09444649464650615,0.09566587566554129
LVA,202011,,35,0.09539872973140183,0.09445419670341496
LVA,202012,,36,0.09719110360945972,0.09748150161484721
MAR,201901,0.0,1,0.3252014915402954,0.2628115625154067
MAR,201902,0.0,2,0.28282797205034116,0.21985650087664932
MAR,201903,0.0,3,0.279779911494666,0.2262428708445726
MAR,201904,0.0,4,0.17785501738060808,0.1532742535276748
MAR,201905,0.0,5,0.14912593761051704,0.13470252025050525
MAR,201906,0.0,6,0.14241263735739026,0.13370468977476013
MAR,201907,0.0,7,0.14103208683682966,0.12335406300178649
MAR,201908,0.0,8,0.1461630489125921,0.12694069631443136
MAR,201909,0.0,9,0.1467639018349749,0.12106165423096257
MAR,201910,0.0,10,0.1179986266168773,0.12030088771862146
MAR,201911,0.0,11,0.11818057430140576,0.1151262948031158
MAR,201912,0.0,12,0.11673122426447613,0.11948335421140299
MAR,202001,0.0,13,0.11171981946298365,0.12272359694815321
MAR,202002,0.0,14,0.11073185824805824,0.1267090012675908
MAR,202003,0.0,15,0.10450892842842471,0.11900179232276133
MAR,202004,0.0,16,0.10384086582403881,0.10886352984998543
MAR,202005,0.0,17,0.10642336552050587,0.10794183026206686
MAR,202006,0.0,18,0.10830685477350649,0.10643971489993241
MAR,202007,0.0,19,0.11333474791541703,0.10486286871242767
MAR,202008,0.0,20,0.10991902101208165,0.10342726552866882
MAR,202009,0.0,21,0.10280929347944039,0.1023767245519839
MAR,202010,,22,0.10880571109510288,0.10467870804602192
MAR,202011,,23,0.1485331487063079,0.16059651869139532
MAR,202012,,24,0.10081124922257984,0.10483718196477337
MDA,201901,0.0,35,0.08567922100127708,0.07854547331409761
MDA,201902,0.0,36,0.08610830349531726,0.08186735125793014
MDA,201903,0.0,37,0.08637173604038803,0.08115683449811517
MDA,201904,0.0,38,0.08640184421271076,0.08176637930907864
MDA,201905,0.0,39,0.08740441383543297,0.07823946522193022
MDA,201906,0.0,40,0.08790668191542553,0.07741319490102762
MDA,201907,0.0,41,0.08894141799637598,0.08363361855069952
MDA,201908,0.0,42,0.09132490035192209,0.07943089001969479
MDA,201909,0.0,43,0.0894204883547407,0.08028808153250486
MDA,201910,0.0,44,0.08791377263673804,0.07950591318739562
MDA,201911,0.0,45,0.08701414281005633,0.08102278326892716
MDA,201912,0.0,46,0.08250608991373456,0.0807492424733139
MDA,202001,0.0,47,0.09759876304596339,0.09576953246196379
MDA,202002,0.0,48,0.10273491647048273,0.10320780891082401
MDA,202003,0.0,49,0.09580153472105542,0.0993461402710137
MDA,202004,0.0,50,0.10039286569978273,0.0934210751494412
MDA,202005,0.0,51,0.09509335773435477,0.09059042600824563
MDA,202006,0.0,52,0.09616975728230702,0.0936436749604245
MDA,202007,0.0,53,0.09370432678356068,0.08993170656441331
MDA,202008,0.0,54,0.09683565419649412,0.09024861857543023
MDA,202009,0.0,55,0.09011510537079986,0.09425550860424911
MDA,202010,,56,0.0938885117696806,0.08954301374778327
MDA,202011,,57,0.094474385805958,0.08914067220935823
MDA,202012,,58,0.09282010496862966,0.08991252534171452
MDG,201901,0.0,31,0.08875549071471149,0.09654782516664846
MDG,201902,0.0,32,0.09693291787198931,0.09697402965079556
MDG,201903,0.0,33,0.0873684801720437,0.09988578393647433
MDG,201904,0.0,34,0.08838336327885139,0.09611574940382693
MDG,201905,0.0,35,0.08856019162927505,0.0952550740372563
MDG,201906,0.0,36,0.14049039766189486,0.14668135804756494
MDG,201907,0.0,37,0.08843038574694267,0.09277492775715436
MDG,201908,0.0,38,0.08843983761403837,0.09266263590043958
MDG,201909,0.0,39,0.08897192568612709,0.0903789093006682
MDG,201910,0.0,40,0.08473223843414193,0.09303458069905407
MDG,201911,0.0,41,0.0878683822148483,0.09311547351424622
MDG,201912,0.0,42,0.08477605505018991,0.09475065570236448
MDG,202001,0.0,43,0.09784675925560439,0.09836996471214944
MDG,202002,0.0,44,0.09594429999279966,0.10433603382466718
MDG,202003,0.0,45,0.08936046023820808,0.10095233558315381
MDG,202004,0.0,46,0.09401434489761,0.09606181363681957
MDG,202005,0.0,47,0.09332278458566595,0.10070580700039646
MDG,202006,0.0,48,0.10200375365244334,0.09650421112784514
MDG,202007,0.0,49,0.09351083448554504,0.09043264886243216
MDG,202008,0.0,50,0.14066721251562359,0.13921333998116509
MDG,202009,0.0,51,0.09193976568311348,0.09678644175151405
MDG,202010,,52,0.09264903965467561,0.09049723570696816
MDG,202011,,53,0.08864608186488125,0.09197328101079236
MDG,202012,,54,0.08413790070776564,0.0905975508930928
MEX,201901,,0,0.7629714007740678,0.7809161549613834
MEX,201902,,0,0.7459110321061678,0.7840538291410866
MEX,201903,,0,0.7638440462424164,0.7937449627248907
MEX,201904,,0,0.7645745601579261,0.7951359792672605
MEX,201905,,0,0.735350252315117,0.7867056463172826
MEX,201906,,0,0.7511824335083788,0.7809761545375318
MEX,201907,,0,0.7677970901683626,0.8013277594723215
MEX,201908,,0,0.7529094529489552,0.7864609463753909
MEX,201909,1.0,1,0.7551247123711239,0.77627006484681
MEX,201910,1.0,2,0.7151868879468739,0.7408587858963205
MEX,201911,,0,0.7212921042871946,0.7348292386181466
MEX,201912,1.0,1,0.7140534249097492,0.7170019453916122
MEX,202001,1.0,2,0.6880268827699005,0.6965926628465078
MEX,202002,,0,0.6817052642469578,0.6899248279568453
MEX,202003,,0,0.7175187622947331,0.728270325574894
MEX,202004,,0,0.7261118291808601,0.7268240706315845
MEX,202005,,0,0.7255698415055422,0.753151192114635
MEX,202006,,0,0.7465439734089557,0.7533490589485323
MEX,202007,1.0,1,0.7248428023747038,0.7527704741789867
MEX,202008,,0,0.690722941617411,0.6998490858287281
MEX,202009,1.0,1,0.6778999076715599,0.6776863398092557
MEX,202010,,2,0.6555050262610075,0.6600938481216009
MEX,202011,,0,0.6565001892762212,0.6740155655864952
MEX,202012,,1,0.6753573601294234,0.6968592971390518
MKD,201901,0.0,22,0.09355788002035313,0.0899866836349854
MKD,201902,0.0,23,0.09546558175315861,0.0910980423031877
MKD,201903,0.0,24,0.08971811746567314,0.08746878765315343
MKD,201904,0.0,25,0.09140064036178672,0.08762319200096953
MKD,201905,0.0,26,0.09428758045491441,0.09058693371958075
MKD,201906,0.0,27,0.09055237378375061,0.08501132128977204
MKD,201907,0.0,28,0.0899661599613333,0.0847345889310795
MKD,201908,0.0,29,0.09788000382251096,0.08601570973300393
MKD,201909,0.0,30,0.09346517123277083,0.08729625834574102
MKD,201910,0.0,31,0.08587415261789161,0.08678658005886981
MKD,201911,0.0,32,0.0899975862773362,0.08613255798226596
MKD,201912,0.0,33,0.0860130021363622,0.0840281289864513
MKD,202001,0.0,34,0.09203285368970006,0.09733575066843123
MKD,202002,0.0,35,0.09855661901607898,0.09935196259406844
MKD,202003,0.0,36,0.09490064958617557,0.0979604049848317
MKD,202004,0.0,37,0.09081429300056935,0.0953435880913369
MKD,202005,0.0,38,0.08922786374086936,0.09367583344349932
MKD,202006,0.0,39,0.09006756716190234,0.09787175206897476
MKD,202007,0.0,40,0.09187843323204366,0.09632846551558819
MKD,202008,0.0,41,0.0946293541619761,0.09284313562276864
MKD,202009,0.0,42,0.08690628816004688,0.09364468066467707
MKD,202010,,43,0.0896742478862256,0.09313146194569656
MKD,202011,,44,0.08504488029927999,0.09276104021671135
MKD,202012,,45,0.08799940328210308,0.09447890677561688
MLI,201901,,0,0.8013076907858632,0.7943018163262728
MLI,201902,,0,0.7863992916662703,0.7864547831588292
MLI,201903,,0,0.8066754366390656,0.7834130954197321
MLI,201904,,0,0.8057109826721846,0.787843594260734
MLI,201905,,0,0.8025936722840977,0.7910000473237565
MLI,201906,,0,0.8098380887965979,0.7910238191593055
MLI,201907,,0,0.80762675278933,0.7920295214275572
MLI,201908,,0,0.8215303495720505,0.8085474433696505
MLI,201909,,0,0.812724020251764,0.8029574364653729
MLI,201910,,0,0.7988062504748474,0.7904274622172304
MLI,201911,,0,0.8145110534389935,0.7795960431666213
MLI,201912,,0,0.7933428658680632,0.7677588030104939
MLI,202001,,0,0.7894422307606674,0.7780642376171482
MLI,202002,,0,0.8045221323558884,0.7787058031919466
MLI,202003,,0,0.8006063073881086,0.8043850705328492
MLI,202004,,0,0.8102764559934396,0.7696794998330481
MLI,202005,,0,0.8082442805909398,0.7747721013284499
MLI,202006,,0,0.78624660314467,0.7788653804851406
MLI,202007,,0,0.7952334323002109,0.7854679332956978
MLI,202008,,0,0.8021936504472069,0.7871984950348971
MLI,202009,,0,0.8218505516388359,0.7621790163625386
MLI,202010,,0,0.8170121902879616,0.791257126854327
MLI,202011,,0,0.8229699478863775,0.7992395830859885
MLI,202012,,1,0.8205435298730082,0.802284679891862
MLT,201901,0.0,15,0.14966469379338102,0.14305627502170978
MLT,201902,0.0,16,0.13065145572433146,0.1322902083878595
MLT,201903,0.0,17,0.1316310250589916,0.13399441828456463
MLT,201904,0.0,18,0.14165683081313993,0.13233366503094351
MLT,201905,0.0,19,0.14091741565354898,0.1437635193644787
MLT,201906,0.0,20,0.12913682552945668,0.14153904274810836
MLT,201907,0.0,21,0.13035192853358996,0.13965023477867936
MLT,201908,0.0,22,0.12933984481659258,0.14716187390337043
MLT,201909,0.0,23,0.13728805200485614,0.13367777308833256
MLT,201910,0.0,24,0.1426791334443444,0.1400810741045002
MLT,201911,0.0,25,0.13241959073906673,0.13401811871978042
MLT,201912,0.0,26,0.13568796276551442,0.12652737849667098
MLT,202001,0.0,27,0.13334461649369797,0.12733817221403837
MLT,202002,0.0,28,0.13050522852792662,0.1295539584820796
MLT,202003,0.0,29,0.13849706681545387,0.13011394735503018
MLT,202004,0.0,30,0.1283302811817688,0.12462032534846341
MLT,202005,0.0,31,0.12604357459992135,0.127732736998249
MLT,202006,0.0,32,0.1297402532667185,0.1195653538490379
MLT,202007,0.0,33,0.0986357932927353,0.09699248350791857
MLT,202008,0.0,34,0.09224276052688364,0.09842275280526216
MLT,202009,0.0,35,0.10120199964285659,0.09490331453665737
MLT,202010,,36,0.09686857403240942,0.09489751259587091
MLT,202011,,37,0.0945916630902624,0.09133771935062727
MLT,202012,,38,0.09447645367069085,0.09408071179703197
MMR,201901,,0,0.8190637867935376,0.8100391064195683
MMR,201902,,0,0.802001078475551,0.8036978147555125
MMR,201903,,0,0.8075890186511581,0.8138597283863832
MMR,201904,,0,0.8139131262765079,0.815003093522713
MMR,201905,,0,0.8105182881469202,0.8232885935456957
MMR,201906,,0,0.804137087886707,0.8077876759601926
MMR,201907,,0,0.8196050778384041,0.8172608621254218
MMR,201908,,0,0.810441607660055,0.823540053010278
MMR,201909,,0,0.8080502661912368,0.8243455089208557
MMR,201910,,0,0.8173002523863506,0.7912793829282472
MMR,201911,,0,0.8241252812283855,0.8090004306897036
MMR,201912,,0,0.8227701732751662,0.8140821034138745
MMR,202001,,0,0.8042778609784836,0.7995860521132352
MMR,202002,,0,0.7934572344079369,0.7952055537931212
MMR,202003,,0,0.811394450108704,0.8178481602091956
MMR,202004,,0,0.803088701825176,0.7908742370095031
MMR,202005,,0,0.7923389712932237,0.7969727310918944
MMR,202006,,0,0.7928691774964125,0.8013025645183527
MMR,202007,,0,0.8020424297675891,0.8117258375974309
MMR,202008,,0,0.807966282798346,0.8055859922391201
MMR,202009,,0,0.8213940116246369,0.8086820557196635
MMR,202010,,0,0.8084110047879582,0.7972412099325544
MMR,202011,,0,0.8059186116518255,0.821276366502395
MMR,202012,,1,0.7692769029124429,0.769250056079428
MNE,201901,0.0,8,0.15060039631908284,0.16504922357787216
MNE,201902,0.0,9,0.13522323956676277,0.15487125256276205
MNE,201903,0.0,10,0.11852070195171718,0.12993047974341448
MNE,201904,0.0,11,0.1170229502715963,0.13035909723065428
MNE,201905,0.0,12,0.11552678803725204,0.12183162363835492
MNE,201906,0.0,13,0.10181712539059355,0.11558821700859268
MNE,201907,0.0,14,0.098276992387715,0.11015401395431365
MNE,201908,0.0,15,0.0983971071542502,0.1116419542888131
MNE,201909,0.0,16,0.09469886849230948,0.10318545706284762
MNE,201910,0.0,17,0.09036972439056075,0.10035752661559207
MNE,201911,0.0,18,0.09175584786994198,0.09549274165779748
MNE,201912,0.0,19,0.09271008918201668,0.09602418505608616
MNE,202001,0.0,20,0.10206771919398229,0.11041295169876929
MNE,202002,0.0,21,0.1001289753101408,0.11690015899030795
MNE,202003,0.0,22,0.09714849640103958,0.11541873813175796
MNE,202004,0.0,23,0.0982421264102356,0.10953040025048379
MNE,202005,0.0,24,0.098145343628106,0.1174732182084933
MNE,202006,0.0,25,0.09653928263891029,0.10633215345474825
MNE,202007,0.0,26,0.09716535328082349,0.10659580012822678
MNE,202008,0.0,27,0.09913094003876802,0.10600531905030508
MNE,202009,0.0,28,0.09534238861596002,0.10133572570502583
MNE,202010,,29,0.10640212909923749,0.09715897255291411
MNE,202011,,30,0.10135091403909086,0.10130028371148678
MNE,202012,,31,0.10373969184852287,0.1007674853667953
MOZ,201901,,0,0.7653874056388699,0.7870036012889188
MOZ,201902,,0,0.7412109149609591,0.7829333111970818
MOZ,201903,,0,0.7751135394375226,0.7995165041047164
MOZ,201904,,0,0.7691942444679508,0.7919193872918917
MOZ,201905,,0,0.7569285630664362,0.7865597592433202
MOZ,201906,,0,0.7642359099205025,0.7868742154948353
MOZ,201907,,0,0.7868978713284291,0.798501392933336
MOZ,201908,,0,0.8044410874157328,0.7956715499002083
MOZ,201909,,0,0.7664375234300742,0.7755513228523659
MOZ,201910,,0,0.7773661339715977,0.7754448774145625
MOZ,201911,,0,0.7921760961582659,0.7785307530104181
MOZ,201912,,0,0.7905870399408168,0.7852608217555912
MOZ,202001,,0,0.7645594611369235,0.7768366315264071
MOZ,202002,,0,0.7986514644791711,0.7796678825643701
MOZ,202003,,0,0.7633067520196726,0.8015630594971738
MOZ,202004,,0,0.7790188734716906,0.774175719250927
MOZ,202005,,0,0.7543414094737534,0.7855352462790164
MOZ,202006,,0,0.778949939678652,0.782824477917573
MOZ,202007,,0,0.7785393764633102,0.7943017244779843
MOZ,202008,,0,0.7938662224550989,0.7848806891560184
MOZ,202009,,0,0.7996848762421385,0.7820755698269664
MOZ,202010,,0,0.7979801662028518,0.7911725202657038
MOZ,202011,,0,0.8014788372581242,0.7955174024613454
MOZ,202012,,0,0.7923258225032257,0.7946881653996534
MRT,201901,0.0,95,0.08878080902559836,0.09921004657606342
MRT,201902,0.0,96,0.09394042785143938,0.09909837798208337
MRT,201903,0.0,97,0.09399131328627976,0.0979430816296676
MRT,201904,0.0,98,0.10931983974078817,0.09751945352850132
MRT,201905,0.0,99,0.09302048886960275,0.10037203586122527
MRT,201906,0.0,100,0.09980512620263683,0.095612078498134
MRT,201907,0.0,101,0.10151936570084734,0.09993652251364711
MRT,201908,0.0,102,0.103236659799155,0.09510107120759047
MRT,201909,0.0,103,0.10238852840257756,0.09808528418070495
MRT,201910,0.0,104,0.10023396450492005,0.09715989391351768
MRT,201911,0.0,105,0.09030814405621879,0.09683358342325928
MRT,201912,0.0,106,0.10969048546389161,0.09576756303723481
MRT,202001,0.0,107,0.10284393106187306,0.09517016179537156
MRT,202002,0.0,108,0.11721947752167758,0.09703351867006242
MRT,202003,0.0,109,0.10976090798248496,0.09766090135570642
MRT,202004,0.0,110,0.10252812607282134,0.09391111733231003
MRT,202005,0.0,111,0.11547774393307546,0.09267520511218225
MRT,202006,0.0,112,0.11407582590075803,0.0972720836426351
MRT,202007,0.0,113,0.11451708287877727,0.09636208121184224
MRT,202008,0.0,114,0.11267236993926262,0.09330171553457312
MRT,202009,0.0,115,0.10219219975239396,0.09491868743177471
MRT,202010,,116,0.11029609721991568,0.09269582476092887
MRT,202011,,117,0.10583108143823082,0.0940897788380987
MRT,202012,,118,0.1093238386063678,0.09324489055012214
MWI,201901,0.0,5,0.16940997315580122,0.17416658717973063
MWI,201902,0.0,6,0.1612642952127926,0.16555366644117675
MWI,201903,0.0,7,0.1873998510526318,0.1619836349486378
MWI,201904,0.0,8,0.17613428542297122,0.16092094528402467
MWI,201905,0.0,9,0.17590950062298571,0.16287456375996393
MWI,201906,1.0,10,0.1552164872465879,0.15012286432547048
MWI,201907,1.0,11,0.16726612098590196,0.15594503620792577
MWI,201908,1.0,12,0.1728403409686335,0.15536944378665407
MWI,201909,,0,0.1498090522829052,0.17230906992288975
MWI,201910,,0,0.29263219800064816,0.2892227661994758
MWI,201911,0.0,1,0.41680116679381835,0.44513226278361095
MWI,201912,0.0,2,0.3788535423788587,0.38955124270800423
MWI,202001,0.0,3,0.3748715334598961,0.3723031127929168
MWI,202002,0.0,4,0.2850396261820149,0.2944927923898182
MWI,202003,0.0,5,0.2974315672345753,0.2980530762567531
MWI,202004,0.0,6,0.2945100417082969,0.28858200522773636
MWI,202005,0.0,7,0.2891118470877096,0.2929700000060891
MWI,202006,0.0,8,0.27135806544709296,0.2913374756558771
MWI,202007,0.0,9,0.28584098872671837,0.2810868219997556
MWI,202008,0.0,10,0.26872564349805594,0.2765364436128352
MWI,202009,0.0,11,0.2814131995467542,0.26889535849926904
MWI,202010,,12,0.2187421325200965,0.2262279693424926
MWI,202011,,13,0.19116866800016447,0.20121127383756732
MWI,202012,,14,0.18764316284666058,0.19200174534649395
MYS,201901,0.0,1,0.6154612727877039,0.6176613841400489
MYS,201902,0.0,2,0.5941161852418119,0.5886036925785917
MYS,201903,1.0,3,0.5597905652594841,0.5761978869881434
MYS,201904,1.0,4,0.44395887820655927,0.44150274084903174
MYS,201905,1.0,5,0.4488672654215227,0.3995361474106219
MYS,201906,,0,0.4606096973988346,0.4620348834784164
MYS,201907,1.0,1,0.565666441368087,0.5659509647253045
MYS,201908,1.0,2,0.5623828829500331,0.5537865316529335
MYS,201909,,0,0.5410226856498022,0.558980415741524
MYS,201910,1.0,1,0.5574836187045028,0.5880747224170046
MYS,201911,1.0,2,0.5427161782196962,0.5494183282944461
MYS,201912,1.0,3,0.496848486851577,0.45582266336769195
MYS,202001,,0,0.24803984968945159,0.27468038069501677
MYS,202002,0.0,1,0.470495350357835,0.4617547711750025
MYS,202003,0.0,2,0.44707349999544804,0.4361296742962078
MYS,202004,0.0,3,0.46935480363972054,0.4431702641609043
MYS,202005,0.0,4,0.35842810993062835,0.3684867771858062
MYS,202006,0.0,5,0.3752205828424993,0.34314185874273584
MYS,202007,0.0,6,0.31450261661333123,0.294139857881477
MYS,202008,0.0,7,0.3046793341715847,0.28657133654588196
MYS,202009,0.0,8,0.28046946335064793,0.2594490715228068
MYS,202010,,9,0.26310145989544487,0.26571852597940665
MYS,202011,,10,0.23723172005630122,0.25494834599795607
MYS,202012,,11,0.21627752888809543,0.2069097757763603
NAM,201901,0.0,109,0.07813344506991612,0.09726201954642043
NAM,201902,0.0,110,0.08647542728008631,0.0961523298288773
NAM,201903,0.0,111,0.08547554996204278,0.09855573771682616
NAM,201904,0.0,112,0.08380616651428895,0.096597609475635
NAM,201905,0.0,113,0.0851829882513082,0.09832620066135273
NAM,201906,0.0,114,0.08526577114715284,0.09912521487740406
NAM,201907,0.0,115,0.08184374554500576,0.09784076521909135
NAM,201908,0.0,116,0.07700978228547023,0.0957054306280259
NAM,201909,0.0,117,0.08790382602092668,0.09544993366266645
NAM,201910,0.0,118,0.09933159527747402,0.09598236413295176
NAM,201911,0.0,119,0.10330461398700688,0.09871101624445484
NAM,201912,0.0,120,0.10987948090017992,0.09950835744574647
NAM,202001,0.0,121,0.09224341917418032,0.09249697373322059
NAM,202002,0.0,122,0.09512409590135422,0.10142621573963752
NAM,202003,0.0,123,0.08707297156582712,0.09988885443092071
NAM,202004,0.0,124,0.09307854171015091,0.09431187207435811
NAM,202005,0.0,125,0.08684626051633934,0.09896761783881398
NAM,202006,0.0,126,0.08450484169838499,0.09732809151513461
NAM,202007,0.0,127,0.08627912593662457,0.09275644576345114
NAM,202008,0.0,128,0.08685409766629469,0.09673922678550068
NAM,202009,0.0,129,0.09036132660600264,0.09429356613912697
NAM,202010,,130,0.08698630186239806,0.09176334678534591
NAM,202011,,131,0.0859365654189396,0.09196177069200581
NAM,202012,,132,0.08669757992253707,0.09314460960639892
NER,201901,,0,0.7773129449323861,0.7576983660553133
NER,201902,,0,0.7899927610717663,0.7794963973782809
NER,201903,,0,0.7915125177544742,0.786503454842942
NER,201904,,0,0.793311982133448,0.7932563361857725
NER,201905,,0,0.7977399167011842,0.7884121818270334
NER,201906,,0,0.7947071666171404,0.7859661445863586
NER,201907,,0,0.803790465940873,0.7985201110962669
NER,201908,,0,0.803878391663842,0.8029834194449181
NER,201909,,0,0.7486343875119232,0.750179113029397
NER,201910,,0,0.7812525226539109,0.7728202983687841
NER,201911,,0,0.7948536164365891,0.7874073223738373
NER,201912,,0,0.8082428969869904,0.7881863558304417
NER,202001,1.0,1,0.7856096579035718,0.767056930518483
NER,202002,,0,0.7635387302018891,0.7266682230216394
NER,202003,,0,0.8002555779219231,0.7968814138273238
NER,202004,1.0,1,0.8011932753870299,0.7735171728854617
NER,202005,,0,0.7638965058971552,0.744652565132364
NER,202006,,0,0.7643224627395095,0.7492561609866191
NER,202007,1.0,1,0.8117692344126088,0.7820795742551145
NER,202008,,0,0.7701531378086577,0.745299700218304
NER,202009,1.0,1,0.7854667457983237,0.7307848143275619
NER,202010,,0,0.7379806134787357,0.7095686108590951
NER,202011,,1,0.8028433469812782,0.7807293870766203
NER,202012,,0,0.7701771073898273,0.7096085440117288
NGA,201901,,0,0.7985758906322612,0.8076312509261154
NGA,201902,,0,0.7934985628064148,0.799933637524726
NGA,201903,,0,0.7977022794659842,0.8101788346476231
NGA,201904,,0,0.7941538441179256,0.8113266818893686
NGA,201905,,0,0.7995086364616709,0.8072294589765688
NGA,201906,,0,0.7865734871285488,0.8127724096288341
NGA,201907,,0,0.8110447005449853,0.8250338836801712
NGA,201908,,0,0.8145857692808177,0.8041643391645357
NGA,201909,,0,0.7840197859828959,0.7965871338264264
NGA,201910,,0,0.7823844879565679,0.7941745010228283
NGA,201911,,0,0.7895779709691105,0.8204561969032282
NGA,201912,,0,0.803856241967579,0.8047151913299487
NGA,202001,,0,0.8015984852194009,0.8149033797201731
NGA,202002,,0,0.82153057386754,0.803352900094479
NGA,202003,,0,0.8036130295556257,0.819876843653777
NGA,202004,,0,0.7939450508619127,0.793974155217345
NGA,202005,,0,0.7951303599425327,0.808918136407555
NGA,202006,,0,0.8015322734347233,0.8106497918201075
NGA,202007,,0,0.8144154920937232,0.8238658668896978
NGA,202008,,0,0.8048373151129377,0.8166012415197684
NGA,202009,,0,0.8150917657376908,0.8085495024269719
NGA,202010,,0,0.8201733825221156,0.8046980731969786
NGA,202011,,0,0.8311039202538646,0.8109259694296214
NGA,202012,,0,0.8317607977799257,0.8191088343350212
NIC,201901,0.0,6,0.3275538672469614,0.3217400705728334
NIC,201902,0.0,7,0.3368644426246381,0.3136981696670411
NIC,201903,0.0,8,0.34469420005944507,0.3379128113174154
NIC,201904,0.0,9,0.34426092315951207,0.31008709280424396
NIC,201905,0.0,10,0.3187309641648196,0.3251504106529313
NIC,201906,1.0,11,0.2980599496251975,0.29531283651457185
NIC,201907,1.0,12,0.3134099179350696,0.28701061228282226
NIC,201908,1.0,13,0.2125214133701328,0.20214096228278117
NIC,201909,,0,0.2302431224092848,0.23111451293829727
NIC,201910,0.0,1,0.44294922020973543,0.46997124222018205
NIC,201911,1.0,2,0.40387512104462964,0.4344641718382776
NIC,201912,1.0,3,0.3955034763857686,0.4059341951721388
NIC,202001,1.0,4,0.34271308711710746,0.3228156180606836
NIC,202002,,0,0.345614370919389,0.3258990986851142
NIC,202003,0.0,1,0.5904020280709468,0.5945234258572697
NIC,202004,1.0,2,0.5510127177377426,0.5474781257433677
NIC,202005,1.0,3,0.5661891710989387,0.5475086371891349
NIC,202006,1.0,4,0.45804670247612955,0.41540258115146245
NIC,202007,,0,0.491316890900899,0.4544441778280707
NIC,202008,0.0,1,0.5960183184945392,0.5815902667373787
NIC,202009,0.0,2,0.5718748284989642,0.5569467810297438
NIC,202010,,3,0.480802252368497,0.4765017312095349
NIC,202011,,4,0.4455054808851826,0.40658374282884
NIC,202012,,5,0.4034260447501494,0.37433175863999446
NLD,201901,1.0,5,0.433009576849131,0.38427677979810765
NLD,201902,1.0,6,0.4375768422035571,0.3953931320797414
NLD,201903,,0,0.46890036132735075,0.43249398836153696
NLD,201904,1.0,1,0.5861300037900414,0.5659001155272297
NLD,201905,,0,0.59018120593427,0.5514674740444123
NLD,201906,,0,0.5897773794280854,0.5832923878119176
NLD,201907,0.0,1,0.5894647623709414,0.5922056457554187
NLD,201908,1.0,2,0.4355751439063523,0.4236043890438497
NLD,201909,1.0,3,0.3898568830139674,0.3302305055652191
NLD,201910,1.0,4,0.340301544626449,0.30168032908021175
NLD,201911,,0,0.3460326962192534,0.3213095721552859
NLD,201912,0.0,1,0.5245158563634598,0.5122784502938205
NLD,202001,1.0,2,0.43819031036018147,0.4350234268269137
NLD,202002,1.0,3,0.42941609137759584,0.45208452823195344
NLD,202003,1.0,4,0.36154645474628194,0.39285650002584577
NLD,202004,,0,0.3660086643544541,0.36574947995677903
NLD,202005,,0,0.7096429929435409,0.7185594795941153
NLD,202006,,0,0.7286889462799868,0.7578583991630571
NLD,202007,1.0,1,0.7202084145506749,0.7522333872645564
NLD,202008,1.0,2,0.6789799353207994,0.6972072778084818
NLD,202009,,0,0.6678250394648092,0.6714005504179938
NLD,202010,,1,0.6986387523172914,0.6892274787408763
NLD,202011,,0,0.6532248943811608,0.6743449558322149
NLD,202012,,1,0.7306095452656755,0.7201920332772649
NOR,201901,0.0,21,0.11530520894123736,0.10046702883484608
NOR,201902,0.0,22,0.11078424797927157,0.09781743784059437
NOR,201903,0.0,23,0.10912738865528876,0.09990535951362452
NOR,201904,0.0,24,0.11051182103720633,0.09571913404197595
NOR,201905,1.0,25,0.12025059722618478,0.09701053205163637
NOR,201906,1.0,26,0.11093129502819439,0.09532930706631315
NOR,201907,1.0,27,0.10611880591939304,0.09455016619373315
NOR,201908,,0,0.15973544693520852,0.15243354776878953
NOR,201909,0.0,1,0.31772666336544075,0.30573891423581473
NOR,201910,0.0,2,0.2807048770132031,0.2701854509633192
NOR,201911,1.0,3,0.27965216927193404,0.2754454735023822
NOR,201912,1.0,4,0.1960152050204775,0.18153058326043958
NOR,202001,1.0,5,0.17518013427881612,0.17455176226765395
NOR,202002,,0,0.21935334906352022,0.20933866763262046
NOR,202003,,0,0.35257147604828803,0.33844160842774995
NOR,202004,0.0,1,0.41979101634118515,0.45859836101293794
NOR,202005,0.0,2,0.4097562020300826,0.4149849471526334
NOR,202006,0.0,3,0.3989347122031857,0.40853926009012365
NOR,202007,0.0,4,0.34911180047858614,0.3223963652128624
NOR,202008,0.0,5,0.3001018121577372,0.3067672262029142
NOR,202009,0.0,6,0.23756128395014733,0.22982565724384763
NOR,202010,,7,0.23873052255824695,0.2257503072739996
NOR,202011,,8,0.22861230356286757,0.21299407225411102
NOR,202012,,9,0.22500362371607008,0.21433779971485634
NPL,201901,,0,0.6467182724095305,0.7107388067610445
NPL,201902,,0,0.7422485219595015,0.7756370537044728
NPL,201903,,0,0.7428079733588013,0.7842514408583113
NPL,201904,,0,0.7358523309138831,0.7825142672835618
NPL,201905,,0,0.7345109160459812,0.772198844604668
NPL,201906,,0,0.7524602796960331,0.7785423228512481
NPL,201907,,0,0.7839694455515136,0.7854344546554283
NPL,201908,,0,0.7691321775255366,0.7799468303038009
NPL,201909,,0,0.7416147451293732,0.7807022868907496
NPL,201910,,0,0.75672655129462,0.7797116894215425
NPL,201911,,0,0.754027004682133,0.7787018516254198
NPL,201912,,0,0.7665306311229333,0.780702541584439
NPL,202001,,0,0.7413014422945204,0.7618265707026378
NPL,202002,,0,0.7544069509154855,0.7695414599797675
NPL,202003,,0,0.7048058599335214,0.7750436607747155
NPL,202004,1.0,1,0.7247820880694742,0.7606365735412252
NPL,202005,1.0,2,0.6795941373215999,0.6832466559605017
NPL,202006,1.0,3,0.672716534671553,0.6829162692251571
NPL,202007,,0,0.5761482466731447,0.5778109839891121
NPL,202008,,0,0.7385677512159248,0.76034324103758
NPL,202009,1.0,1,0.752861449440568,0.7473740470837958
NPL,202010,,2,0.7055372459644892,0.6953866306956268
NPL,202011,,0,0.6566127361351093,0.6602200997080397
NPL,202012,,0,0.7409287225295955,0.7405167172067822
NZL,201901,1.0,35,0.08951488449850943,0.09674959205814282
NZL,201902,1.0,36,0.09311065177442389,0.09648366422999441
NZL,201903,,0,0.16505036306148096,0.15221365987280355
NZL,201904,0.0,1,0.32016274814549645,0.2935544324494147
NZL,201905,0.0,2,0.29447714708977185,0.2522682027414478
NZL,201906,0.0,3,0.28234324898455104,0.253963043995556
NZL,201907,0.0,4,0.19956614630324374,0.17026775462057867
NZL,201908,0.0,5,0.18499642664805996,0.1633098796237589
NZL,201909,0.0,6,0.16060864866114336,0.15340022236781375
NZL,201910,0.0,7,0.16421907578182043,0.14896502698305558
NZL,201911,0.0,8,0.1658795449448214,0.1372203309471516
NZL,201912,1.0,9,0.16846089687927154,0.1459551838125187
NZL,202001,1.0,10,0.17076442035300063,0.14332983813039366
NZL,202002,1.0,11,0.15901350776194154,0.14822043456377915
NZL,202003,,0,0.21010231349683772,0.17405934125672384
NZL,202004,,0,0.28872555164703706,0.2708932316951824
NZL,202005,,0,0.3775598367158716,0.42883075292571055
NZL,202006,,0,0.6128128539901397,0.63913090360214
NZL,202007,0.0,1,0.6640089768142988,0.6699657812422393
NZL,202008,0.0,2,0.6269996342539307,0.6395422587170279
NZL,202009,0.0,3,0.595387736870357,0.6005259626580325
NZL,202010,,4,0.5130618014466308,0.5106235014959714
NZL,202011,,5,0.49461262913798054,0.45738513107460954
NZL,202012,,6,0.5230369146847913,0.44280176161681895
PAK,201901,,0,0.7985283337695621,0.7970357669339723
PAK,201902,,0,0.7878719619691669,0.803093147552992
PAK,201903,,0,0.7972368012428472,0.8126608238216443
PAK,201904,,0,0.7900757798581914,0.8075949986915026
PAK,201905,,0,0.7903132289960176,0.8082129977676449
PAK,201906,,0,0.7992286078873556,0.8108137767077028
PAK,201907,,0,0.7935322096314684,0.8204714418178716
PAK,201908,,0,0.8174020974609038,0.8091292589224506
PAK,201909,,0,0.7819408641994714,0.8013011823501079
PAK,201910,,0,0.7998059399146229,0.788356285438847
PAK,201911,,0,0.8117474442608393,0.8227566410998409
PAK,201912,,0,0.7951142751820908,0.8051440485753831
PAK,202001,,0,0.7987086824575236,0.8171298205860328
PAK,202002,,0,0.7867603726167353,0.8067781948455548
PAK,202003,,0,0.7594965585171168,0.8235156454263176
PAK,202004,,0,0.7809226219527122,0.796251405874362
PAK,202005,,0,0.799582446130072,0.8147952337703337
PAK,202006,,0,0.781771503216201,0.8134372910986524
PAK,202007,,0,0.7913972085755142,0.8231971594067045
PAK,202008,,0,0.7886566056852808,0.8190795048631592
PAK,202009,,0,0.7812209571914829,0.8120322679102705
PAK,202010,,0,0.781781105330973,0.8035361873214433
PAK,202011,,0,0.773061358520763,0.8100325071212134
PAK,202012,,0,0.7844451111627433,0.8156250559444524
PAN,201901,0.0,34,0.09498249670513716,0.09987260156034733
PAN,201902,0.0,35,0.0929931203552013,0.10311566085618233
PAN,201903,0.0,36,0.09156222327232293,0.09997138624225904
PAN,201904,0.0,37,0.09423600881890953,0.10252978189114403
PAN,201905,0.0,38,0.09032840817399113,0.10141197390386468
PAN,201906,0.0,39,0.09513094473896727,0.09915887812289752
PAN,201907,0.0,40,0.09407321608860297,0.09788023722553751
PAN,201908,0.0,41,0.0962424904578925,0.09715627243895236
PAN,201909,0.0,42,0.0987344154355684,0.0964099847427748
PAN,201910,0.0,43,0.09717034399080339,0.09810427641277307
PAN,201911,0.0,44,0.08975095442845003,0.09939619124652838
PAN,201912,0.0,45,0.09154835205569631,0.09357547369009493
PAN,202001,0.0,46,0.09888296273830663,0.0965480129138486
PAN,202002,0.0,47,0.102846346730921,0.10564417668640677
PAN,202003,0.0,48,0.09503391673756806,0.10558979530232683
PAN,202004,0.0,49,0.09546261006980217,0.09883605834528922
PAN,202005,0.0,50,0.09342118203855578,0.10368789779327309
PAN,202006,0.0,51,0.08934713543409707,0.09576578449866757
PAN,202007,0.0,52,0.09267381740446513,0.09700064847080073
PAN,202008,0.0,53,0.09003108660435076,0.09843166972110179
PAN,202009,0.0,54,0.09399670413844678,0.09593902875082903
PAN,202010,,55,0.08897246890337131,0.09354187501593181
PAN,202011,,56,0.08975956220813373,0.09466251268550703
PAN,202012,,57,0.08415189097210624,0.09897267992342945
PER,201901,0.0,2,0.5281128691696146,0.5360505637672948
PER,201902,0.0,3,0.5183978617054628,0.4770444976536357
PER,201903,0.0,4,0.41892101908239954,0.38634090587003606
PER,201904,0.0,5,0.3738708611149908,0.35974311431972134
PER,201905,0.0,6,0.32657421021256444,0.30912488892611
PER,201906,0.0,7,0.3330557308319003,0.3071394731452018
PER,201907,0.0,8,0.2123417716516206,0.2213756470735046
PER,201908,0.0,9,0.23417207326956135,0.2354099272937355
PER,201909,0.0,10,0.22366058124525082,0.23312946696086506
PER,201910,1.0,11,0.23230820381461725,0.23410471108108602
PER,201911,1.0,12,0.24711917060391442,0.22586403790799786
PER,201912,1.0,13,0.19525888137548303,0.2069111689328037
PER,202001,,0,0.21276437394932138,0.25606663433421206
PER,202002,0.0,1,0.3627517593818563,0.41442044447718623
PER,202003,0.0,2,0.28668442268555266,0.31496853924030704
PER,202004,0.0,3,0.3053578103475622,0.3079255776658998
PER,202005,0.0,4,0.2408923733025376,0.26517728905855953
PER,202006,0.0,5,0.2406376989274638,0.23327556703854677
PER,202007,0.0,6,0.25286176998545234,0.24037075334665692
PER,202008,0.0,7,0.26485885747957433,0.2784018560645125
PER,202009,0.0,8,0.22436925276538186,0.22342737270883112
PER,202010,,9,0.22691834005646203,0.21824581184942832
PER,202011,,10,0.23268743804949366,0.2154876302839711
PER,202012,,11,0.2605247107837265,0.26032191648300346
PHL,201901,,0,0.765641194705783,0.7940032375175272
PHL,201902,,0,0.7566866539587384,0.8003857124342032
PHL,201903,,0,0.7695813837205364,0.8046381785517965
PHL,201904,,0,0.7631768685047517,0.799734077083056
PHL,201905,,0,0.7397984604325276,0.8071184508492266
PHL,201906,,0,0.7553815751457498,0.794507068556287
PHL,201907,,0,0.7807371430349016,0.803441940788662
PHL,201908,,0,0.7658753234552761,0.8073685544912819
PHL,201909,,0,0.7515627160420999,0.80247149791392
PHL,201910,,0,0.758778901129243,0.78890686551489
PHL,201911,,0,0.7677973389421254,0.7919688839268464
PHL,201912,,0,0.7605811427099728,0.793752061605565
PHL,202001,,0,0.7678361172471833,0.7772523600841023
PHL,202002,,0,0.7680832014584392,0.7768777276107347
PHL,202003,,0,0.766890813358695,0.7977239300925342
PHL,202004,,0,0.750341054681536,0.7660994862767797
PHL,202005,,0,0.7513763386000654,0.7762291143734505
PHL,202006,,0,0.7665714440718051,0.7821058378484104
PHL,202007,,0,0.7747968752531288,0.7858929748781547
PHL,202008,,0,0.7566908279284632,0.7835732268779672
PHL,202009,,0,0.7862114198893414,0.775997626382309
PHL,202010,,0,0.7809571529034802,0.7907142536314222
PHL,202011,,0,0.7666614249835704,0.793492763985094
PHL,202012,,0,0.7738274980459073,0.7936852737895809
PNG,201901,0.0,18,0.16809085117614622,0.17283525835018135
PNG,201902,0.0,19,0.16573358230599858,0.1770207748590913
PNG,201903,0.0,20,0.1687511734004454,0.1760847943568472
PNG,201904,0.0,21,0.15719367864314562,0.1487640404144134
PNG,201905,0.0,22,0.14568879527334744,0.16115659521093995
PNG,201906,0.0,23,0.20518179649537868,0.2187655053929268
PNG,201907,0.0,24,0.19816897462091776,0.20235344275524889
PNG,201908,0.0,25,0.14916171618918306,0.15107643216330557
PNG,201909,0.0,26,0.1503548207593065,0.1426124040113335
PNG,201910,0.0,27,0.1618475847904069,0.14038861564203547
PNG,201911,0.0,28,0.15729130744293018,0.1469779902760221
PNG,201912,0.0,29,0.16170764669841417,0.15147366962428466
PNG,202001,0.0,30,0.15287386516557172,0.1730059643409011
PNG,202002,0.0,31,0.1607117931223562,0.16565158869406552
PNG,202003,0.0,32,0.14861251177116958,0.17404310338400755
PNG,202004,0.0,33,0.16697584500720872,0.16232027936546975
PNG,202005,0.0,34,0.16045514284602444,0.17538800345539163
PNG,202006,0.0,35,0.1473890158853583,0.1664731696370353
PNG,202007,0.0,36,0.1514899725851786,0.17615912211711982
PNG,202008,0.0,37,0.08213162507366001,0.0933281313619688
PNG,202009,0.0,38,0.07884578054744135,0.09835762909509217
PNG,202010,,39,0.0828183910884625,0.09276019859968274
PNG,202011,,40,0.08073070811299549,0.09286285712169891
PNG,202012,,41,0.07946509736133542,0.09231109049579722
POL,201901,0.0,5,0.2133797531938923,0.18822849657806506
POL,201902,0.0,6,0.19417808067393103,0.18379312556601182
POL,201903,0.0,7,0.20403236118572102,0.18952041960392452
POL,201904,0.0,8,0.20882780305172943,0.17842045127414188
POL,201905,0.0,9,0.20570678743021106,0.1754832612780208
POL,201906,0.0,10,0.13194815145189834,0.12333840340682595
POL,201907,0.0,11,0.13040395268436578,0.11211488699608367
POL,201908,0.0,12,0.12105886391846879,0.11497374380150721
POL,201909,0.0,13,0.11039762612862264,0.10656366031245178
POL,201910,0.0,14,0.11253766800698829,0.10861607623104097
POL,201911,0.0,15,0.11824194971338434,0.1004168799457437
POL,201912,0.0,16,0.09973385406623812,0.09427566178197205
POL,202001,0.0,17,0.10431525531117733,0.108653561396531
POL,202002,1.0,18,0.10060629299256922,0.1029946942627081
POL,202003,1.0,19,0.09438381119041026,0.0966181505285188
POL,202004,1.0,20,0.09875679683253258,0.09700322873796592
POL,202005,,0,0.1480613495842924,0.14587380814831563
POL,202006,0.0,1,0.2673878121051034,0.3125677566244369
POL,202007,0.0,2,0.25328068762075767,0.24702437773924968
POL,202008,0.0,3,0.2501106942603123,0.2645962380904892
POL,202009,0.0,4,0.20148848367444713,0.19407206950057695
POL,202010,,5,0.19538230721344532,0.18716343493058799
POL,202011,,6,0.1775087697677994,0.1766855736080846
POL,202012,,7,0.19742585238635268,0.17619202015001975
PRK,201901,0.0,109,0.0723186419792668,0.0698392469188376
PRK,201902,0.0,110,0.07370230831971786,0.06788719396924336
PRK,201903,0.0,111,0.07464130466499279,0.07197904650762504
PRK,201904,0.0,112,0.07445934315323335,0.06976318299141296
PRK,201905,0.0,113,0.07306076184830029,0.07045127110160752
PRK,201906,0.0,114,0.07286888878790534,0.0678896155080731
PRK,201907,0.0,115,0.0761144386429233,0.07234547689459009
PRK,201908,0.0,116,0.07445562062914171,0.06877117633454274
PRK,201909,0.0,117,0.07270236053737643,0.06716106945367263
PRK,201910,0.0,118,0.0713520352716135,0.07050012972318014
PRK,201911,0.0,119,0.07329620098186704,0.07157039110928277
PRK,201912,0.0,120,0.0706118754690514,0.07023668984383202
PRK,202001,0.0,121,0.06928290252847134,0.0704549971133797
PRK,202002,0.0,122,0.07093451397268262,0.06781404631608429
PRK,202003,0.0,123,0.06584551714018018,0.07011547433688975
PRK,202004,0.0,124,0.06688341787823687,0.06757738998706582
PRK,202005,0.0,125,0.06627280731243906,0.06985858250150451
PRK,202006,0.0,126,0.06651065652218253,0.06805346980544384
PRK,202007,0.0,127,0.06558431563060903,0.07118265304114353
PRK,202008,0.0,128,0.07095996083321349,0.06631541676005402
PRK,202009,0.0,129,0.0692560457876343,0.06834729615517887
PRK,202010,,130,0.06819980141836147,0.06756896190916555
PRK,202011,,131,0.06656321278009338,0.065409028725594
PRK,202012,,132,0.0672632631049456,0.06598801740763133
PRT,201901,0.0,86,0.07610716579621413,0.08272167343003671
PRT,201902,0.0,87,0.08024661172012522,0.08183167882318619
PRT,201903,0.0,88,0.08249389390395905,0.0873470135697302
PRT,201904,0.0,89,0.07953016089986448,0.08226284426810627
PRT,201905,0.0,90,0.08402650059005526,0.08355679635496945
PRT,201906,0.0,91,0.08407117489438758,0.08089266529899936
PRT,201907,0.0,92,0.08159643094825621,0.0848992326026855
PRT,201908,0.0,93,0.08954770088334546,0.07943368233834537
PRT,201909,0.0,94,0.09129549208557304,0.08262602409593005
PRT,201910,0.0,95,0.07889986870048407,0.08186334308126392
PRT,201911,0.0,96,0.08554328503047212,0.08464443906367397
PRT,201912,0.0,97,0.08241324636075141,0.08098754996453861
PRT,202001,1.0,98,0.09591680593309056,0.09436228519512763
PRT,202002,1.0,99,0.09747772928488681,0.10163954537262501
PRT,202003,1.0,100,0.09010039489380814,0.10146398540967516
PRT,202004,,0,0.15001388586172448,0.15418893383265328
PRT,202005,0.0,1,0.2676716627040777,0.2580629483841063
PRT,202006,0.0,2,0.23970660037586866,0.23060742793422745
PRT,202007,0.0,3,0.2252597258998905,0.2375083771241812
PRT,202008,0.0,4,0.16831241460543223,0.16627710900993756
PRT,202009,0.0,5,0.14719600238299052,0.1460859861914161
PRT,202010,,6,0.1432002006992301,0.1413140933442976
PRT,202011,,7,0.14223443765416538,0.12774327929383428
PRT,202012,,8,0.143331685661108,0.13281852155878995
PRY,201901,0.0,1,0.6332746113940678,0.6353419982294544
PRY,201902,0.0,2,0.6035070983418552,0.5952793733659557
PRY,201903,0.0,3,0.5972477047797634,0.5783595391295328
PRY,201904,0.0,4,0.4812144303238041,0.4670209781974425
PRY,201905,0.0,5,0.4866686871391077,0.44492481683213875
PRY,201906,0.0,6,0.48317743106768946,0.4311132354977121
PRY,201907,0.0,7,0.46831971266046274,0.41437624683340174
PRY,201908,0.0,8,0.4734744998823032,0.4192548069220395
PRY,201909,0.0,9,0.4635605477619963,0.4016053195059218
PRY,201910,0.0,10,0.44574412837186084,0.4186368956911851
PRY,201911,0.0,11,0.4534728494825728,0.3964557893617806
PRY,201912,0.0,12,0.3289568226359803,0.3222329064782771
PRY,202001,0.0,13,0.2876994912558132,0.2669202400508223
PRY,202002,0.0,14,0.3502797497049426,0.32195678302498876
PRY,202003,0.0,15,0.2837755171748045,0.2631021593597545
PRY,202004,0.0,16,0.26485883950650124,0.2393789236065887
PRY,202005,0.0,17,0.18672654662034785,0.18505511719176115
PRY,202006,1.0,18,0.18302384013545883,0.17155495380926847
PRY,202007,1.0,19,0.1783617161596618,0.18144626161168184
PRY,202008,1.0,20,0.1790275177773051,0.17651469387774452
PRY,202009,,0,0.23955348489492212,0.23597747054879673
PRY,202010,,1,0.3227050083234176,0.3136968406406811
PRY,202011,,2,0.3008306842168497,0.28492737559730474
PRY,202012,,3,0.28904905752083393,0.2985867953504063
PSE,201901,,0,0.8384054623295077,0.7824463390186878
PSE,201902,,0,0.8087995551109789,0.750207966126843
PSE,201903,,0,0.8410934352418302,0.7816000917878564
PSE,201904,,0,0.8344444183917709,0.7799779992758339
PSE,201905,,0,0.8316187929055637,0.7862784159523528
PSE,201906,,0,0.8158820608912951,0.765177890476895
PSE,201907,,0,0.813797814936228,0.758789392357091
PSE,201908,,0,0.8421856853753295,0.7849855097221827
PSE,201909,,0,0.8024258730923199,0.7336556705507356
PSE,201910,,0,0.806648642922625,0.7277783284466653
PSE,201911,,0,0.8256261633796156,0.7904375233553584
PSE,201912,,0,0.8199884214269391,0.787603890315664
PSE,202001,,0,0.8089307017464161,0.7804932573394665
PSE,202002,,0,0.8338859243118761,0.7954727233602092
PSE,202003,,0,0.7915228833855069,0.7794243699159153
PSE,202004,,0,0.7851408200069041,0.7356200565350539
PSE,202005,,0,0.8208747490323688,0.7893071036778889
PSE,202006,,0,0.7955636751397995,0.7590942979540857
PSE,202007,,0,0.8068101841273777,0.767613645593497
PSE,202008,,0,0.7831944318964265,0.755323517129385
PSE,202009,,0,0.813509138008189,0.7497548980492045
PSE,202010,,0,0.7960695779572844,0.7523611340081002
PSE,202011,,0,0.7903996934808792,0.7344032151357063
PSE,202012,,0,0.7795489947798754,0.743600351040785
QAT,201901,0.0,45,0.09783612007655944,0.0888621062412611
QAT,201902,0.0,46,0.09768988761328695,0.08490244635483403
QAT,201903,0.0,47,0.10241695862703377,0.0888614438017105
QAT,201904,0.0,48,0.09363575833072221,0.08934198308130473
QAT,201905,0.0,49,0.09654569512701718,0.08375290365823236
QAT,201906,0.0,50,0.09321872405766321,0.08976740084581895
QAT,201907,0.0,51,0.0980000830773091,0.09074776141316239
QAT,201908,0.0,52,0.09323861969641273,0.08241120277777877
QAT,201909,0.0,53,0.0993184769889694,0.08775659757028813
QAT,201910,0.0,54,0.09600148984272633,0.08755688895590151
QAT,201911,0.0,55,0.09584393729118884,0.08841805426246875
QAT,201912,0.0,56,0.09982128850218393,0.08321276441009498
QAT,202001,0.0,57,0.09657369248729333,0.08564300453921112
QAT,202002,0.0,58,0.08568472687434539,0.09376155316266285
QAT,202003,0.0,59,0.08217805449301013,0.09036035730623436
QAT,202004,0.0,60,0.08814754361721663,0.08385661374834004
QAT,202005,0.0,61,0.0842024356675658,0.09072761110464246
QAT,202006,0.0,62,0.08409884434230212,0.08197107118016327
QAT,202007,0.0,63,0.08614264170748612,0.08597039218840377
QAT,202008,0.0,64,0.08947592698130423,0.07925284776544295
QAT,202009,0.0,65,0.094671282629584,0.08091325180184754
QAT,202010,,66,0.09133754520817457,0.07812579043561536
QAT,202011,,67,0.0843493755682008,0.07708973967967367
QAT,202012,,68,0.09952175042107106,0.08070818892207363
ROU,201901,0.0,109,0.08218050207105493,0.07660002199082283
ROU,201902,0.0,110,0.08283278961981214,0.08306315259992772
ROU,201903,0.0,111,0.08489210555067465,0.08454940399821158
ROU,201904,0.0,112,0.0877770059187003,0.0785370637317455
ROU,201905,0.0,113,0.0865798663510123,0.0776171483255977
ROU,201906,0.0,114,0.09167311056316411,0.07695132230623702
ROU,201907,0.0,115,0.08723455898287026,0.07989107699254783
ROU,201908,0.0,116,0.08946874223381947,0.07660544103162416
ROU,201909,0.0,117,0.0835959999491049,0.07877623947911297
ROU,201910,0.0,118,0.08351404789221543,0.07904063159197883
ROU,201911,0.0,119,0.08409282580310182,0.08022312811989724
ROU,201912,0.0,120,0.07944472398013876,0.07957531237645381
ROU,202001,0.0,121,0.09289939159388966,0.09380671304511617
ROU,202002,0.0,122,0.10166749459653486,0.09304664645170395
ROU,202003,0.0,123,0.09119477761265728,0.09395389801931525
ROU,202004,0.0,124,0.08821642667985811,0.09376026897909995
ROU,202005,0.0,125,0.08875226569567199,0.09065936167841418
ROU,202006,0.0,126,0.09253997619541447,0.09612360007992488
ROU,202007,0.0,127,0.08915034071299427,0.09117737357911423
ROU,202008,0.0,128,0.08938686283657721,0.09289497968102661
ROU,202009,0.0,129,0.08789478124402007,0.0939978315679536
ROU,202010,,130,0.0839197937822722,0.09099112614978992
ROU,202011,,131,0.08398824433487931,0.09271459715322142
ROU,202012,,132,0.08595286177256871,0.0938541873230402
RUS,201901,,0,0.7099967959575159,0.7667024245730965
RUS,201902,,0,0.7547238878896649,0.8015141076765379
RUS,201903,1.0,1,0.7282156350893952,0.7773611035300418
RUS,201904,,0,0.7104280238333845,0.759366326965316
RUS,201905,1.0,1,0.6618941959102845,0.7181028631397729
RUS,201906,1.0,2,0.6533281601533157,0.686405429811291
RUS,201907,,0,0.6622716735990103,0.7063545932830408
RUS,201908,1.0,1,0.6863474320918231,0.7222203653941526
RUS,201909,1.0,2,0.6756804244265396,0.7289973513728834
RUS,201910,1.0,3,0.6396047904258538,0.6525239179030891
RUS,201911,,0,0.5636262618562372,0.5176215086023198
RUS,201912,,0,0.692677345460761,0.7398826876515695
RUS,202001,1.0,1,0.679590984616767,0.7116956264955747
RUS,202002,,0,0.6393028108172013,0.6484030085890641
RUS,202003,1.0,1,0.7281823682021812,0.7265193359701791
RUS,202004,,0,0.645785893238046,0.6737907103396098
RUS,202005,,0,0.6880044223081758,0.7031051663478576
RUS,202006,,0,0.6836547841473947,0.6850775308843865
RUS,202007,,0,0.7403550948095,0.7522898891471266
RUS,202008,1.0,1,0.7378626142060156,0.7487536090934591
RUS,202009,1.0,2,0.6526611882753719,0.6494321385214183
RUS,202010,,0,0.6768782538785032,0.6785354179672938
RUS,202011,,1,0.6526211499103849,0.6774155079157457
RUS,202012,,0,0.6427666668439759,0.6754257041352233
RWA,201901,0.0,1,0.44251135902082894,0.4812072123739619
RWA,201902,0.0,2,0.45229713238585034,0.4513732604545948
RWA,201903,0.0,3,0.4421900498872033,0.4507758709840367
RWA,201904,0.0,4,0.3689177141454893,0.3184388015660533
RWA,201905,0.0,5,0.33544373996886917,0.3115824561028854
RWA,201906,0.0,6,0.3313544244112102,0.3021620217563634
RWA,201907,1.0,7,0.23552527171385915,0.20540023564117724
RWA,201908,1.0,8,0.22284671768650655,0.20175182219362145
RWA,201909,1.0,9,0.2167168683173782,0.18675098360419104
RWA,201910,,0,0.3085410935168474,0.26234072730992375
RWA,201911,,0,0.4420881440193635,0.42594361637054834
RWA,201912,0.0,1,0.4926939599520342,0.49009143782750253
RWA,202001,0.0,2,0.45397538567899737,0.42103217475932064
RWA,202002,0.0,3,0.4267173228911691,0.3835591169814624
RWA,202003,0.0,4,0.37754705518687276,0.33574870888977904
RWA,202004,0.0,5,0.3502006427619624,0.32468548181867013
RWA,202005,0.0,6,0.32225292060092114,0.30977945662407597
RWA,202006,0.0,7,0.29286245202431704,0.3032202372047187
RWA,202007,0.0,8,0.2941026718610003,0.29867843601203137
RWA,202008,0.0,9,0.32865288649846264,0.2877082557984184
RWA,202009,0.0,10,0.3009962869617401,0.2799045877301283
RWA,202010,,11,0.2998551406403535,0.2903023684627937
RWA,202011,,12,0.2313848408315724,0.2183682071085432
RWA,202012,,13,0.2027801593729534,0.20123382251013358
SAU,201901,,0,0.7664989630809101,0.7390999630700662
SAU,201902,1.0,1,0.7719704344096923,0.7877942213055295
SAU,201903,1.0,2,0.7044206495500649,0.6803401541865018
SAU,201904,,0,0.7006271374542632,0.6547480260281624
SAU,201905,,0,0.7428111559542606,0.7427896062553876
SAU,201906,,0,0.7924516372172721,0.8035234741581783
SAU,201907,,0,0.803334785388304,0.7999641114710525
SAU,201908,,0,0.7926855898827437,0.7651707771382271
SAU,201909,,0,0.7723038202548773,0.7732457793212866
SAU,201910,1.0,1,0.7743057776336255,0.74054465457383
SAU,201911,,0,0.7308614706721102,0.744039047506142
SAU,201912,,0,0.7588023827423873,0.74653212829864
SAU,202001,,0,0.7429913650501159,0.7044845159780345
SAU,202002,,0,0.7627527215426986,0.7524793004644856
SAU,202003,,0,0.7248321116187413,0.7413419974870565
SAU,202004,1.0,1,0.7482144565209495,0.7567104940029317
SAU,202005,1.0,2,0.7156443848964453,0.6653606089565884
SAU,202006,,0,0.702270673445756,0.668832969041727
SAU,202007,,0,0.7668357691537397,0.7741813073523034
SAU,202008,,0,0.7589571321914874,0.7546520857155463
SAU,202009,,0,0.7873302351758121,0.7624231618022037
SAU,202010,,0,0.78084108289724,0.7678466307153055
SAU,202011,,0,0.7727849134390763,0.754956397546128
SAU,202012,,0,0.7770558421911165,0.7580744623977668
SDN,201901,,0,0.7497552742309379,0.7180210595953394
SDN,201902,,0,0.7989854952057256,0.7585751016324678
SDN,201903,,0,0.8007659731870259,0.7504612570641275
SDN,201904,,0,0.8133942502866864,0.7801769545535584
SDN,201905,1.0,1,0.8167497892442321,0.7881930584502223
SDN,201906,,0,0.7998576138204976,0.7602728884045427
SDN,201907,,0,0.7805974958021621,0.7493870942815337
SDN,201908,1.0,1,0.8362031743237935,0.804541675528537
SDN,201909,1.0,2,0.7763286429913356,0.7551757526428391
SDN,201910,1.0,3,0.7531913725217394,0.7176647372382995
SDN,201911,,0,0.6358143157122554,0.5698884444801017
SDN,201912,,0,0.8192288285549888,0.7781400168455153
SDN,202001,,0,0.8123008859492189,0.8037684755863568
SDN,202002,,0,0.7944279250904404,0.8000907305141324
SDN,202003,,0,0.7878787706944014,0.7986257768293477
SDN,202004,,0,0.801666460235155,0.7877468143140592
SDN,202005,1.0,1,0.811773093813633,0.8040257002675675
SDN,202006,,0,0.7796362084032674,0.7489909268690299
SDN,202007,,0,0.7929255574920139,0.7855293843987385
SDN,202008,,0,0.8126967207535756,0.7957864987455199
SDN,202009,1.0,1,0.7928739781538624,0.7992146269458799
SDN,202010,,0,0.7621519337951983,0.7515605167796789
SDN,202011,,1,0.8063661387067147,0.8131887720537664
SDN,202012,,0,0.7813782813895161,0.7550490631605656
SEN,201901,0.0,5,0.16457615314240182,0.15609957381933737
SEN,201902,0.0,6,0.1648420980224925,0.15248474420674632
SEN,201903,0.0,7,0.1720117897708741,0.15284116664450095
SEN,201904,0.0,8,0.14199452838863383,0.14443299761897455
SEN,201905,0.0,9,0.1403478566320573,0.14128825396218075
SEN,201906,0.0,10,0.13281600364507665,0.13619185368014972
SEN,201907,0.0,11,0.14067579675712819,0.12409426350617137
SEN,201908,0.0,12,0.1425084219146874,0.13297800676045696
SEN,201909,0.0,13,0.1291640269983355,0.11682350312946051
SEN,201910,0.0,14,0.12588299201502756,0.11715137616831188
SEN,201911,0.0,15,0.1238827730411882,0.11091620888063897
SEN,201912,0.0,16,0.1126700946251415,0.10220853364001503
SEN,202001,0.0,17,0.11348063151382844,0.11634922666750215
SEN,202002,0.0,18,0.10251918961277473,0.10859527912152193
SEN,202003,0.0,19,0.10492353748444887,0.10970297543501019
SEN,202004,0.0,20,0.10115770062489679,0.10858058777800235
SEN,202005,0.0,21,0.11225382004334557,0.10842311193557304
SEN,202006,0.0,22,0.10581441919461089,0.10579485924242725
SEN,202007,0.0,23,0.11467220893841178,0.10379284388165358
SEN,202008,0.0,24,0.11254201033474985,0.1067022554372469
SEN,202009,0.0,25,0.1148712140275897,0.11015288810559555
SEN,202010,,26,0.11606379158221068,0.10474235739952274
SEN,202011,,27,0.10172036462621525,0.10043625338445261
SEN,202012,,28,0.08727496750172761,0.10214494928239087
SGP,201901,0.0,109,0.08360042218378666,0.10023415900188486
SGP,201902,0.0,110,0.08647171613485,0.1003924457106449
SGP,201903,0.0,111,0.08473706107081924,0.09945644894983871
SGP,201904,0.0,112,0.08417165874014444,0.09945655927803236
SGP,201905,0.0,113,0.0817750223686888,0.09866686811110187
SGP,201906,0.0,114,0.08370352325329648,0.09768230740631369
SGP,201907,0.0,115,0.08509596486920414,0.09628443819682167
SGP,201908,0.0,116,0.08567969539295907,0.09475116509475612
SGP,201909,0.0,117,0.08428645682524463,0.09531370020903542
SGP,201910,0.0,118,0.08537213346533969,0.09560772473615355
SGP,201911,0.0,119,0.08070112714503751,0.09680480142470067
SGP,201912,0.0,120,0.082312733180073,0.09410810306709656
SGP,202001,0.0,121,0.08387000351512039,0.0963785068913789
SGP,202002,0.0,122,0.08414816780394205,0.09531671856021129
SGP,202003,0.0,123,0.08019898108899,0.09605347219749691
SGP,202004,0.0,124,0.0815758303451534,0.0927472515197274
SGP,202005,0.0,125,0.0823363836359534,0.08960123147706035
SGP,202006,0.0,126,0.08472644377443374,0.0929725058273383
SGP,202007,0.0,127,0.08553508351469188,0.09060733437202878
SGP,202008,0.0,128,0.08481502353170338,0.09059872334196424
SGP,202009,0.0,129,0.08183706079823211,0.09171902378983456
SGP,202010,,130,0.08611546187135417,0.0899539197850574
SGP,202011,,131,0.08024673502948393,0.08962293551675149
SGP,202012,,132,0.08704638438903471,0.08931803465092282
SLE,201901,0.0,18,0.1262121164668142,0.1158765288591887
SLE,201902,0.0,19,0.1097484424289895,0.10707631431675893
SLE,201903,0.0,20,0.11480204309347673,0.11870434546689734
SLE,201904,0.0,21,0.12409642510144218,0.1176607426289599
SLE,201905,0.0,22,0.12798152336425248,0.12226171913102757
SLE,201906,0.0,23,0.10854126397962674,0.12061367879993452
SLE,201907,0.0,24,0.11904540907465526,0.11599834022339936
SLE,201908,0.0,25,0.11562281151425148,0.12212307678205725
SLE,201909,0.0,26,0.1264943485835908,0.1095797581981627
SLE,201910,0.0,27,0.13048210602777735,0.11689718479856852
SLE,201911,0.0,28,0.11612580601950928,0.10783209764442984
SLE,201912,0.0,29,0.11554790134795535,0.10696180877887562
SLE,202001,0.0,30,0.10251623415451508,0.1135053662503905
SLE,202002,0.0,31,0.09682842900583369,0.10662007726596913
SLE,202003,0.0,32,0.09557334384512378,0.1034953366038015
SLE,202004,0.0,33,0.09609471921451032,0.10593958729597822
SLE,202005,0.0,34,0.09001235275783845,0.09754549605176381
SLE,202006,0.0,35,0.08388445437411107,0.10381587946087115
SLE,202007,0.0,36,0.09013824446071052,0.09974185253227624
SLE,202008,0.0,37,0.08709725267585684,0.09848232921500255
SLE,202009,0.0,38,0.08896835905100675,0.09681389689711808
SLE,202010,,39,0.08976774084267854,0.09453678439584229
SLE,202011,,40,0.0873643764488939,0.09722755464670473
SLE,202012,,41,0.08833240031854539,0.09034310615486799
SLV,201901,0.0,109,0.07854735798286815,0.07737182579045344
SLV,201902,0.0,110,0.08366986815714031,0.07952244993717521
SLV,201903,0.0,111,0.08368168965346982,0.08263841223919233
SLV,201904,0.0,112,0.08071801393435132,0.07766966034139194
SLV,201905,0.0,113,0.13544768313991004,0.1331688436456158
SLV,201906,0.0,114,0.08677653974768187,0.07722832686707425
SLV,201907,0.0,115,0.08633709329731089,0.08154299198000803
SLV,201908,0.0,116,0.0872829700456626,0.07606354056547784
SLV,201909,0.0,117,0.08083459016179279,0.07975610645753017
SLV,201910,0.0,118,0.08687807456961538,0.0789320053827927
SLV,201911,0.0,119,0.08441034444452869,0.07851913338307327
SLV,201912,0.0,120,0.08071944624913396,0.08020536741906799
SLV,202001,0.0,121,0.09726660520568814,0.09893741782741859
SLV,202002,0.0,122,0.09781727497086731,0.10569713494505097
SLV,202003,0.0,123,0.09044135586891647,0.10083423475305008
SLV,202004,0.0,124,0.09635947065550274,0.09763378279157559
SLV,202005,0.0,125,0.09280871721796831,0.09794840135815633
SLV,202006,0.0,126,0.09344641724941882,0.09684769293445031
SLV,202007,0.0,127,0.09296492095277874,0.09384628632453347
SLV,202008,0.0,128,0.09442787016396365,0.09154175890582433
SLV,202009,0.0,129,0.09724326557252924,0.09313990468963189
SLV,202010,,130,0.09671170314015583,0.09169574774136063
SLV,202011,,131,0.09639894890420127,0.09276679297558722
SLV,202012,,132,0.09167820179812264,0.09307350874948007
SOM,201901,,0,0.7982270291431007,0.7793551112504846
SOM,201902,,0,0.7833999930351154,0.7860625137725836
SOM,201903,,0,0.8092746699145873,0.7726430571519003
SOM,201904,,0,0.8065989906810231,0.7795874513244009
SOM,201905,,0,0.7926245359467836,0.7899748366901105
SOM,201906,,0,0.8175555202659264,0.8005156244122003
SOM,201907,,0,0.810231556080874,0.7838882288764796
SOM,201908,,0,0.819417565458173,0.782152130555715
SOM,201909,,0,0.8068932829982556,0.7732466982539331
SOM,201910,,0,0.7941609464480593,0.748051025254546
SOM,201911,,0,0.8064538896074525,0.7752312496680913
SOM,201912,,0,0.8153184917657448,0.7586822265703397
SOM,202001,,0,0.7916820912501571,0.7741048858298091
SOM,202002,,0,0.794468549683994,0.7890798093573674
SOM,202003,,0,0.7987783317405279,0.7911654086119154
SOM,202004,,0,0.80723663133513,0.7563810510958953
SOM,202005,,0,0.7991784158024386,0.7841149236350587
SOM,202006,,0,0.7844337005310422,0.7754001792982471
SOM,202007,,0,0.7972987520747584,0.788127267140278
SOM,202008,,0,0.7916601793678659,0.7769411618832233
SOM,202009,,0,0.8124480743833334,0.770762086228963
SOM,202010,,0,0.8012925532924846,0.7761307911797857
SOM,202011,,0,0.7922279717061774,0.7963454233036491
SOM,202012,,0,0.7985475458941365,0.7932170669932713
SRB,201901,0.0,24,0.08765215707608508,0.09179925752631984
SRB,201902,0.0,25,0.08438113937504708,0.09140306900729017
SRB,201903,0.0,26,0.08285877847920958,0.08851684881710048
SRB,201904,0.0,27,0.08117825879189733,0.08747534050351874
SRB,201905,0.0,28,0.08120987370492419,0.08811511675874882
SRB,201906,0.0,29,0.08261335864111892,0.08355526899066805
SRB,201907,0.0,30,0.08196885707341477,0.08480734639245979
SRB,201908,0.0,31,0.08065571889187868,0.08849682800853705
SRB,201909,0.0,32,0.08134028599475666,0.08434115042723019
SRB,201910,0.0,33,0.07972183031168181,0.08652248092818769
SRB,201911,0.0,34,0.08053699124032523,0.08613255798226596
SRB,201912,0.0,35,0.07974836828080208,0.0862922153963086
SRB,202001,0.0,36,0.08574119269211974,0.09624288588759679
SRB,202002,0.0,37,0.0836074307863121,0.09528979220870468
SRB,202003,0.0,38,0.08106114949059007,0.09580693643557864
SRB,202004,0.0,39,0.08343302494430076,0.09117258872126827
SRB,202005,0.0,40,0.07997102451952498,0.09235912712886693
SRB,202006,0.0,41,0.08583550831047773,0.09692820623588419
SRB,202007,0.0,42,0.08336884362591628,0.09775414102984502
SRB,202008,0.0,43,0.08464049820134427,0.0928683514940656
SRB,202009,0.0,44,0.08062139350782528,0.09232009624839771
SRB,202010,,45,0.08067593591124902,0.09273443374973571
SRB,202011,,46,0.0790930155179583,0.09422642779324862
SRB,202012,,47,0.08553626597763182,0.09322715895166934
SSD,201901,1.0,1,0.8049964428746391,0.7814742326317478
SSD,201902,1.0,2,0.7634896841904362,0.739545944320989
SSD,201903,,0,0.7591906266788878,0.726254220193243
SSD,201904,0.0,1,0.772298785841994,0.72873604702175
SSD,201905,1.0,2,0.75530032991273,0.714298167657967
SSD,201906,1.0,3,0.7495451909465503,0.6808153335788809
SSD,201907,1.0,4,0.5855320290355628,0.5625039786081721
SSD,201908,,0,0.5960610866609314,0.5832007073681408
SSD,201909,1.0,1,0.775359579007524,0.7878647242257343
SSD,201910,1.0,2,0.7474766573669887,0.7221743130926117
SSD,201911,,0,0.7214255511482212,0.719982105808127
SSD,201912,,0,0.6806231165975701,0.67126775194375
SSD,202001,,0,0.7265857591159687,0.7347908167405004
SSD,202002,,0,0.7330020554693543,0.7526863887121005
SSD,202003,,0,0.7461579467104039,0.768471235187752
SSD,202004,1.0,1,0.7565340452999976,0.758492653868078
SSD,202005,,0,0.7039108311185557,0.7031021548698603
SSD,202006,1.0,1,0.731529424475993,0.731968857945622
SSD,202007,,0,0.6807329002737567,0.7028652689827622
SSD,202008,,0,0.7504502313910796,0.7283633028218449
SSD,202009,,0,0.7875076990270586,0.7868568236359521
SSD,202010,,0,0.7582262532593362,0.7545911100132039
SSD,202011,,1,0.7923165564488847,0.8019936278690746
SSD,202012,,2,0.7265104431344427,0.7403062345459231
SVK,201901,0.0,28,0.09128850496279489,0.08417931481325497
SVK,201902,0.0,29,0.0863316018021204,0.08320949993530802
SVK,201903,0.0,30,0.09773230730449059,0.08365460095529607
SVK,201904,0.0,31,0.09578413013887951,0.08321670618309313
SVK,201905,0.0,32,0.09122593169433944,0.0842359292348821
SVK,201906,0.0,33,0.08835578223538104,0.08392071551832782
SVK,201907,0.0,34,0.0890514823644179,0.08432551977921625
SVK,201908,0.0,35,0.0886146798834005,0.08352097737390883
SVK,201909,0.0,36,0.08562945877223545,0.08192710264536847
SVK,201910,0.0,37,0.08216956577981305,0.0815505312888107
SVK,201911,0.0,38,0.08643494882993402,0.0855643867679352
SVK,201912,0.0,39,0.0905005463425946,0.08105379267471223
SVK,202001,0.0,40,0.10801460020558988,0.09282557106391835
SVK,202002,0.0,41,0.09825777066016847,0.09525750922184127
SVK,202003,0.0,42,0.09388819271866962,0.09562452979262043
SVK,202004,0.0,43,0.09442588379370014,0.09150593767546152
SVK,202005,0.0,44,0.09478339264954215,0.09183667821886145
SVK,202006,0.0,45,0.09371290071908915,0.09638733138517255
SVK,202007,0.0,46,0.09077339633702453,0.09392263622032482
SVK,202008,0.0,47,0.09273584799430572,0.09332367065807429
SVK,202009,0.0,48,0.09995662230297311,0.09572496127113206
SVK,202010,,49,0.10228841574302719,0.0926558901441825
SVK,202011,,50,0.08943994931497501,0.09243822821036453
SVK,202012,,51,0.09230212075606772,0.09314460960639892
SVN,201901,0.0,109,0.07503775310861989,0.07707835682968434
SVN,201902,0.0,110,0.0806231188872791,0.07787024805251011
SVN,201903,0.0,111,0.08138999229180857,0.08273911610777619
SVN,201904,0.0,112,0.07869821138383024,0.07825438070147617
SVN,201905,0.0,113,0.08149194493875117,0.08103770340113249
SVN,201906,0.0,114,0.0821347689712032,0.07884211795881522
SVN,201907,0.0,115,0.08312364227558716,0.08107872448951982
SVN,201908,0.0,116,0.07699350911751346,0.07734858233349141
SVN,201909,0.0,117,0.08103144741168655,0.07919148230043771
SVN,201910,0.0,118,0.08041200398036703,0.07765709856419328
SVN,201911,0.0,119,0.08474406017328928,0.07977368141674632
SVN,201912,0.0,120,0.077788228750048,0.0806801603250876
SVN,202001,0.0,121,0.08862899987436963,0.09218886528604628
SVN,202002,0.0,122,0.08970483078515473,0.096557873203684
SVN,202003,0.0,123,0.07862184472918607,0.0987687538087461
SVN,202004,0.0,124,0.08591855610024206,0.09021756669721358
SVN,202005,0.0,125,0.0853233869729591,0.09122579818087832
SVN,202006,0.0,126,0.08476097466659763,0.09264005218373454
SVN,202007,0.0,127,0.08294019298252576,0.0865169335727196
SVN,202008,0.0,128,0.084776070027382,0.09077771343218263
SVN,202009,0.0,129,0.08292190512972011,0.09065640600906077
SVN,202010,,130,0.08285924263477243,0.09076572012924165
SVN,202011,,131,0.07795348931709815,0.0908982956724863
SVN,202012,,132,0.07871913882221972,0.09350964384969228
SWE,201901,,0,0.6199098906588884,0.6210684727588904
SWE,201902,0.0,1,0.6437330787788221,0.6370424810553483
SWE,201903,0.0,2,0.6204261997845884,0.6226477109836606
SWE,201904,0.0,3,0.577366837617229,0.5804279461659185
SWE,201905,0.0,4,0.5264157587400201,0.4879130930970671
SWE,201906,0.0,5,0.4903308527112196,0.4214509941491664
SWE,201907,1.0,6,0.45694515217852333,0.4087587007923835
SWE,201908,1.0,7,0.4503777635386518,0.42163580745791124
SWE,201909,1.0,8,0.3558642896813747,0.3475904585714277
SWE,201910,,0,0.38550714989810503,0.38141426530274924
SWE,201911,1.0,1,0.4537283113304671,0.4544832031050619
SWE,201912,1.0,2,0.4379982277083277,0.4395921766378143
SWE,202001,1.0,3,0.41856729966108547,0.4185890235876004
SWE,202002,,0,0.361641235291264,0.3584572835292091
SWE,202003,0.0,1,0.534354221256343,0.520484232514295
SWE,202004,1.0,2,0.5127460347383012,0.4952515319612813
SWE,202005,1.0,3,0.5350752057246198,0.4968810991281501
SWE,202006,1.0,4,0.48368773675625776,0.4247804076432206
SWE,202007,,0,0.45618839262433025,0.44328792211167817
SWE,202008,0.0,1,0.6011682570579867,0.5823432913821178
SWE,202009,0.0,2,0.5862126047938159,0.5603184685095515
SWE,202010,,3,0.5837436517636738,0.554027227606251
SWE,202011,,4,0.4866894004988228,0.42108668969006485
SWE,202012,,5,0.4429730720038745,0.3899016665309556
SYR,201901,,0,0.8398175482922059,0.8104482617905171
SYR,201902,,0,0.8399634721693338,0.8079618328152072
SYR,201903,,0,0.8340303899527598,0.8131451007449673
SYR,201904,,0,0.8381597487997938,0.8168017534487281
SYR,201905,,0,0.8450730936182991,0.8146848561040803
SYR,201906,,0,0.8622215077591673,0.829033089419279
SYR,201907,,0,0.8404842231415494,0.8263673293872665
SYR,201908,,0,0.8632683752284005,0.8189482849234527
SYR,201909,,0,0.834948897792669,0.8136528599372523
SYR,201910,,0,0.8338422140393875,0.7897444584324557
SYR,201911,,0,0.8400335641586036,0.821487787501825
SYR,201912,,0,0.8390350138718129,0.8112332368480375
SYR,202001,,0,0.8305845356736303,0.8164469812146663
SYR,202002,,0,0.8433718117225324,0.814133946310357
SYR,202003,,0,0.8288877324766504,0.8175048021783692
SYR,202004,,0,0.8374047519469455,0.8004293950871098
SYR,202005,,0,0.8365540697102518,0.8181126520113415
SYR,202006,,0,0.8282604506411793,0.8189305228067245
SYR,202007,,0,0.8381632856230763,0.8294078459320996
SYR,202008,,0,0.8261783391437488,0.8134199876632158
SYR,202009,,0,0.8278179716207208,0.8144600943089637
SYR,202010,,0,0.830788347902094,0.8140082876704633
SYR,202011,,0,0.82569682105236,0.8136662564764608
SYR,202012,,0,0.8410941722408848,0.8156853324956885
TCD,201901,1.0,4,0.41023052552034883,0.3628730786508291
TCD,201902,,0,0.4244853448821285,0.4168998376381725
TCD,201903,1.0,1,0.6645581686348194,0.617579233658866
TCD,201904,1.0,2,0.6590760743862444,0.6659521140577054
TCD,201905,,0,0.6818602920749163,0.6535307894674753
TCD,201906,1.0,1,0.6712157068524226,0.6947596229662432
TCD,201907,1.0,2,0.6360664948994995,0.6686822285881314
TCD,201908,,0,0.642441308426885,0.6534659673654134
TCD,201909,1.0,1,0.6637374962872419,0.6617196476129797
TCD,201910,,0,0.5661133225879192,0.5706774833916503
TCD,201911,,0,0.6528146903209834,0.663234528923404
TCD,201912,,0,0.6591664974388303,0.6794771561622724
TCD,202001,,0,0.7056463272806487,0.7169153685463969
TCD,202002,0.0,1,0.7372660405374504,0.737161904808812
TCD,202003,0.0,2,0.6815475823048558,0.6921355555932817
TCD,202004,1.0,3,0.6678653811323482,0.6673002942524084
TCD,202005,1.0,4,0.5127018502259303,0.4912564893846156
TCD,202006,1.0,5,0.4698300134818102,0.4243323949886545
TCD,202007,,0,0.558328290984564,0.5358829989572231
TCD,202008,0.0,1,0.6388009790032565,0.6260242411417102
TCD,202009,0.0,2,0.6281403234746015,0.62066539752857
TCD,202010,,3,0.6198478545990282,0.6271517823270983
TCD,202011,,4,0.5372443385203836,0.5022240724171112
TCD,202012,,5,0.49825922071377243,0.4737981477715734
TGO,201901,0.0,109,0.08523923176959985,0.0826206847042657
TGO,201902,0.0,110,0.08707852417544613,0.08571092060840503
TGO,201903,0.0,111,0.07966466008757495,0.0863221586653441
TGO,201904,0.0,112,0.13020358499008625,0.14805764908418564
TGO,201905,0.0,113,0.08158193554133591,0.08288743279795983
TGO,201906,0.0,114,0.08352580792506087,0.0821757510323529
TGO,201907,0.0,115,0.08314488015369603,0.0839522022668522
TGO,201908,0.0,116,0.08040148794805439,0.07930615811967566
TGO,201909,0.0,117,0.07951705793973979,0.0799418276396862
TGO,201910,0.0,118,0.0801477467910514,0.0808980943420459
TGO,201911,0.0,119,0.080516248886115,0.08319245748440114
TGO,201912,0.0,120,0.07989374161065349,0.08212283820837266
TGO,202001,0.0,121,0.09024588936086592,0.09794112770519826
TGO,202002,0.0,122,0.08757715920604194,0.09790666941395637
TGO,202003,0.0,123,0.08537245917537825,0.09625027993485917
TGO,202004,0.0,124,0.08446372404428479,0.09326928316889252
TGO,202005,0.0,125,0.08786337921343332,0.09184127790616077
TGO,202006,0.0,126,0.08456552734040622,0.09555271953117891
TGO,202007,0.0,127,0.08189456464422831,0.09298127354311024
TGO,202008,0.0,128,0.08029592318541373,0.09167494866074286
TGO,202009,0.0,129,0.08076308225204736,0.096497927697746
TGO,202010,,130,0.08093749517773448,0.09230500530491927
TGO,202011,,131,0.08296800038453817,0.09218486201823323
TGO,202012,,132,0.07961937663409233,0.09220184339819426
THA,201901,,0,0.767691594908821,0.785548211164551
THA,201902,,0,0.7626969131971372,0.787554433512327
THA,201903,,0,0.7705072361956791,0.79193051520727
THA,201904,,0,0.7728230563777149,0.7895033641162115
THA,201905,,0,0.7659561746884438,0.784804589017544
THA,201906,,0,0.7160390141320869,0.7482783220425122
THA,201907,,0,0.7530533474428285,0.7969147177914665
THA,201908,,0,0.7719785611738207,0.8036169827375909
THA,201909,,0,0.7253958881871674,0.7667980218024165
THA,201910,,0,0.7391580606614139,0.7512100687079488
THA,201911,,0,0.7898285062891245,0.7877661533626507
THA,201912,1.0,1,0.7791598074733561,0.7828289044275845
THA,202001,,0,0.7272226056970799,0.7289312343320785
THA,202002,,0,0.7586804771512228,0.7787361919853439
THA,202003,,0,0.7658602306719028,0.7887464816472027
THA,202004,1.0,1,0.7716962704596066,0.766700142238123
THA,202005,1.0,2,0.7071129083958805,0.7385409934667757
THA,202006,1.0,3,0.702896874633105,0.725925294800011
THA,202007,,0,0.613493911077111,0.5766067364549636
THA,202008,,0,0.7003343991261234,0.7120092667659584
THA,202009,1.0,1,0.7204658008022485,0.7239687270387103
THA,202010,,0,0.7117560766559666,0.7173296814467703
THA,202011,,0,0.696800825647546,0.7311844144718043
THA,202012,,0,0.760502680140092,0.7505428905050927
TJK,201901,0.0,2,0.39400208821590155,0.36898715324988407
TJK,201902,1.0,3,0.36386065557173497,0.37422737684928914
TJK,201903,1.0,4,0.31683491388068624,0.2808275817425229
TJK,201904,1.0,5,0.3164451888809959,0.2897085092707258
TJK,201905,,0,0.329742215180265,0.28441856925415143
TJK,201906,0.0,1,0.4540965585681534,0.4483416214662331
TJK,201907,0.0,2,0.3808733952993,0.42923635513572506
TJK,201908,0.0,3,0.36029739506146186,0.34817299837898574
TJK,201909,0.0,4,0.27867618520877935,0.28648753231646285
TJK,201910,0.0,5,0.24872035929219397,0.21763561222572264
TJK,201911,0.0,6,0.2391524631533947,0.21578343337839193
TJK,201912,0.0,7,0.20800986856726303,0.2096507428435735
TJK,202001,0.0,8,0.1992664317414469,0.2043488529156191
TJK,202002,0.0,9,0.20962239638863284,0.19841223198841537
TJK,202003,0.0,10,0.21226592093473848,0.19220546673938263
TJK,202004,0.0,11,0.17671449602305514,0.1937030031236623
TJK,202005,0.0,12,0.16394921623036496,0.18066708439332133
TJK,202006,0.0,13,0.16545436140808045,0.17136319556128704
TJK,202007,0.0,14,0.17002696926189464,0.18807003650563534
TJK,202008,0.0,15,0.1761002389628318,0.17230792644837517
TJK,202009,0.0,16,0.1609323355128072,0.1571113551925693
TJK,202010,,17,0.16155276498460733,0.15453133603786381
TJK,202011,,18,0.16410746171360288,0.14791236662576387
TJK,202012,,19,0.1487260518051279,0.14918092520606266
TKM,201901,0.0,109,0.08162475902150894,0.06830754048730807
TKM,201902,0.0,110,0.07931307340465078,0.06867662087346695
TKM,201903,0.0,111,0.09066577151529516,0.07215904612711374
TKM,201904,0.0,112,0.0844066454155602,0.07076296516334135
TKM,201905,0.0,113,0.07632075255764464,0.06950711432002203
TKM,201906,0.0,114,0.08464181486914572,0.06800772249455782
TKM,201907,0.0,115,0.07816688484545042,0.07124370539071889
TKM,201908,0.0,116,0.07608008081128073,0.0685369421320221
TKM,201909,0.0,117,0.07417306708421259,0.06421331198584256
TKM,201910,0.0,118,0.07237995807884395,0.07047176498086535
TKM,201911,0.0,119,0.07429539098340697,0.06938245418551336
TKM,201912,0.0,120,0.0702454383035784,0.06979322088629608
TKM,202001,0.0,121,0.0732209494247092,0.0711410257726693
TKM,202002,0.0,122,0.07435639011075011,0.07222616535482695
TKM,202003,0.0,123,0.07355949462725438,0.07128747217501528
TKM,202004,0.0,124,0.07222338377505583,0.07067379721038913
TKM,202005,0.0,125,0.07066800702986803,0.07526514812693992
TKM,202006,0.0,126,0.06947559659961203,0.07704607887997636
TKM,202007,0.0,127,0.06794657114934692,0.07331088492309411
TKM,202008,0.0,128,0.07117044380699175,0.07345800355633311
TKM,202009,0.0,129,0.07277793518718584,0.0713767359824847
TKM,202010,,130,0.07191714308229026,0.07567412969074488
TKM,202011,,131,0.06813129166079221,0.07344936159735982
TKM,202012,,132,0.07109215016316647,0.07191511448543456
TLS,201901,0.0,109,0.08380875688533507,0.07883664779268637
TLS,201902,0.0,110,0.08405119958200266,0.07698368484167172
TLS,201903,0.0,111,0.08352579707798492,0.08053836986169369
TLS,201904,0.0,112,0.07934210056841354,0.07882476586728694
TLS,201905,0.0,113,0.08187923403318764,0.07985648304304967
TLS,201906,0.0,114,0.07882111675972997,0.07753437331835106
TLS,201907,0.0,115,0.0813532751477552,0.08092360230731138
TLS,201908,0.0,116,0.08079085171341868,0.07750770861545318
TLS,201909,0.0,117,0.07896159832354485,0.07981305650564031
TLS,201910,0.0,118,0.0811003264016854,0.07875599930089115
TLS,201911,0.0,119,0.07715414010681645,0.07947223206008716
TLS,201912,0.0,120,0.07792829109399974,0.08008131971769336
TLS,202001,0.0,121,0.07800398237226423,0.07794119918416746
TLS,202002,0.0,122,0.07666571802355972,0.07439440642410357
TLS,202003,0.0,123,0.07430949891708039,0.0784720318505016
TLS,202004,0.0,124,0.07614137293935763,0.07419328643730577
TLS,202005,0.0,125,0.07968308760432595,0.07556257232041293
TLS,202006,0.0,126,0.07604848419649662,0.07908660752932077
TLS,202007,0.0,127,0.07302245558262682,0.07339233891008445
TLS,202008,0.0,128,0.07659573839928242,0.07356251484888339
TLS,202009,0.0,129,0.07699281660359089,0.07753827619087345
TLS,202010,,130,0.07542440413008378,0.07793216214154311
TLS,202011,,131,0.07534958451269792,0.07612710770456449
TLS,202012,,132,0.07467131642286601,0.07616691022097569
TUN,201901,1.0,2,0.6594623850227517,0.6412349748180779
TUN,201902,,0,0.6603825402507114,0.6154774820621567
TUN,201903,,0,0.7806196256933997,0.7427640007804593
TUN,201904,,0,0.7668316387550459,0.7506944457925713
TUN,201905,1.0,1,0.7817510174232205,0.7725789809380801
TUN,201906,,0,0.7536821436444875,0.7418218262493756
TUN,201907,1.0,1,0.7661095610084854,0.7735730805669299
TUN,201908,1.0,2,0.7414265669359692,0.7132419262075771
TUN,201909,,0,0.7478121574164983,0.7042692879148734
TUN,201910,,0,0.7651549523217227,0.7151170902972875
TUN,201911,0.0,1,0.7222326912155091,0.7196026129642568
TUN,201912,1.0,2,0.7269677961842317,0.6729209467714712
TUN,202001,1.0,3,0.7031058657687568,0.6601336177742411
TUN,202002,1.0,4,0.5685970737034685,0.522841330260566
TUN,202003,,0,0.6063689055041335,0.571596228870426
TUN,202004,0.0,1,0.7251830986965908,0.6780684211658154
TUN,202005,0.0,2,0.639797024387849,0.5660533247815497
TUN,202006,0.0,3,0.6402545935680835,0.5731839950676493
TUN,202007,0.0,4,0.5026099963238223,0.43868050764348626
TUN,202008,0.0,5,0.48918549981382753,0.4284493602183818
TUN,202009,1.0,6,0.5011482178798445,0.47640909821004285
TUN,202010,,7,0.360096741580229,0.33132791072082823
TUN,202011,,8,0.3330993899080466,0.31000415219258715
TUN,202012,,0,0.4029070318698708,0.37035531167491553
TUR,201901,1.0,1,0.7854658063900475,0.7880475127862416
TUR,201902,,0,0.7229259401122952,0.6923556621523823
TUR,201903,,0,0.7990211589037748,0.7719977678574921
TUR,201904,1.0,1,0.7989189873880669,0.7717703606412527
TUR,201905,,0,0.7536475665878551,0.7495890814836477
TUR,201906,,0,0.8155174143853666,0.8212422964875546
TUR,201907,,0,0.8167273664071611,0.8230375799784536
TUR,201908,,0,0.8169795295401946,0.8093203058853653
TUR,201909,,0,0.8039929552095221,0.8081590641924745
TUR,201910,,0,0.8088712896405303,0.8037849830900121
TUR,201911,1.0,1,0.8136546746929578,0.8309409487304521
TUR,201912,,0,0.7582080086939902,0.7628047501785116
TUR,202001,1.0,1,0.7718110410056644,0.7719141768382174
TUR,202002,1.0,2,0.737063770808319,0.7238902922144019
TUR,202003,,0,0.7465080899780874,0.7157444045095555
TUR,202004,,0,0.7600328064515436,0.7543057029423591
TUR,202005,,0,0.7908214953064412,0.8038304477304635
TUR,202006,,0,0.8091461638274986,0.8168411788244596
TUR,202007,1.0,1,0.8156798587063124,0.8374743812472139
TUR,202008,1.0,2,0.7792194358756579,0.7761848012351501
TUR,202009,1.0,3,0.7574019150892713,0.7675115435471441
TUR,202010,,0,0.6162724841547772,0.612390357557556
TUR,202011,,0,0.787218856580406,0.7939852005382058
TUR,202012,,0,0.7517287325952589,0.7359164971394382
TWN,201901,0.0,4,0.3340524068768007,0.3173194271245473
TWN,201902,0.0,5,0.30321249219730634,0.28990058948625924
TWN,201903,0.0,6,0.3091914984868961,0.27632012108332016
TWN,201904,0.0,7,0.30663036494083556,0.28274195910972577
TWN,201905,0.0,8,0.2953328655247434,0.26967753470660094
TWN,201906,0.0,9,0.17524231144806846,0.17583112236208337
TWN,201907,0.0,10,0.17228437524302895,0.17614015304909916
TWN,201908,0.0,11,0.17104887588988885,0.18360603938211728
TWN,201909,1.0,12,0.175870116796455,0.17638838794732162
TWN,201910,1.0,13,0.16238840573303306,0.1676176647717143
TWN,201911,1.0,14,0.16306694227753327,0.17301589405068313
TWN,201912,,0,0.18375063432115263,0.19979075388872292
TWN,202001,0.0,1,0.2906751199139375,0.2815469821297302
TWN,202002,0.0,2,0.2564149585571876,0.24198526800137704
TWN,202003,0.0,3,0.24761320113330867,0.2553673064332658
TWN,202004,0.0,4,0.2175625791394384,0.21500736697929024
TWN,202005,0.0,5,0.20526188892427316,0.2110747013293356
TWN,202006,0.0,6,0.20060775458684799,0.19433646357541728
TWN,202007,0.0,7,0.2057588458566147,0.20301006240041308
TWN,202008,0.0,8,0.18515847055054413,0.203175680063205
TWN,202009,0.0,9,0.17732576611187867,0.18992476974437492
TWN,202010,,10,0.17924316667035992,0.19366651277574537
TWN,202011,,11,0.1841420150142617,0.1876339043342665
TWN,202012,,12,0.17596460938744374,0.18462418913138928
TZA,201901,0.0,1,0.5210498786555228,0.4865569019292711
TZA,201902,0.0,2,0.47267716055371717,0.450636477465107
TZA,201903,0.0,3,0.3783579260118971,0.36866836145096094
TZA,201904,0.0,4,0.25057393301145997,0.22263949743695208
TZA,201905,0.0,5,0.2033354982670717,0.19367435825207532
TZA,201906,0.0,6,0.1864847007208652,0.18624173045947423
TZA,201907,0.0,7,0.23189669489346854,0.22597944884805457
TZA,201908,1.0,8,0.21225045428092595,0.1846480492469793
TZA,201909,1.0,9,0.182176338699529,0.17065157384963586
TZA,201910,1.0,10,0.1990371742784538,0.16897474027640988
TZA,201911,,0,0.26705284272598157,0.2609187364511345
TZA,201912,0.0,1,0.4024076169435429,0.39118936099753154
TZA,202001,0.0,2,0.32780751162976984,0.3706197005696963
TZA,202002,0.0,3,0.29055499676564944,0.28940024690833477
TZA,202003,1.0,4,0.234192085842018,0.23185330847809246
TZA,202004,1.0,5,0.22719699598766327,0.21974349206086033
TZA,202005,1.0,6,0.2148442983009436,0.22747693618355444
TZA,202006,,0,0.22351181284977803,0.23228908708890106
TZA,202007,1.0,1,0.3045757368743411,0.3258154490229974
TZA,202008,,0,0.2637420561495138,0.2997000645951179
TZA,202009,1.0,1,0.4430783422595768,0.47792179798092027
TZA,202010,,0,0.4924242506198355,0.5033382099528072
TZA,202011,,1,0.5257047034295633,0.579198476659556
TZA,202012,,2,0.4417147037191451,0.42928650876556995
UGA,201901,1.0,2,0.6459092940628253,0.5968359566688273
UGA,201902,1.0,3,0.6258035411679467,0.5949199885249948
UGA,201903,1.0,4,0.5401766951994089,0.468840029158063
UGA,201904,,0,0.5375348122390133,0.46099440682416204
UGA,201905,1.0,1,0.6530808159857585,0.5910565190019932
UGA,201906,1.0,2,0.6115199930174026,0.5705563288720849
UGA,201907,1.0,3,0.5760436542052012,0.5534708812867917
UGA,201908,,0,0.5218660457853024,0.47101225749002185
UGA,201909,0.0,1,0.6412564540313426,0.6320778434322353
UGA,201910,0.0,2,0.6140284684129275,0.6000378478371978
UGA,201911,0.0,3,0.6358235786901573,0.6416637023818764
UGA,201912,0.0,4,0.47881123716993657,0.38363268195386496
UGA,202001,0.0,5,0.43028349503855345,0.39132635449261605
UGA,202002,0.0,6,0.449023601374027,0.37433267640310264
UGA,202003,1.0,7,0.41746644890893636,0.3760132202369465
UGA,202004,1.0,8,0.4107504597380995,0.37983930144066164
UGA,202005,1.0,9,0.31822709044680214,0.286265166360707
UGA,202006,,0,0.3839809631363448,0.35475317498486914
UGA,202007,1.0,1,0.64151602619957,0.6213310154964112
UGA,202008,,0,0.5842661198681359,0.6035267098902763
UGA,202009,0.0,1,0.6345563086202631,0.6132446674724938
UGA,202010,,2,0.5733823420596557,0.565030222876106
UGA,202011,,3,0.560987291788142,0.5638047809122776
UGA,202012,,4,0.45551839347140316,0.453868196571275
UKR,201901,1.0,2,0.7137348974695513,0.7584848247849202
UKR,201902,,0,0.6651758935969769,0.7216006865658399
UKR,201903,,0,0.7574608921124448,0.7947822251397628
UKR,201904,,0,0.7585345153778583,0.8160575607841238
UKR,201905,,0,0.754003677688338,0.8240087342035168
UKR,201906,,0,0.7748438259187508,0.8148111399455751
UKR,201907,,0,0.7542074288334747,0.8185051538566053
UKR,201908,,0,0.7598024333310497,0.8199521398193177
UKR,201909,,0,0.7511829267367299,0.8149302979128049
UKR,201910,1.0,1,0.7749886186246192,0.8080396598116255
UKR,201911,,0,0.728077762356157,0.7784474939235353
UKR,201912,1.0,1,0.7843370034106819,0.7902092383264785
UKR,202001,,0,0.6859398446347332,0.7060716105120103
UKR,202002,,0,0.7430038349649815,0.7311677985782943
UKR,202003,,0,0.7405242955164537,0.737650086560653
UKR,202004,,0,0.7575622281397788,0.7416482282913947
UKR,202005,,0,0.7570319423033002,0.7860644391178596
UKR,202006,,0,0.7679838919179638,0.7883922559990714
UKR,202007,,0,0.744036349461458,0.781022436997083
UKR,202008,,0,0.7665863633161695,0.7912730794252153
UKR,202009,1.0,1,0.7629333957958171,0.783425431510111
UKR,202010,,0,0.7026729758624394,0.7499220562865352
UKR,202011,,0,0.7560451993371512,0.7751498566699543
UKR,202012,,1,0.7249433712503187,0.7502775274797302
URY,201901,0.0,34,0.10286558681681203,0.0989960565558875
URY,201902,0.0,35,0.09614639504338392,0.09891155795808222
URY,201903,0.0,36,0.09484669599788866,0.10032327054810036
URY,201904,0.0,37,0.0960205805953571,0.09600304170458285
URY,201905,0.0,38,0.0946026471313464,0.101207402167492
URY,201906,0.0,39,0.10704472630174935,0.09515693742035829
URY,201907,0.0,40,0.10555361755642181,0.09987719884841655
URY,201908,0.0,41,0.10799463825695975,0.09544102691491542
URY,201909,0.0,42,0.11554259961164931,0.09984497095006159
URY,201910,0.0,43,0.10578466962282446,0.09839052151858876
URY,201911,0.0,44,0.10232786398469189,0.0991229880820938
URY,201912,0.0,45,0.10693617917047306,0.09695201402504075
URY,202001,0.0,46,0.10947662847314939,0.09838795445544564
URY,202002,0.0,47,0.11381907488211639,0.10459678041488915
URY,202003,0.0,48,0.09829396465605729,0.10172822379299419
URY,202004,0.0,49,0.0939269670526809,0.10209655259011509
URY,202005,0.0,50,0.09035986644396105,0.09606514004153288
URY,202006,0.0,51,0.09974372377691865,0.1042781342276361
URY,202007,0.0,52,0.09293220212516831,0.09549159320029288
URY,202008,0.0,53,0.09253567031784492,0.09587197123586969
URY,202009,0.0,54,0.0908039808102947,0.09785518199554032
URY,202010,,55,0.08905873086805874,0.0942594551829707
URY,202011,,56,0.08693222121167964,0.09398056744774767
URY,202012,,57,0.08246534957480804,0.09468860093292873
USA,201901,,0,0.7749577291466268,0.7444284534370298
USA,201902,,0,0.76535939655424,0.7511787103536782
USA,201903,,0,0.7480757449404137,0.7328921191833148
USA,201904,,0,0.7517970990760482,0.7593231926188834
USA,201905,,0,0.7606671198784701,0.7491134947779124
USA,201906,,0,0.7550361148170712,0.7468887535214028
USA,201907,,0,0.7513205508034534,0.7645112269741849
USA,201908,,0,0.7713783445356871,0.7716957569465153
USA,201909,,0,0.7590027082923959,0.7579458671226759
USA,201910,,0,0.7625997160796788,0.7508636338278079
USA,201911,,0,0.7842338384789598,0.7610145430475304
USA,201912,,0,0.7634418644396709,0.7767088583127498
USA,202001,,0,0.7816780367831759,0.7741305394234738
USA,202002,,0,0.7771644241718693,0.7696284584249633
USA,202003,,0,0.7578280069573377,0.7948091948882514
USA,202004,,0,0.7548163127066887,0.7642735770445236
USA,202005,,0,0.7875007749829092,0.7621598820212898
USA,202006,,0,0.7670118924405687,0.7733641277147933
USA,202007,,0,0.767451873179019,0.7755019755436915
USA,202008,,0,0.7548413205851844,0.7727170824672056
USA,202009,,0,0.786953767288924,0.7702623066695196
USA,202010,,0,0.7849630095887616,0.7576100266162377
USA,202011,,0,0.7486657656257701,0.7581838122458752
USA,202012,,0,0.7648712275631138,0.7527395597618739
UZB,201901,0.0,40,0.0778663099067704,0.08949129940048878
UZB,201902,0.0,41,0.08131162464992682,0.09323930476672487
UZB,201903,0.0,42,0.08033327675003925,0.08730646953766598
UZB,201904,0.0,43,0.08224380351075694,0.0884489585514655
UZB,201905,0.0,44,0.07807364430126024,0.08671546595377937
UZB,201906,0.0,45,0.07869395798894266,0.08675887140482363
UZB,201907,0.0,46,0.08242330886295983,0.08723981458273089
UZB,201908,0.0,47,0.08253151342635562,0.08389559487980701
UZB,201909,0.0,48,0.07800998762808539,0.08686848847643618
UZB,201910,0.0,49,0.07793571183098742,0.08303834958503402
UZB,201911,0.0,50,0.07570905223926787,0.08945007847361783
UZB,201912,0.0,51,0.07660111391278462,0.08474881113435426
UZB,202001,0.0,52,0.0850610129967601,0.10586971762009842
UZB,202002,0.0,53,0.08428137531534267,0.10678811292347018
UZB,202003,0.0,54,0.08381651429918849,0.10050456279721065
UZB,202004,0.0,55,0.0834912313059666,0.10257920270710548
UZB,202005,0.0,56,0.08895310059496253,0.0982398742786552
UZB,202006,0.0,57,0.08786762582791,0.10688480973862009
UZB,202007,0.0,58,0.0879138596409092,0.10493975859130579
UZB,202008,0.0,59,0.09937863137221753,0.10256454446374402
UZB,202009,0.0,60,0.09194244057514324,0.09953746102257012
UZB,202010,,61,0.09060030330682721,0.09955203393736646
UZB,202011,,62,0.09161897539895415,0.10333501184229882
UZB,202012,,63,0.08442148382088309,0.09730381418429147
VEN,201901,,0,0.6389751956799681,0.6376380916966611
VEN,201902,,0,0.678896709192287,0.6810925269607523
VEN,201903,,0,0.6833791968021867,0.6943003332834526
VEN,201904,1.0,1,0.6987709998564937,0.7251195196687873
VEN,201905,,0,0.6721286772804598,0.6857963737701525
VEN,201906,,0,0.6921702373108097,0.7238423292331665
VEN,201907,1.0,1,0.6851552357629896,0.701058629970079
VEN,201908,,0,0.65798200383411,0.6645774768194199
VEN,201909,0.0,1,0.6509324336016146,0.6944225307869776
VEN,201910,1.0,2,0.6428103287852146,0.6335878952553822
VEN,201911,1.0,3,0.6271480034953218,0.6383002074864996
VEN,201912,1.0,4,0.5434749583247704,0.5123930522359796
VEN,202001,,0,0.5492784948680989,0.5589228629284507
VEN,202002,1.0,1,0.6563160018576752,0.6634571983236002
VEN,202003,,0,0.6232094608890737,0.6350508952654954
VEN,202004,1.0,1,0.6186126066939369,0.655132601324506
VEN,202005,,0,0.5929938713838125,0.5794438625448075
VEN,202006,0.0,1,0.6288238555352237,0.6303325039134103
VEN,202007,0.0,2,0.6175145910175498,0.6153621384511885
VEN,202008,0.0,3,0.5999563115224538,0.5590464048394059
VEN,202009,1.0,4,0.4994672782291732,0.45769855900920986
VEN,202010,,5,0.470461391529832,0.43446847802638244
VEN,202011,,6,0.4659587999096469,0.43263304449179346
VEN,202012,,0,0.5057090696754407,0.48469585563595774
VNM,201901,0.0,7,0.13512378374706435,0.14873778604531493
VNM,201902,0.0,8,0.12850013647312936,0.1412314394846014
VNM,201903,0.0,9,0.13238473693292938,0.1429649619430649
VNM,201904,0.0,10,0.13766408298063135,0.14188342852379598
VNM,201905,0.0,11,0.1412855484196354,0.14203339773190282
VNM,201906,0.0,12,0.13227172140126067,0.15351862632430407
VNM,201907,0.0,13,0.12419711006648688,0.13493140204382373
VNM,201908,0.0,14,0.11455362498834781,0.13849724134110886
VNM,201909,0.0,15,0.10739353222875658,0.11592330329606466
VNM,201910,0.0,16,0.10416138303757232,0.11986885533275966
VNM,201911,0.0,17,0.10062730393604796,0.11168142695839173
VNM,201912,0.0,18,0.11155677251043648,0.10778271486716232
VNM,202001,0.0,19,0.09503850926939261,0.11432043791782248
VNM,202002,0.0,20,0.0914092745605161,0.10482428527466148
VNM,202003,0.0,21,0.0974943362112395,0.10469184594086435
VNM,202004,0.0,22,0.09771408459129655,0.11160551624254283
VNM,202005,0.0,23,0.08557642877167457,0.0795311611053216
VNM,202006,0.0,24,0.07685819143622759,0.0829913346223559
VNM,202007,0.0,25,0.08027828464647951,0.08057683921257316
VNM,202008,0.0,26,0.08377500847446857,0.08154978512948953
VNM,202009,0.0,27,0.08350026164025508,0.08059563799524808
VNM,202010,,28,0.07935816544168907,0.07793142452698196
VNM,202011,,29,0.07374638327616938,0.07926735235899227
VNM,202012,,30,0.07475372404685646,0.07882033923240832
XKX,201901,0.0,3,0.3888135154409055,0.43050928628634744
XKX,201902,0.0,4,0.3165478604125889,0.3252392302938701
XKX,201903,0.0,5,0.297813261371108,0.3131990001637712
XKX,201904,0.0,6,0.2921212240227532,0.3149083461028617
XKX,201905,0.0,7,0.3069469260768642,0.3034557809474832
XKX,201906,0.0,8,0.28746007756607644,0.28688437244395654
XKX,201907,0.0,9,0.2949777231053481,0.29060584272546025
XKX,201908,0.0,10,0.28923571644130186,0.30366507970912887
XKX,201909,0.0,11,0.2562863624791866,0.27788490474533134
XKX,201910,1.0,12,0.26425160407163084,0.27266504006689857
XKX,201911,1.0,13,0.26334530130865796,0.2557827267125927
XKX,201912,1.0,14,0.24036186335012316,0.23981062648170812
XKX,202001,,0,0.21309277978640773,0.2608563213754466
XKX,202002,0.0,1,0.29170878189024035,0.3419305887088045
XKX,202003,1.0,2,0.2508587577913296,0.32824546797239323
XKX,202004,1.0,3,0.2568839480200259,0.3108968244283077
XKX,202005,1.0,4,0.2075431300303302,0.2713910856532318
XKX,202006,,0,0.2280688840900281,0.2538534012684016
XKX,202007,1.0,1,0.3180936239712051,0.35149846012918284
XKX,202008,1.0,2,0.2799356083806204,0.30571420109943126
XKX,202009,1.0,3,0.26103267769273675,0.30166356976551434
XKX,202010,,0,0.24429836345248998,0.2655929741404474
XKX,202011,,1,0.38514919295746014,0.3816291882590645
XKX,202012,,2,0.33148591459638693,0.36279962944903277
YEM,201901,,0,0.8365032027741505,0.8034088220214158
YEM,201902,,0,0.8259336897496705,0.8041068621452473
YEM,201903,,0,0.8354245149487156,0.7911745071219967
YEM,201904,,0,0.8329695566413323,0.7998818202374847
YEM,201905,,0,0.835462034251058,0.8086241207335222
YEM,201906,,0,0.8470772812208136,0.825444144520965
YEM,201907,,0,0.8312092779664333,0.8104283259573262
YEM,201908,,0,0.847205204723544,0.8035308056430734
YEM,201909,,0,0.824576482955147,0.7956015860065537
YEM,201910,,0,0.8188848622516274,0.7622761146965727
YEM,201911,,0,0.8227163942484901,0.8180329609817288
YEM,201912,,0,0.8294650304771785,0.8036171001592065
YEM,202001,,0,0.8205312781864141,0.8130638809998829
YEM,202002,,0,0.8156952000350965,0.8153582229980857
YEM,202003,,0,0.8103414443199155,0.8091691499613728
YEM,202004,,0,0.8330514674363808,0.7857654062791398
YEM,202005,,0,0.8234003322581319,0.8148960365980529
YEM,202006,,0,0.817000119597068,0.8120222290166004
YEM,202007,,0,0.8252783030580854,0.8294078459320996
YEM,202008,,0,0.8098358511692609,0.8048004591867328
YEM,202009,,0,0.8142882735282448,0.8028974780748517
YEM,202010,,0,0.8191042991295224,0.79654276373092
YEM,202011,,0,0.8108316378380165,0.8069344880671099
YEM,202012,,0,0.838017106011455,0.8080784323462771
ZAF,201901,,0,0.6874608496363774,0.6998226274067828
ZAF,201902,,0,0.7489004746383314,0.7520242408493572
ZAF,201903,1.0,1,0.7326103781771013,0.7236963112113607
ZAF,201904,,0,0.7275134299703896,0.7495613940956608
ZAF,201905,,0,0.7405264289950045,0.7471740352654834
ZAF,201906,,0,0.7404935685420796,0.7459511640181797
ZAF,201907,,0,0.7346474950235377,0.7595212309763906
ZAF,201908,,0,0.7811300109210818,0.7858734350353981
ZAF,201909,1.0,1,0.7327933129718275,0.7458881955647229
ZAF,201910,,0,0.6992952754330141,0.7072805882764763
ZAF,201911,0.0,1,0.784859870290397,0.8025054392651483
ZAF,201912,0.0,2,0.7128133535988636,0.6865645369915397
ZAF,202001,0.0,3,0.7179494755969763,0.7327080137036135
ZAF,202002,1.0,4,0.569956636896144,0.5507722894777831
ZAF,202003,1.0,5,0.5765974040926879,0.523283119844057
ZAF,202004,1.0,6,0.5582138556816347,0.5180500962736698
ZAF,202005,,0,0.6315891623220791,0.585097102472655
ZAF,202006,,0,0.7182608234205126,0.7502908476452219
ZAF,202007,,0,0.742766652725245,0.7812770397340875
ZAF,202008,1.0,1,0.7322268022293504,0.75804256909387
ZAF,202009,1.0,2,0.6620244347283591,0.6682438190697099
ZAF,202010,,3,0.6908372178482587,0.6904270632481118
ZAF,202011,,0,0.6052156655540278,0.5725163963814354
ZAF,202012,,1,0.7268634084370426,0.7200309498015613
ZMB,201901,0.0,18,0.0988478758784202,0.11388769777318455
ZMB,201902,0.0,19,0.09397116098360642,0.11476816028304583
ZMB,201903,0.0,20,0.09823077607033762,0.1091059776861814
ZMB,201904,0.0,21,0.09373382004647861,0.10819372838649727
ZMB,201905,0.0,22,0.09737413643976028,0.11416911784594568
ZMB,201906,0.0,23,0.09472258641242276,0.10718212380711056
ZMB,201907,0.0,24,0.09122813898552919,0.10720390760790462
ZMB,201908,0.0,25,0.1031670432937492,0.11151955921954368
ZMB,201909,0.0,26,0.10289205889996314,0.11420625542591029
ZMB,201910,0.0,27,0.09853560171739292,0.110717154055406
ZMB,201911,0.0,28,0.09376382882952167,0.10634823181346757
ZMB,201912,0.0,29,0.09857343133896196,0.1053690123561946
ZMB,202001,0.0,30,0.10018801137821759,0.12103953801642874
ZMB,202002,0.0,31,0.10639849450449679,0.11465963891685656
ZMB,202003,0.0,32,0.10354095553726067,0.11576202865733269
ZMB,202004,0.0,33,0.10635148694659366,0.11287790638669531
ZMB,202005,0.0,34,0.10426629974361465,0.10646063602047558
ZMB,202006,0.0,35,0.10193603172198763,0.11262270147126158
ZMB,202007,0.0,36,0.10323708300136282,0.10847897442233904
ZMB,202008,0.0,37,0.09840546699433952,0.10157075561223934
ZMB,202009,0.0,38,0.0939667337511254,0.09938442442165067
ZMB,202010,,39,0.0905554189831613,0.09755159608466236
ZMB,202011,,40,0.08968489146568698,0.10256121244710803
ZMB,202012,,41,0.08264100855215022,0.09623692589763928
ZWE,201901,0.0,5,0.29779417409172626,0.29128325918198195
ZWE,201902,0.0,6,0.24675565115915185,0.2719082741923478
ZWE,201903,0.0,7,0.26746660581724985,0.26835323168078956
ZWE,201904,0.0,8,0.24753857684036162,0.2664186848296309
ZWE,201905,1.0,9,0.24285992184449345,0.2742265762966877
ZWE,201906,1.0,10,0.22836672094816496,0.24909567091989784
ZWE,201907,1.0,11,0.23537019609137136,0.24007813820272994
ZWE,201908,,0,0.24304824958893845,0.274332273195718
ZWE,201909,0.0,1,0.3775836874762667,0.4075857386903502
ZWE,201910,0.0,2,0.3730760510453207,0.41974660472082914
ZWE,201911,0.0,3,0.3405689332830913,0.37504494131124533
ZWE,201912,0.0,4,0.3075576127299381,0.33162938105524886
ZWE,202001,0.0,5,0.2606894970183423,0.28446230693234814
ZWE,202002,0.0,6,0.2571194064580139,0.2844200213551141
ZWE,202003,0.0,7,0.26089179824139774,0.290925076630753
ZWE,202004,0.0,8,0.26552148733332076,0.29561200707538116
ZWE,202005,0.0,9,0.24999579006329328,0.28866273103967793
ZWE,202006,0.0,10,0.2614237743964032,0.27773033794190694
ZWE,202007,0.0,11,0.2663829000382429,0.2856998719158062
ZWE,202008,0.0,12,0.22312655439119086,0.25099321891221626
ZWE,202009,0.0,13,0.21767164080590493,0.2665759082294429
ZWE,202010,,14,0.21110867951136364,0.24007177677769603
ZWE,202011,,15,0.20013502054292398,0.24400466389867106
ZWE,202012,,16,0.18110250840905537,0.22942683538074746
