iso3,period,inc_target,n_attacks_strict_since_0,pred_with_text,pred_without_text
AFG,201901,1.0,0,0.9743373032674003,0.9724095483882329
AFG,201902,1.0,0,0.97358586719359,0.9680985302764087
AFG,201903,1.0,0,0.9751165156793462,0.9678610783702052
AFG,201904,1.0,0,0.971662004617275,0.9690005587308209
AFG,201905,1.0,0,0.9763245726475965,0.9693073591016825
AFG,201906,1.0,0,0.970284543826577,0.969248146274789
AFG,201907,1.0,0,0.9768876201138781,0.9706486961277467
AFG,201908,1.0,0,0.9728672233319626,0.966280131353105
AFG,201909,1.0,0,0.9776681582338799,0.9700853683275874
AFG,201910,1.0,0,0.9726155986237239,0.9706813757097104
AFG,201911,1.0,0,0.9701141806268764,0.9673663897351474
AFG,201912,1.0,0,0.9740844940416005,0.9715671172775454
AFG,202001,1.0,0,0.9747223551319302,0.9657358152583108
AFG,202002,1.0,0,0.9776006782803555,0.9644885078956997
AFG,202003,1.0,0,0.9756641478743754,0.9680929989874879
AFG,202004,1.0,0,0.972879311167206,0.9716182972543791
AFG,202005,1.0,0,0.9716370984493967,0.972950974091855
AFG,202006,1.0,0,0.9730242442906271,0.9719952000502573
AFG,202007,1.0,0,0.9679557343265767,0.9666926411494481
AFG,202008,1.0,0,0.9698158982330771,0.9695997195698517
AFG,202009,1.0,0,0.9750110872984195,0.9675737021195254
AFG,202010,1.0,0,0.9660828394843628,0.969784086837685
AFG,202011,1.0,0,0.9683029951165919,0.9703020846785944
AFG,202012,,0,0.9697613568723878,0.9642993820573836
AGO,201901,0.0,17,0.07743413309100533,0.08357353231073127
AGO,201902,0.0,18,0.0892388515756128,0.08808275772162213
AGO,201903,0.0,19,0.07153858958267598,0.0875789244492216
AGO,201904,0.0,20,0.050410815712314275,0.05451832266073628
AGO,201905,0.0,21,0.051124851652246735,0.053057866913870294
AGO,201906,0.0,22,0.07792776186614246,0.08340885476757336
AGO,201907,0.0,23,0.04419188032685752,0.04928788336885896
AGO,201908,0.0,24,0.04716874545483138,0.049350157751481175
AGO,201909,1.0,25,0.044768077402873176,0.05351312821723466
AGO,201910,0.0,0,0.19071979667177685,0.2265218775656822
AGO,201911,0.0,1,0.11850771475298959,0.13198894686913218
AGO,201912,0.0,2,0.09794840032256964,0.10688297632787196
AGO,202001,0.0,3,0.11581275575005863,0.1431508426765292
AGO,202002,0.0,4,0.06871683913169005,0.0843880614328262
AGO,202003,0.0,5,0.06082552721558062,0.0654257315659627
AGO,202004,0.0,6,0.0542062773077855,0.061321157446574875
AGO,202005,1.0,7,0.07334565068270328,0.09913996529524857
AGO,202006,0.0,0,0.21592616651211854,0.25728383603527977
AGO,202007,0.0,1,0.14886580166649116,0.17319151740028077
AGO,202008,0.0,2,0.13618047526995444,0.14959160938689664
AGO,202009,0.0,3,0.11772813501711665,0.1430430146899244
AGO,202010,0.0,4,0.07128037333357501,0.07734898106429625
AGO,202011,0.0,5,0.07920385260292696,0.09850190224222953
AGO,202012,,6,0.04715795604519935,0.053547438542634704
ALB,201901,0.0,15,0.049499952023271884,0.04936981037424558
ALB,201902,1.0,16,0.05292125541947193,0.04855321315114294
ALB,201903,0.0,0,0.19356353659288086,0.22289217156767596
ALB,201904,0.0,1,0.13317434792184266,0.1381532571387362
ALB,201905,0.0,2,0.12561623232270167,0.11643799679236537
ALB,201906,0.0,3,0.10068431742606113,0.09811461946494664
ALB,201907,0.0,4,0.07171537011930558,0.0663856622909256
ALB,201908,0.0,5,0.05769316769098554,0.057066057242709675
ALB,201909,0.0,6,0.050765134932631927,0.05299771948749939
ALB,201910,0.0,7,0.05313396587784437,0.05031252489975361
ALB,201911,0.0,8,0.0577511382065292,0.04896729114953374
ALB,201912,0.0,9,0.0614309411548158,0.047746280118938916
ALB,202001,0.0,10,0.05652662346601372,0.05195326104949932
ALB,202002,0.0,11,0.051563518655479805,0.0521205555417074
ALB,202003,0.0,12,0.050240741167469335,0.052289096889443505
ALB,202004,0.0,13,0.04826246850432793,0.05000268229494584
ALB,202005,0.0,14,0.04766658546714452,0.050847405674990805
ALB,202006,0.0,15,0.04533611760292102,0.049635003987503756
ALB,202007,0.0,16,0.044923706658093206,0.050371776112379994
ALB,202008,0.0,17,0.0441965237724154,0.04678039300216175
ALB,202009,1.0,18,0.04365928746365994,0.04590158011586136
ALB,202010,0.0,0,0.17782039885222428,0.20452647200787888
ALB,202011,0.0,1,0.10737794591046178,0.13057245672129014
ALB,202012,,2,0.107335681906908,0.10702473388455068
ARE,201901,0.0,49,0.04871375406259186,0.04574647784267531
ARE,201902,0.0,50,0.050962079027255046,0.04851073335128845
ARE,201903,0.0,51,0.047774191570065995,0.0470723340605889
ARE,201904,0.0,52,0.051752292049736595,0.0469232649453867
ARE,201905,0.0,53,0.04904017474372666,0.045333351438382706
ARE,201906,0.0,54,0.05068676127078648,0.047200809385414974
ARE,201907,0.0,55,0.04851680935987469,0.0451295486754609
ARE,201908,0.0,56,0.04933838261872655,0.046563828031159486
ARE,201909,0.0,57,0.04528997227673935,0.04736661709320709
ARE,201910,0.0,58,0.04416168968564457,0.04668455958257299
ARE,201911,0.0,59,0.04413821733574505,0.04549385249078057
ARE,201912,0.0,60,0.044356280502961684,0.04427144646603927
ARE,202001,0.0,61,0.04482888948781961,0.04975416087519603
ARE,202002,0.0,62,0.04345187924581476,0.050188284985341294
ARE,202003,0.0,63,0.04437842095357041,0.05164049333678007
ARE,202004,0.0,64,0.04493161328060312,0.052513407695181744
ARE,202005,0.0,65,0.04608362610227368,0.05419921914318209
ARE,202006,0.0,66,0.04409549766604223,0.05135715162925803
ARE,202007,0.0,67,0.04256281561423765,0.045543195737025075
ARE,202008,0.0,68,0.053012954051870446,0.04765704837337312
ARE,202009,0.0,69,0.05186142605933924,0.047499207931394165
ARE,202010,0.0,70,0.05363071140465918,0.04414998806545253
ARE,202011,0.0,71,0.049587345411951006,0.045082868303288004
ARE,202012,,72,0.04953897583057665,0.043091194521596175
ARG,201901,0.0,2,0.18867284427703054,0.19436167112736283
ARG,201902,0.0,3,0.15894266877593843,0.19575854000363005
ARG,201903,0.0,4,0.14003420908110203,0.15630038647345987
ARG,201904,0.0,5,0.1270248236975248,0.1348301095589907
ARG,201905,0.0,6,0.11636511563110152,0.1508946610772152
ARG,201906,0.0,7,0.12573500621335396,0.13750605297574892
ARG,201907,0.0,8,0.12030624240881739,0.13795467727765554
ARG,201908,0.0,9,0.08888725233838066,0.10811547607506382
ARG,201909,0.0,10,0.08505619730787915,0.09111325616645369
ARG,201910,0.0,11,0.0737591703692076,0.0938658926004438
ARG,201911,0.0,12,0.08052724128101012,0.08948839326934303
ARG,201912,0.0,13,0.07894492554613458,0.08462486713527043
ARG,202001,0.0,14,0.07785806997577795,0.09451326817347104
ARG,202002,0.0,15,0.07327869011566628,0.09449602044912929
ARG,202003,0.0,16,0.07994673887422991,0.09413826665672634
ARG,202004,0.0,17,0.07206366137555495,0.09010510881071408
ARG,202005,0.0,18,0.07673168412969632,0.08949744276236432
ARG,202006,0.0,19,0.07868623134492697,0.08994976999792197
ARG,202007,0.0,20,0.07385160164088553,0.08852068951885678
ARG,202008,1.0,21,0.07223417388063433,0.0930606609127857
ARG,202009,0.0,0,0.19237878739307043,0.23201580977323366
ARG,202010,1.0,1,0.2582835287766919,0.27734573113126393
ARG,202011,1.0,0,0.3406671513141827,0.36020783858579664
ARG,202012,,0,0.4046501551615531,0.4159420507617109
ARM,201901,0.0,3,0.09515371264299438,0.0989538839398369
ARM,201902,0.0,4,0.08199448296122588,0.0713166934054822
ARM,201903,0.0,5,0.06251412222540598,0.0629082976546736
ARM,201904,0.0,6,0.05893121944523702,0.052670605815793296
ARM,201905,0.0,7,0.060685109198908356,0.052504967788722594
ARM,201906,0.0,8,0.05162873884882643,0.058665060709245515
ARM,201907,0.0,9,0.049440899727733,0.04942560061104799
ARM,201908,0.0,10,0.055868181768075925,0.05147974511731293
ARM,201909,0.0,11,0.050123627950186996,0.049209089076283234
ARM,201910,0.0,12,0.08151081445571234,0.09458053014136349
ARM,201911,0.0,13,0.04665310903002892,0.04691800513755255
ARM,201912,0.0,14,0.04700102970982128,0.04851174247365558
ARM,202001,0.0,15,0.048530498261980234,0.05276433228769761
ARM,202002,0.0,16,0.04900545186663221,0.06087188106326279
ARM,202003,0.0,17,0.04819229909989577,0.051581033392333796
ARM,202004,0.0,18,0.0464651262707458,0.04981705153296993
ARM,202005,0.0,19,0.047758937171940775,0.0503828375039107
ARM,202006,0.0,20,0.046458575934519714,0.05086876346360257
ARM,202007,0.0,21,0.0594773174162532,0.05009386709511068
ARM,202008,0.0,22,0.06125871593152063,0.04882520775698792
ARM,202009,0.0,23,0.10949248232163483,0.08401884174346491
ARM,202010,0.0,24,0.12092347126510615,0.08239568137753275
ARM,202011,0.0,25,0.11696436576967047,0.07819117070507123
ARM,202012,,26,0.06474562164997574,0.04717323815351498
AUS,201901,0.0,2,0.21994850398366345,0.2101172207827046
AUS,201902,0.0,3,0.21888413480131977,0.18846887752835628
AUS,201903,0.0,4,0.15563701431979982,0.16204278868931699
AUS,201904,1.0,5,0.1485366688301964,0.13968001831617202
AUS,201905,1.0,0,0.25657812440023475,0.2746018605819819
AUS,201906,0.0,0,0.2986349366151418,0.3494164637339791
AUS,201907,0.0,1,0.21400200310155032,0.2147245836491603
AUS,201908,0.0,2,0.18569516451283938,0.19418050714239996
AUS,201909,0.0,3,0.18333128810199695,0.17919139663821512
AUS,201910,0.0,4,0.12892100858752936,0.11772948139481587
AUS,201911,0.0,5,0.10106218429986465,0.11686857412282615
AUS,201912,0.0,6,0.08296621872287543,0.0882949760571202
AUS,202001,0.0,7,0.08407056467382368,0.08230471873315608
AUS,202002,1.0,8,0.0771254822947816,0.08509431207217305
AUS,202003,0.0,0,0.20874672765967667,0.22501846724843655
AUS,202004,1.0,1,0.15078539209247654,0.15954135798454788
AUS,202005,0.0,0,0.22661517183918586,0.2526279657817277
AUS,202006,0.0,1,0.1544941345922948,0.15593707210024607
AUS,202007,1.0,2,0.11770146423741776,0.11647761680448175
AUS,202008,0.0,0,0.21909761706771863,0.23703027139550048
AUS,202009,0.0,1,0.14921517894907285,0.1573488461095098
AUS,202010,0.0,2,0.1314500760758762,0.1352626869656961
AUS,202011,0.0,3,0.14467079132685076,0.15559662618364628
AUS,202012,,4,0.11742920166846364,0.112492475862075
AUT,201901,0.0,10,0.06634598740741793,0.07105573131130603
AUT,201902,0.0,11,0.06452440407821772,0.06689619895802254
AUT,201903,0.0,12,0.0671854469353952,0.063321389762815
AUT,201904,0.0,13,0.06338571980595732,0.0661117234805093
AUT,201905,0.0,14,0.06404710631596564,0.06447494016733009
AUT,201906,0.0,15,0.06205387723593463,0.06166518515813691
AUT,201907,0.0,16,0.057216605014646815,0.05719494085757045
AUT,201908,0.0,17,0.05874247862045197,0.0632971006003968
AUT,201909,0.0,18,0.05589732825486997,0.05050124879708731
AUT,201910,0.0,19,0.05367715419536958,0.05219710389083147
AUT,201911,0.0,20,0.05394761099374389,0.051232377163165185
AUT,201912,0.0,21,0.05341324570462382,0.051027358521074456
AUT,202001,0.0,22,0.05351739926126302,0.05650983909925664
AUT,202002,0.0,23,0.05485618859478322,0.05004023168029418
AUT,202003,0.0,24,0.05768017321560683,0.04922892173687948
AUT,202004,0.0,25,0.054115345256786546,0.05480030338405702
AUT,202005,0.0,26,0.055862906409112754,0.05192634988228725
AUT,202006,0.0,27,0.05270713250661257,0.0524263565176073
AUT,202007,1.0,28,0.053710602536059644,0.04841402226905772
AUT,202008,0.0,0,0.1953301429437255,0.2067261076625798
AUT,202009,0.0,1,0.13016959840157274,0.12372700850081875
AUT,202010,1.0,2,0.10150171444818094,0.09122229806864929
AUT,202011,0.0,0,0.2876768250186273,0.26848367978406723
AUT,202012,,1,0.19933008067855476,0.1792886393658605
AZE,201901,0.0,6,0.060926202673534,0.06963848641502202
AZE,201902,0.0,7,0.05587626992470646,0.06791209703130927
AZE,201903,0.0,8,0.09009940942464308,0.09604334046883535
AZE,201904,0.0,9,0.08242747393903642,0.10182711225871993
AZE,201905,0.0,10,0.0872372952402361,0.0981790618391243
AZE,201906,0.0,11,0.0747526213766836,0.09203198767030525
AZE,201907,0.0,12,0.07509012597198297,0.0924513025675384
AZE,201908,0.0,13,0.04707345928148546,0.05070216888412775
AZE,201909,0.0,14,0.07437194827019492,0.09344239005723373
AZE,201910,0.0,15,0.0804087397863788,0.08244887508727029
AZE,201911,0.0,16,0.0471130930395897,0.04957160908377368
AZE,201912,0.0,17,0.04332789708591504,0.05278553423454703
AZE,202001,0.0,18,0.06481687228422783,0.07746234845910922
AZE,202002,0.0,19,0.06737776425663937,0.07896802544259285
AZE,202003,0.0,20,0.07534304576397582,0.08039941383950594
AZE,202004,0.0,21,0.043731332501142944,0.048888349176616455
AZE,202005,0.0,22,0.04341829985525563,0.04919708422818142
AZE,202006,0.0,23,0.044826830048040944,0.04938310040442761
AZE,202007,0.0,24,0.08867136094606147,0.07939995355789703
AZE,202008,0.0,25,0.055065246462974775,0.04658904782392869
AZE,202009,0.0,26,0.09869004373358937,0.08189453587482338
AZE,202010,0.0,27,0.10930830590171078,0.0851727348928783
AZE,202011,0.0,28,0.10808251469439684,0.07506518020120408
AZE,202012,,29,0.10778102001880846,0.07567841396249372
BDI,201901,0.0,0,0.5427065062750208,0.5090964669433858
BDI,201902,0.0,1,0.4130467663784723,0.4094512466769119
BDI,201903,0.0,2,0.4062418328292114,0.37937037096417237
BDI,201904,0.0,3,0.38925746616792006,0.3642256961009386
BDI,201905,0.0,4,0.3473913511592397,0.3107247604742574
BDI,201906,0.0,5,0.26156633294631876,0.2515293983239182
BDI,201907,0.0,6,0.25638581172962177,0.2240193903851044
BDI,201908,1.0,7,0.26160478866643433,0.22462139616252572
BDI,201909,1.0,0,0.3896231458092973,0.38942418050055794
BDI,201910,1.0,0,0.5021656636752817,0.49121728054553254
BDI,201911,0.0,0,0.5406365642139874,0.5685963603176394
BDI,201912,0.0,1,0.4082970573823632,0.37765398348660406
BDI,202001,0.0,2,0.3235326254429416,0.32020117917559365
BDI,202002,1.0,3,0.2824085351326469,0.2903209112076421
BDI,202003,0.0,0,0.42144271229089597,0.38312509914710347
BDI,202004,1.0,1,0.340514175964884,0.3524286608971392
BDI,202005,0.0,0,0.4442333695602003,0.44678871320154623
BDI,202006,0.0,1,0.3457540886554563,0.3653231392555956
BDI,202007,1.0,2,0.2956581912387011,0.3149011332598064
BDI,202008,1.0,0,0.43948779366229246,0.4200792130338632
BDI,202009,0.0,0,0.46769259352193937,0.46848301538779685
BDI,202010,0.0,1,0.4459405733650901,0.43377232060458387
BDI,202011,0.0,2,0.4091965940923138,0.3872359082242808
BDI,202012,,3,0.34697192607920835,0.3519285623213064
BEL,201901,0.0,6,0.11278192630248014,0.08831602540184097
BEL,201902,0.0,7,0.08812018250710593,0.07919098984762199
BEL,201903,0.0,8,0.09366851836982594,0.07691585717387973
BEL,201904,0.0,9,0.08630812300680392,0.0786637926000637
BEL,201905,0.0,10,0.07917658372080942,0.08087184809270384
BEL,201906,0.0,11,0.07558842581806559,0.06625077111897011
BEL,201907,0.0,12,0.06942447465427427,0.06464081572285112
BEL,201908,0.0,13,0.07236629030624338,0.06949383915815775
BEL,201909,0.0,14,0.06668252906609216,0.06461275956795727
BEL,201910,1.0,15,0.061951473263509735,0.05920216449746899
BEL,201911,0.0,0,0.20890511978556886,0.21099520315104217
BEL,201912,0.0,1,0.12646504620439422,0.1246480955047493
BEL,202001,0.0,2,0.11744954110837692,0.12138684071738673
BEL,202002,0.0,3,0.11139563400625928,0.10805672126873889
BEL,202003,1.0,4,0.08462520049822096,0.08538875957551983
BEL,202004,0.0,0,0.1933842912555287,0.20378655649894595
BEL,202005,0.0,1,0.1351888401599055,0.13157715380805488
BEL,202006,1.0,2,0.12807572114005414,0.12286032648402369
BEL,202007,0.0,0,0.20658368894505544,0.23126402588514222
BEL,202008,1.0,1,0.14709242987608442,0.1514741531898105
BEL,202009,0.0,0,0.23003095287295688,0.2338716132236754
BEL,202010,0.0,1,0.16558952047812261,0.17766683184888143
BEL,202011,0.0,2,0.16014567757208364,0.15746994561590463
BEL,202012,,3,0.14278800541682746,0.128130269291718
BFA,201901,1.0,0,0.9425201396276846,0.9246478216874217
BFA,201902,1.0,0,0.9433189936514128,0.9347628600228678
BFA,201903,1.0,0,0.9554569541174293,0.9450149307574356
BFA,201904,1.0,0,0.9457268738652305,0.9478521448428602
BFA,201905,1.0,0,0.9541041718936956,0.9453930042931428
BFA,201906,1.0,0,0.9547995147561814,0.9416530483635852
BFA,201907,1.0,0,0.9561888774989796,0.948330248947046
BFA,201908,1.0,0,0.9439645359196821,0.9405503197958116
BFA,201909,1.0,0,0.9562559644413569,0.9421086599278142
BFA,201910,1.0,0,0.9594596157006374,0.947909893165119
BFA,201911,1.0,0,0.9647754509991704,0.958052026561466
BFA,201912,1.0,0,0.9614791188039546,0.9602431625623976
BFA,202001,1.0,0,0.9685464603810542,0.9584920288238851
BFA,202002,1.0,0,0.9679932886977347,0.9577623127201353
BFA,202003,1.0,0,0.9689230165550721,0.9625068568661268
BFA,202004,1.0,0,0.9631304700260876,0.9651238071206057
BFA,202005,1.0,0,0.9629850052361633,0.9611164360615649
BFA,202006,1.0,0,0.9700589204654247,0.9652466169437544
BFA,202007,1.0,0,0.9445451777219388,0.9230528760536802
BFA,202008,1.0,0,0.9660603805756416,0.946918939003605
BFA,202009,1.0,0,0.959573375140463,0.9464415878116224
BFA,202010,1.0,0,0.9608849462930479,0.9567784777641531
BFA,202011,1.0,0,0.9632614818529214,0.9469551710258612
BFA,202012,,0,0.9274791549306072,0.8922173123470994
BGD,201901,1.0,1,0.674298132989795,0.6744671576850851
BGD,201902,1.0,0,0.796509737771501,0.8041999950311798
BGD,201903,1.0,0,0.8161152343819112,0.8268766088658325
BGD,201904,1.0,0,0.8398563870737745,0.8360530143206206
BGD,201905,0.0,0,0.8372489708501335,0.8197090483636275
BGD,201906,1.0,1,0.6795544124196589,0.6821670361904016
BGD,201907,1.0,0,0.7841218502527008,0.7768332658049912
BGD,201908,1.0,0,0.8172977970519751,0.7889220955193278
BGD,201909,1.0,0,0.7626268917562864,0.745421090869078
BGD,201910,0.0,0,0.7963649018001147,0.7745740878680044
BGD,201911,1.0,1,0.6430715985936737,0.6190096730693423
BGD,201912,1.0,0,0.7391594477812002,0.7308744495083882
BGD,202001,1.0,0,0.8108443241758312,0.8113221559710676
BGD,202002,0.0,0,0.828455428816866,0.8495467157103808
BGD,202003,0.0,1,0.7227378190466921,0.7340450695093808
BGD,202004,1.0,2,0.6243411414788722,0.6051242772465435
BGD,202005,0.0,0,0.7294932068631036,0.7041759674727287
BGD,202006,1.0,1,0.4338745811457831,0.4138400211802292
BGD,202007,1.0,0,0.6311312954752889,0.6117076041929266
BGD,202008,0.0,0,0.7504089735427805,0.7507241604946192
BGD,202009,0.0,1,0.5477707377735688,0.5062731886760475
BGD,202010,1.0,2,0.5585649017661705,0.5525975357439648
BGD,202011,0.0,0,0.5954876917634533,0.5767395139920709
BGD,202012,,1,0.7011122090088078,0.7185930471422698
BGR,201901,0.0,8,0.045785149435837044,0.04800845550676573
BGR,201902,0.0,9,0.04352667499623187,0.04648191971090014
BGR,201903,0.0,10,0.04662384270215594,0.047115683509029053
BGR,201904,0.0,11,0.04408545787636519,0.045882626447062785
BGR,201905,0.0,12,0.04544333478516402,0.045834174636377706
BGR,201906,0.0,13,0.04164161324339084,0.04755131484743209
BGR,201907,0.0,14,0.04471476757761218,0.04602300168177588
BGR,201908,0.0,15,0.044294527934622956,0.04588808048750605
BGR,201909,0.0,16,0.04444076134657661,0.042745390674800696
BGR,201910,0.0,17,0.04520574394864492,0.0439651092368672
BGR,201911,0.0,18,0.04214890912548407,0.04287549392986881
BGR,201912,0.0,19,0.04222230190185825,0.04358212723496235
BGR,202001,0.0,20,0.043841497317112864,0.04873397602540514
BGR,202002,0.0,21,0.0432625202919719,0.04647068032738933
BGR,202003,0.0,22,0.04234281104784836,0.04633502925843256
BGR,202004,0.0,23,0.04334974484302347,0.04822343241262453
BGR,202005,0.0,24,0.041938809414520904,0.04713766151197788
BGR,202006,1.0,25,0.040995818395132375,0.048608332331549035
BGR,202007,0.0,0,0.1816980264823819,0.21014693592593836
BGR,202008,0.0,1,0.11443219056402165,0.1146635968137596
BGR,202009,0.0,2,0.0974562414449564,0.09729681259618245
BGR,202010,0.0,3,0.08471506074052261,0.08596909851899599
BGR,202011,0.0,4,0.06110987596164981,0.06679260146726976
BGR,202012,,5,0.051743711817874766,0.058483678092348376
BHR,201901,0.0,10,0.15557950685097924,0.14063159322020533
BHR,201902,0.0,11,0.16503937722565798,0.143309246535977
BHR,201903,0.0,12,0.1526740731717433,0.152108523292984
BHR,201904,0.0,13,0.16388265905677582,0.14401179546529788
BHR,201905,0.0,14,0.1407722320665643,0.14312793680805835
BHR,201906,0.0,15,0.14502268387008901,0.14828721274936715
BHR,201907,0.0,16,0.14731442746499668,0.13301244701781698
BHR,201908,0.0,17,0.1505231061830661,0.14635885742957822
BHR,201909,0.0,18,0.14141092969920696,0.13796421857626107
BHR,201910,0.0,19,0.13420038847144208,0.13788749477763554
BHR,201911,0.0,20,0.12954985729280152,0.14033455641164516
BHR,201912,0.0,21,0.12531015400619164,0.1286984166305179
BHR,202001,0.0,22,0.1361880993044961,0.14147724084974328
BHR,202002,0.0,23,0.11243402632695813,0.13276254720120753
BHR,202003,0.0,24,0.07164743361880742,0.07197317946551328
BHR,202004,0.0,25,0.06018748671685187,0.06756498176209313
BHR,202005,0.0,26,0.06474538651443242,0.06707886473471919
BHR,202006,0.0,27,0.06225347081498798,0.0643057838717493
BHR,202007,0.0,28,0.06418449265152583,0.05910327696299802
BHR,202008,0.0,29,0.06076850659002224,0.06442886879581967
BHR,202009,0.0,30,0.06456150545408716,0.061585965159791235
BHR,202010,0.0,31,0.06978955858276961,0.057081487673245467
BHR,202011,0.0,32,0.05416297337170912,0.04640101959802684
BHR,202012,,33,0.04998231230019381,0.043427093383064615
BIH,201901,0.0,4,0.06934044420949022,0.07585928443477996
BIH,201902,0.0,5,0.07177629678376767,0.062216316774466145
BIH,201903,0.0,6,0.06788171279288438,0.06046368843328213
BIH,201904,0.0,7,0.067066475832823,0.05795878206335589
BIH,201905,0.0,8,0.059431854972523485,0.05491546867752204
BIH,201906,0.0,9,0.052417113860888646,0.061468670336723034
BIH,201907,0.0,10,0.0631867298586121,0.05480253267899494
BIH,201908,0.0,11,0.06008064881321661,0.055522410409609396
BIH,201909,0.0,12,0.048840735460675855,0.04751337764164781
BIH,201910,0.0,13,0.04586190452883249,0.045730418527878784
BIH,201911,0.0,14,0.044183757440801746,0.04753403305333321
BIH,201912,0.0,15,0.045116992033040725,0.04829132143612211
BIH,202001,0.0,16,0.05446303283684435,0.04971867088960091
BIH,202002,0.0,17,0.051230681472985956,0.049812275493378085
BIH,202003,0.0,18,0.04786675804744729,0.04843735552382098
BIH,202004,0.0,19,0.0478243110892749,0.04777276535649763
BIH,202005,0.0,20,0.05192078853937304,0.0487430573874849
BIH,202006,0.0,21,0.04894009681447046,0.048122165210193135
BIH,202007,0.0,22,0.05245187924695781,0.05008175255460775
BIH,202008,0.0,23,0.04669988592752882,0.046596884110688325
BIH,202009,0.0,24,0.042731392751161036,0.04542201952994024
BIH,202010,0.0,25,0.04181860103449738,0.04636398440606379
BIH,202011,0.0,26,0.04788371401821077,0.048485143401290835
BIH,202012,,27,0.04902028701172312,0.04609876109576347
BLR,201901,0.0,74,0.04445588344535414,0.04581955482753389
BLR,201902,0.0,75,0.04494334670242651,0.04677598228909349
BLR,201903,0.0,76,0.04387552768792129,0.047713239405337296
BLR,201904,0.0,77,0.04418456336557605,0.049131106163872534
BLR,201905,0.0,78,0.047426388055986576,0.04682694992523301
BLR,201906,0.0,79,0.04576876891908,0.047230715085432834
BLR,201907,0.0,80,0.04412725223968628,0.04850796363747131
BLR,201908,0.0,81,0.04451243964219592,0.04677321849146975
BLR,201909,0.0,82,0.04368691499038003,0.046659763591687844
BLR,201910,0.0,83,0.04645645460923088,0.04713294480204158
BLR,201911,0.0,84,0.04607791001916928,0.04538173292262194
BLR,201912,0.0,85,0.048477289870042684,0.048654939670612025
BLR,202001,0.0,86,0.04710182278105652,0.04732027759602352
BLR,202002,0.0,87,0.04973117044131881,0.04745321600168145
BLR,202003,0.0,88,0.04907737440043548,0.04631723725111607
BLR,202004,0.0,89,0.04925608708265429,0.04654569267360092
BLR,202005,0.0,90,0.04955388575450236,0.04719478182147999
BLR,202006,0.0,91,0.04835920909713694,0.04771854039980235
BLR,202007,0.0,92,0.05032499573362781,0.046713362252203135
BLR,202008,0.0,93,0.05179384678791377,0.045347824044828594
BLR,202009,1.0,94,0.05425834648639971,0.044456643516949425
BLR,202010,0.0,0,0.19833560618412904,0.19467138844212198
BLR,202011,0.0,1,0.15256714907299376,0.17286813680052152
BLR,202012,,2,0.11914374856049488,0.10975811973638765
BOL,201901,0.0,11,0.0584194230631474,0.059429148635329894
BOL,201902,0.0,12,0.05732160613277809,0.05979742778648176
BOL,201903,0.0,13,0.04938477183881181,0.04937094477667485
BOL,201904,0.0,14,0.04610518816202899,0.049089108361936154
BOL,201905,0.0,15,0.05226547084475401,0.048949977780503265
BOL,201906,0.0,16,0.047101711517029035,0.04949237079511466
BOL,201907,0.0,17,0.046623036063187566,0.049177452376389715
BOL,201908,0.0,18,0.04599024138292558,0.04818046507002118
BOL,201909,1.0,19,0.048436031427113946,0.04836177976184608
BOL,201910,0.0,0,0.1858807924659546,0.19683611892068992
BOL,201911,0.0,1,0.13083575507563347,0.11967307656212973
BOL,201912,0.0,2,0.10671390990873146,0.09567650239292609
BOL,202001,0.0,3,0.103431930652554,0.10331749492162076
BOL,202002,0.0,4,0.0688172719946973,0.08331623758683804
BOL,202003,0.0,5,0.058162458564690225,0.06625773418092148
BOL,202004,0.0,6,0.05706988625663399,0.06479529169237952
BOL,202005,1.0,7,0.05403007655267536,0.06369413828564424
BOL,202006,0.0,0,0.18915492403090733,0.22976823711631358
BOL,202007,0.0,1,0.3857972748131931,0.4173104980745229
BOL,202008,0.0,2,0.31863712369978436,0.32670533578503624
BOL,202009,0.0,3,0.32689856867824885,0.33111886049696815
BOL,202010,0.0,4,0.23135312995400428,0.22289208153870615
BOL,202011,0.0,5,0.19547723885771312,0.1963725095948827
BOL,202012,,6,0.17998295418932916,0.17927910655186965
BRA,201901,0.0,1,0.30144170792160385,0.34176355782567264
BRA,201902,0.0,2,0.3109188495187998,0.31206837329109843
BRA,201903,0.0,3,0.29235272989908023,0.30905385894962456
BRA,201904,0.0,4,0.21621174099382984,0.2329155357186982
BRA,201905,0.0,5,0.183687809127918,0.17165901621170426
BRA,201906,0.0,6,0.1749719583091972,0.14782684226487533
BRA,201907,0.0,7,0.16424776673254204,0.14970240055115389
BRA,201908,0.0,8,0.1595315648866457,0.15014522060248336
BRA,201909,0.0,9,0.16044626862328065,0.15752927158454372
BRA,201910,0.0,10,0.14941373893920956,0.14887433039654005
BRA,201911,1.0,11,0.1681177707909603,0.14955133730973735
BRA,201912,0.0,0,0.26267079237590957,0.30377826804042823
BRA,202001,1.0,1,0.24879260632188704,0.2730229720964328
BRA,202002,0.0,0,0.2890418332604588,0.3512444564581952
BRA,202003,1.0,1,0.279292749158485,0.29440161966989975
BRA,202004,1.0,0,0.3060706469828239,0.33899676437654863
BRA,202005,1.0,0,0.4007231649471401,0.4522907264994832
BRA,202006,0.0,0,0.4233729169277498,0.44613642374266255
BRA,202007,0.0,1,0.32842208973551607,0.3569473176926231
BRA,202008,0.0,2,0.2587545262275968,0.2747178417859162
BRA,202009,1.0,3,0.2532580415835621,0.266101292628756
BRA,202010,1.0,0,0.38063700684402946,0.37926368319472287
BRA,202011,0.0,0,0.41125686219079954,0.4464221319900543
BRA,202012,,1,0.2895195953359413,0.3350401734686531
BWA,201901,0.0,109,0.04548786746816219,0.04717120092719111
BWA,201902,0.0,110,0.04548010833702253,0.047440053141496845
BWA,201903,0.0,111,0.04306172066499391,0.04923304475403707
BWA,201904,0.0,112,0.04310864852326655,0.04958112380927762
BWA,201905,0.0,113,0.04235097914337626,0.0475926035627674
BWA,201906,0.0,114,0.048757491557161574,0.04953505546290331
BWA,201907,0.0,115,0.04639119949354407,0.04731706182529418
BWA,201908,0.0,116,0.046241049141553164,0.04844108828225521
BWA,201909,0.0,117,0.046371592783953315,0.04752811565476913
BWA,201910,0.0,118,0.04919224475457348,0.04837090311916242
BWA,201911,0.0,119,0.05536058746827384,0.048646953348985986
BWA,201912,0.0,120,0.054135336310503046,0.04962982237876154
BWA,202001,0.0,121,0.047774193301879056,0.05124631495364143
BWA,202002,0.0,122,0.047533732641270296,0.058561401892014156
BWA,202003,0.0,123,0.04936938520116935,0.053181030903462725
BWA,202004,0.0,124,0.05208874934938143,0.05189296435418233
BWA,202005,0.0,125,0.04839294564208165,0.05560944544799527
BWA,202006,0.0,126,0.048117279023263224,0.056490319588171814
BWA,202007,0.0,127,0.045793436071468116,0.0536708707922059
BWA,202008,0.0,128,0.04640868360110185,0.05275470570029157
BWA,202009,0.0,129,0.04608751363628186,0.04828921485765712
BWA,202010,0.0,130,0.04328052893107927,0.05207438088239072
BWA,202011,0.0,131,0.04436725093179806,0.05287851390758672
BWA,202012,,132,0.042960778794345844,0.05346785305884301
CAF,201901,0.0,0,0.8291422437710354,0.7923351216880924
CAF,201902,1.0,1,0.7379583115709702,0.7170360374608353
CAF,201903,1.0,0,0.8199202863758296,0.8051781993545538
CAF,201904,1.0,0,0.832147986768042,0.8130129660122699
CAF,201905,0.0,0,0.8633461214213609,0.8829518125149101
CAF,201906,0.0,1,0.7240410949612938,0.7389011358236952
CAF,201907,0.0,2,0.6471228569026084,0.6313463243075425
CAF,201908,0.0,3,0.6043200278713597,0.5454881638427649
CAF,201909,0.0,4,0.47184455884439336,0.4321905762303016
CAF,201910,0.0,5,0.4520293997827251,0.41233510744132856
CAF,201911,0.0,6,0.4452360064273919,0.4130469298541067
CAF,201912,0.0,7,0.41863525206062213,0.39513713301783504
CAF,202001,1.0,8,0.41592798549976817,0.412688629905021
CAF,202002,1.0,0,0.5456896767391148,0.5086328072055291
CAF,202003,0.0,0,0.5560103933696303,0.5668000472300183
CAF,202004,1.0,1,0.6070633427451635,0.5817458329707936
CAF,202005,1.0,0,0.6454641342635797,0.6344722727172012
CAF,202006,1.0,0,0.7195779954180281,0.6935553585198307
CAF,202007,1.0,0,0.6785580535255928,0.663583853473101
CAF,202008,1.0,0,0.698029253013097,0.6662610493806391
CAF,202009,1.0,0,0.6890259213717305,0.6641134064654314
CAF,202010,0.0,0,0.692309200610076,0.6663979667072608
CAF,202011,1.0,1,0.6041738044586095,0.6034146053620992
CAF,202012,,0,0.7283278971841609,0.7154362710720984
CAN,201901,0.0,3,0.24031136174168957,0.2525499739552463
CAN,201902,1.0,4,0.20417412229093201,0.20796271652630782
CAN,201903,1.0,0,0.3264383609108366,0.3356982239281884
CAN,201904,1.0,0,0.3899380579321594,0.4087412907089394
CAN,201905,1.0,0,0.39215000586299764,0.4179307711030025
CAN,201906,0.0,0,0.47385144816086977,0.4925800774917144
CAN,201907,0.0,1,0.3032697001393894,0.30830447844801995
CAN,201908,0.0,2,0.23630097149041837,0.25706560595467853
CAN,201909,1.0,3,0.23378421058425233,0.2515157105915447
CAN,201910,0.0,0,0.3209478837126931,0.3594301099367987
CAN,201911,0.0,1,0.2583606176185666,0.25413706430384947
CAN,201912,0.0,2,0.23140527058833216,0.2330707731929516
CAN,202001,1.0,3,0.22976726137996034,0.24171547097890053
CAN,202002,0.0,0,0.3471574887897424,0.35075240551115505
CAN,202003,0.0,1,0.25867085731458345,0.28697744072546
CAN,202004,1.0,2,0.2513344631299068,0.2573271346610986
CAN,202005,0.0,0,0.3579569653090377,0.39618406531254924
CAN,202006,1.0,1,0.4225546874362388,0.42905236686376047
CAN,202007,1.0,0,0.5250535869888233,0.5443351825106667
CAN,202008,1.0,0,0.5838981625605009,0.6389967723226558
CAN,202009,0.0,0,0.530872336125195,0.5945947318718758
CAN,202010,0.0,1,0.381005616000198,0.39901518242018247
CAN,202011,0.0,2,0.3096307052782826,0.317207345284438
CAN,202012,,3,0.29464278123425797,0.3249650326586627
CHE,201901,0.0,12,0.04985000093485028,0.055077169679463085
CHE,201902,0.0,13,0.04909182733387938,0.054357648128056726
CHE,201903,1.0,14,0.046616910246065374,0.05355065271105282
CHE,201904,0.0,0,0.20116265913483208,0.19763567930428963
CHE,201905,0.0,1,0.1289417291994574,0.14198589189587862
CHE,201906,0.0,2,0.11409907091676558,0.11006874710361099
CHE,201907,0.0,3,0.10195070014603963,0.11071775446683896
CHE,201908,0.0,4,0.068041598166434,0.08421096259093667
CHE,201909,0.0,5,0.0659327590101488,0.06788085522061939
CHE,201910,0.0,6,0.06133917139802532,0.06473252953298758
CHE,201911,0.0,7,0.05201507453965914,0.05383596032339513
CHE,201912,0.0,8,0.05604952368048711,0.0537657823542467
CHE,202001,0.0,9,0.05287103786200873,0.05500447113842293
CHE,202002,0.0,10,0.058362024258369075,0.05167242841009451
CHE,202003,0.0,11,0.056998745783150034,0.0538649572693289
CHE,202004,0.0,12,0.055296771509331835,0.05154138796386775
CHE,202005,0.0,13,0.05111654834838712,0.049798249460650805
CHE,202006,0.0,14,0.047418070680962085,0.05026397698685692
CHE,202007,0.0,15,0.051474006485231615,0.05218351634200619
CHE,202008,1.0,16,0.050125281009513314,0.049581740622658375
CHE,202009,0.0,0,0.19301587269956927,0.2097312340974539
CHE,202010,0.0,1,0.12673593283234752,0.12237629028918022
CHE,202011,0.0,2,0.10805249286073813,0.09857065083816437
CHE,202012,,3,0.10546853037167489,0.09740024386709288
CHL,201901,1.0,0,0.7703688868681638,0.771411105743973
CHL,201902,1.0,0,0.8384439218237527,0.8458124013270312
CHL,201903,0.0,0,0.7775957923477402,0.7928371180130769
CHL,201904,1.0,1,0.6282551452785785,0.6040238906227596
CHL,201905,1.0,0,0.6466853985297005,0.649499567146252
CHL,201906,1.0,0,0.7367964176915294,0.7510968196471666
CHL,201907,0.0,0,0.7837903983883119,0.76605701170682
CHL,201908,1.0,1,0.5993397905559465,0.6017375349105134
CHL,201909,1.0,0,0.7222970033574541,0.7305346268124048
CHL,201910,1.0,0,0.7837055715832687,0.789355602282535
CHL,201911,0.0,0,0.8482302376146156,0.8434337233239565
CHL,201912,1.0,1,0.6237243141803822,0.5832506738193457
CHL,202001,1.0,0,0.7789399143645044,0.7556535013281226
CHL,202002,1.0,0,0.7404078466199212,0.7224078497643595
CHL,202003,1.0,0,0.7907752762644468,0.7697510208460397
CHL,202004,1.0,0,0.7714110023564612,0.7754763590704148
CHL,202005,1.0,0,0.8306843443556314,0.8332027216996616
CHL,202006,0.0,0,0.8279941946350954,0.8361698958765992
CHL,202007,1.0,1,0.702051073093332,0.6678244729313679
CHL,202008,1.0,0,0.7961221871671844,0.8014574454947191
CHL,202009,1.0,0,0.8704771270885822,0.8742199060484077
CHL,202010,1.0,0,0.8592288350471402,0.8801350294738751
CHL,202011,1.0,0,0.8623702074008053,0.883509057934494
CHL,202012,,0,0.8080798163211833,0.8323534403216309
CHN,201901,0.0,7,0.10682779365907182,0.10848858160486209
CHN,201902,0.0,8,0.10230430637762193,0.12118758251167168
CHN,201903,0.0,9,0.09806678468029409,0.11503889248301503
CHN,201904,0.0,10,0.10950991819502903,0.11761414602437144
CHN,201905,0.0,11,0.1078554927470369,0.10453619194335374
CHN,201906,0.0,12,0.10581949272905306,0.10036758926137622
CHN,201907,1.0,13,0.1055709845308249,0.10779444356180008
CHN,201908,1.0,0,0.22341978138489435,0.24837289732557064
CHN,201909,1.0,0,0.3299806494649399,0.3696263477997482
CHN,201910,1.0,0,0.4686986252443211,0.5157224631352484
CHN,201911,1.0,0,0.5237695573406088,0.577775241195055
CHN,201912,1.0,0,0.5630397754283507,0.5849597230963817
CHN,202001,1.0,0,0.5999908377991313,0.6442371663091937
CHN,202002,1.0,0,0.7119530409591612,0.7584907568892418
CHN,202003,1.0,0,0.7402066457161891,0.7556041664413767
CHN,202004,1.0,0,0.7310106823144324,0.800717665679621
CHN,202005,0.0,0,0.7378071343324878,0.7468896016578205
CHN,202006,1.0,1,0.5374991373472029,0.5170702795610528
CHN,202007,0.0,0,0.735006890540683,0.6853588749134303
CHN,202008,0.0,1,0.4523942630748695,0.42449068366076337
CHN,202009,0.0,2,0.4307076552232225,0.40992637454751474
CHN,202010,0.0,3,0.42101570123918997,0.4172495533209425
CHN,202011,1.0,4,0.41015359608554647,0.36992008469780663
CHN,202012,,0,0.5409949436050381,0.542082782433172
CIV,201901,0.0,16,0.08325037104305451,0.08223613664658497
CIV,201902,0.0,17,0.08664473663439493,0.07972589851092446
CIV,201903,0.0,18,0.0808005775641997,0.07473747560947475
CIV,201904,0.0,19,0.06545861876752392,0.07404352333622023
CIV,201905,0.0,20,0.05964236755451229,0.0725220189789556
CIV,201906,0.0,21,0.06756875569158019,0.06655152109844507
CIV,201907,0.0,22,0.07064696510379623,0.07003732920934484
CIV,201908,0.0,23,0.06648172534015623,0.07174402499429872
CIV,201909,0.0,24,0.06364862390042296,0.07067226890322974
CIV,201910,0.0,25,0.057107859790401255,0.06396871382509613
CIV,201911,0.0,26,0.0560090432802768,0.06499890398715484
CIV,201912,0.0,27,0.06927412671810441,0.06884106280992146
CIV,202001,0.0,28,0.07126838408106242,0.06892809622829214
CIV,202002,0.0,29,0.06977021443628048,0.07256173376713104
CIV,202003,0.0,30,0.07167735112527315,0.07086898632787628
CIV,202004,0.0,31,0.06538661738103613,0.06868955644512878
CIV,202005,0.0,32,0.06851045269198554,0.06910062753666543
CIV,202006,0.0,33,0.0777116438705823,0.0672971917984747
CIV,202007,0.0,34,0.0818985013689997,0.06262963309594799
CIV,202008,0.0,35,0.06953216337018903,0.056591969731968644
CIV,202009,0.0,36,0.056914901721854816,0.04388374951206745
CIV,202010,1.0,37,0.0556909067085271,0.04479588766736889
CIV,202011,0.0,0,0.2704278456589336,0.25250592420597306
CIV,202012,,1,0.18608347604678346,0.17285314910305913
CMR,201901,1.0,0,0.9608182597751953,0.9722719006348426
CMR,201902,1.0,0,0.9682307035576079,0.9711175449139001
CMR,201903,1.0,0,0.9624589380288703,0.9690038648062721
CMR,201904,1.0,0,0.9691639260255761,0.9698926667485093
CMR,201905,1.0,0,0.9570893751005335,0.9708838427939903
CMR,201906,1.0,0,0.9513419665079925,0.9708277959530688
CMR,201907,1.0,0,0.9533259203248011,0.9701796853397967
CMR,201908,1.0,0,0.9585372627114404,0.9649733732118441
CMR,201909,1.0,0,0.9629435867231799,0.971011555045029
CMR,201910,1.0,0,0.952128100999081,0.9717512118783312
CMR,201911,1.0,0,0.9573053056929711,0.9690898974685596
CMR,201912,1.0,0,0.9642004139846434,0.9709600536007948
CMR,202001,1.0,0,0.9595659952431085,0.9707760116317843
CMR,202002,1.0,0,0.9563115930301097,0.9690440030562173
CMR,202003,1.0,0,0.9556327364866429,0.9696046189296953
CMR,202004,1.0,0,0.9627577155456616,0.9745337802402646
CMR,202005,1.0,0,0.953817390175091,0.9723882258275478
CMR,202006,1.0,0,0.9444116196411122,0.9676282802029091
CMR,202007,1.0,0,0.9460087674647145,0.9631781751031779
CMR,202008,1.0,0,0.9500757475308255,0.9657794784397881
CMR,202009,1.0,0,0.9604229517608636,0.9680794038845533
CMR,202010,1.0,0,0.9482033982607837,0.9683137990844662
CMR,202011,1.0,0,0.957620778377012,0.968303051244011
CMR,202012,,0,0.9507067365307043,0.9684264247654005
COD,201901,1.0,0,0.9586716880732769,0.9733802389243322
COD,201902,1.0,0,0.9650540924134111,0.9728694650058857
COD,201903,1.0,0,0.9603091971908954,0.970309456273197
COD,201904,1.0,0,0.9706389618377272,0.9703864676380698
COD,201905,1.0,0,0.9583989974480867,0.9711370875234222
COD,201906,1.0,0,0.9636801391258342,0.9713828162566105
COD,201907,1.0,0,0.963152955887821,0.9725985066667264
COD,201908,1.0,0,0.961408750233264,0.9673006880106619
COD,201909,1.0,0,0.9643391891798667,0.9677667021765799
COD,201910,1.0,0,0.9578536530269801,0.9718641764110417
COD,201911,1.0,0,0.9609816659330866,0.9698512548709242
COD,201912,1.0,0,0.9680123676624716,0.972510936580051
COD,202001,1.0,0,0.955992739513695,0.9703493438002756
COD,202002,1.0,0,0.9623512086235374,0.9690440030562173
COD,202003,1.0,0,0.9648934773647372,0.9684419605089137
COD,202004,1.0,0,0.9580283441062372,0.9691031543030949
COD,202005,1.0,0,0.9637732139017249,0.9722543151155475
COD,202006,1.0,0,0.9610284582367027,0.9722423233471648
COD,202007,1.0,0,0.9608332904718411,0.9668511960588967
COD,202008,1.0,0,0.9590893787775877,0.9687834919601152
COD,202009,1.0,0,0.9678398329849788,0.9677223023637731
COD,202010,1.0,0,0.9566089610813,0.9669601915218011
COD,202011,1.0,0,0.968380835182584,0.9693331282969722
COD,202012,,0,0.960997306063935,0.9692741547261373
COG,201901,0.0,27,0.15408009511561072,0.12280950963189247
COG,201902,0.0,28,0.1459933058998703,0.11904297141992494
COG,201903,0.0,29,0.1392527000875436,0.1283890183959449
COG,201904,0.0,30,0.15244912402121025,0.11927084944857326
COG,201905,0.0,31,0.06612940211031487,0.053479564344492046
COG,201906,0.0,32,0.061329608922109306,0.0546802974557754
COG,201907,0.0,33,0.062185801502298466,0.05114129447146052
COG,201908,0.0,34,0.053625028778772836,0.05116063598361609
COG,201909,0.0,35,0.06245867737147189,0.05241349490865412
COG,201910,0.0,36,0.059423805425840845,0.0499289135564504
COG,201911,0.0,37,0.057538262400460186,0.04844942514913487
COG,201912,0.0,38,0.06010565885466435,0.04992823817615858
COG,202001,0.0,39,0.052858764875995196,0.0520590035383672
COG,202002,0.0,40,0.05408689014359491,0.05985782737227002
COG,202003,0.0,41,0.06174394438063532,0.05542482714061049
COG,202004,0.0,42,0.05473266712689886,0.053290921389702574
COG,202005,0.0,43,0.054394716845319685,0.058347526927928973
COG,202006,0.0,44,0.05390423992274708,0.05470046570603037
COG,202007,0.0,45,0.05090580197728016,0.05283260441162459
COG,202008,0.0,46,0.04642493800925657,0.051792665435118464
COG,202009,0.0,47,0.04486991556725652,0.04922958748182986
COG,202010,0.0,48,0.04665126984826296,0.046736858421885505
COG,202011,0.0,49,0.04401088069801703,0.04743220521820844
COG,202012,,50,0.04464310733546188,0.04596869996913
COL,201901,1.0,0,0.9472747683188218,0.9523469038637729
COL,201902,1.0,0,0.9598937064665338,0.9540396826010151
COL,201903,1.0,0,0.9534063281527252,0.9544854095365958
COL,201904,1.0,0,0.9512836300429783,0.9560385625943566
COL,201905,1.0,0,0.950309965134893,0.9558579893497158
COL,201906,1.0,0,0.9519393337112809,0.9546136407538512
COL,201907,1.0,0,0.9641847027854982,0.9617799846487394
COL,201908,1.0,0,0.9570824331571072,0.9551625074459743
COL,201909,1.0,0,0.9615849555652212,0.9599518361320972
COL,201910,1.0,0,0.9537261418104644,0.9608174344448961
COL,201911,1.0,0,0.9515573643969099,0.9537546974564627
COL,201912,1.0,0,0.9629666800292366,0.9604775930205114
COL,202001,1.0,0,0.9577291972673325,0.9588825344922778
COL,202002,1.0,0,0.9576544961597953,0.9579320885995276
COL,202003,1.0,0,0.9614169756578052,0.9614832399446384
COL,202004,1.0,0,0.9559953954297796,0.9660275528283081
COL,202005,1.0,0,0.9502621399458381,0.9632997855103883
COL,202006,1.0,0,0.9557082229078453,0.9656713482129494
COL,202007,1.0,0,0.9398985046146859,0.9484975966809062
COL,202008,1.0,0,0.9381362518742149,0.9575920290189773
COL,202009,1.0,0,0.9447452765262974,0.9545977170797247
COL,202010,1.0,0,0.9390748858197077,0.958167616395995
COL,202011,1.0,0,0.9328736906076426,0.9570690035690816
COL,202012,,0,0.9481059640495336,0.9627551659316603
COM,201901,0.0,6,0.07240112647895329,0.061555561371229486
COM,201902,0.0,7,0.06316904928775353,0.06242454282690046
COM,201903,0.0,8,0.0642055278734863,0.05907098830647453
COM,201904,0.0,9,0.0693136326172353,0.06027918269775563
COM,201905,0.0,10,0.06568499241603569,0.0593925904968057
COM,201906,0.0,11,0.059551799640073746,0.06136266025093612
COM,201907,0.0,12,0.05715366113831267,0.05620013165402339
COM,201908,0.0,13,0.0469075517240618,0.048963222183767335
COM,201909,0.0,14,0.04691191064825642,0.04907734929826638
COM,201910,0.0,15,0.04671818252399084,0.049208447969212574
COM,201911,0.0,16,0.04346737803962271,0.04843166269151717
COM,201912,0.0,17,0.04837143855457221,0.04969820263859022
COM,202001,0.0,18,0.04871042794075842,0.048736289058548585
COM,202002,0.0,19,0.04508693061720925,0.04789600505651968
COM,202003,0.0,20,0.042653618926831734,0.047763912500687226
COM,202004,0.0,21,0.04738097235251328,0.048672207742194044
COM,202005,0.0,22,0.047368408726633955,0.04797857267305549
COM,202006,0.0,23,0.04374706172252316,0.048914775548031295
COM,202007,0.0,24,0.04831492209597847,0.048459088689137536
COM,202008,0.0,25,0.04225738206616076,0.045743565625580296
COM,202009,0.0,26,0.04493352126635784,0.045824669611656425
COM,202010,0.0,27,0.04150992354874691,0.04593107055677697
COM,202011,0.0,28,0.042982167753166566,0.04600582620887633
COM,202012,,29,0.046366830451049175,0.04518861597904825
CRI,201901,0.0,109,0.0487769672487233,0.047295052927878986
CRI,201902,0.0,110,0.051426221916195794,0.047797716880328356
CRI,201903,0.0,111,0.053792288321194155,0.04996908987747481
CRI,201904,0.0,112,0.05381135133799219,0.04962554816125175
CRI,201905,1.0,113,0.052392953200990106,0.04778519886936209
CRI,201906,1.0,0,0.19779952593656216,0.22076323500718387
CRI,201907,0.0,0,0.25776809683736895,0.2708637306597598
CRI,201908,0.0,1,0.13567094861819703,0.12880933256119267
CRI,201909,0.0,2,0.11591414522546716,0.11742444743319158
CRI,201910,0.0,3,0.10203725546978522,0.0952159807879538
CRI,201911,0.0,4,0.0734682956944976,0.07396316075646568
CRI,201912,0.0,5,0.05955638144858719,0.06785118574843803
CRI,202001,0.0,6,0.06018373120751654,0.06165159434846466
CRI,202002,0.0,7,0.061021755059318616,0.065993860064632
CRI,202003,0.0,8,0.06480725900878852,0.06608241654626977
CRI,202004,0.0,9,0.05963401486482397,0.05995982539539682
CRI,202005,0.0,10,0.06158009678971417,0.0607153680219502
CRI,202006,0.0,11,0.06523839896014666,0.057976522575071014
CRI,202007,0.0,12,0.05185229384466162,0.05319898367865629
CRI,202008,0.0,13,0.04742470308634015,0.05033087945810245
CRI,202009,0.0,14,0.048726117090954035,0.04990583323796941
CRI,202010,0.0,15,0.04743894830322275,0.05001447291176258
CRI,202011,0.0,16,0.04769644570300478,0.04910074613404226
CRI,202012,,17,0.04760341743361235,0.04775123150750515
CUB,201901,0.0,109,0.04480044571125656,0.04682231098501427
CUB,201902,0.0,110,0.04364239066890235,0.0484118534190314
CUB,201903,0.0,111,0.043892025690931806,0.04709798320558575
CUB,201904,0.0,112,0.044505544189901665,0.04804082158277641
CUB,201905,0.0,113,0.045777994684500375,0.047582340134452235
CUB,201906,0.0,114,0.04594521982341083,0.047100010470671784
CUB,201907,0.0,115,0.045721271034928644,0.04830590569927787
CUB,201908,0.0,116,0.04481575035459594,0.04712279155945061
CUB,201909,0.0,117,0.04592372871712528,0.04662898366538814
CUB,201910,0.0,118,0.04703928929044889,0.04761790756262197
CUB,201911,0.0,119,0.04457678128141676,0.046027768783704896
CUB,201912,0.0,120,0.04607660290832885,0.04824839707496667
CUB,202001,0.0,121,0.0456313009054479,0.04851011160911815
CUB,202002,0.0,122,0.04641459549939661,0.050149655542943934
CUB,202003,0.0,123,0.046524305960798686,0.05188036358113557
CUB,202004,0.0,124,0.0462065041562223,0.05322663698872899
CUB,202005,0.0,125,0.0446568839821109,0.05568789426960812
CUB,202006,0.0,126,0.04608646562966305,0.055481872054632786
CUB,202007,0.0,127,0.045429687054001154,0.05019803148247742
CUB,202008,0.0,128,0.044057524867005836,0.05653138673538205
CUB,202009,0.0,129,0.04481926475469504,0.05150645180397402
CUB,202010,0.0,130,0.04333453141450581,0.05192819066240834
CUB,202011,0.0,131,0.04371442898202156,0.04903561494853601
CUB,202012,,132,0.04425526251430796,0.05023547150934563
CYP,201901,0.0,25,0.04170082586547621,0.045144293349660386
CYP,201902,0.0,26,0.043791055153878995,0.04435893273008668
CYP,201903,0.0,27,0.04708425030001583,0.04394417025901887
CYP,201904,0.0,28,0.04551877397427687,0.043256374944099056
CYP,201905,0.0,29,0.04974547325080568,0.04387257463475351
CYP,201906,0.0,30,0.04421342177677772,0.045213709427219605
CYP,201907,0.0,31,0.04418421840024244,0.044360854226826923
CYP,201908,0.0,32,0.04744792463655216,0.04526164075165179
CYP,201909,0.0,33,0.04254094844758891,0.04190399922747652
CYP,201910,0.0,34,0.04474771357566147,0.044681721214716204
CYP,201911,0.0,35,0.042007087397983284,0.04243702743202814
CYP,201912,0.0,36,0.044444006182155445,0.04454476704055438
CYP,202001,0.0,37,0.045320059043131945,0.04908505202693529
CYP,202002,1.0,38,0.04603031407317264,0.04912017742194173
CYP,202003,1.0,0,0.18070401139273698,0.21408245182423005
CYP,202004,0.0,0,0.2205905324732539,0.2744835597698919
CYP,202005,1.0,1,0.21425120233575726,0.23557841798926338
CYP,202006,1.0,0,0.3014894301123316,0.3232096748906668
CYP,202007,0.0,0,0.36335353629374184,0.4158890247900429
CYP,202008,0.0,1,0.3166297937858131,0.3473009432938314
CYP,202009,0.0,2,0.2776677587110868,0.2677934833386231
CYP,202010,0.0,3,0.2554385502494866,0.27171300968919515
CYP,202011,1.0,4,0.15276236296609638,0.1866908768830886
CYP,202012,,0,0.29029903517556155,0.32109676842022866
CZE,201901,0.0,17,0.06630699452262367,0.06715499017372928
CZE,201902,0.0,18,0.05850580835843365,0.06268831984932342
CZE,201903,0.0,19,0.057288466148028024,0.05734582439647409
CZE,201904,0.0,20,0.05923058702534188,0.06002403209161234
CZE,201905,0.0,21,0.05599470491874906,0.05972075479668519
CZE,201906,0.0,22,0.05558704912323513,0.057006858534372845
CZE,201907,0.0,23,0.056622194791724076,0.054681408417072086
CZE,201908,0.0,24,0.05679078151861227,0.05939168270642022
CZE,201909,0.0,25,0.047688570182045656,0.04544314104654472
CZE,201910,0.0,26,0.04897772075176988,0.04557229226658491
CZE,201911,0.0,27,0.0461021177473598,0.04621626409439017
CZE,201912,0.0,28,0.04699172666206612,0.047393660726663886
CZE,202001,0.0,29,0.045234201051228023,0.050612303814946
CZE,202002,0.0,30,0.04689834654323322,0.04953271015871698
CZE,202003,0.0,31,0.046592184279428885,0.04896478791790953
CZE,202004,0.0,32,0.04683182319024844,0.05083052589317027
CZE,202005,0.0,33,0.04595056360638087,0.047332617940505424
CZE,202006,0.0,34,0.04705914243243997,0.04889005892755976
CZE,202007,0.0,35,0.04468216959194624,0.04664530820563026
CZE,202008,0.0,36,0.04312750322809504,0.044991042618679755
CZE,202009,0.0,37,0.04478385491669644,0.0439832451809689
CZE,202010,0.0,38,0.042556930544680356,0.045506882334218096
CZE,202011,0.0,39,0.04331038009510536,0.04329371591918265
CZE,202012,,40,0.042131415261176405,0.04503566466583265
DEU,201901,0.0,0,0.7120154597928664,0.7389479736099765
DEU,201902,0.0,1,0.6398406540745146,0.6183564510803454
DEU,201903,0.0,2,0.547758053612141,0.538819290974051
DEU,201904,1.0,3,0.4924340751574923,0.48919105334433155
DEU,201905,1.0,0,0.5659833499405417,0.5604511954430834
DEU,201906,1.0,0,0.6253728673477749,0.6253625787779478
DEU,201907,1.0,0,0.6559852597398915,0.6597704245776279
DEU,201908,0.0,0,0.6691073501782168,0.6907018205643517
DEU,201909,1.0,1,0.49318616412925037,0.49628574643109
DEU,201910,0.0,0,0.5837962600562109,0.5681967591742358
DEU,201911,0.0,1,0.5601780448883068,0.5784636824908401
DEU,201912,1.0,2,0.5075645086405097,0.48753436599511935
DEU,202001,1.0,0,0.6371769780503127,0.6660183577132144
DEU,202002,1.0,0,0.5852783670180429,0.573109086866742
DEU,202003,1.0,0,0.6999382462904373,0.7443410252909385
DEU,202004,1.0,0,0.7325580313268998,0.7652403589518951
DEU,202005,1.0,0,0.818766757579865,0.841298664183239
DEU,202006,0.0,0,0.7509755547602681,0.762562333074083
DEU,202007,1.0,1,0.6254085445778517,0.6270608054818405
DEU,202008,1.0,0,0.7415768831810459,0.7385137675002773
DEU,202009,1.0,0,0.7460829337791318,0.7578932317978126
DEU,202010,1.0,0,0.7339892594370343,0.7340965650638926
DEU,202011,0.0,0,0.7652877382545887,0.7850440069577234
DEU,202012,,1,0.5342428271832251,0.5591554330687403
DJI,201901,0.0,19,0.05829128171208727,0.04417601396236881
DJI,201902,0.0,20,0.05637495134746583,0.04580354934259519
DJI,201903,0.0,21,0.05368817986960089,0.050719507680761826
DJI,201904,0.0,22,0.05810581336013446,0.04751377319671368
DJI,201905,0.0,23,0.05444608489206862,0.047247185573285416
DJI,201906,0.0,24,0.049639737305506325,0.04679792246379929
DJI,201907,0.0,25,0.05059751582920183,0.04719606613928406
DJI,201908,0.0,26,0.056005720839051386,0.04663851385299298
DJI,201909,0.0,27,0.05558501075831272,0.047314135741072294
DJI,201910,0.0,28,0.05560537895602822,0.045176413444715416
DJI,201911,0.0,29,0.05074426702312474,0.04678094905826156
DJI,201912,0.0,30,0.057374144328018885,0.04545716122257591
DJI,202001,0.0,31,0.05371916543010837,0.05222922815943336
DJI,202002,0.0,32,0.052583976758112654,0.05200274188804076
DJI,202003,0.0,33,0.05251877650586444,0.052715854785611
DJI,202004,0.0,34,0.04485708807872756,0.047047165618761363
DJI,202005,0.0,35,0.04484661652917902,0.049444809788265404
DJI,202006,0.0,36,0.04610362054015333,0.05172030740337329
DJI,202007,0.0,37,0.04627987047874457,0.05301434067858512
DJI,202008,0.0,38,0.048821289733930975,0.04744136355220794
DJI,202009,0.0,39,0.04998317896395851,0.04779509599405121
DJI,202010,0.0,40,0.05691279403654031,0.046966197165309594
DJI,202011,0.0,41,0.05030846284070356,0.04657003135293138
DJI,202012,,42,0.053134837097280195,0.0469500032086499
DNK,201901,0.0,10,0.05235917294001844,0.05044135162268953
DNK,201902,0.0,11,0.04799789723783014,0.050177291050269336
DNK,201903,0.0,12,0.05145104913303228,0.05260577141649155
DNK,201904,0.0,13,0.047764550755855464,0.050222561962472094
DNK,201905,0.0,14,0.0496498226500354,0.049254854631984625
DNK,201906,0.0,15,0.05095453011052013,0.05196855402131664
DNK,201907,1.0,16,0.04770109145131293,0.048276913957311395
DNK,201908,0.0,0,0.19967150945375,0.2034764859147867
DNK,201909,0.0,1,0.15236846235015167,0.16913885291938233
DNK,201910,0.0,2,0.11839321223754794,0.11011713740649434
DNK,201911,0.0,3,0.11062244835081204,0.09727755339578857
DNK,201912,0.0,4,0.08288152279391367,0.07884667472543565
DNK,202001,0.0,5,0.0749397030400608,0.07043896006026569
DNK,202002,0.0,6,0.06708865779040123,0.06548833086070106
DNK,202003,0.0,7,0.06619951939751097,0.06496269274229566
DNK,202004,0.0,8,0.06321092887898,0.06304228315839056
DNK,202005,0.0,9,0.06499290055164997,0.06232014090121192
DNK,202006,0.0,10,0.06198982407650738,0.05756169891801988
DNK,202007,0.0,11,0.0645059751208719,0.059773059881359544
DNK,202008,0.0,12,0.06101837336298075,0.056965519836887905
DNK,202009,0.0,13,0.049244894694147036,0.05641248232794318
DNK,202010,0.0,14,0.05248766440111446,0.055378385676562225
DNK,202011,0.0,15,0.0531611639652697,0.0545546495552643
DNK,202012,,16,0.049851678634308255,0.05017593390466412
DOM,201901,0.0,63,0.04207564003271073,0.04517016647810356
DOM,201902,0.0,64,0.04238921992979829,0.046479199574424944
DOM,201903,0.0,65,0.03958332821208285,0.04795658414311982
DOM,201904,0.0,66,0.04261886413354909,0.04500101354525832
DOM,201905,0.0,67,0.04395193847950825,0.044838947487200326
DOM,201906,0.0,68,0.04976766637788803,0.04812516937583329
DOM,201907,0.0,69,0.05142021847572407,0.04674349526224957
DOM,201908,0.0,70,0.05012034560699195,0.04678724612128887
DOM,201909,0.0,71,0.050244651270352055,0.04429805606860149
DOM,201910,0.0,72,0.04883977044931046,0.04750644373676483
DOM,201911,0.0,73,0.043462989169993416,0.044153539793428134
DOM,201912,0.0,74,0.046366943763457805,0.04636756864531442
DOM,202001,0.0,75,0.0468579859260887,0.0495655145030466
DOM,202002,0.0,76,0.0478210735989841,0.050468092396887564
DOM,202003,0.0,77,0.04961651023965568,0.05425869894302097
DOM,202004,0.0,78,0.04767794964288808,0.052288218402645
DOM,202005,0.0,79,0.04699181098834056,0.055783294361205424
DOM,202006,0.0,80,0.04940477953350489,0.05412154971212527
DOM,202007,0.0,81,0.04693223269907131,0.05073672658791164
DOM,202008,0.0,82,0.04646364832011604,0.04980765827328616
DOM,202009,0.0,83,0.046370912179527615,0.048150859118795665
DOM,202010,0.0,84,0.04245267557778321,0.047222205821932234
DOM,202011,0.0,85,0.043968027927890896,0.0496098939579619
DOM,202012,,86,0.04276431294655338,0.04631160808181023
DZA,201901,0.0,5,0.21280079643503252,0.20609056432640854
DZA,201902,0.0,6,0.17410490775225404,0.1514745423351981
DZA,201903,0.0,7,0.18186660125256093,0.1507704619236007
DZA,201904,0.0,8,0.18587939306807214,0.1414418325490324
DZA,201905,0.0,9,0.2043174458899997,0.1661731286727419
DZA,201906,0.0,10,0.16806373480500222,0.14511651813968757
DZA,201907,0.0,11,0.1656234640162376,0.1370473798941828
DZA,201908,0.0,12,0.16616831423513767,0.14617511297950625
DZA,201909,0.0,13,0.18915372303214234,0.17036200936268478
DZA,201910,0.0,14,0.17560316517361982,0.16310350189207753
DZA,201911,0.0,15,0.18393589623775086,0.1715207461369735
DZA,201912,0.0,16,0.14223735428516837,0.1258138174343092
DZA,202001,0.0,17,0.16881798500471956,0.15645388434706292
DZA,202002,1.0,18,0.15451374577413618,0.1569780143542239
DZA,202003,0.0,0,0.31419842827429084,0.3522261285487027
DZA,202004,0.0,1,0.2412827803160694,0.2392077432770151
DZA,202005,0.0,2,0.21627039325745948,0.2029385896404855
DZA,202006,0.0,3,0.15242826631842166,0.15836088869894124
DZA,202007,0.0,4,0.13942390610447933,0.11791186594655895
DZA,202008,0.0,5,0.08573884447212396,0.08153136209388512
DZA,202009,0.0,6,0.09871389456487067,0.09845983318660519
DZA,202010,0.0,7,0.07458133811004695,0.06519862528056543
DZA,202011,0.0,8,0.1064975423837938,0.09254402731395026
DZA,202012,,9,0.09669726857330284,0.08884206991236875
ECU,201901,0.0,0,0.35741209113299827,0.3698444246649605
ECU,201902,0.0,1,0.26534221451449336,0.2519035208430068
ECU,201903,0.0,2,0.2422372909449824,0.2399193426124746
ECU,201904,1.0,3,0.22208911713020296,0.2071625567007506
ECU,201905,0.0,0,0.26159147760422713,0.2811039767552229
ECU,201906,0.0,1,0.24110770578694984,0.2601966871919765
ECU,201907,0.0,2,0.22025123012638909,0.18972879219902292
ECU,201908,0.0,3,0.19116853425099978,0.19181399546001932
ECU,201909,0.0,4,0.17098196535033694,0.14269327836578777
ECU,201910,0.0,5,0.16095835213147314,0.1419866397543263
ECU,201911,0.0,6,0.16643111227168955,0.14693169390579627
ECU,201912,0.0,7,0.1338878458093815,0.12250091949176838
ECU,202001,1.0,8,0.10419447935809974,0.10454259448578161
ECU,202002,1.0,0,0.21320062218789693,0.22514066834088112
ECU,202003,0.0,0,0.2888106280447098,0.29612891072996966
ECU,202004,0.0,1,0.1962666779319441,0.18712304374278918
ECU,202005,0.0,2,0.16799504158777157,0.1816614817383127
ECU,202006,1.0,3,0.1440130616866525,0.14448834746675104
ECU,202007,1.0,0,0.22298475338747697,0.24663673837831868
ECU,202008,0.0,0,0.2840201053350173,0.3460603368476198
ECU,202009,0.0,1,0.22389168789906577,0.20841471580529933
ECU,202010,0.0,2,0.20736850665237846,0.20665463325960712
ECU,202011,0.0,3,0.20696287915424583,0.20400545830943423
ECU,202012,,4,0.1804021365916627,0.1782239255319812
EGY,201901,1.0,0,0.908142391777031,0.9193791850232137
EGY,201902,1.0,0,0.9275441835414376,0.9365179559168346
EGY,201903,1.0,0,0.935582718635334,0.9362657562862478
EGY,201904,1.0,0,0.8905498548765398,0.9119899117375802
EGY,201905,1.0,0,0.9382683912306484,0.9457719497763034
EGY,201906,1.0,0,0.9014946502125093,0.9031144752379664
EGY,201907,1.0,0,0.9452587751256722,0.9533931289499117
EGY,201908,1.0,0,0.944472151633327,0.9503803367395482
EGY,201909,1.0,0,0.9137962100076977,0.9190338425123068
EGY,201910,1.0,0,0.8456073981070223,0.8271632093173845
EGY,201911,1.0,0,0.9222391004235191,0.9246062010936672
EGY,201912,1.0,0,0.8512924655809201,0.8462980308848905
EGY,202001,1.0,0,0.9048267014521753,0.9114806006224794
EGY,202002,1.0,0,0.8329816780840861,0.8170768715847526
EGY,202003,1.0,0,0.8383051377340471,0.8038193695026705
EGY,202004,1.0,0,0.8824490500195664,0.8939503398419875
EGY,202005,1.0,0,0.9172250433033652,0.9014333850219305
EGY,202006,1.0,0,0.9099784989651544,0.9203177035803338
EGY,202007,0.0,0,0.8454595620648492,0.8504887390350504
EGY,202008,0.0,1,0.7460754019484048,0.7653936361302449
EGY,202009,1.0,2,0.6470355505161658,0.6285865706788999
EGY,202010,1.0,0,0.8511319083469842,0.8363721583565884
EGY,202011,1.0,0,0.8754053462261004,0.8669947193345419
EGY,202012,,0,0.8792568405736939,0.877410343051219
ERI,201901,0.0,85,0.056030825840245546,0.04243396431295527
ERI,201902,0.0,86,0.05468910469290487,0.04390539058401083
ERI,201903,0.0,87,0.05783272858348437,0.042885102087921796
ERI,201904,0.0,88,0.0576072075568688,0.04268329458946039
ERI,201905,0.0,89,0.053217911820519125,0.043016063672768015
ERI,201906,0.0,90,0.05350726622306083,0.04403846496249662
ERI,201907,0.0,91,0.057239708444822554,0.044233893624902126
ERI,201908,0.0,92,0.05053122926845316,0.04385097226978587
ERI,201909,0.0,93,0.04627579554314352,0.04138168824995951
ERI,201910,0.0,94,0.05785060242673932,0.044140823954260486
ERI,201911,0.0,95,0.047124978218493825,0.043107529587178284
ERI,201912,0.0,96,0.055002759949922424,0.04352007335319011
ERI,202001,0.0,97,0.04822666064620437,0.04237980861375604
ERI,202002,0.0,98,0.0577811043557628,0.04252439544796732
ERI,202003,0.0,99,0.05541380492543178,0.04177530235513486
ERI,202004,0.0,100,0.0458337804131846,0.042878717595483104
ERI,202005,0.0,101,0.044845778534913,0.0440514574820758
ERI,202006,0.0,102,0.050050640246140456,0.04494348599434897
ERI,202007,0.0,103,0.04463239261123422,0.0424848926777164
ERI,202008,0.0,104,0.04599165145341246,0.042040926405576655
ERI,202009,0.0,105,0.04537314599425594,0.041629059665791786
ERI,202010,1.0,106,0.04710597916708933,0.04146985039221307
ERI,202011,0.0,0,0.22919293021643053,0.19359192991430352
ERI,202012,,1,0.34120634337491473,0.3137239655283873
ESP,201901,0.0,9,0.08395168807818466,0.07380893874444464
ESP,201902,0.0,10,0.07593586150573478,0.06696245628892407
ESP,201903,0.0,11,0.07746760732203625,0.06761188927137052
ESP,201904,0.0,12,0.0745174340565845,0.06718300348527337
ESP,201905,1.0,13,0.07011745209635553,0.07181419610884936
ESP,201906,0.0,0,0.2086069767844471,0.2282817280649615
ESP,201907,0.0,1,0.15193088357501514,0.14241055264406405
ESP,201908,0.0,2,0.11856294172752752,0.11314835815447967
ESP,201909,0.0,3,0.11467788828132729,0.11173534824196364
ESP,201910,0.0,4,0.08210474169408015,0.07894199243480828
ESP,201911,1.0,5,0.07432600755440219,0.07356772707262717
ESP,201912,0.0,0,0.21536875875711117,0.24233040114474463
ESP,202001,0.0,1,0.18863721245439002,0.20165513019208445
ESP,202002,0.0,2,0.14087661376020835,0.15657282029910496
ESP,202003,0.0,3,0.13943333650968193,0.14884341018904296
ESP,202004,0.0,4,0.1066590630098222,0.12056857248788976
ESP,202005,0.0,5,0.11125130570227974,0.11340394706220001
ESP,202006,0.0,6,0.10214413431188346,0.10308171969593148
ESP,202007,0.0,7,0.09042628440285033,0.0818695769783874
ESP,202008,0.0,8,0.07834966660547561,0.08509501314243659
ESP,202009,0.0,9,0.07258939610975952,0.07534233149309986
ESP,202010,0.0,10,0.07988812977653723,0.0787688838397827
ESP,202011,0.0,11,0.0759080966580769,0.08248503822657635
ESP,202012,,12,0.07401742570070521,0.07821614378978808
EST,201901,0.0,40,0.05040594698018624,0.04367296317186242
EST,201902,0.0,41,0.04841038128110996,0.043169604601953765
EST,201903,0.0,42,0.051571136019161676,0.04311366995086697
EST,201904,0.0,43,0.047410930713520184,0.04313741457501026
EST,201905,0.0,44,0.05315250431866347,0.043998388791675794
EST,201906,0.0,45,0.046522517332550854,0.04524721528786313
EST,201907,0.0,46,0.04975712936348052,0.04432360712000198
EST,201908,0.0,47,0.05373087800409374,0.043871838854762875
EST,201909,0.0,48,0.048162126676608,0.04214318554048837
EST,201910,0.0,49,0.04643492969876587,0.04438367780681868
EST,201911,0.0,50,0.0497532763173234,0.04275452582534018
EST,201912,0.0,51,0.049075241085488726,0.043824637809071955
EST,202001,0.0,52,0.04860490886905398,0.04984435015761608
EST,202002,0.0,53,0.05059149669151244,0.048571564721546244
EST,202003,0.0,54,0.04991646793411768,0.04897838814048479
EST,202004,0.0,55,0.048909776792227626,0.047842380710701765
EST,202005,0.0,56,0.050240692980678354,0.04835499031774562
EST,202006,0.0,57,0.04907587469832435,0.05032984752738126
EST,202007,0.0,58,0.044063933296574716,0.04886710161161058
EST,202008,0.0,59,0.047193583784413747,0.047554986045091424
EST,202009,0.0,60,0.05196625890915905,0.04676058081293534
EST,202010,0.0,61,0.04649902874574414,0.04673149897000464
EST,202011,0.0,62,0.047282048748630096,0.04864914167583303
EST,202012,,63,0.04847011417158836,0.04790938025438271
ETH,201901,0.0,0,0.6341477616099916,0.6282264906588674
ETH,201902,1.0,1,0.5724837631438109,0.5944529492145718
ETH,201903,0.0,0,0.6495315156378844,0.64499584337548
ETH,201904,0.0,1,0.5216808934167009,0.5109504946378514
ETH,201905,1.0,2,0.4333103916137452,0.39294828806165055
ETH,201906,0.0,0,0.6068500772225941,0.5275889629583136
ETH,201907,1.0,1,0.5381699005705793,0.5416332537941659
ETH,201908,1.0,0,0.6643232975633611,0.6603734690511628
ETH,201909,1.0,0,0.672984648478154,0.666171926968146
ETH,201910,0.0,0,0.6697249783451105,0.6307273778292545
ETH,201911,1.0,1,0.5162570248117586,0.5524162037099506
ETH,201912,1.0,0,0.6661066868248854,0.6610662428278772
ETH,202001,1.0,0,0.8010927777664217,0.8099852189366663
ETH,202002,1.0,0,0.7332526732780841,0.7487009888644941
ETH,202003,0.0,0,0.7729544426969654,0.8230743461442535
ETH,202004,0.0,1,0.5892156830211435,0.5381805072533442
ETH,202005,1.0,2,0.5551778431304786,0.5172202707717982
ETH,202006,1.0,0,0.6072195578011552,0.6072991434922832
ETH,202007,0.0,0,0.8323266852609906,0.858605308154512
ETH,202008,1.0,1,0.6720231487529742,0.6662834260839581
ETH,202009,1.0,0,0.7990074821055048,0.8043442965407599
ETH,202010,1.0,0,0.8833889045707808,0.9035812507282415
ETH,202011,1.0,0,0.8916383124374078,0.89350199875461
ETH,202012,,0,0.9224872517839127,0.925182241764558
FIN,201901,0.0,0,0.18663425895270855,0.227409934141034
FIN,201902,0.0,1,0.14976504372888413,0.151664253290733
FIN,201903,0.0,2,0.12612829439234993,0.12139305068183656
FIN,201904,0.0,3,0.11035486903460884,0.11831717327480107
FIN,201905,0.0,4,0.086313837160998,0.09001900812330174
FIN,201906,1.0,5,0.07499256579124385,0.07821570424090811
FIN,201907,0.0,0,0.19461277917311048,0.213075775141567
FIN,201908,0.0,1,0.1441885953228297,0.15177738005540375
FIN,201909,0.0,2,0.12399177521540775,0.13310452416314272
FIN,201910,0.0,3,0.1136574286408408,0.10603362450374153
FIN,201911,0.0,4,0.08502495170975209,0.09018990137722906
FIN,201912,0.0,5,0.08005606902270931,0.08070604613940213
FIN,202001,0.0,6,0.07955435863544602,0.07701774152013756
FIN,202002,0.0,7,0.07216447576433273,0.06754295692616426
FIN,202003,1.0,8,0.07392817302566339,0.0671113261479832
FIN,202004,0.0,0,0.19087301213347896,0.21376512965927907
FIN,202005,0.0,1,0.12367496579604902,0.13104827439146824
FIN,202006,0.0,2,0.11258215817531796,0.11684288813396478
FIN,202007,0.0,3,0.11096091151158634,0.10926050520600454
FIN,202008,0.0,4,0.08509880526122642,0.08648336914986256
FIN,202009,0.0,5,0.07203664008433566,0.06814504887266129
FIN,202010,0.0,6,0.06726739804800347,0.0653008551407118
FIN,202011,0.0,7,0.06967158643739613,0.0661899183016802
FIN,202012,,8,0.06395043654855591,0.06208950978565742
FJI,201901,0.0,109,0.043610339107467616,0.04720588135952645
FJI,201902,0.0,110,0.04409246219550014,0.048867490045004534
FJI,201903,0.0,111,0.044046658673541766,0.04825966779224859
FJI,201904,0.0,112,0.04498945218092481,0.048632389103962795
FJI,201905,0.0,113,0.04470917918195132,0.04789317546227779
FJI,201906,0.0,114,0.046124890616868634,0.048057036027146616
FJI,201907,0.0,115,0.0448169749850173,0.049596407802890354
FJI,201908,0.0,116,0.04362671271018683,0.04693524862521288
FJI,201909,0.0,117,0.04564433794060187,0.04793361235085158
FJI,201910,0.0,118,0.0470850761702591,0.04836480111747217
FJI,201911,0.0,119,0.04510894751098509,0.046607302348768
FJI,201912,0.0,120,0.047919419731553024,0.04989919231175353
FJI,202001,0.0,121,0.046612104613253845,0.050334689009765746
FJI,202002,0.0,122,0.04570409828495462,0.0514403818819538
FJI,202003,0.0,123,0.045557873585082745,0.051922338220335255
FJI,202004,0.0,124,0.04365475098195877,0.05193514453260671
FJI,202005,0.0,125,0.04517127759704621,0.05702455026792415
FJI,202006,0.0,126,0.048021667559647103,0.05689609700051463
FJI,202007,0.0,127,0.046146904022960886,0.05226775393813019
FJI,202008,0.0,128,0.04449002622572834,0.05567245427384462
FJI,202009,0.0,129,0.04310609733605905,0.05036582586568567
FJI,202010,0.0,130,0.042081326352123555,0.052793810173751676
FJI,202011,0.0,131,0.04295864409165212,0.053557301128067995
FJI,202012,,132,0.04802895889624605,0.05512008588300274
FRA,201901,0.0,0,0.5225872462740412,0.5515944986994875
FRA,201902,1.0,1,0.45055357673041785,0.43789211613349016
FRA,201903,1.0,0,0.6140664783891935,0.6177311742519042
FRA,201904,1.0,0,0.7273072388328881,0.7713163704740481
FRA,201905,0.0,0,0.7383381253971586,0.7670207860729557
FRA,201906,0.0,1,0.5578188296567964,0.5420590670682437
FRA,201907,0.0,2,0.4803294717793332,0.4766151031746326
FRA,201908,1.0,3,0.4227169157123216,0.38231344784309945
FRA,201909,1.0,0,0.5854128662894835,0.5489792532945735
FRA,201910,0.0,0,0.6074988138375863,0.6010470751285797
FRA,201911,1.0,1,0.495769764025395,0.5179613312506977
FRA,201912,1.0,0,0.6385724932411351,0.6550579023904284
FRA,202001,0.0,0,0.6366568383753112,0.649816482083746
FRA,202002,0.0,1,0.5235478436453667,0.5696249822801449
FRA,202003,1.0,2,0.48060992510215456,0.5081412932038976
FRA,202004,1.0,0,0.5898222278031288,0.5957787687056663
FRA,202005,1.0,0,0.5384929498044496,0.5833957111438126
FRA,202006,1.0,0,0.7113374364724243,0.7378422527198321
FRA,202007,1.0,0,0.6806992471236009,0.730032958940967
FRA,202008,1.0,0,0.6961078288894278,0.705789818391317
FRA,202009,1.0,0,0.7018947213187924,0.7134325242944821
FRA,202010,0.0,0,0.7136438932164423,0.7230656073359425
FRA,202011,0.0,1,0.5601208639569787,0.5675806875546179
FRA,202012,,2,0.4861222130333298,0.49335335399800345
GAB,201901,0.0,0,0.23514455125106376,0.23671004916747335
GAB,201902,0.0,1,0.15994497597346183,0.15067555463458968
GAB,201903,0.0,2,0.14002887192638055,0.12334680488557068
GAB,201904,0.0,3,0.11638162161658112,0.12084080382579782
GAB,201905,0.0,4,0.09518800525967915,0.08628940169221258
GAB,201906,0.0,5,0.06939111725512691,0.06867330985440137
GAB,201907,0.0,6,0.06505204169957535,0.0675455766543649
GAB,201908,0.0,7,0.06197648912941661,0.07065644860833106
GAB,201909,0.0,8,0.06748637655979821,0.06674090678577571
GAB,201910,0.0,9,0.06460757066773136,0.0650214754496773
GAB,201911,0.0,10,0.06026263107152653,0.0662015226969392
GAB,201912,0.0,11,0.07433778357715297,0.06394977028271995
GAB,202001,0.0,12,0.06820897539262424,0.06834744581235537
GAB,202002,0.0,13,0.06790628935478088,0.06960632846735153
GAB,202003,0.0,14,0.07208510864098865,0.06924646116844932
GAB,202004,0.0,15,0.07072423500319344,0.06539244503731136
GAB,202005,0.0,16,0.0644740232614805,0.06398869930782358
GAB,202006,0.0,17,0.06725192920830653,0.06557262021578567
GAB,202007,0.0,18,0.04631514671762531,0.05040504398794507
GAB,202008,0.0,19,0.045092926335311014,0.04747299381619106
GAB,202009,0.0,20,0.044562638923053885,0.04677510284752883
GAB,202010,0.0,21,0.04264196488673657,0.04799493017486159
GAB,202011,0.0,22,0.04504741377338493,0.0490769752892548
GAB,202012,,23,0.04478807687324773,0.04629813988913596
GBR,201901,1.0,0,0.8895493848094439,0.8964037436108404
GBR,201902,1.0,0,0.8889836268800757,0.8726485112133269
GBR,201903,1.0,0,0.879865927592681,0.8709225672910244
GBR,201904,1.0,0,0.9070004049349022,0.9529431554343504
GBR,201905,1.0,0,0.8929543145428294,0.8953734651799824
GBR,201906,1.0,0,0.8791863830190211,0.8896736919990988
GBR,201907,1.0,0,0.8916754928790802,0.8867935562919361
GBR,201908,1.0,0,0.904238149758877,0.9047733124770484
GBR,201909,1.0,0,0.8997703921223424,0.9023706939410572
GBR,201910,1.0,0,0.9107980578625826,0.9011604224351913
GBR,201911,1.0,0,0.9285768556587648,0.9488997635568386
GBR,201912,1.0,0,0.8834877619908821,0.8936100858500733
GBR,202001,1.0,0,0.8891184918658681,0.9061614106372304
GBR,202002,1.0,0,0.8945016582300264,0.8979196721801105
GBR,202003,1.0,0,0.8925574476003995,0.9058237815566217
GBR,202004,1.0,0,0.8875588265356258,0.8930259050026131
GBR,202005,1.0,0,0.9022248175180997,0.9194974845261128
GBR,202006,1.0,0,0.9137859294953418,0.912330427996121
GBR,202007,1.0,0,0.8940875719196676,0.9013911393155858
GBR,202008,1.0,0,0.8944626718422027,0.900949670489841
GBR,202009,1.0,0,0.8933508662651518,0.901905037218875
GBR,202010,1.0,0,0.8919263305753211,0.9012182237799635
GBR,202011,1.0,0,0.8406478593603106,0.8515677942865243
GBR,202012,,0,0.8914502657403426,0.9119860435884963
GEO,201901,0.0,11,0.07231517267594709,0.06875457164389003
GEO,201902,0.0,12,0.06696436230768098,0.06204366112544632
GEO,201903,0.0,13,0.0642612208965266,0.06279039039489671
GEO,201904,0.0,14,0.06543814414709775,0.05951186357025704
GEO,201905,0.0,15,0.06230654290686295,0.06130496595478248
GEO,201906,0.0,16,0.061352899446429895,0.059153971009245535
GEO,201907,0.0,17,0.06107714460409202,0.05572384018997619
GEO,201908,0.0,18,0.0638625161220768,0.06197060097018526
GEO,201909,0.0,19,0.056917591056551003,0.05400552119633535
GEO,201910,0.0,20,0.05636530787504025,0.052456188204758364
GEO,201911,0.0,21,0.050428456380716476,0.044596879857689106
GEO,201912,0.0,22,0.05208399820529775,0.04631475071049855
GEO,202001,0.0,23,0.050021908320116264,0.05012637851385527
GEO,202002,0.0,24,0.05166474223727681,0.050981755720797405
GEO,202003,0.0,25,0.05370320741886061,0.05058395064005297
GEO,202004,0.0,26,0.05176864052458323,0.04935809850234373
GEO,202005,0.0,27,0.05317414213493315,0.048998803643566353
GEO,202006,0.0,28,0.05078774610507532,0.04991622229073753
GEO,202007,0.0,29,0.048725541879529405,0.048719758363190306
GEO,202008,0.0,30,0.049965776745742645,0.04988775360405263
GEO,202009,0.0,31,0.051065814756036845,0.0464399705465458
GEO,202010,1.0,32,0.04905241251771976,0.04726118770765547
GEO,202011,0.0,0,0.1971131648747626,0.22424569373202072
GEO,202012,,1,0.11504267122258688,0.1322705910686002
GHA,201901,1.0,12,0.04867656422039545,0.047804547779173534
GHA,201902,1.0,0,0.19834888841534892,0.20926632957980978
GHA,201903,0.0,0,0.242070798003635,0.2727541762930178
GHA,201904,0.0,1,0.15016620454279353,0.15214705286609542
GHA,201905,0.0,2,0.13615415485842328,0.12580255305331028
GHA,201906,0.0,3,0.12145789640508876,0.10874755554886377
GHA,201907,0.0,4,0.0960010635641434,0.08103608554389412
GHA,201908,0.0,5,0.08200679249907118,0.07895626788282452
GHA,201909,0.0,6,0.06632349936577421,0.07059042635953804
GHA,201910,0.0,7,0.06234076217475387,0.06273310819744282
GHA,201911,0.0,8,0.06419134070805013,0.061267030943752784
GHA,201912,1.0,9,0.05690347492463323,0.05807533126987366
GHA,202001,0.0,0,0.18828915076905695,0.20407543736617825
GHA,202002,0.0,1,0.13249915843818774,0.13956000040393357
GHA,202003,0.0,2,0.10489210971919082,0.1186987955448935
GHA,202004,0.0,3,0.09353028016528066,0.10516276491690263
GHA,202005,0.0,4,0.07530055030290227,0.0797831328950987
GHA,202006,0.0,5,0.06956489718480398,0.06875175825026987
GHA,202007,0.0,6,0.06152177615473775,0.062357981472117234
GHA,202008,1.0,7,0.0613542126827994,0.06314988173767823
GHA,202009,1.0,0,0.19455142025269126,0.20846284690174227
GHA,202010,0.0,0,0.42064236981493575,0.3955770939518224
GHA,202011,1.0,1,0.27926138290521996,0.28157087118598556
GHA,202012,,0,0.37781877496304056,0.37786637497760833
GIN,201901,0.0,12,0.044658456258254466,0.04695591160455836
GIN,201902,0.0,13,0.04551041328778423,0.044665050705307484
GIN,201903,0.0,14,0.045484988701521706,0.045158715821239814
GIN,201904,0.0,15,0.04543987142111636,0.04575265913374932
GIN,201905,0.0,16,0.07413384851113607,0.08641929920535853
GIN,201906,0.0,17,0.043361141055781864,0.04470341117947415
GIN,201907,0.0,18,0.04351129478233969,0.044712386761623424
GIN,201908,0.0,19,0.047856155838172355,0.04437695346872278
GIN,201909,0.0,20,0.04575321313453383,0.043473263480135464
GIN,201910,0.0,21,0.056583284827068744,0.04371996495205205
GIN,201911,0.0,22,0.04788936261870243,0.04272746323356886
GIN,201912,0.0,23,0.05141175796128394,0.04378235838514058
GIN,202001,0.0,24,0.056488606067817464,0.045283410739024796
GIN,202002,0.0,25,0.05218026245289746,0.04507839606482512
GIN,202003,0.0,26,0.11505089279266975,0.0808954869161061
GIN,202004,0.0,27,0.05346973499702615,0.043922948540057266
GIN,202005,0.0,28,0.06188611397159009,0.045509894698550275
GIN,202006,0.0,29,0.07821011000027461,0.08584525493891622
GIN,202007,0.0,30,0.05096734020460399,0.04383826281885856
GIN,202008,0.0,31,0.051383743285198936,0.043626641774962345
GIN,202009,0.0,32,0.04884312778415871,0.043264033558721715
GIN,202010,0.0,33,0.053593290848242055,0.04414130591044544
GIN,202011,0.0,34,0.0489556745643614,0.04245949984777041
GIN,202012,,35,0.0839412598061566,0.0798159427384441
GNB,201901,0.0,82,0.04689994753239152,0.04457487885104488
GNB,201902,0.0,83,0.046955701835066185,0.044656724545109154
GNB,201903,0.0,84,0.04321950899451472,0.044736126166426846
GNB,201904,0.0,85,0.04366561349363936,0.04441903857820215
GNB,201905,0.0,86,0.0486693940297641,0.04461514271438102
GNB,201906,0.0,87,0.04059970087449041,0.04497342796063188
GNB,201907,0.0,88,0.04816565437319304,0.04526752122231934
GNB,201908,0.0,89,0.0483338057233749,0.044320958760620074
GNB,201909,0.0,90,0.04561110659904379,0.043554668526626664
GNB,201910,0.0,91,0.04704429075683583,0.04447523333820371
GNB,201911,0.0,92,0.05564353985210559,0.04346486680980772
GNB,201912,0.0,93,0.05581005543019302,0.044797769899150214
GNB,202001,0.0,94,0.052155188004098074,0.04680259114773732
GNB,202002,0.0,95,0.05917210065256393,0.04656304545778136
GNB,202003,0.0,96,0.05517185213551749,0.047432254496072544
GNB,202004,0.0,97,0.0475844590891,0.04603634074314795
GNB,202005,0.0,98,0.04883465298016499,0.04711225081129291
GNB,202006,0.0,99,0.04744152517987498,0.04702279778062949
GNB,202007,0.0,100,0.04641499658492774,0.04632571148386035
GNB,202008,0.0,101,0.04392323419212722,0.0453124851804529
GNB,202009,0.0,102,0.04349258935000706,0.04422499646772025
GNB,202010,0.0,103,0.04280330162919478,0.045043028918521015
GNB,202011,0.0,104,0.04277378963891662,0.04506347681753508
GNB,202012,,105,0.042008479533145834,0.0444666814151247
GRC,201901,1.0,0,0.8068884324438562,0.8098661944886694
GRC,201902,1.0,0,0.80542414593904,0.8064035237103481
GRC,201903,0.0,0,0.8422411249178523,0.8597367053858407
GRC,201904,1.0,1,0.693542853783388,0.6609003780150664
GRC,201905,1.0,0,0.7772574101129993,0.8036698920903702
GRC,201906,1.0,0,0.823731632651785,0.8271417061401846
GRC,201907,0.0,0,0.8279003258328252,0.826440599362062
GRC,201908,1.0,1,0.622726309500376,0.6074184972399131
GRC,201909,1.0,0,0.7835930235047377,0.7613453848012738
GRC,201910,1.0,0,0.7843864469974119,0.76929127300308
GRC,201911,1.0,0,0.7976542930136116,0.7930143435261466
GRC,201912,1.0,0,0.7999763323510287,0.7919827920976493
GRC,202001,1.0,0,0.8462408006421092,0.8257806450788716
GRC,202002,1.0,0,0.8785438289323814,0.8802274919700932
GRC,202003,1.0,0,0.8298782447707584,0.850740028533567
GRC,202004,1.0,0,0.8612169810083071,0.8551465837834574
GRC,202005,1.0,0,0.7933326515202637,0.7874321836555664
GRC,202006,1.0,0,0.8657783985627846,0.8759769329925665
GRC,202007,0.0,0,0.8200239928258651,0.8195652087197053
GRC,202008,1.0,1,0.6801178621395682,0.6894551664225089
GRC,202009,1.0,0,0.7914451907941067,0.7722293631033019
GRC,202010,1.0,0,0.8245644308546466,0.7984878841290174
GRC,202011,1.0,0,0.7745163776714078,0.7612917726341785
GRC,202012,,0,0.7828404254559876,0.7928865109311961
GTM,201901,0.0,5,0.07991269387667028,0.06232864205706018
GTM,201902,0.0,6,0.06955820182976907,0.057830433828222526
GTM,201903,0.0,7,0.06664188463648693,0.059584356227829975
GTM,201904,0.0,8,0.06488208416922889,0.0572491688438076
GTM,201905,0.0,9,0.06337685610925217,0.05258623344677742
GTM,201906,0.0,10,0.06262668841750538,0.056782715532329935
GTM,201907,0.0,11,0.06463060064748316,0.05238512604124639
GTM,201908,0.0,12,0.06347422818417141,0.05384818830091284
GTM,201909,0.0,13,0.05531565181176222,0.0455400585051041
GTM,201910,0.0,14,0.05300575236555036,0.046937169463906976
GTM,201911,0.0,15,0.04966998401113771,0.04647408630262631
GTM,201912,0.0,16,0.057717426067336625,0.04606124657242686
GTM,202001,0.0,17,0.05277585136328627,0.047908266107427745
GTM,202002,0.0,18,0.053488362045688236,0.04817193214959839
GTM,202003,0.0,19,0.05476915967446638,0.048971960101746995
GTM,202004,0.0,20,0.05245541103847991,0.0476643800283569
GTM,202005,0.0,21,0.05426787483304908,0.0467902267349538
GTM,202006,0.0,22,0.0525317125756024,0.047144839347352405
GTM,202007,1.0,23,0.05021603726167536,0.04819349984311341
GTM,202008,0.0,0,0.2055293866531254,0.21962181560703717
GTM,202009,0.0,1,0.16727063346247953,0.16970289823219942
GTM,202010,1.0,2,0.12213485496072136,0.10727079304302901
GTM,202011,0.0,0,0.28272381304021715,0.24603774954283048
GTM,202012,,1,0.16377872012258227,0.1452168121439089
HND,201901,0.0,20,0.05398887967313344,0.04790685754492914
HND,201902,0.0,21,0.055121665295066465,0.05122620005238449
HND,201903,0.0,22,0.05777253075529278,0.0517920189575703
HND,201904,0.0,23,0.05289717148814317,0.0495211875789174
HND,201905,0.0,24,0.056540885877014266,0.04819653901715308
HND,201906,1.0,25,0.05560166854778296,0.050980658065169715
HND,201907,1.0,0,0.22230044512996483,0.20108438689698713
HND,201908,1.0,0,0.3196717010634216,0.3665305440119073
HND,201909,0.0,0,0.3500872825372344,0.3708053530762161
HND,201910,0.0,1,0.252578391576151,0.24995856292500676
HND,201911,0.0,2,0.15820756252248608,0.1691676688840123
HND,201912,0.0,3,0.17478015433022778,0.1961153537475367
HND,202001,0.0,4,0.1306609123787866,0.13856397787793953
HND,202002,1.0,5,0.11629520659924535,0.1525613178545907
HND,202003,0.0,0,0.26775903913149385,0.26762228814560135
HND,202004,0.0,1,0.1769529862714498,0.18807807973513158
HND,202005,0.0,2,0.15770002835757407,0.1819452459455912
HND,202006,0.0,3,0.163577430280439,0.22055066465914358
HND,202007,0.0,4,0.12286733702815783,0.13781891419098033
HND,202008,1.0,5,0.09248879832666435,0.108118623459445
HND,202009,0.0,0,0.22519716776938156,0.2334971265692484
HND,202010,0.0,1,0.1421371112600955,0.14631544806997962
HND,202011,0.0,2,0.133254028594745,0.1344114902100538
HND,202012,,3,0.1273919667298423,0.12578588458187404
HRV,201901,0.0,72,0.043078492554592576,0.043599654421329855
HRV,201902,0.0,73,0.042917560075209395,0.04301959401539231
HRV,201903,0.0,74,0.04350068776238248,0.043666944177967605
HRV,201904,0.0,75,0.04337510594861342,0.04291546264957485
HRV,201905,0.0,76,0.044607519676234005,0.04391086587558614
HRV,201906,0.0,77,0.042917949615122124,0.0448264784468061
HRV,201907,0.0,78,0.044422082415301885,0.04390561906540338
HRV,201908,0.0,79,0.04396332930857726,0.04449387884919659
HRV,201909,0.0,80,0.04473788285152163,0.04125604212263467
HRV,201910,0.0,81,0.043624964603641375,0.04422239557356804
HRV,201911,0.0,82,0.04321018586468015,0.04222966794972367
HRV,201912,0.0,83,0.04557105287076282,0.04426104591434276
HRV,202001,0.0,84,0.04802709334156458,0.0498494897694278
HRV,202002,0.0,85,0.046771465901932804,0.04941183807686004
HRV,202003,0.0,86,0.048441893503671174,0.05230750702775554
HRV,202004,0.0,87,0.04495986991575714,0.048755995851592446
HRV,202005,0.0,88,0.04449756007808259,0.04975733192988949
HRV,202006,0.0,89,0.04622124999260961,0.05122312801082654
HRV,202007,0.0,90,0.046183670673359135,0.048254341988858446
HRV,202008,0.0,91,0.043893011747707156,0.04684409763801217
HRV,202009,1.0,92,0.044610980196382106,0.045696634462314964
HRV,202010,0.0,0,0.17184850106740457,0.19027743808204098
HRV,202011,0.0,1,0.10783118026623723,0.12224328397330794
HRV,202012,,2,0.11322364237735152,0.10245736237163036
HTI,201901,0.0,1,0.27665674275399277,0.29043307645064464
HTI,201902,0.0,2,0.1825257772670608,0.19102838433861907
HTI,201903,0.0,3,0.1686627404132054,0.1874939490714241
HTI,201904,0.0,4,0.13953842501250002,0.13703553865985396
HTI,201905,1.0,5,0.12298918065063003,0.13272476785029078
HTI,201906,1.0,0,0.2937252164585377,0.26529438594459803
HTI,201907,1.0,0,0.3411793755067265,0.33011815223266117
HTI,201908,0.0,0,0.360027419321721,0.3526943920192139
HTI,201909,1.0,1,0.2544092281732517,0.24612596292583433
HTI,201910,0.0,0,0.353334852564014,0.3376897604848235
HTI,201911,0.0,1,0.23429104059368552,0.25760651357167463
HTI,201912,0.0,2,0.16927209225463627,0.19504988059076583
HTI,202001,0.0,3,0.16280829734221502,0.17420528506178468
HTI,202002,0.0,4,0.14802102234589765,0.16644072586292438
HTI,202003,0.0,5,0.13229604923733923,0.1305569917329939
HTI,202004,0.0,6,0.11796440350798887,0.12077478420744521
HTI,202005,0.0,7,0.14803196490454618,0.16508948543323576
HTI,202006,0.0,8,0.14456723986847872,0.16697305610995652
HTI,202007,0.0,9,0.1337237220592316,0.13074653537618647
HTI,202008,0.0,10,0.12179405014831554,0.10805658146598987
HTI,202009,0.0,11,0.12256201705401079,0.12135748705960335
HTI,202010,0.0,12,0.11432635318205497,0.10554911116277603
HTI,202011,0.0,13,0.08514531685550569,0.08176359348847122
HTI,202012,,14,0.10373365527133567,0.10029174719627644
HUN,201901,0.0,28,0.04640776868094669,0.041966673659218474
HUN,201902,0.0,29,0.04601974574112735,0.042793434412612116
HUN,201903,0.0,30,0.04709288316449212,0.04291323757041047
HUN,201904,0.0,31,0.04546831290786485,0.042631788126904574
HUN,201905,0.0,32,0.0466323605965859,0.04304656307162506
HUN,201906,0.0,33,0.04503569080998913,0.04414844303348328
HUN,201907,0.0,34,0.04573458544920668,0.04509825387767491
HUN,201908,0.0,35,0.04627860923328504,0.04237767666960158
HUN,201909,1.0,36,0.04537768447297411,0.042023501511930246
HUN,201910,0.0,0,0.19153731161447898,0.19992509626575086
HUN,201911,0.0,1,0.1158091060475675,0.11743503965391008
HUN,201912,0.0,2,0.09769712511597138,0.09172685200159704
HUN,202001,0.0,3,0.09603386681191393,0.09382479510319634
HUN,202002,0.0,4,0.06682322807547668,0.0695381899747258
HUN,202003,0.0,5,0.054959172589510843,0.055748581115163745
HUN,202004,0.0,6,0.05397683824536583,0.05401782696208869
HUN,202005,0.0,7,0.049886271007757624,0.049701594140076404
HUN,202006,0.0,8,0.04960120569452796,0.05329158426686686
HUN,202007,0.0,9,0.0495013599887421,0.050664954186053504
HUN,202008,0.0,10,0.051056920473627275,0.049897054755673534
HUN,202009,0.0,11,0.0476414224765415,0.04937897438799964
HUN,202010,0.0,12,0.0489834714013674,0.04999497586735763
HUN,202011,0.0,13,0.0468487793156534,0.046187045365882494
HUN,202012,,14,0.0515767904945256,0.04576756659907707
IDN,201901,1.0,0,0.8386724697782497,0.8268841894372911
IDN,201902,1.0,0,0.7792237256448094,0.7605717351405772
IDN,201903,0.0,0,0.8227955659784889,0.8000396021611258
IDN,201904,0.0,1,0.6004018930372718,0.5257401080235701
IDN,201905,1.0,2,0.5805656972611861,0.5078460588708255
IDN,201906,1.0,0,0.6215052821551854,0.5776439702390818
IDN,201907,1.0,0,0.6051248483590974,0.5935390287598401
IDN,201908,0.0,0,0.6039719721786075,0.5857534495495729
IDN,201909,1.0,1,0.5616398670838624,0.5603543627525813
IDN,201910,1.0,0,0.6741721203497241,0.6726609034361302
IDN,201911,1.0,0,0.6995340131728325,0.6937151409387419
IDN,201912,1.0,0,0.71217583197359,0.7134236594165241
IDN,202001,1.0,0,0.7181152434131927,0.7397961149200443
IDN,202002,1.0,0,0.6968032152881576,0.7201956213579824
IDN,202003,1.0,0,0.6767685713952873,0.6939048514883258
IDN,202004,1.0,0,0.714557529192583,0.7044784580083582
IDN,202005,1.0,0,0.7135755680450971,0.7171063369822782
IDN,202006,1.0,0,0.6881648982513265,0.6733413610092902
IDN,202007,1.0,0,0.6977216863287389,0.7126832879424012
IDN,202008,1.0,0,0.7386640216803548,0.717049354488196
IDN,202009,1.0,0,0.7231531092233522,0.7329464901088636
IDN,202010,1.0,0,0.7439648452569171,0.7303721977707538
IDN,202011,0.0,0,0.6856148181449981,0.6854530966194108
IDN,202012,,1,0.4725544235415404,0.4694971132222364
IND,201901,1.0,0,0.9348624417161878,0.9723986453760383
IND,201902,1.0,0,0.964377801048366,0.9705732528633904
IND,201903,1.0,0,0.9604865400670467,0.9703393466186385
IND,201904,1.0,0,0.9580340650861163,0.9689039527014713
IND,201905,1.0,0,0.9526162349869154,0.9692473189913337
IND,201906,1.0,0,0.959434970795897,0.970219339590043
IND,201907,1.0,0,0.9610511898114789,0.9697584809196128
IND,201908,1.0,0,0.9538635380801356,0.9662815898562463
IND,201909,1.0,0,0.9581541239172668,0.968345994798862
IND,201910,1.0,0,0.9470102360958975,0.9716540752729625
IND,201911,1.0,0,0.9508414536628703,0.9675538298457811
IND,201912,1.0,0,0.9455929411481683,0.9717417330410957
IND,202001,1.0,0,0.9391707538160021,0.9691374167223421
IND,202002,1.0,0,0.9390958478925739,0.9680530206715753
IND,202003,1.0,0,0.9433620576994265,0.96679523039562
IND,202004,1.0,0,0.9421694400157206,0.9745951782974356
IND,202005,1.0,0,0.9373757735521454,0.975441285315625
IND,202006,1.0,0,0.9498603189990963,0.9727427944100867
IND,202007,1.0,0,0.9541321168505726,0.9694915818761767
IND,202008,1.0,0,0.9387080406479151,0.9709287650084171
IND,202009,1.0,0,0.9488626418719085,0.9688413194595982
IND,202010,1.0,0,0.9505116588678021,0.9721238092353609
IND,202011,1.0,0,0.9518542585043746,0.9742433312333247
IND,202012,,0,0.9516684963084358,0.9693605318010864
IRL,201901,1.0,0,0.4165800217217284,0.3849566180982499
IRL,201902,1.0,0,0.492145827080432,0.5073532710558959
IRL,201903,1.0,0,0.52710496988334,0.5266022855985266
IRL,201904,0.0,0,0.5829967889754805,0.6071255780078174
IRL,201905,0.0,1,0.40578510092290865,0.40830589324934985
IRL,201906,1.0,2,0.344961899689942,0.33940141283353165
IRL,201907,1.0,0,0.4755518570586384,0.46222212121158
IRL,201908,0.0,0,0.4877200630194771,0.5068460324863886
IRL,201909,1.0,1,0.43901410218951353,0.4424062383461723
IRL,201910,0.0,0,0.5757120257039002,0.554192484045391
IRL,201911,0.0,1,0.45264090420703346,0.44404238060925527
IRL,201912,1.0,2,0.3609467815433542,0.33285138414975934
IRL,202001,1.0,0,0.5131600324641917,0.4883613467219834
IRL,202002,1.0,0,0.5513784346124663,0.5728696048058505
IRL,202003,1.0,0,0.5852829887595814,0.6374207418834106
IRL,202004,0.0,0,0.5788245501416437,0.6221333860776944
IRL,202005,0.0,1,0.49242470413156114,0.4799171375614976
IRL,202006,0.0,2,0.4205651894157234,0.4179303762817122
IRL,202007,0.0,3,0.38561871807033754,0.3958395527019984
IRL,202008,1.0,4,0.2943821282816224,0.2983550901560669
IRL,202009,0.0,0,0.44806398458346186,0.4468094268112555
IRL,202010,0.0,1,0.32410976162702126,0.3446228288873103
IRL,202011,0.0,2,0.28849262927444264,0.27144617737619325
IRL,202012,,3,0.2846415901952441,0.27052970035879764
IRN,201901,0.0,0,0.4793729294912506,0.5114034332905171
IRN,201902,0.0,1,0.4757119891717742,0.5057762607479779
IRN,201903,1.0,2,0.38462458902395463,0.3844274465165097
IRN,201904,0.0,0,0.5130847207703693,0.5476643745096907
IRN,201905,0.0,1,0.3944375402271221,0.39313737891744843
IRN,201906,0.0,2,0.39018055407298446,0.3835113907229021
IRN,201907,0.0,3,0.3453062473275122,0.3426526313475267
IRN,201908,0.0,4,0.29259186258901937,0.301842431860754
IRN,201909,0.0,5,0.2741177046245697,0.26049648120485036
IRN,201910,0.0,6,0.21630808927740797,0.22427931945210208
IRN,201911,0.0,7,0.24254551128495522,0.23074662017197298
IRN,201912,0.0,8,0.2072151080967252,0.2194332688571625
IRN,202001,0.0,9,0.22763947135105908,0.22435531629143143
IRN,202002,0.0,10,0.16876515785008603,0.15513551849879328
IRN,202003,0.0,11,0.17926629020750784,0.18987343069901322
IRN,202004,1.0,12,0.1478491300338223,0.14747573264462757
IRN,202005,0.0,0,0.3271481929410547,0.345042864145516
IRN,202006,1.0,1,0.24731207545429587,0.26769589669864385
IRN,202007,0.0,0,0.3314625451147812,0.34738869066720746
IRN,202008,0.0,1,0.2689267948084002,0.26476643478888007
IRN,202009,0.0,2,0.2379426642173022,0.25867521099916535
IRN,202010,1.0,3,0.2393459619258203,0.2295603882635328
IRN,202011,0.0,0,0.3275342930047305,0.33266884545167114
IRN,202012,,1,0.23889718078590846,0.22278286791425642
IRQ,201901,1.0,0,0.9731600575104306,0.9717341217069385
IRQ,201902,1.0,0,0.9763453412686468,0.9695036059419586
IRQ,201903,1.0,0,0.9756742084755152,0.9696239802826072
IRQ,201904,1.0,0,0.9709576694030626,0.9717207066622264
IRQ,201905,1.0,0,0.9707524750155915,0.9693273041049894
IRQ,201906,1.0,0,0.9726816889530585,0.9729824237479459
IRQ,201907,1.0,0,0.9747076453456495,0.9726455002337785
IRQ,201908,1.0,0,0.9756217537686355,0.9708937655028013
IRQ,201909,1.0,0,0.9762621856964726,0.9737331377593246
IRQ,201910,1.0,0,0.9732991445347973,0.9737966885967342
IRQ,201911,1.0,0,0.9706662756667639,0.97053937981771
IRQ,201912,1.0,0,0.9753953593245097,0.9732095092395994
IRQ,202001,1.0,0,0.9741813947735448,0.970767223832485
IRQ,202002,1.0,0,0.9785672505460766,0.9683557643639972
IRQ,202003,1.0,0,0.9785610111556805,0.9704589284776256
IRQ,202004,1.0,0,0.9715318721748403,0.9728415276951787
IRQ,202005,1.0,0,0.9727647486038201,0.974786467634027
IRQ,202006,1.0,0,0.9774576735331573,0.9728164734286011
IRQ,202007,1.0,0,0.974056243068086,0.9678808790221438
IRQ,202008,1.0,0,0.9718423263562205,0.9695632535545375
IRQ,202009,1.0,0,0.9711606731400062,0.967084559419791
IRQ,202010,1.0,0,0.9702683399744093,0.9689236774372256
IRQ,202011,1.0,0,0.9692250549775028,0.9718847622826281
IRQ,202012,,0,0.9698678958237362,0.968992863463631
ISL,201901,0.0,57,0.04903831371632451,0.04797574585967142
ISL,201902,0.0,58,0.051161546867826285,0.04745794844892706
ISL,201903,0.0,59,0.04905686698180105,0.04839820303923447
ISL,201904,0.0,60,0.052256995576110354,0.04811197260005376
ISL,201905,0.0,61,0.051090119240951894,0.04892981388708557
ISL,201906,0.0,62,0.05215808483673234,0.04882163074790689
ISL,201907,0.0,63,0.0468956850409241,0.048002476478424684
ISL,201908,0.0,64,0.051674057086321085,0.047646872610710246
ISL,201909,0.0,65,0.051910137531974876,0.046627425929513897
ISL,201910,0.0,66,0.050862961871271144,0.04859556302034909
ISL,201911,0.0,67,0.051493772058244465,0.0477639016423273
ISL,201912,0.0,68,0.05317931606493886,0.048791142848854045
ISL,202001,0.0,69,0.05360010487832519,0.050753905906645455
ISL,202002,0.0,70,0.054162612441233646,0.05079063353681383
ISL,202003,0.0,71,0.050405821744494234,0.05096974863866142
ISL,202004,0.0,72,0.050910463211596466,0.05207012166513475
ISL,202005,0.0,73,0.05186592405141489,0.050135541507158
ISL,202006,0.0,74,0.051227861191126454,0.05221029718757909
ISL,202007,0.0,75,0.04546471688812532,0.04848105140068837
ISL,202008,0.0,76,0.04898819299405112,0.04717074935216841
ISL,202009,0.0,77,0.05361355670341366,0.04645094416530405
ISL,202010,0.0,78,0.05171028580931437,0.04665454870721066
ISL,202011,0.0,79,0.052499978936077725,0.046436321877218266
ISL,202012,,80,0.048265015883580994,0.047111345326206165
ISR,201901,1.0,0,0.8836945835712281,0.8610122217951871
ISR,201902,1.0,0,0.8439788058396096,0.8063753516288072
ISR,201903,0.0,0,0.8511832992005772,0.8368936210155234
ISR,201904,1.0,1,0.7492331999517431,0.6882502383507832
ISR,201905,1.0,0,0.8413304419451891,0.8151197291215597
ISR,201906,1.0,0,0.8985531217394496,0.871706044679877
ISR,201907,1.0,0,0.9049059522605812,0.8607697450465741
ISR,201908,1.0,0,0.8568468070211195,0.8730084409829308
ISR,201909,1.0,0,0.875393971175177,0.841072891474357
ISR,201910,1.0,0,0.8921284848363185,0.8573725690176223
ISR,201911,1.0,0,0.8890332481298445,0.8766295520595713
ISR,201912,1.0,0,0.9335398332429048,0.9324805619472936
ISR,202001,1.0,0,0.9148885645548032,0.9236831538809851
ISR,202002,0.0,0,0.9415469957559714,0.9431186444084267
ISR,202003,1.0,1,0.7586459235406007,0.7112713793274321
ISR,202004,1.0,0,0.8448274444870392,0.8045923947088673
ISR,202005,1.0,0,0.8546590870784676,0.8465574094497156
ISR,202006,1.0,0,0.7941790412538013,0.7448355294265171
ISR,202007,1.0,0,0.8005156073275476,0.7828908370818911
ISR,202008,1.0,0,0.8158900737053213,0.781357680903049
ISR,202009,1.0,0,0.9169531365921163,0.8877998070244523
ISR,202010,1.0,0,0.9047607829557502,0.8850827136558279
ISR,202011,1.0,0,0.898073140045357,0.8726297644602691
ISR,202012,,0,0.8587673234303036,0.8327703879622927
ITA,201901,0.0,1,0.3899410229045639,0.3758244321023958
ITA,201902,1.0,2,0.3807264732584191,0.37384853380079425
ITA,201903,1.0,0,0.5203350770607179,0.5299044457738282
ITA,201904,0.0,0,0.5631488053908194,0.5568589498935723
ITA,201905,0.0,1,0.4245514643385108,0.475071817322802
ITA,201906,1.0,2,0.3911226652277616,0.393238275943108
ITA,201907,0.0,0,0.46694582079813507,0.4707052541353829
ITA,201908,0.0,1,0.4307345216465594,0.4453299123087833
ITA,201909,0.0,2,0.3829024844345989,0.3631798535460728
ITA,201910,0.0,3,0.3685695881011394,0.32634462880804516
ITA,201911,0.0,4,0.27664433166792735,0.2685797495413224
ITA,201912,0.0,5,0.26126758553524326,0.2473796136470171
ITA,202001,0.0,6,0.22980561846273634,0.2171408643848902
ITA,202002,1.0,7,0.20697771808365215,0.21647212040534247
ITA,202003,1.0,0,0.3693147211916894,0.36750348269427674
ITA,202004,0.0,0,0.7146038061631903,0.7360873256309671
ITA,202005,0.0,1,0.5052548955617717,0.5153626686390468
ITA,202006,0.0,2,0.4987957676201223,0.5121605698899991
ITA,202007,0.0,3,0.41570222552101804,0.38936303637673314
ITA,202008,0.0,4,0.34401895474785815,0.3455254703930299
ITA,202009,1.0,5,0.3473491881766506,0.3509911154313556
ITA,202010,0.0,0,0.5313299123505322,0.5254066671817564
ITA,202011,0.0,1,0.39567531118740595,0.3767785206915281
ITA,202012,,2,0.37933801951910534,0.38088023571094776
JAM,201901,0.0,15,0.051058775105325346,0.04872828726814192
JAM,201902,0.0,16,0.04587087709806324,0.04708254326368988
JAM,201903,0.0,17,0.045968734609469555,0.04989112670831272
JAM,201904,0.0,18,0.0486831472863611,0.047228341858711616
JAM,201905,0.0,19,0.04755171324521681,0.04638397423322746
JAM,201906,0.0,20,0.05028363439382688,0.049454489902498004
JAM,201907,0.0,21,0.05202038142563621,0.048489868814228086
JAM,201908,0.0,22,0.052641648828260106,0.04827767579565604
JAM,201909,0.0,23,0.05316727766834348,0.04557635660016998
JAM,201910,0.0,24,0.05131195491064624,0.04666049653899915
JAM,201911,0.0,25,0.05298037356796125,0.046776671455374175
JAM,201912,0.0,26,0.056132481877610704,0.04807510310503014
JAM,202001,0.0,27,0.05528661663065362,0.050337845203663675
JAM,202002,0.0,28,0.05152691334127528,0.05049071254203696
JAM,202003,0.0,29,0.05215933406072132,0.05203578352134415
JAM,202004,0.0,30,0.05074081082895439,0.053440189151046494
JAM,202005,0.0,31,0.05179544819867361,0.05562549161809937
JAM,202006,0.0,32,0.051679503900211525,0.054223139808387104
JAM,202007,0.0,33,0.05185634141857299,0.05179677044652506
JAM,202008,0.0,34,0.046813869666026624,0.05010375197916527
JAM,202009,0.0,35,0.04722038220112663,0.046844192121592805
JAM,202010,0.0,36,0.04513644862025719,0.04629845906636617
JAM,202011,0.0,37,0.045284890573344214,0.04683210113458589
JAM,202012,,38,0.04726795480179165,0.046843074591354145
JOR,201901,1.0,3,0.2127366905696134,0.20360663056545747
JOR,201902,0.0,0,0.2823692668449602,0.2970440101986299
JOR,201903,0.0,1,0.3000970560027008,0.3053424304540313
JOR,201904,0.0,2,0.2538019839074392,0.22456216450646568
JOR,201905,0.0,3,0.24347576118883588,0.250116207890424
JOR,201906,0.0,4,0.21256210765282188,0.21715191314399823
JOR,201907,1.0,5,0.20000762444978828,0.2036766992849752
JOR,201908,0.0,0,0.34165927887882136,0.36080988693056043
JOR,201909,0.0,1,0.2625283751501925,0.24999561271818188
JOR,201910,1.0,2,0.24707583355817872,0.24053543811022027
JOR,201911,0.0,0,0.31551473212264847,0.316911373922644
JOR,201912,0.0,1,0.2522840611323839,0.24001128212347322
JOR,202001,0.0,2,0.229807967253306,0.22931763731568847
JOR,202002,0.0,3,0.23298940340138188,0.23538098960327342
JOR,202003,0.0,4,0.17233733847994262,0.1376338745940959
JOR,202004,0.0,5,0.15707508206517617,0.12765315284607548
JOR,202005,0.0,6,0.14314412215221725,0.11915819379724679
JOR,202006,0.0,7,0.14171298806046673,0.11104902759266526
JOR,202007,0.0,8,0.13227886267248173,0.12486212940966804
JOR,202008,0.0,9,0.13231266140929357,0.11196566721355966
JOR,202009,0.0,10,0.07386326160665543,0.06852263059358982
JOR,202010,0.0,11,0.0805143556088421,0.06856642169834204
JOR,202011,0.0,12,0.08363913474746351,0.06795454415491725
JOR,202012,,13,0.07112172481303797,0.0654759829282705
JPN,201901,0.0,0,0.17623586788028373,0.21278507601703597
JPN,201902,0.0,1,0.13682392637945476,0.14097290215432542
JPN,201903,0.0,2,0.11127126865173408,0.10803269049124768
JPN,201904,0.0,3,0.0901913782463631,0.09850856522475732
JPN,201905,0.0,4,0.06460905200026032,0.0743668843845075
JPN,201906,0.0,5,0.051666653574247844,0.06524903032408623
JPN,201907,0.0,6,0.04989191466919978,0.05932128844942836
JPN,201908,0.0,7,0.04583892502419983,0.05359551644408837
JPN,201909,0.0,8,0.04777794176009334,0.0530802717723271
JPN,201910,0.0,9,0.04714563140523278,0.05373805182812925
JPN,201911,0.0,10,0.04544362944848718,0.05297013599628956
JPN,201912,0.0,11,0.04487511510130857,0.05105370410786217
JPN,202001,0.0,12,0.04658923927101541,0.0504037112472848
JPN,202002,0.0,13,0.04523188590814381,0.05195851583274028
JPN,202003,0.0,14,0.04413603429303579,0.051365808284962046
JPN,202004,0.0,15,0.04502246462189616,0.05000767667759916
JPN,202005,0.0,16,0.044588196998222605,0.04761153939855144
JPN,202006,0.0,17,0.04258774004772772,0.04894551408892898
JPN,202007,0.0,18,0.044451009909788876,0.048259540999302866
JPN,202008,0.0,19,0.042297388217095125,0.047188410183854834
JPN,202009,0.0,20,0.043741540108786454,0.04605983372922978
JPN,202010,0.0,21,0.04077446741491108,0.04598086746090264
JPN,202011,0.0,22,0.041112605566119356,0.04631841853027528
JPN,202012,,23,0.04088325859857893,0.04609221952283253
KAZ,201901,0.0,31,0.04610131679451001,0.048580956457464144
KAZ,201902,0.0,32,0.04832420832958439,0.049006685836247225
KAZ,201903,0.0,33,0.04337943006234304,0.049519433085382876
KAZ,201904,0.0,34,0.046114094298210846,0.04776940512428084
KAZ,201905,0.0,35,0.04758862091619959,0.048249657265044175
KAZ,201906,0.0,36,0.042058037724297975,0.051598692383382626
KAZ,201907,0.0,37,0.04201127027852593,0.04527122189928297
KAZ,201908,0.0,38,0.042296894434125404,0.04490939835551248
KAZ,201909,0.0,39,0.041568517017637016,0.044120113324718054
KAZ,201910,0.0,40,0.040007270287767585,0.045650533883507996
KAZ,201911,0.0,41,0.040425406440204883,0.04280808916646154
KAZ,201912,0.0,42,0.04126848783919918,0.04431296199328104
KAZ,202001,0.0,43,0.044738225889542814,0.048580315901447575
KAZ,202002,1.0,44,0.04338075473173276,0.048377648406113936
KAZ,202003,0.0,0,0.18890000094954248,0.2148474258215568
KAZ,202004,1.0,1,0.1097729359674025,0.12112133577683118
KAZ,202005,0.0,0,0.2007677230030967,0.22139896186434002
KAZ,202006,0.0,1,0.12898621796250834,0.13734283106370443
KAZ,202007,0.0,2,0.10071901505098096,0.10616648318117727
KAZ,202008,0.0,3,0.09735919108459273,0.09947583867321753
KAZ,202009,0.0,4,0.0722208847972785,0.07165074022740575
KAZ,202010,0.0,5,0.07144509909024982,0.05955068290717303
KAZ,202011,1.0,6,0.05696763012539725,0.058687199463044924
KAZ,202012,,0,0.17851146203271825,0.20262913684084957
KEN,201901,1.0,0,0.8527176682589817,0.8446494911792378
KEN,201902,0.0,0,0.9208690970431735,0.9247409488441468
KEN,201903,1.0,1,0.648819773461997,0.6455472197392028
KEN,201904,1.0,0,0.8281050082842389,0.8101470415052813
KEN,201905,1.0,0,0.8204514366875993,0.8085795289517401
KEN,201906,1.0,0,0.7865667406356132,0.7899406297506367
KEN,201907,1.0,0,0.9178146811213395,0.9274592899287027
KEN,201908,0.0,0,0.9229760177306617,0.9476813364983421
KEN,201909,1.0,1,0.7487452509409458,0.7512739292902743
KEN,201910,0.0,0,0.8611737057631317,0.8521363504509738
KEN,201911,1.0,1,0.6964511339054015,0.695114686021392
KEN,201912,1.0,0,0.7765973859578557,0.7836882026779897
KEN,202001,1.0,0,0.9115005924196424,0.9284623368377022
KEN,202002,1.0,0,0.9410702644693945,0.9515299922834385
KEN,202003,1.0,0,0.9427674856099147,0.9532123073064191
KEN,202004,1.0,0,0.9612447573174255,0.9630717338353696
KEN,202005,1.0,0,0.9000400201720749,0.8885325809191759
KEN,202006,1.0,0,0.9466152838525591,0.9532899859490006
KEN,202007,0.0,0,0.9137457851516578,0.9055338367191996
KEN,202008,1.0,1,0.72707776052861,0.686940044365706
KEN,202009,1.0,0,0.8606725762558652,0.8461908829515058
KEN,202010,1.0,0,0.8784337604772926,0.8450792126369616
KEN,202011,1.0,0,0.8524487640726348,0.8285742751313653
KEN,202012,,0,0.8545689083733298,0.8443042516359235
KGZ,201901,0.0,12,0.06781586432168552,0.06985641104593257
KGZ,201902,0.0,13,0.06256797661157905,0.064968135590884
KGZ,201903,0.0,14,0.06801213712048149,0.06355233310262208
KGZ,201904,0.0,15,0.07152529352917919,0.06958877750844088
KGZ,201905,0.0,16,0.06555802544941813,0.06580802970529666
KGZ,201906,0.0,17,0.06292871757062729,0.058544913533132494
KGZ,201907,0.0,18,0.06395211353513024,0.06152904140561517
KGZ,201908,0.0,19,0.06724885718931117,0.06430994173349677
KGZ,201909,0.0,20,0.06860669142560337,0.05360130602113897
KGZ,201910,0.0,21,0.06546014254085089,0.053483657647925786
KGZ,201911,0.0,22,0.06599330169031972,0.057077101613403104
KGZ,201912,1.0,23,0.06529235678470474,0.05928899398943406
KGZ,202001,0.0,0,0.2118422655305854,0.20542242894358484
KGZ,202002,0.0,1,0.12526944115154237,0.12327777676536295
KGZ,202003,0.0,2,0.10842324044492775,0.11964936939351294
KGZ,202004,0.0,3,0.09717308409228531,0.11424226991169284
KGZ,202005,1.0,4,0.07602764260187794,0.0932091705771066
KGZ,202006,0.0,0,0.18457905509521857,0.21088538054684217
KGZ,202007,0.0,1,0.13500736259806975,0.13852257102647264
KGZ,202008,0.0,2,0.11754597968102815,0.11345876051022331
KGZ,202009,0.0,3,0.10902839454987807,0.11688531230330812
KGZ,202010,0.0,4,0.09033233644663724,0.0854470525347195
KGZ,202011,0.0,5,0.06988033077363158,0.07348453175299453
KGZ,202012,,6,0.06623576197750106,0.06720239583501188
KHM,201901,0.0,64,0.04282953818550182,0.04494658692331524
KHM,201902,0.0,65,0.04250606385118601,0.0495132080457168
KHM,201903,0.0,66,0.04275720364895874,0.04445267389291797
KHM,201904,0.0,67,0.04281647245513163,0.049062117509041714
KHM,201905,0.0,68,0.043189870232003894,0.046121599997736455
KHM,201906,0.0,69,0.04485618343260934,0.04542857978543488
KHM,201907,0.0,70,0.042754366939889515,0.04429970508944056
KHM,201908,0.0,71,0.04584172800919422,0.043564055302999484
KHM,201909,0.0,72,0.04383050527808223,0.044483237658544714
KHM,201910,0.0,73,0.044352379330185314,0.04969098960440999
KHM,201911,0.0,74,0.042906639999734625,0.04366602199825189
KHM,201912,0.0,75,0.043219592266232294,0.0464125323102022
KHM,202001,0.0,76,0.04764487251649605,0.04784842397943637
KHM,202002,0.0,77,0.04414667593265986,0.04911441165451169
KHM,202003,0.0,78,0.045833770855321705,0.04953102378287346
KHM,202004,0.0,79,0.04349847098235765,0.046214453483831984
KHM,202005,0.0,80,0.04353640252473059,0.04741150280682864
KHM,202006,0.0,81,0.04479240906590871,0.04848734012504671
KHM,202007,0.0,82,0.042942170360779845,0.04713466199300845
KHM,202008,0.0,83,0.04314266320635351,0.047470877894006475
KHM,202009,0.0,84,0.04510200695108755,0.044828990330538415
KHM,202010,0.0,85,0.04411975271474686,0.045489984090335375
KHM,202011,0.0,86,0.04396164111054133,0.0435211523379392
KHM,202012,,87,0.04351220796784645,0.043937382440749045
KOR,201901,0.0,11,0.04563329693125425,0.04823903376919854
KOR,201902,0.0,12,0.04419170630979654,0.04601046269695572
KOR,201903,0.0,13,0.04781778271451949,0.046531911309840385
KOR,201904,0.0,14,0.043125850151729636,0.04579522327493917
KOR,201905,1.0,15,0.04400333014583421,0.046875485684516514
KOR,201906,0.0,0,0.18335710910291778,0.20547572592119387
KOR,201907,0.0,1,0.12526761087247038,0.1199431295119549
KOR,201908,0.0,2,0.08545326269096076,0.09084978589565482
KOR,201909,0.0,3,0.0847652967615064,0.09901467120909788
KOR,201910,0.0,4,0.06272553028587259,0.06442948289533247
KOR,201911,0.0,5,0.05148491972507651,0.06031498644925265
KOR,201912,0.0,6,0.04809278273880168,0.05266472215226599
KOR,202001,0.0,7,0.04518816430386989,0.05224053639972524
KOR,202002,0.0,8,0.04456658990020234,0.05138711391496051
KOR,202003,0.0,9,0.046266529856197315,0.05075020340809651
KOR,202004,0.0,10,0.048961248076980456,0.05081945485704303
KOR,202005,0.0,11,0.04633329286005908,0.05110279441772625
KOR,202006,0.0,12,0.04408060507484977,0.0507922547231096
KOR,202007,0.0,13,0.04835971374193824,0.049753420148308816
KOR,202008,0.0,14,0.04460766051600729,0.04835829028746443
KOR,202009,0.0,15,0.04537591387669977,0.048359490193386805
KOR,202010,0.0,16,0.042886171814446955,0.04676287192591158
KOR,202011,0.0,17,0.044727977547872576,0.04667807043561247
KOR,202012,,18,0.0437893270845838,0.04679414718592437
KWT,201901,0.0,35,0.04698044470120325,0.046504000672040025
KWT,201902,0.0,36,0.04770039491246145,0.04838584855589115
KWT,201903,0.0,37,0.04596346632189781,0.047370657910151645
KWT,201904,0.0,38,0.04578191723992617,0.04780481743839068
KWT,201905,0.0,39,0.048550627283338595,0.04769830025181716
KWT,201906,0.0,40,0.048346094570891625,0.047592968018148295
KWT,201907,0.0,41,0.04461605215713219,0.04816283665024138
KWT,201908,0.0,42,0.0497676563692971,0.04740702349956757
KWT,201909,0.0,43,0.049201311694967165,0.04737542713911827
KWT,201910,0.0,44,0.04831949377112106,0.048211845531991405
KWT,201911,0.0,45,0.04566201579739371,0.04640727090929918
KWT,201912,0.0,46,0.044408229446200306,0.048893141421864544
KWT,202001,0.0,47,0.05006233912359345,0.04668694372707084
KWT,202002,0.0,48,0.05095057320790909,0.04848685833717775
KWT,202003,0.0,49,0.04881562915715518,0.04761713261624109
KWT,202004,0.0,50,0.049393079773386604,0.047111872744261526
KWT,202005,0.0,51,0.05174648119651959,0.04695444806818685
KWT,202006,0.0,52,0.04905124042705025,0.04803472153468378
KWT,202007,0.0,53,0.0599940453900016,0.04680070233550219
KWT,202008,0.0,54,0.056228481878008524,0.04583896916318633
KWT,202009,0.0,55,0.05690232640477719,0.04545038671837786
KWT,202010,0.0,56,0.05988240310034404,0.044472804134105794
KWT,202011,0.0,57,0.052315816062755885,0.04426177388232417
KWT,202012,,58,0.05038112503850035,0.04481559298036518
LAO,201901,0.0,19,0.06125982262387212,0.06114542323973194
LAO,201902,0.0,20,0.05576151134942564,0.06072290221562343
LAO,201903,0.0,21,0.05609732052483876,0.059892303042478064
LAO,201904,0.0,22,0.044262004158919524,0.04338998226632228
LAO,201905,0.0,23,0.04329401189615797,0.042530974439651884
LAO,201906,0.0,24,0.04481869287629097,0.0439638399580837
LAO,201907,0.0,25,0.04187555082703978,0.04227950814314613
LAO,201908,0.0,26,0.04426873062138795,0.04350746724870589
LAO,201909,0.0,27,0.04481294441313465,0.04205969401220686
LAO,201910,0.0,28,0.04541370700385761,0.044519658110589465
LAO,201911,0.0,29,0.04207235195540803,0.04198888806320523
LAO,201912,0.0,30,0.04263585674307299,0.040986785424314956
LAO,202001,0.0,31,0.04894857264156876,0.04676670354166095
LAO,202002,0.0,32,0.04353670004329199,0.049490303179644875
LAO,202003,0.0,33,0.043370484623215626,0.04468802012506557
LAO,202004,0.0,34,0.0449335042413959,0.04700409038057104
LAO,202005,0.0,35,0.04570371630074829,0.04554008577004061
LAO,202006,0.0,36,0.043471431963223256,0.043757533496172014
LAO,202007,0.0,37,0.04535170689548857,0.04527996971107125
LAO,202008,0.0,38,0.04274116128742419,0.04591809165861989
LAO,202009,0.0,39,0.04186963214666495,0.047661578352919134
LAO,202010,0.0,40,0.040504208383789556,0.04287163299171203
LAO,202011,0.0,41,0.04069929313957885,0.045450192566931696
LAO,202012,,42,0.041433059584121495,0.04456569871827892
LBN,201901,1.0,4,0.3093857382012535,0.2924678165887974
LBN,201902,0.0,0,0.4645022537379338,0.4546091395651928
LBN,201903,0.0,1,0.3680882975067287,0.3334625430409502
LBN,201904,0.0,2,0.3310138605527863,0.31703009180798003
LBN,201905,1.0,3,0.33262036324860383,0.30075476335383167
LBN,201906,0.0,0,0.47186393991920267,0.4377114343192688
LBN,201907,0.0,1,0.3666465896126942,0.3565617326021126
LBN,201908,0.0,2,0.3112210577831375,0.3017558592563365
LBN,201909,0.0,3,0.3039139411959673,0.29931339383606836
LBN,201910,1.0,4,0.23957666917734954,0.20505533985586819
LBN,201911,0.0,0,0.33079780363937716,0.33179936066081583
LBN,201912,0.0,1,0.29795809538340856,0.257748051230809
LBN,202001,1.0,2,0.25863269541292583,0.282479709027073
LBN,202002,1.0,0,0.36607948238447446,0.381514953092269
LBN,202003,1.0,0,0.39983826390582033,0.4117989976026303
LBN,202004,0.0,0,0.4354780489846106,0.45161021676202395
LBN,202005,0.0,1,0.3613954761278254,0.3368758782647201
LBN,202006,0.0,2,0.2658970325775075,0.2804898385418763
LBN,202007,1.0,3,0.25456657488128737,0.25199503375878535
LBN,202008,1.0,0,0.4101980071364055,0.40639010913400475
LBN,202009,0.0,0,0.43269977921088904,0.4374708249061876
LBN,202010,0.0,1,0.27784824221393,0.27163468176766786
LBN,202011,1.0,2,0.2615259795043675,0.2616885187891911
LBN,202012,,0,0.3804374706036877,0.352412125673928
LBR,201901,0.0,0,0.1787475196914776,0.20396310496340853
LBR,201902,0.0,1,0.12943915341592252,0.12666407910704827
LBR,201903,0.0,2,0.10952092605640955,0.10917599644701573
LBR,201904,0.0,3,0.08856552364615616,0.09940239673208878
LBR,201905,0.0,4,0.06372114108982196,0.0703213147425354
LBR,201906,0.0,5,0.09450882279044975,0.09798598402499023
LBR,201907,0.0,6,0.048980762750765974,0.06796238060604304
LBR,201908,0.0,7,0.04872862464956618,0.06270815726177173
LBR,201909,0.0,8,0.053082954907156095,0.05754027247104061
LBR,201910,0.0,9,0.052957943297780634,0.05675667957675647
LBR,201911,0.0,10,0.047991382952573096,0.05704079599037565
LBR,201912,0.0,11,0.050872306109048304,0.05705236325382934
LBR,202001,0.0,12,0.05378939988104206,0.05357014371839337
LBR,202002,0.0,13,0.05007104014157322,0.05251804842715162
LBR,202003,0.0,14,0.08664870325354132,0.0835622518036967
LBR,202004,0.0,15,0.08108480292096606,0.09213039133629473
LBR,202005,0.0,16,0.04888644743232039,0.04811242997228581
LBR,202006,0.0,17,0.04643540927087257,0.0488207435994081
LBR,202007,0.0,18,0.04522494189578,0.04843506385712578
LBR,202008,0.0,19,0.04815695106220374,0.04898183277627987
LBR,202009,0.0,20,0.047982684547099995,0.04670920137996155
LBR,202010,0.0,21,0.04245459214293981,0.04660728121029796
LBR,202011,0.0,22,0.04677699644328422,0.046365352588681234
LBR,202012,,23,0.047418628527848714,0.045751164767618986
LBY,201901,1.0,0,0.9740840514667274,0.9699259048965267
LBY,201902,1.0,0,0.9755200461297575,0.9661563716168631
LBY,201903,1.0,0,0.9405770057945773,0.9290874864155163
LBY,201904,1.0,0,0.9748673149328614,0.9671255477541049
LBY,201905,1.0,0,0.9760017065244827,0.968565841843883
LBY,201906,1.0,0,0.973538199338874,0.9689682887004579
LBY,201907,1.0,0,0.9612533812128138,0.9500230102888496
LBY,201908,0.0,0,0.9738207173707008,0.9682816062327211
LBY,201909,1.0,1,0.7118137760182676,0.6720943193713788
LBY,201910,1.0,0,0.8770367687369282,0.8547351172347787
LBY,201911,1.0,0,0.9037485597678254,0.9105654742738291
LBY,201912,1.0,0,0.8512223228221025,0.8418738997053308
LBY,202001,1.0,0,0.8929123607313102,0.8842947111251449
LBY,202002,1.0,0,0.8330521414794717,0.8237071400474781
LBY,202003,1.0,0,0.8615048220723922,0.8302675882580577
LBY,202004,1.0,0,0.8710990940476521,0.8549941577889889
LBY,202005,0.0,0,0.8780682646460264,0.8609919912675719
LBY,202006,1.0,1,0.6408936779863695,0.6265225574832889
LBY,202007,0.0,0,0.8020898612913417,0.7692880999391555
LBY,202008,0.0,1,0.5444120724309585,0.4853930007764225
LBY,202009,0.0,2,0.5323779481259795,0.47572796224731406
LBY,202010,1.0,3,0.4951084589294276,0.42801614768272805
LBY,202011,0.0,0,0.6132998858947191,0.567508603925441
LBY,202012,,1,0.4851352529588454,0.4885804711209761
LKA,201901,0.0,7,0.28481643193776773,0.24760073628713852
LKA,201902,1.0,8,0.2558417927525505,0.23150750204563025
LKA,201903,1.0,0,0.41475931606631206,0.41075418831808136
LKA,201904,1.0,0,0.4859274065534628,0.48619965975801444
LKA,201905,0.0,0,0.7191294187715174,0.7132585750596374
LKA,201906,0.0,1,0.5442980330580304,0.4937021049110591
LKA,201907,0.0,2,0.5035908014563126,0.43003719743681496
LKA,201908,0.0,3,0.3554762331549842,0.3481389856766112
LKA,201909,0.0,4,0.34366822734761976,0.29929775547555615
LKA,201910,1.0,5,0.3471751347090114,0.28714882955226884
LKA,201911,0.0,0,0.4858052012501325,0.49122999505143644
LKA,201912,0.0,1,0.50323453483033,0.49340878295798807
LKA,202001,0.0,2,0.4802195139033755,0.45742126825737706
LKA,202002,0.0,3,0.4607569348960396,0.45255767054789
LKA,202003,0.0,4,0.3813859085193456,0.3544093635467618
LKA,202004,0.0,5,0.3836278556036816,0.3484165344298381
LKA,202005,0.0,6,0.25613339930076057,0.24002153498185028
LKA,202006,0.0,7,0.19493748172739891,0.18966575193298496
LKA,202007,1.0,8,0.18321138065573667,0.18315052315170724
LKA,202008,0.0,0,0.33047556581240817,0.3504528267404815
LKA,202009,0.0,1,0.2482999885271747,0.25666403348611405
LKA,202010,0.0,2,0.24405613569742696,0.2476848448655107
LKA,202011,0.0,3,0.24209641619473235,0.2403437694997141
LKA,202012,,4,0.16711436200748048,0.16504163108029052
LTU,201901,0.0,5,0.057537637856353484,0.05321064457246043
LTU,201902,0.0,6,0.0523460445553001,0.04821601427288113
LTU,201903,0.0,7,0.055012500786397106,0.05073507069069728
LTU,201904,0.0,8,0.05242391441865896,0.047408686412687834
LTU,201905,0.0,9,0.05464400410660679,0.04655830740181093
LTU,201906,0.0,10,0.050716913788605246,0.04795964284602548
LTU,201907,0.0,11,0.053514270580796594,0.046855556770362974
LTU,201908,0.0,12,0.056347281879716285,0.04773879819291646
LTU,201909,1.0,13,0.0488011389082193,0.04381629020797055
LTU,201910,0.0,0,0.1723169226447384,0.2040337035953252
LTU,201911,0.0,1,0.10674457072538696,0.11573468576521488
LTU,201912,0.0,2,0.09981221406772794,0.08647640787064832
LTU,202001,0.0,3,0.09039579477179797,0.09910542841736093
LTU,202002,0.0,4,0.06791281087471135,0.06766736803728772
LTU,202003,0.0,5,0.05578127138463468,0.05847732001385782
LTU,202004,0.0,6,0.057231287239980826,0.05475758174029192
LTU,202005,0.0,7,0.05559350997478652,0.05153050688571073
LTU,202006,0.0,8,0.05490565196210448,0.054229136622168356
LTU,202007,0.0,9,0.05535664185414812,0.052696076802101983
LTU,202008,0.0,10,0.05430597373871813,0.05248272795073862
LTU,202009,0.0,11,0.054903330409913756,0.05070613661468056
LTU,202010,0.0,12,0.058794098893114786,0.0522357174811136
LTU,202011,0.0,13,0.050093193515988205,0.04998928273402837
LTU,202012,,14,0.0533242741757425,0.0474052279330297
LUX,201901,0.0,109,0.04523161542230433,0.048604668149529066
LUX,201902,0.0,110,0.045418866949899196,0.048916007651337544
LUX,201903,0.0,111,0.04310732890531728,0.04953264581322719
LUX,201904,0.0,112,0.04374453757343589,0.04856029142353875
LUX,201905,0.0,113,0.04311877565582455,0.04911859285366405
LUX,201906,0.0,114,0.046022380009652,0.04972618249038912
LUX,201907,0.0,115,0.044348758443872136,0.04772312563936668
LUX,201908,0.0,116,0.04510522553890437,0.04808949154561699
LUX,201909,0.0,117,0.043296906130317045,0.04788700143523027
LUX,201910,0.0,118,0.040511838477421715,0.04980074323171044
LUX,201911,0.0,119,0.042298183324665034,0.047729667717659074
LUX,201912,0.0,120,0.040457314192521764,0.05089472309394302
LUX,202001,0.0,121,0.04034694300319285,0.049619236942824635
LUX,202002,0.0,122,0.039549074704081685,0.04755021314277216
LUX,202003,0.0,123,0.04192902806320922,0.04867557552764059
LUX,202004,0.0,124,0.040216918720796274,0.04802868176850384
LUX,202005,0.0,125,0.04165456796149333,0.04801348160812573
LUX,202006,0.0,126,0.04224966890670281,0.05032984752738126
LUX,202007,0.0,127,0.040846676860685285,0.048695275204053506
LUX,202008,0.0,128,0.04224452140972989,0.047239882484827404
LUX,202009,0.0,129,0.041543972228176684,0.04676058081293534
LUX,202010,0.0,130,0.04017026237537531,0.04673149897000464
LUX,202011,0.0,131,0.04052169057138766,0.04750930042330918
LUX,202012,,132,0.04163323811528914,0.04790938025438271
LVA,201901,0.0,13,0.049017428556311825,0.049870625374368795
LVA,201902,0.0,14,0.05248601270608741,0.04929360663311863
LVA,201903,0.0,15,0.048882528754346566,0.050665357344141036
LVA,201904,0.0,16,0.04578870828964515,0.04932854023808814
LVA,201905,0.0,17,0.049590501225338916,0.049040790746367566
LVA,201906,0.0,18,0.045997691029552985,0.05028083704724258
LVA,201907,0.0,19,0.04896555903251745,0.04819502799175529
LVA,201908,0.0,20,0.05185380301330475,0.04918233382618539
LVA,201909,0.0,21,0.04744475629180374,0.04781524007020856
LVA,201910,0.0,22,0.04642573968876387,0.04939183690581915
LVA,201911,0.0,23,0.04331888113556731,0.04884297642179297
LVA,201912,0.0,24,0.050365892836107984,0.05005843083775642
LVA,202001,0.0,25,0.04834816901219159,0.04962802514188169
LVA,202002,0.0,26,0.045477838560160765,0.047338576346521985
LVA,202003,0.0,27,0.049922576293057935,0.04848260492577146
LVA,202004,0.0,28,0.04971228356913024,0.0480366732512644
LVA,202005,0.0,29,0.05178546882435248,0.04803690862218461
LVA,202006,0.0,30,0.04800360269206409,0.049492389682041414
LVA,202007,0.0,31,0.049310917389313966,0.04900967953522307
LVA,202008,0.0,32,0.04898518461001384,0.048373634839853484
LVA,202009,0.0,33,0.05207262286690617,0.046407344810962536
LVA,202010,0.0,34,0.05281611816513367,0.046545314187185535
LVA,202011,0.0,35,0.04820719738876587,0.04743784029525479
LVA,202012,,36,0.0493058340221074,0.04684379823350902
MAR,201901,0.0,1,0.13873491252055037,0.11947620372757455
MAR,201902,0.0,2,0.11515340944546017,0.10212785457886506
MAR,201903,0.0,3,0.10769128547397855,0.08861899482497146
MAR,201904,0.0,4,0.07034473561971276,0.06085027261715856
MAR,201905,0.0,5,0.06910316328992708,0.05254816482906311
MAR,201906,0.0,6,0.06318456135649227,0.05525166046768223
MAR,201907,0.0,7,0.057384766471524885,0.05368097126832418
MAR,201908,0.0,8,0.0641260834951055,0.05032162254436705
MAR,201909,0.0,9,0.06571567328207728,0.04839468670296498
MAR,201910,0.0,10,0.053987646858154374,0.05007751047261594
MAR,201911,0.0,11,0.05428482840674035,0.049173259145359166
MAR,201912,0.0,12,0.051772964202831374,0.04829351508515032
MAR,202001,0.0,13,0.048822790399167273,0.0559342567968933
MAR,202002,0.0,14,0.048818922509779095,0.06547193642756784
MAR,202003,0.0,15,0.04996418167919074,0.05732809081166899
MAR,202004,0.0,16,0.051278592884154935,0.05548254146992322
MAR,202005,0.0,17,0.05661771853013457,0.05374192207322574
MAR,202006,0.0,18,0.05569921507653699,0.053672069249318416
MAR,202007,0.0,19,0.05987959340613838,0.05183197880946252
MAR,202008,0.0,20,0.055445921719263894,0.04934465843187022
MAR,202009,0.0,21,0.05636425383063606,0.04897057496394068
MAR,202010,0.0,22,0.048830418326996944,0.047109914554735496
MAR,202011,0.0,23,0.09374821268402261,0.0760099387227052
MAR,202012,,24,0.04797605501578515,0.04700882861495319
MDA,201901,0.0,35,0.04671589297824877,0.04281673948167261
MDA,201902,0.0,36,0.04515761015432511,0.04340760761802358
MDA,201903,0.0,37,0.0419224736175994,0.04283326524267912
MDA,201904,0.0,38,0.04255620594855021,0.044213102821425515
MDA,201905,0.0,39,0.04469888285595942,0.04375299099305426
MDA,201906,0.0,40,0.04261253134740264,0.04444174709995607
MDA,201907,0.0,41,0.04488801881221853,0.044507891436349756
MDA,201908,0.0,42,0.04710350875202564,0.04415434200637879
MDA,201909,0.0,43,0.046410139618151235,0.04211021573429391
MDA,201910,0.0,44,0.043750954775929295,0.043373923210470025
MDA,201911,0.0,45,0.045276597866897285,0.04416596507743927
MDA,201912,0.0,46,0.044465008764033837,0.04421161014225856
MDA,202001,0.0,47,0.0436112920312423,0.04763094451216466
MDA,202002,0.0,48,0.04346303441167431,0.05235503377906711
MDA,202003,0.0,49,0.04396581675672886,0.04805471499071747
MDA,202004,0.0,50,0.04409177073962171,0.050279862296464445
MDA,202005,0.0,51,0.042543744712309574,0.049062955117839493
MDA,202006,0.0,52,0.04587653879730988,0.04876034947892423
MDA,202007,0.0,53,0.042320227460664245,0.04736208107878369
MDA,202008,0.0,54,0.04319431266736284,0.04814085997243257
MDA,202009,0.0,55,0.04394637797507375,0.045370657615228946
MDA,202010,0.0,56,0.0455430284005304,0.04705074622347273
MDA,202011,0.0,57,0.04313843821135304,0.043793004774166776
MDA,202012,,58,0.04531216874949252,0.04670104724861434
MDG,201901,0.0,31,0.045634209016428465,0.05044490704190227
MDG,201902,0.0,32,0.045524328254088656,0.050018658356583263
MDG,201903,0.0,33,0.04432977791619508,0.0503884939768924
MDG,201904,0.0,34,0.04339497218818608,0.05263530713850318
MDG,201905,0.0,35,0.04452201811639903,0.0487316147984925
MDG,201906,0.0,36,0.0793358256601882,0.08268234336059889
MDG,201907,0.0,37,0.04345465132937269,0.048239993384206085
MDG,201908,0.0,38,0.04551490415680341,0.05048551108367504
MDG,201909,0.0,39,0.04568710068101648,0.048708985665887966
MDG,201910,0.0,40,0.04468104773716305,0.0483321410039744
MDG,201911,0.0,41,0.04459717617832497,0.0455002473238881
MDG,201912,0.0,42,0.04729308099205526,0.052084910451599124
MDG,202001,0.0,43,0.049517067249596376,0.05258040801193177
MDG,202002,0.0,44,0.044977468170329764,0.051616636188079344
MDG,202003,0.0,45,0.0488439437267158,0.05373269360805216
MDG,202004,0.0,46,0.04833155821127012,0.05177314747842956
MDG,202005,0.0,47,0.04715318809241573,0.05852777090336751
MDG,202006,0.0,48,0.04713108224280548,0.05732562615635407
MDG,202007,0.0,49,0.043744819477086694,0.05236283631237999
MDG,202008,0.0,50,0.07934669497901149,0.08136099905131797
MDG,202009,0.0,51,0.04475877263426191,0.048460605500531224
MDG,202010,0.0,52,0.04534843997685314,0.048244031361904666
MDG,202011,0.0,53,0.043636129517665545,0.04778267204297754
MDG,202012,,54,0.04450303686165318,0.047948839913804185
MEX,201901,1.0,0,0.7228182305899981,0.7380918344077719
MEX,201902,1.0,0,0.7479609814665185,0.7966328317521858
MEX,201903,1.0,0,0.8059409142294957,0.8365452885372064
MEX,201904,1.0,0,0.81249350151025,0.8412103709737572
MEX,201905,1.0,0,0.7941228903665922,0.7917482484456804
MEX,201906,1.0,0,0.8157094059593849,0.8416303176257665
MEX,201907,1.0,0,0.8172046665783601,0.8340843092296335
MEX,201908,0.0,0,0.8249273487808658,0.8322215674728484
MEX,201909,0.0,1,0.6273297175537565,0.6657990197023641
MEX,201910,1.0,2,0.5324463623945436,0.5497742972247444
MEX,201911,0.0,0,0.7537059611966492,0.7735688062010329
MEX,201912,0.0,1,0.4701706547225381,0.45485653842823814
MEX,202001,1.0,2,0.48062687126046966,0.4491478293251926
MEX,202002,1.0,0,0.6198051243942001,0.6155738768497507
MEX,202003,1.0,0,0.5936014350740563,0.6182478650186997
MEX,202004,1.0,0,0.6021042024429798,0.6059389151816637
MEX,202005,1.0,0,0.6257918301353376,0.6647113171453531
MEX,202006,0.0,0,0.6189299022303407,0.6626350609074368
MEX,202007,1.0,1,0.4665876176008469,0.4822099249439687
MEX,202008,0.0,0,0.5572636068869037,0.5482263012243184
MEX,202009,0.0,1,0.3515005499668699,0.36986673108645823
MEX,202010,1.0,2,0.35288569806260894,0.3444141926363185
MEX,202011,0.0,0,0.4921076458447318,0.4866903389449682
MEX,202012,,1,0.36184611482707274,0.3512672688230861
MKD,201901,0.0,22,0.047484501819488774,0.04466456698211532
MKD,201902,0.0,23,0.046292226234638904,0.04442721453024051
MKD,201903,0.0,24,0.04398377842482442,0.04526553762304968
MKD,201904,0.0,25,0.04400822274873703,0.04453907406166675
MKD,201905,0.0,26,0.047800678638055996,0.044509805474978265
MKD,201906,0.0,27,0.04357143316357853,0.04544125275751932
MKD,201907,0.0,28,0.04558762689355179,0.04433093426661031
MKD,201908,0.0,29,0.04881469269932075,0.04589710853247209
MKD,201909,0.0,30,0.04488402773556263,0.04286579684067763
MKD,201910,0.0,31,0.047021084684749574,0.04502979869502032
MKD,201911,0.0,32,0.04568999927403345,0.04499085413026076
MKD,201912,0.0,33,0.045736757602243695,0.04558115246231456
MKD,202001,0.0,34,0.04644392465903369,0.049944456961492495
MKD,202002,0.0,35,0.04492444365133161,0.049162232572483686
MKD,202003,0.0,36,0.04312043555905195,0.04972932929316359
MKD,202004,0.0,37,0.04444875989721211,0.047780110082042
MKD,202005,0.0,38,0.042728437618866036,0.048313083573887826
MKD,202006,0.0,39,0.04467238793123949,0.049311704444124256
MKD,202007,0.0,40,0.042254174403095604,0.04918150594278014
MKD,202008,0.0,41,0.043706490332861475,0.048373634839853484
MKD,202009,0.0,42,0.045824752838209755,0.04662047553933951
MKD,202010,0.0,43,0.04444650462712372,0.046985930349476825
MKD,202011,0.0,44,0.041602876690388174,0.047324092782259755
MKD,202012,,45,0.040692770653568695,0.04683080588453834
MLI,201901,1.0,0,0.9661475413428547,0.9690642600643836
MLI,201902,1.0,0,0.9722651289563512,0.9735335743619798
MLI,201903,1.0,0,0.9753983728889716,0.9729676404539085
MLI,201904,1.0,0,0.9755669021070118,0.9703488627223763
MLI,201905,1.0,0,0.9712937350522133,0.9603508624393848
MLI,201906,1.0,0,0.9739230020395958,0.971646095613434
MLI,201907,1.0,0,0.9728538926122203,0.9725641402150939
MLI,201908,1.0,0,0.9679562039398236,0.9555607469090535
MLI,201909,1.0,0,0.9723790243551632,0.9643616785308551
MLI,201910,1.0,0,0.9669975693074009,0.9587329839741066
MLI,201911,1.0,0,0.9672538265776504,0.9651670122738417
MLI,201912,1.0,0,0.9119371567177581,0.8911562076735412
MLI,202001,1.0,0,0.964898917547666,0.9643113689661399
MLI,202002,1.0,0,0.9577660100801256,0.9497793315035711
MLI,202003,1.0,0,0.9726256243486947,0.9670593528184155
MLI,202004,1.0,0,0.9686114665671846,0.9749850988427066
MLI,202005,1.0,0,0.968139999052068,0.9743633554336207
MLI,202006,1.0,0,0.968252677004246,0.9716889244841517
MLI,202007,1.0,0,0.960330488343217,0.9564451480509695
MLI,202008,1.0,0,0.9658666196136239,0.9679403046464208
MLI,202009,1.0,0,0.916502509326726,0.9184286428419955
MLI,202010,1.0,0,0.9424432608782862,0.9302357149255142
MLI,202011,0.0,0,0.9462044130773856,0.9270068286517282
MLI,202012,,1,0.8038061582712506,0.773151720293841
MLT,201901,0.0,15,0.05395599136308107,0.05584677737009089
MLT,201902,0.0,16,0.05220195519471388,0.0527759635322239
MLT,201903,0.0,17,0.05395675438873674,0.052344218111230134
MLT,201904,0.0,18,0.054062459822378534,0.05134671434333464
MLT,201905,0.0,19,0.055516487042524786,0.05364285592250799
MLT,201906,0.0,20,0.05148490851540766,0.05493433277268748
MLT,201907,0.0,21,0.05037534589196821,0.051248473011699075
MLT,201908,0.0,22,0.050513074526819086,0.05210485086852221
MLT,201909,0.0,23,0.05490723811727725,0.04947634721706435
MLT,201910,0.0,24,0.05788095155770913,0.0512116677457702
MLT,201911,0.0,25,0.05820305715147781,0.05056590850660206
MLT,201912,0.0,26,0.058334882532597526,0.052624809725689635
MLT,202001,0.0,27,0.054135410215839286,0.05175022565340862
MLT,202002,0.0,28,0.054176005502790926,0.050030370282208185
MLT,202003,0.0,29,0.05489495983384263,0.05123208976427858
MLT,202004,0.0,30,0.05474509202262249,0.05082447238800228
MLT,202005,0.0,31,0.05684978003918809,0.04841937447807908
MLT,202006,0.0,32,0.05076580266080985,0.050264384243533945
MLT,202007,0.0,33,0.04603056326445169,0.04766126261839997
MLT,202008,0.0,34,0.04524324816528833,0.04597330343859397
MLT,202009,0.0,35,0.048022827321100504,0.04505941985713833
MLT,202010,0.0,36,0.046833339461803875,0.045921992697187025
MLT,202011,0.0,37,0.04676046822227603,0.04561808489575493
MLT,202012,,38,0.04857631998493193,0.04536613092683846
MMR,201901,1.0,0,0.8064089973937061,0.826537560991245
MMR,201902,1.0,0,0.9075307522900168,0.9273653394723026
MMR,201903,1.0,0,0.9163988791349091,0.9358430720576326
MMR,201904,1.0,0,0.9192698170169541,0.937076269822885
MMR,201905,1.0,0,0.9144616316194794,0.9400751752186247
MMR,201906,1.0,0,0.9249134104064264,0.9361915286975914
MMR,201907,1.0,0,0.9095974891579897,0.9187067921062132
MMR,201908,1.0,0,0.8436808735165334,0.8624000370093722
MMR,201909,1.0,0,0.9407399845459596,0.9651596634539109
MMR,201910,1.0,0,0.8960465921852188,0.9026366724713923
MMR,201911,1.0,0,0.9376637627102837,0.9465658201862
MMR,201912,1.0,0,0.9209062709718151,0.9385622616857998
MMR,202001,1.0,0,0.9301246032973164,0.9577585773502016
MMR,202002,1.0,0,0.8468189953470572,0.8526630837527408
MMR,202003,1.0,0,0.9106171288975365,0.9230982690599079
MMR,202004,1.0,0,0.9265867762068888,0.9351460518629043
MMR,202005,1.0,0,0.9263710102486461,0.955780136266994
MMR,202006,1.0,0,0.9307394906216365,0.9624495555818706
MMR,202007,1.0,0,0.936563492501531,0.9531877764097889
MMR,202008,1.0,0,0.9050757663698066,0.9164221591584735
MMR,202009,1.0,0,0.8969490781946218,0.9090132718081821
MMR,202010,1.0,0,0.8431488663094722,0.8338304587852617
MMR,202011,0.0,0,0.8830923874421858,0.8845235884381918
MMR,202012,,1,0.6403476996394711,0.5915586945214275
MNE,201901,0.0,8,0.05536980796817179,0.05822939221146664
MNE,201902,0.0,9,0.05542704242257278,0.054848568939444495
MNE,201903,0.0,10,0.047260090060920336,0.04881099296765075
MNE,201904,0.0,11,0.04619815524959748,0.04625959746524852
MNE,201905,0.0,12,0.046521979538618495,0.045787788686610015
MNE,201906,0.0,13,0.04371151876539456,0.04830665059203592
MNE,201907,0.0,14,0.045846486207009554,0.046417545127174484
MNE,201908,0.0,15,0.04510806425501326,0.04715699693294215
MNE,201909,0.0,16,0.04647319310041862,0.04529742409181825
MNE,201910,0.0,17,0.04532139663374335,0.04516450573123672
MNE,201911,0.0,18,0.043751953966497566,0.04645946574897027
MNE,201912,0.0,19,0.04509178311961465,0.046143586498633885
MNE,202001,0.0,20,0.04510848150476021,0.052195345329317216
MNE,202002,0.0,21,0.044128914468190034,0.06031106028264357
MNE,202003,0.0,22,0.04409318138744994,0.0549854910203414
MNE,202004,0.0,23,0.04380407238689628,0.05354867170872282
MNE,202005,0.0,24,0.043657745007786714,0.05859964631741832
MNE,202006,0.0,25,0.04530358030031427,0.0575950482463162
MNE,202007,0.0,26,0.0436747913121708,0.05469755873048282
MNE,202008,0.0,27,0.04501305199842816,0.05624236150398802
MNE,202009,0.0,28,0.04434085949962536,0.051135631485351725
MNE,202010,0.0,29,0.04638084956326774,0.05491148801254568
MNE,202011,0.0,30,0.045053829284961565,0.05628316612476112
MNE,202012,,31,0.04497181786513513,0.05559257210741517
MOZ,201901,1.0,0,0.9341439140123375,0.9492420275956861
MOZ,201902,1.0,0,0.9405092625343171,0.9485491828285665
MOZ,201903,1.0,0,0.9420581250154793,0.9527039415767296
MOZ,201904,1.0,0,0.938598268954012,0.9588325158682361
MOZ,201905,1.0,0,0.8930786494235166,0.8663761297469047
MOZ,201906,1.0,0,0.9381265331358404,0.9560604814151665
MOZ,201907,1.0,0,0.9196066839594903,0.929994687556695
MOZ,201908,1.0,0,0.9527138800721417,0.9556236365272579
MOZ,201909,1.0,0,0.9562386675431565,0.9551396686384866
MOZ,201910,1.0,0,0.9459925183646637,0.9621782452342935
MOZ,201911,1.0,0,0.9486670506237533,0.9627430156804608
MOZ,201912,1.0,0,0.9664443479704907,0.9726574264055047
MOZ,202001,1.0,0,0.9554593517823308,0.9669547182748061
MOZ,202002,1.0,0,0.9634089124300081,0.9674016150978697
MOZ,202003,1.0,0,0.9629427598358202,0.9676845582261862
MOZ,202004,1.0,0,0.9620712921716312,0.9720766538412406
MOZ,202005,1.0,0,0.9584981225352996,0.9725690604607634
MOZ,202006,1.0,0,0.9677697705082747,0.9710329172887129
MOZ,202007,1.0,0,0.9629418805486332,0.9688989595269014
MOZ,202008,1.0,0,0.9648743320477758,0.9693166976501277
MOZ,202009,1.0,0,0.9512845176534667,0.9531893257499471
MOZ,202010,1.0,0,0.9622081886607219,0.9703926238195583
MOZ,202011,1.0,0,0.9607309380341676,0.9691833462368536
MOZ,202012,,0,0.9602368810436349,0.9667059708845551
MRT,201901,0.0,95,0.046556736712487154,0.04754269101404584
MRT,201902,0.0,96,0.049440255140937125,0.049071180563194206
MRT,201903,0.0,97,0.045354283343518785,0.049087471443299224
MRT,201904,0.0,98,0.048779659468382225,0.049400933908648664
MRT,201905,0.0,99,0.04978499682177498,0.04864167258524524
MRT,201906,0.0,100,0.05265050277051189,0.0491548461661237
MRT,201907,0.0,101,0.052210481474419146,0.04842962786077759
MRT,201908,0.0,102,0.05796333032684814,0.04821319312174168
MRT,201909,0.0,103,0.052349291376995115,0.04861057603817596
MRT,201910,0.0,104,0.049552249882702216,0.049151313108899544
MRT,201911,0.0,105,0.04651660673112886,0.04847760038232735
MRT,201912,0.0,106,0.054448590410708826,0.049713626439240925
MRT,202001,0.0,107,0.05408577269463153,0.04894805105258649
MRT,202002,0.0,108,0.05552150747648011,0.05027548814719918
MRT,202003,0.0,109,0.04826085141786069,0.04873837237488603
MRT,202004,0.0,110,0.05338473112068201,0.04778946120902381
MRT,202005,0.0,111,0.06061440946281795,0.049444809788265404
MRT,202006,0.0,112,0.05919132191763074,0.04883701031349075
MRT,202007,0.0,113,0.06040311104968384,0.04875378688257921
MRT,202008,0.0,114,0.055528993404724634,0.046425582847223375
MRT,202009,0.0,115,0.05974732339574544,0.04640946705633222
MRT,202010,0.0,116,0.05870723960893962,0.046520996305350816
MRT,202011,0.0,117,0.058637615254126994,0.04664729795030862
MRT,202012,,118,0.060275650943526694,0.046056074773461145
MWI,201901,0.0,5,0.07411268574393536,0.0653622661742122
MWI,201902,0.0,6,0.06716851021973705,0.06387723851678534
MWI,201903,0.0,7,0.06484425895722501,0.061312127536033094
MWI,201904,0.0,8,0.06897706986378803,0.05897047905230872
MWI,201905,0.0,9,0.06393549826423425,0.05717460511897965
MWI,201906,0.0,10,0.05643021158240307,0.06038070388848546
MWI,201907,0.0,11,0.0700134395801539,0.05293850557808384
MWI,201908,1.0,12,0.06108880334364287,0.05465231435337287
MWI,201909,1.0,0,0.1894583724521203,0.19712646553435803
MWI,201910,0.0,0,0.2550415836427645,0.2670976030117731
MWI,201911,0.0,1,0.24611606815995477,0.2475255579646248
MWI,201912,0.0,2,0.20609866764987916,0.20237612757592377
MWI,202001,0.0,3,0.14697731830789482,0.14013588068390528
MWI,202002,0.0,4,0.09929375461351331,0.1015675150430997
MWI,202003,0.0,5,0.0972688293248008,0.10208942232398018
MWI,202004,0.0,6,0.09346424883391691,0.09792868398773917
MWI,202005,0.0,7,0.08863189053857955,0.09083655313234569
MWI,202006,0.0,8,0.08845418643965987,0.08915579588443866
MWI,202007,0.0,9,0.08968920736045942,0.09115200922504903
MWI,202008,0.0,10,0.08860452315285308,0.08653519527109635
MWI,202009,0.0,11,0.08577139195368647,0.09012687945087665
MWI,202010,0.0,12,0.07136156392928016,0.07200395891100528
MWI,202011,0.0,13,0.06929852213176402,0.07150285993243377
MWI,202012,,14,0.05749471823478776,0.06263225427289118
MYS,201901,0.0,1,0.28752113661482204,0.2994254288243137
MYS,201902,0.0,2,0.25962821048679624,0.25287268548909725
MYS,201903,0.0,3,0.24452604748900492,0.23550729683712412
MYS,201904,0.0,4,0.20185036738298318,0.20094991029527576
MYS,201905,1.0,5,0.17282551574695645,0.1721372910175603
MYS,201906,0.0,0,0.3527431503267692,0.3359915839975618
MYS,201907,0.0,1,0.24266529988510568,0.25009808526058147
MYS,201908,1.0,2,0.2240952061637657,0.2243349735290877
MYS,201909,0.0,0,0.3344914561106885,0.339670672761956
MYS,201910,0.0,1,0.21982496769716495,0.23655031173601238
MYS,201911,0.0,2,0.22112497964390607,0.22393501860387854
MYS,201912,1.0,3,0.1832384848857565,0.18783828516153164
MYS,202001,0.0,0,0.20003345803146097,0.2303117850058743
MYS,202002,0.0,1,0.18899521087191548,0.18552613883534722
MYS,202003,0.0,2,0.18669968573077064,0.19075391715588513
MYS,202004,0.0,3,0.19476690209010528,0.18461858378827148
MYS,202005,0.0,4,0.16403757223967705,0.14593424131013139
MYS,202006,0.0,5,0.1527961553141714,0.13590356829782366
MYS,202007,0.0,6,0.1151462928314249,0.11745578495061927
MYS,202008,0.0,7,0.10836207140723285,0.12070398530438345
MYS,202009,0.0,8,0.11122375447222392,0.11006035984323118
MYS,202010,0.0,9,0.10549053011106349,0.112603925825506
MYS,202011,0.0,10,0.10822724221429215,0.10144910399492929
MYS,202012,,11,0.06652423745037755,0.07011976250158203
NAM,201901,0.0,109,0.039244785177291346,0.04781072328118616
NAM,201902,0.0,110,0.04049985561135409,0.04837924714465152
NAM,201903,0.0,111,0.0410641086784235,0.04999230300368697
NAM,201904,0.0,112,0.04248907181352665,0.04836734877383564
NAM,201905,0.0,113,0.04393458130766189,0.04801116360638741
NAM,201906,0.0,114,0.04507574032488851,0.05043349544861741
NAM,201907,0.0,115,0.04102887370994196,0.04722198138872097
NAM,201908,0.0,116,0.04163067622921744,0.04816184996647548
NAM,201909,0.0,117,0.045126460873598034,0.048797394562131176
NAM,201910,0.0,118,0.04893863257873446,0.04861083251472743
NAM,201911,0.0,119,0.05433344920205279,0.049983504068032536
NAM,201912,0.0,120,0.05290526764419656,0.05065052412855468
NAM,202001,0.0,121,0.04682275215844059,0.05044429120207001
NAM,202002,0.0,122,0.04587887342393274,0.05792132045813697
NAM,202003,0.0,123,0.04667212257233459,0.051741799727724434
NAM,202004,0.0,124,0.0511586019254782,0.0513121701633692
NAM,202005,0.0,125,0.046651723587324806,0.05507606290059788
NAM,202006,0.0,126,0.04532082548354812,0.05629662468300177
NAM,202007,0.0,127,0.04315300709220175,0.05294613402989747
NAM,202008,0.0,128,0.04480136746254778,0.057279542622238395
NAM,202009,0.0,129,0.04523332952219235,0.05040733448741906
NAM,202010,0.0,130,0.04186460628880637,0.05151808494323054
NAM,202011,0.0,131,0.043426805767063155,0.052310090028759
NAM,202012,,132,0.043517109303590616,0.05278538138660794
NER,201901,1.0,0,0.6764031059074938,0.659682968482693
NER,201902,1.0,0,0.6977855749159267,0.6980571485979205
NER,201903,1.0,0,0.7289168308629183,0.7447550711717519
NER,201904,1.0,0,0.830537007057425,0.8421251513118685
NER,201905,1.0,0,0.8263092446393939,0.8284392275220592
NER,201906,1.0,0,0.8879958045535478,0.8781225668575607
NER,201907,1.0,0,0.8892858545306891,0.8827671977541759
NER,201908,1.0,0,0.8559117497438655,0.8382680905596991
NER,201909,1.0,0,0.8262047359367399,0.8175726715942534
NER,201910,1.0,0,0.7738561057827579,0.7701029286312656
NER,201911,1.0,0,0.8399069799128901,0.8467886086618823
NER,201912,0.0,0,0.8175386378919343,0.8017388400675068
NER,202001,1.0,1,0.6097784706613255,0.5807716607294171
NER,202002,1.0,0,0.7584119737617451,0.7257533914134068
NER,202003,0.0,0,0.8559962039908855,0.8468590695322419
NER,202004,1.0,1,0.7483892000748142,0.6743318921590372
NER,202005,1.0,0,0.8552412973591774,0.830419138150711
NER,202006,0.0,0,0.850934124575579,0.843301927665013
NER,202007,1.0,1,0.6261728591866909,0.5754880868631688
NER,202008,0.0,0,0.7953963724882134,0.7673102482918368
NER,202009,1.0,1,0.628656652740231,0.5655865728837148
NER,202010,0.0,0,0.7468786582772247,0.7043449698181735
NER,202011,1.0,1,0.5911054865430155,0.5637457843737242
NER,202012,,0,0.6979421927725464,0.6449066603440443
NGA,201901,1.0,0,0.9605570584119019,0.9764342142777607
NGA,201902,1.0,0,0.9612982718863374,0.9737331265402271
NGA,201903,1.0,0,0.9625348188951789,0.9721536965851227
NGA,201904,1.0,0,0.9631454468356409,0.9691340859130787
NGA,201905,1.0,0,0.9610203366420772,0.9734528822695705
NGA,201906,1.0,0,0.964865208076648,0.9728783891365239
NGA,201907,1.0,0,0.9678539414557744,0.9744183603064859
NGA,201908,1.0,0,0.9657062652216833,0.9690933209694097
NGA,201909,1.0,0,0.9681347431571716,0.9707047998943018
NGA,201910,1.0,0,0.9636337250536211,0.9749326846001191
NGA,201911,1.0,0,0.9621906415762466,0.9701731002201985
NGA,201912,1.0,0,0.9676238122184422,0.9749550293605429
NGA,202001,1.0,0,0.9571461292169708,0.9709500973972378
NGA,202002,1.0,0,0.9653075041897782,0.9702098590553717
NGA,202003,1.0,0,0.9571542000409886,0.9715012753999265
NGA,202004,1.0,0,0.9639755933907564,0.9712561983957664
NGA,202005,1.0,0,0.9599902465376124,0.9732834594382115
NGA,202006,1.0,0,0.9659849331054511,0.9727002099813572
NGA,202007,1.0,0,0.9674692039734296,0.9721811176202517
NGA,202008,1.0,0,0.9629519600085235,0.9698191417377672
NGA,202009,1.0,0,0.9668778468414857,0.9711514356302408
NGA,202010,1.0,0,0.959726933353439,0.9738587552728301
NGA,202011,1.0,0,0.9601251999892959,0.9737305559795741
NGA,202012,,0,0.9621202610160031,0.9731034068451345
NIC,201901,0.0,6,0.14011694656951376,0.15492449685335635
NIC,201902,0.0,7,0.14013096524496838,0.14060671859138774
NIC,201903,0.0,8,0.13693183555126084,0.13209485362515141
NIC,201904,0.0,9,0.12920751380282602,0.1522069622944482
NIC,201905,0.0,10,0.12792193597172744,0.1385671303850996
NIC,201906,0.0,11,0.11973944924964094,0.13379116356631893
NIC,201907,0.0,12,0.0977749823029699,0.09749656478707573
NIC,201908,1.0,13,0.07261205979433984,0.06848836664573518
NIC,201909,0.0,0,0.22144740004806931,0.21813398789542293
NIC,201910,0.0,1,0.28907934968113663,0.28163940465584686
NIC,201911,0.0,2,0.23071086774872518,0.21182435309121075
NIC,201912,0.0,3,0.22539045346809433,0.21613238325713777
NIC,202001,1.0,4,0.12201459266228304,0.11436251761556335
NIC,202002,0.0,0,0.23484554211884362,0.23620544569729482
NIC,202003,0.0,1,0.25244753287222566,0.27793072824787735
NIC,202004,0.0,2,0.22820010034515573,0.22299937262746955
NIC,202005,0.0,3,0.21721025507963052,0.21740938689321193
NIC,202006,1.0,4,0.18955884641474374,0.18897154622996076
NIC,202007,0.0,0,0.2924758760756493,0.3084723030343042
NIC,202008,0.0,1,0.2506574333700233,0.23821874648061123
NIC,202009,0.0,2,0.23343906319005148,0.25231330942807906
NIC,202010,0.0,3,0.19182046015536028,0.1966009915173884
NIC,202011,0.0,4,0.17916058174030589,0.17908553817239597
NIC,202012,,5,0.1614015780862141,0.15749566616535413
NLD,201901,0.0,5,0.1726275352313909,0.16180374637202238
NLD,201902,1.0,6,0.15684092018998233,0.167880199153251
NLD,201903,0.0,0,0.2883326402981516,0.2833394023949014
NLD,201904,1.0,1,0.22127759031697836,0.22432295930544066
NLD,201905,1.0,0,0.3148973857774773,0.29906974677234865
NLD,201906,0.0,0,0.3893241361458725,0.406890913322914
NLD,201907,0.0,1,0.24575782650112507,0.2329627564927466
NLD,201908,0.0,2,0.176780460164831,0.17101441738307824
NLD,201909,0.0,3,0.14698487521306156,0.14756572130839304
NLD,201910,1.0,4,0.12911967539856042,0.11409844841039395
NLD,201911,0.0,0,0.2306532223789635,0.25651936204898695
NLD,201912,0.0,1,0.20614464143466027,0.2103955435951572
NLD,202001,0.0,2,0.16297556470295355,0.18327434136490006
NLD,202002,0.0,3,0.15445255311510522,0.1787893848534051
NLD,202003,1.0,4,0.12981079195287112,0.13685924733834343
NLD,202004,1.0,0,0.21805586396291832,0.23016106296113534
NLD,202005,1.0,0,0.7911167680194948,0.8133031485642409
NLD,202006,0.0,0,0.8056815349593098,0.8447110514659518
NLD,202007,0.0,1,0.6030628310561175,0.5746249896181516
NLD,202008,1.0,2,0.516944142552063,0.5189937062896471
NLD,202009,0.0,0,0.6365092776931996,0.6158086599931953
NLD,202010,1.0,1,0.42455630022478835,0.43605820324569344
NLD,202011,0.0,0,0.6188981012553564,0.6091223525271503
NLD,202012,,1,0.5360570771497732,0.5482600490909179
NOR,201901,0.0,21,0.05049329205062701,0.04783185959916897
NOR,201902,0.0,22,0.05200163893269471,0.047920017179602016
NOR,201903,0.0,23,0.0513145031005858,0.04871686760595756
NOR,201904,0.0,24,0.051030183629010024,0.047155192356114595
NOR,201905,0.0,25,0.05812771871685823,0.04927360920418417
NOR,201906,0.0,26,0.052716591696384645,0.04900870024735749
NOR,201907,1.0,27,0.0527573645737085,0.0475147276591317
NOR,201908,0.0,0,0.20437851396686038,0.2022073971919163
NOR,201909,0.0,1,0.15568180856548283,0.1663670928757344
NOR,201910,0.0,2,0.12176032566795221,0.1089166225203992
NOR,201911,0.0,3,0.10949515538733107,0.09538195382683919
NOR,201912,0.0,4,0.08086367454639837,0.07899060614187006
NOR,202001,1.0,5,0.06833064789306138,0.06785960189094344
NOR,202002,1.0,0,0.19737666355616693,0.1973683650023581
NOR,202003,0.0,0,0.2675177050940218,0.286346239587796
NOR,202004,0.0,1,0.16953427759312703,0.17448275804394778
NOR,202005,0.0,2,0.14154647061533127,0.14703876079098552
NOR,202006,0.0,3,0.14715374382359303,0.14510678049164671
NOR,202007,0.0,4,0.11978081684404879,0.1204517111513446
NOR,202008,0.0,5,0.10854259120652968,0.11496578053804232
NOR,202009,0.0,6,0.07292180796490907,0.07153370131571389
NOR,202010,0.0,7,0.07848323637491156,0.0692950328352313
NOR,202011,0.0,8,0.07462732402892962,0.0722369277057819
NOR,202012,,9,0.07288546437154272,0.07042428925386908
NPL,201901,1.0,0,0.6926425195013464,0.6797171973477707
NPL,201902,1.0,0,0.8310290467819442,0.8403011434448486
NPL,201903,1.0,0,0.8973373973674881,0.9125775188814547
NPL,201904,1.0,0,0.9167491632762979,0.9037453714513262
NPL,201905,1.0,0,0.9065084578532959,0.9140068266229265
NPL,201906,1.0,0,0.9208619787099045,0.9064187366619615
NPL,201907,1.0,0,0.9180193612079741,0.903793038523144
NPL,201908,1.0,0,0.9136094343570264,0.9065384123798349
NPL,201909,1.0,0,0.9287340600582098,0.9164275465539213
NPL,201910,1.0,0,0.8926919048759765,0.8829076258039563
NPL,201911,1.0,0,0.8988788028134159,0.8689695947451197
NPL,201912,1.0,0,0.9174573377414806,0.916529850779642
NPL,202001,1.0,0,0.9052143258392704,0.9131152429762369
NPL,202002,1.0,0,0.9112439808040717,0.9014776791057528
NPL,202003,0.0,0,0.8818562329747469,0.9005165796354917
NPL,202004,0.0,1,0.7289809711589406,0.6876936099234281
NPL,202005,0.0,2,0.5924190269331171,0.5658946133762965
NPL,202006,1.0,3,0.5418308736282458,0.5356788967670567
NPL,202007,1.0,0,0.6844325605780698,0.6706030593721415
NPL,202008,0.0,0,0.8549229146947838,0.8273495785035275
NPL,202009,0.0,1,0.6015150857065845,0.568759213004117
NPL,202010,1.0,2,0.5792877747306152,0.5722588220539858
NPL,202011,1.0,0,0.6854330260141595,0.6511009861088852
NPL,202012,,0,0.8076331343179904,0.7739453074640292
NZL,201901,0.0,35,0.045855692714525095,0.048395133414732026
NZL,201902,1.0,36,0.0448142130653253,0.04860108894227703
NZL,201903,0.0,0,0.22464719791012905,0.2054422924671918
NZL,201904,0.0,1,0.19404316554392748,0.1752571623347273
NZL,201905,0.0,2,0.1346781844596735,0.11072776659246535
NZL,201906,0.0,3,0.12179124386788179,0.10861315555689975
NZL,201907,0.0,4,0.09010870057591232,0.07612616838600485
NZL,201908,0.0,5,0.06478014892809644,0.06454721296174355
NZL,201909,0.0,6,0.06362637202434207,0.06147459472970621
NZL,201910,0.0,7,0.06543231420945433,0.060453322190088234
NZL,201911,0.0,8,0.06360857632279696,0.05811606518850284
NZL,201912,0.0,9,0.06407454655762504,0.06150914683289309
NZL,202001,0.0,10,0.06711941251678784,0.06073056357374111
NZL,202002,1.0,11,0.061293344378703554,0.05931816881552572
NZL,202003,1.0,0,0.21218012929904537,0.20815759260219338
NZL,202004,1.0,0,0.23852206319149205,0.2655570912319531
NZL,202005,1.0,0,0.34270602542399453,0.40093935884530363
NZL,202006,0.0,0,0.5381847865508633,0.600390785584466
NZL,202007,0.0,1,0.4010578819388078,0.48188382382986666
NZL,202008,0.0,2,0.3563094904577919,0.41168141132781133
NZL,202009,0.0,3,0.3500695944924943,0.36519750792627387
NZL,202010,0.0,4,0.2780816182147921,0.2994572402325481
NZL,202011,0.0,5,0.24886029241222843,0.2817219423124249
NZL,202012,,6,0.2480299264275791,0.2901078970120718
PAK,201901,1.0,0,0.9405901246979771,0.9763929797330849
PAK,201902,1.0,0,0.9581248402173285,0.9737331265402271
PAK,201903,1.0,0,0.9652626348822803,0.9721536965851227
PAK,201904,1.0,0,0.9593267304708232,0.9691340859130787
PAK,201905,1.0,0,0.9620298905166556,0.9732725566768736
PAK,201906,1.0,0,0.9522504570737894,0.9725107577266846
PAK,201907,1.0,0,0.9615361325226723,0.9740000297640092
PAK,201908,1.0,0,0.9590657326560752,0.968404935777003
PAK,201909,1.0,0,0.9648655207849991,0.9707047998943018
PAK,201910,1.0,0,0.9540631021866071,0.9746222726488212
PAK,201911,1.0,0,0.9442111044949599,0.9698780796091857
PAK,201912,1.0,0,0.9503966488953723,0.9741273460459791
PAK,202001,1.0,0,0.9408121183400538,0.9728422411083895
PAK,202002,1.0,0,0.9324036419953419,0.9705400391536071
PAK,202003,1.0,0,0.9444672174334131,0.9720220671288273
PAK,202004,1.0,0,0.9456711168187896,0.974508386324578
PAK,202005,1.0,0,0.943080392937288,0.9753826773625403
PAK,202006,1.0,0,0.9471222617271922,0.9733841528747798
PAK,202007,1.0,0,0.937156648348335,0.9725884964048537
PAK,202008,1.0,0,0.9360337958355083,0.971092860947919
PAK,202009,1.0,0,0.9479948490655349,0.9715775326182167
PAK,202010,1.0,0,0.9434924362841295,0.9731474990513774
PAK,202011,1.0,0,0.9387186864679898,0.9728349571049663
PAK,202012,,0,0.9496088482616947,0.9733362008219921
PAN,201901,0.0,34,0.04718208816830507,0.049156278662533304
PAN,201902,0.0,35,0.04785740446639579,0.049642715848816306
PAN,201903,0.0,36,0.04498512912831645,0.05196130177227299
PAN,201904,0.0,37,0.04734577370407872,0.04998593377214866
PAN,201905,0.0,38,0.04793236979367665,0.04879420731417419
PAN,201906,0.0,39,0.049949080187259826,0.051438812085379204
PAN,201907,0.0,40,0.04751917509684784,0.04941746481379612
PAN,201908,0.0,41,0.04705713667504665,0.04908603165944897
PAN,201909,0.0,42,0.048068953516714565,0.04846383429909111
PAN,201910,0.0,43,0.048429405286378985,0.050510991096481155
PAN,201911,0.0,44,0.04625929917788185,0.048452958460597294
PAN,201912,0.0,45,0.048220138272992916,0.051779390304711403
PAN,202001,0.0,46,0.05150550681153534,0.050963152788871625
PAN,202002,0.0,47,0.05073047715310744,0.06084034345976628
PAN,202003,0.0,48,0.05133981052971028,0.05527162212115462
PAN,202004,0.0,49,0.04849851286817737,0.05095214560630393
PAN,202005,0.0,50,0.05004431479741645,0.056516988870294715
PAN,202006,0.0,51,0.04861470018667398,0.057492607727343
PAN,202007,0.0,52,0.046470287604336774,0.05514310277381765
PAN,202008,0.0,53,0.04640337542643833,0.05891225575977584
PAN,202009,0.0,54,0.047472773826664046,0.05106910345066785
PAN,202010,0.0,55,0.04571728167519228,0.05722211006833118
PAN,202011,0.0,56,0.04777181471808902,0.05809461065094345
PAN,202012,,57,0.04802352015993663,0.05589539988630851
PER,201901,0.0,2,0.21764165258632784,0.21854179010855115
PER,201902,0.0,3,0.20059865821320103,0.19110779505495096
PER,201903,0.0,4,0.15788672487261718,0.15888750909494898
PER,201904,0.0,5,0.1376985879927754,0.15648670689078106
PER,201905,0.0,6,0.10240323474133425,0.11919327821322892
PER,201906,0.0,7,0.10543997300760806,0.10561462007133042
PER,201907,0.0,8,0.09091686872274057,0.09154989865326374
PER,201908,0.0,9,0.0859589405142749,0.08277045788486426
PER,201909,0.0,10,0.08535966948690898,0.093776138897285
PER,201910,0.0,11,0.09218852963390925,0.08759954289010102
PER,201911,0.0,12,0.07968138784446997,0.08261426832340626
PER,201912,1.0,13,0.07254539095089914,0.08018363024643273
PER,202001,0.0,0,0.1928262896503165,0.2203155639635526
PER,202002,0.0,1,0.1648097578788161,0.17166000791915068
PER,202003,0.0,2,0.1125289198732104,0.12186872597501519
PER,202004,0.0,3,0.10814655847573819,0.12349998809013676
PER,202005,0.0,4,0.08858442049365703,0.09917024121409272
PER,202006,0.0,5,0.08682636831316047,0.08363362683554866
PER,202007,0.0,6,0.0754798488727909,0.07368416916225543
PER,202008,0.0,7,0.09775729605823262,0.10851746953764907
PER,202009,0.0,8,0.07515697166103165,0.07416882653764321
PER,202010,0.0,9,0.07592267924939416,0.07520983881480654
PER,202011,0.0,10,0.07678301930426464,0.07807125785699501
PER,202012,,11,0.09115722403532783,0.0992019214681741
PHL,201901,1.0,0,0.9379326181787956,0.9719219650253567
PHL,201902,1.0,0,0.9455333371814844,0.9707776393897614
PHL,201903,1.0,0,0.9469960398811517,0.9700079094094548
PHL,201904,1.0,0,0.9395829303112551,0.969481478669337
PHL,201905,1.0,0,0.9294705311322202,0.970014729879498
PHL,201906,1.0,0,0.9352554955211935,0.9716762899129396
PHL,201907,1.0,0,0.9423255725022167,0.9713529135216886
PHL,201908,1.0,0,0.9317573479759149,0.9673041681316635
PHL,201909,1.0,0,0.9241671036244469,0.970480249240061
PHL,201910,1.0,0,0.9258282937686613,0.9719814414267631
PHL,201911,1.0,0,0.9287784920396482,0.9695065641061104
PHL,201912,1.0,0,0.9472154343066657,0.9727534143125048
PHL,202001,1.0,0,0.9477849785141201,0.9680868328785586
PHL,202002,1.0,0,0.9365542844586245,0.968507276908977
PHL,202003,1.0,0,0.944768429126251,0.9704636852186488
PHL,202004,1.0,0,0.9366568250776282,0.9721574225257622
PHL,202005,1.0,0,0.9374271731817565,0.9730159415338114
PHL,202006,1.0,0,0.9433089770855811,0.9718272229108774
PHL,202007,1.0,0,0.937687685496423,0.9688662269668061
PHL,202008,1.0,0,0.9341429200664569,0.9699984530054124
PHL,202009,1.0,0,0.9412482992819422,0.967593186981051
PHL,202010,1.0,0,0.9411767590557905,0.9707027229978479
PHL,202011,1.0,0,0.9320488961728376,0.9708182353193031
PHL,202012,,0,0.9322612842290987,0.9700823773280733
PNG,201901,0.0,18,0.06339202913078186,0.06897031688113663
PNG,201902,0.0,19,0.05787962505059824,0.06464138893700917
PNG,201903,0.0,20,0.059815356912529295,0.06190328410527494
PNG,201904,0.0,21,0.0627874225352506,0.07018710922850657
PNG,201905,0.0,22,0.056313435819348376,0.06730065669173949
PNG,201906,0.0,23,0.09314650455781073,0.1049619840083261
PNG,201907,0.0,24,0.0953886240682396,0.10222038668777161
PNG,201908,0.0,25,0.06443764962107795,0.06567291713057286
PNG,201909,0.0,26,0.06558825416375699,0.0649121394968508
PNG,201910,0.0,27,0.06258529110688707,0.05859800740099476
PNG,201911,0.0,28,0.06184988992677862,0.06218101804328879
PNG,201912,0.0,29,0.0630065007596787,0.06523255544879061
PNG,202001,0.0,30,0.0681140238823323,0.07388014395414219
PNG,202002,0.0,31,0.06066976114456559,0.06926039109239861
PNG,202003,0.0,32,0.06478790819848972,0.07124863297833856
PNG,202004,0.0,33,0.059743889606166514,0.06683565598645448
PNG,202005,0.0,34,0.06318967800699707,0.06644871022738957
PNG,202006,0.0,35,0.065033199132156,0.06525925080394013
PNG,202007,0.0,36,0.06278084875327865,0.0608559972440023
PNG,202008,0.0,37,0.04437925781054715,0.047013583291065204
PNG,202009,0.0,38,0.04290456653232026,0.045105538174967735
PNG,202010,0.0,39,0.04060703810208434,0.04496607865572704
PNG,202011,0.0,40,0.04338659900347908,0.046446333909732476
PNG,202012,,41,0.04401250577505525,0.04625074510263307
POL,201901,0.0,5,0.0726361960740773,0.07328042115655287
POL,201902,0.0,6,0.06768811698460452,0.0653524520532654
POL,201903,0.0,7,0.0673247774432176,0.06249053147735917
POL,201904,0.0,8,0.06718492815215503,0.06231034269801
POL,201905,0.0,9,0.06616982821507719,0.06034466420389093
POL,201906,0.0,10,0.05117856349068571,0.048849601259484184
POL,201907,0.0,11,0.05156842877397426,0.0472476330816368
POL,201908,0.0,12,0.04861649306266837,0.04586020383044735
POL,201909,0.0,13,0.04885297259826287,0.0440627553261313
POL,201910,0.0,14,0.04851281643370509,0.044606395913835584
POL,201911,0.0,15,0.04802704577072791,0.0459164661722379
POL,201912,0.0,16,0.04949814361504875,0.04530688621662024
POL,202001,0.0,17,0.04567272371481139,0.04638770457708869
POL,202002,0.0,18,0.04515229164291425,0.04576993581189133
POL,202003,0.0,19,0.0456373877175962,0.04495214277956593
POL,202004,1.0,20,0.04759938875385892,0.045553425320265524
POL,202005,0.0,0,0.18440646061432178,0.20967047104789288
POL,202006,0.0,1,0.15097503366681053,0.17409794763047753
POL,202007,0.0,2,0.1054550873503886,0.10907484852883266
POL,202008,0.0,3,0.11082785260172096,0.1016111910609867
POL,202009,0.0,4,0.0774954583122128,0.07570976967237673
POL,202010,0.0,5,0.07530340390328868,0.0649308824958738
POL,202011,0.0,6,0.0648986332459365,0.06127140611304022
POL,202012,,7,0.06548895216898191,0.06434275242789052
PRK,201901,0.0,109,0.04079406272714091,0.04052156290908917
PRK,201902,0.0,110,0.03987319004268359,0.043346135682621245
PRK,201903,0.0,111,0.04058561561522155,0.041522897997660034
PRK,201904,0.0,112,0.042279852654227096,0.0424757856375558
PRK,201905,0.0,113,0.042086891095274664,0.04226032361200075
PRK,201906,0.0,114,0.04154578251319765,0.043172256632289144
PRK,201907,0.0,115,0.04178582229510791,0.04183598198468338
PRK,201908,0.0,116,0.04235595292847674,0.04309982076603619
PRK,201909,0.0,117,0.04215211797651006,0.041642542634138496
PRK,201910,0.0,118,0.04173428338295777,0.043199620673713864
PRK,201911,0.0,119,0.04001184121069198,0.0421984138144964
PRK,201912,0.0,120,0.04286726493275493,0.040732703642142765
PRK,202001,0.0,121,0.03996239063564955,0.04186918692978396
PRK,202002,0.0,122,0.04173182127098782,0.042949379106710456
PRK,202003,0.0,123,0.040187837292174636,0.04114294834760427
PRK,202004,0.0,124,0.040489559877338224,0.0422252958125557
PRK,202005,0.0,125,0.041438714858136834,0.04173208017890106
PRK,202006,0.0,126,0.04132951658446547,0.04279512617406683
PRK,202007,0.0,127,0.0410343874094387,0.04169821512930289
PRK,202008,0.0,128,0.042540296199773335,0.04188613319239197
PRK,202009,0.0,129,0.04080553900718059,0.04034883188106473
PRK,202010,0.0,130,0.04083718953909802,0.04069646458046555
PRK,202011,0.0,131,0.04089034495870947,0.03900042316393249
PRK,202012,,132,0.04120919469863078,0.04079790139281267
PRT,201901,0.0,86,0.04591515714553827,0.044676606101591465
PRT,201902,0.0,87,0.043583226300387405,0.04351352794133547
PRT,201903,0.0,88,0.042657010099655716,0.044105596200189764
PRT,201904,0.0,89,0.047532505290321166,0.043252529142366984
PRT,201905,0.0,90,0.04487969053610349,0.04442512419057506
PRT,201906,0.0,91,0.0463114806054722,0.04574518536760756
PRT,201907,0.0,92,0.04591250345274369,0.04446381731010557
PRT,201908,0.0,93,0.05032771778754062,0.045453108981302795
PRT,201909,0.0,94,0.05014243834845025,0.04232615560922131
PRT,201910,0.0,95,0.04710454084534792,0.045337944298264855
PRT,201911,0.0,96,0.044877849866514996,0.04328664019335833
PRT,201912,0.0,97,0.04871779984659908,0.045078764057676926
PRT,202001,0.0,98,0.04783020849135651,0.05092109493497356
PRT,202002,0.0,99,0.048493196162831376,0.051152949002676446
PRT,202003,1.0,100,0.050567172784447924,0.05323832558141538
PRT,202004,0.0,0,0.1769876280473522,0.19141840497289933
PRT,202005,0.0,1,0.11890600604104003,0.11598321088993142
PRT,202006,0.0,2,0.10451931091284945,0.10325806301732265
PRT,202007,0.0,3,0.08412709722083768,0.09470684069791883
PRT,202008,0.0,4,0.07155931904857486,0.06896751415867493
PRT,202009,0.0,5,0.06599656499875776,0.057284331252077145
PRT,202010,0.0,6,0.060165985664719555,0.055102653389342934
PRT,202011,0.0,7,0.05887811421774658,0.05244819393235876
PRT,202012,,8,0.05454171454486792,0.05264359942188992
PRY,201901,0.0,1,0.34769517499464103,0.33518543709027915
PRY,201902,0.0,2,0.29870711285464957,0.2893827894030612
PRY,201903,0.0,3,0.2499982255829565,0.24568473406126554
PRY,201904,0.0,4,0.2000374154674515,0.20511975870298785
PRY,201905,0.0,5,0.18338615540667116,0.20417281400121678
PRY,201906,0.0,6,0.18351644403227446,0.19369689158603534
PRY,201907,0.0,7,0.17490094238739315,0.18404071341172773
PRY,201908,0.0,8,0.19583087359938114,0.1960459251712196
PRY,201909,0.0,9,0.19176728862730058,0.18743209218006782
PRY,201910,0.0,10,0.17022879302386368,0.17980165578493718
PRY,201911,0.0,11,0.17067530625136754,0.1801815224729142
PRY,201912,0.0,12,0.1304283694086512,0.11615299697781552
PRY,202001,0.0,13,0.12581730933445878,0.12620564328490927
PRY,202002,0.0,14,0.14365807386558382,0.13672204548356748
PRY,202003,0.0,15,0.12966320773329446,0.11906013752725712
PRY,202004,0.0,16,0.11491120363164985,0.11183287490309954
PRY,202005,0.0,17,0.0714069823581382,0.07325641068157566
PRY,202006,0.0,18,0.071013311447566,0.06872950420103922
PRY,202007,0.0,19,0.0671475821514852,0.06703527464787627
PRY,202008,1.0,20,0.06628363426042352,0.06852867821626643
PRY,202009,0.0,0,0.23343885643075996,0.2210181268605984
PRY,202010,0.0,1,0.1429096703015313,0.14138074713823326
PRY,202011,0.0,2,0.13146372148877733,0.11884644512297292
PRY,202012,,3,0.11957405418437755,0.11248328240689595
PSE,201901,1.0,0,0.9593156211020478,0.9632213209025631
PSE,201902,1.0,0,0.9339962807208495,0.9158840542879197
PSE,201903,1.0,0,0.947456780451413,0.9482871789177783
PSE,201904,1.0,0,0.9428747404814567,0.9678500010894989
PSE,201905,1.0,0,0.9538412137620766,0.9608956066419314
PSE,201906,1.0,0,0.919241631680393,0.8986817535002897
PSE,201907,1.0,0,0.9450141704516891,0.90465240576157
PSE,201908,1.0,0,0.9313844261914244,0.9444100980580364
PSE,201909,1.0,0,0.9314608296655296,0.9211409182119824
PSE,201910,1.0,0,0.9258701985162342,0.9014273775874044
PSE,201911,1.0,0,0.9521750417855528,0.9620136945418755
PSE,201912,1.0,0,0.9535655126687425,0.9577202756643665
PSE,202001,1.0,0,0.883366831160951,0.880706305751047
PSE,202002,1.0,0,0.9331606194859852,0.9347522740264098
PSE,202003,1.0,0,0.9081613818738267,0.9016799251240954
PSE,202004,1.0,0,0.8587663458840818,0.8247289571577825
PSE,202005,1.0,0,0.8839814695032657,0.8685066163198201
PSE,202006,1.0,0,0.8672879633001312,0.8468689404379911
PSE,202007,1.0,0,0.8897169224855673,0.8830109725818791
PSE,202008,1.0,0,0.899256723405892,0.8921459405121658
PSE,202009,1.0,0,0.918217863149695,0.8986493789113819
PSE,202010,1.0,0,0.8964027309204872,0.8800765315495664
PSE,202011,1.0,0,0.8385807765823386,0.8139434872996724
PSE,202012,,0,0.8369118485114493,0.803860873346497
QAT,201901,0.0,45,0.04875641236643366,0.04508484295557607
QAT,201902,0.0,46,0.05277857297387319,0.04990386008264156
QAT,201903,0.0,47,0.05227937467918112,0.04632270800712576
QAT,201904,0.0,48,0.04954455074026225,0.04734443798977971
QAT,201905,0.0,49,0.04984196566307917,0.04661178934865823
QAT,201906,0.0,50,0.051620824777816335,0.04718481600031073
QAT,201907,0.0,51,0.04922269886838409,0.04549229636304372
QAT,201908,0.0,52,0.059650689843551465,0.04578260780623622
QAT,201909,0.0,53,0.04967375780327196,0.046602016694683064
QAT,201910,0.0,54,0.05251402244252027,0.04698200852654979
QAT,201911,0.0,55,0.04667167274526159,0.04772699625831803
QAT,201912,0.0,56,0.051142064892325735,0.047302712650956355
QAT,202001,0.0,57,0.05142622561540176,0.048270527580221205
QAT,202002,0.0,58,0.043319792477852,0.05054626374081243
QAT,202003,0.0,59,0.04534573753482122,0.05078991669526574
QAT,202004,0.0,60,0.04619708370490194,0.052949565226063984
QAT,202005,0.0,61,0.04686311286549727,0.05510426164297818
QAT,202006,0.0,62,0.047110253408708766,0.05293573906848323
QAT,202007,0.0,63,0.042787639411863344,0.047989412064263826
QAT,202008,0.0,64,0.043884458937877416,0.05112660116918169
QAT,202009,0.0,65,0.05000628576297652,0.04943721041800716
QAT,202010,0.0,66,0.053164927072856374,0.043328375388123154
QAT,202011,0.0,67,0.048924057767969806,0.04210920261506562
QAT,202012,,68,0.04962379303894388,0.043009177194824055
ROU,201901,0.0,109,0.044533042007184845,0.043300265299968325
ROU,201902,0.0,110,0.045822513922796126,0.0426563876962377
ROU,201903,0.0,111,0.04546059079776598,0.04267210969910889
ROU,201904,0.0,112,0.046348450651074555,0.04303593547740782
ROU,201905,0.0,113,0.04819867837535119,0.043711794787671066
ROU,201906,0.0,114,0.047071665861751946,0.04393064605861297
ROU,201907,0.0,115,0.044173128832231755,0.044507891436349756
ROU,201908,0.0,116,0.04766847331851281,0.04328162547321604
ROU,201909,0.0,117,0.04612117588750144,0.04126806349676676
ROU,201910,0.0,118,0.04592129721062364,0.04316293118217618
ROU,201911,0.0,119,0.04325297123436066,0.04192624135273656
ROU,201912,0.0,120,0.047333203057303284,0.04311461506018983
ROU,202001,0.0,121,0.04770910790934615,0.04793195227383371
ROU,202002,0.0,122,0.047348335763654735,0.04627058314864537
ROU,202003,0.0,123,0.0478331926526615,0.045696929591652016
ROU,202004,0.0,124,0.047436917731820655,0.04734235524865034
ROU,202005,0.0,125,0.046480770107009725,0.04636580552519995
ROU,202006,0.0,126,0.04578434875860665,0.0472884613127638
ROU,202007,0.0,127,0.044152338065580915,0.047256534019231716
ROU,202008,0.0,128,0.04525518199388725,0.04571852184124601
ROU,202009,0.0,129,0.04200478484879905,0.04505941985713833
ROU,202010,0.0,130,0.04039723344404214,0.0453921802936993
ROU,202011,0.0,131,0.042269371272491245,0.04561808489575493
ROU,202012,,132,0.04606328772204551,0.0449417412652521
RUS,201901,1.0,0,0.7162467553199928,0.7477671662208141
RUS,201902,0.0,0,0.7250658588725649,0.776663812559926
RUS,201903,1.0,1,0.536261829263745,0.558740498958305
RUS,201904,0.0,0,0.6659777560912384,0.702380104266017
RUS,201905,0.0,1,0.42555086026003797,0.45618564198508926
RUS,201906,1.0,2,0.43005394577854367,0.4561685012191225
RUS,201907,0.0,0,0.5793596577953819,0.579260367511074
RUS,201908,0.0,1,0.44988160875443517,0.4561249495182587
RUS,201909,0.0,2,0.4298008377104158,0.42859053973859657
RUS,201910,1.0,3,0.38972171930551025,0.37953579587487185
RUS,201911,1.0,0,0.487371458666942,0.4649373428477281
RUS,201912,0.0,0,0.548950022305615,0.5714850911319931
RUS,202001,1.0,1,0.45653162123114877,0.4501926499181158
RUS,202002,0.0,0,0.5857847637537543,0.5569265712342322
RUS,202003,1.0,1,0.40364586247893414,0.4032950199376299
RUS,202004,1.0,0,0.5051431322255894,0.4871148884486389
RUS,202005,1.0,0,0.5111096626635353,0.547784618986947
RUS,202006,1.0,0,0.5470483801573551,0.5464697292508718
RUS,202007,0.0,0,0.6144835166060149,0.616259521158754
RUS,202008,0.0,1,0.4714018362406274,0.45707318843132866
RUS,202009,1.0,2,0.3629173873543417,0.36228894771442477
RUS,202010,0.0,0,0.5374385946497497,0.5139554719801549
RUS,202011,1.0,1,0.3667673871524566,0.34560944569387275
RUS,202012,,0,0.4921215610181364,0.47789215192622
RWA,201901,0.0,1,0.19807660610721683,0.18221466585098672
RWA,201902,0.0,2,0.15502733093761423,0.16261048435718917
RWA,201903,0.0,3,0.1546175895955039,0.15748875289134678
RWA,201904,0.0,4,0.14006286324586648,0.127447905744077
RWA,201905,0.0,5,0.12263302725307497,0.10532570826703956
RWA,201906,0.0,6,0.11390492447843367,0.10452043285943252
RWA,201907,0.0,7,0.08605277151113123,0.07583038682565753
RWA,201908,0.0,8,0.08202331559388294,0.07149676910106863
RWA,201909,1.0,9,0.07771873169820523,0.0676689149901791
RWA,201910,1.0,0,0.2737180851729238,0.29037173076351536
RWA,201911,0.0,0,0.3437442359042475,0.34632021680628583
RWA,201912,0.0,1,0.2571488078708448,0.22916596240696108
RWA,202001,0.0,2,0.2339173183845159,0.19657558129813218
RWA,202002,0.0,3,0.16074265117318845,0.14511864372115774
RWA,202003,0.0,4,0.14537028628793355,0.11784845420272756
RWA,202004,0.0,5,0.11759749417111647,0.1053164764575395
RWA,202005,0.0,6,0.10837448175962393,0.09983074437139539
RWA,202006,0.0,7,0.10588109205986113,0.09863403195372583
RWA,202007,0.0,8,0.10180982123426546,0.09622419118430471
RWA,202008,0.0,9,0.11692980737999273,0.09601933619227017
RWA,202009,0.0,10,0.09562805514916992,0.09305951974656533
RWA,202010,0.0,11,0.10307814715414736,0.09570191131546822
RWA,202011,0.0,12,0.08453065532373906,0.07509446052989831
RWA,202012,,13,0.07575054095652625,0.06790831430254722
SAU,201901,0.0,0,0.8389208766127294,0.8317300710452818
SAU,201902,0.0,1,0.6262500617862884,0.6217196478993327
SAU,201903,1.0,2,0.5720037735404535,0.5420555622559875
SAU,201904,1.0,0,0.6922057656887888,0.6402764130940253
SAU,201905,1.0,0,0.8306521706865907,0.8273962374492843
SAU,201906,1.0,0,0.911447555229736,0.9396616746789584
SAU,201907,1.0,0,0.9298720556615442,0.9608526312610611
SAU,201908,1.0,0,0.8964689906589611,0.8994834324714956
SAU,201909,0.0,0,0.9010036824153829,0.9127347226180537
SAU,201910,1.0,1,0.6446217040449786,0.5949032353667476
SAU,201911,1.0,0,0.8058808789990103,0.798749558830231
SAU,201912,1.0,0,0.7301204967973668,0.7051031608087154
SAU,202001,1.0,0,0.6844073985599963,0.6641033844965437
SAU,202002,1.0,0,0.8120920907605362,0.7856981323514867
SAU,202003,0.0,0,0.7863914900433207,0.7640866522301125
SAU,202004,0.0,1,0.6567111348712138,0.6086972927788138
SAU,202005,1.0,2,0.5765425028788642,0.5105150396040199
SAU,202006,1.0,0,0.6947496233357736,0.6584701072336027
SAU,202007,1.0,0,0.7898271327586616,0.7851384372599637
SAU,202008,1.0,0,0.764282329314361,0.7738827651166926
SAU,202009,1.0,0,0.8824188198186356,0.8797015020908244
SAU,202010,1.0,0,0.8848262674728078,0.8962249071592362
SAU,202011,1.0,0,0.8992275144808278,0.8981167513691396
SAU,202012,,0,0.9061411761889818,0.9077328706472149
SDN,201901,1.0,0,0.7409062658332557,0.6924655431101543
SDN,201902,1.0,0,0.7449760026722858,0.7372235259413283
SDN,201903,1.0,0,0.7380636651035465,0.7345615827139439
SDN,201904,0.0,0,0.8375212648956886,0.8236505381272486
SDN,201905,1.0,1,0.6541115222299813,0.6164275662666
SDN,201906,1.0,0,0.7803597066430491,0.7639527966369974
SDN,201907,0.0,0,0.696573378335858,0.6408045955761523
SDN,201908,0.0,1,0.5981509484801457,0.5855236892846089
SDN,201909,0.0,2,0.5651945269993014,0.5294841725688992
SDN,201910,1.0,3,0.5291826544899458,0.46312915263638943
SDN,201911,1.0,0,0.5222345069698687,0.5078741913992991
SDN,201912,1.0,0,0.7233107850718961,0.767669251930377
SDN,202001,1.0,0,0.8907937038320277,0.9141963090329668
SDN,202002,1.0,0,0.9121766234448883,0.9374336314253756
SDN,202003,1.0,0,0.8454339560350806,0.8586009341177511
SDN,202004,0.0,0,0.8780352049463097,0.8715646485092309
SDN,202005,1.0,1,0.700187346036244,0.6735490334561576
SDN,202006,1.0,0,0.7981274686091004,0.778051711103747
SDN,202007,1.0,0,0.7971204954687875,0.7729855196390898
SDN,202008,0.0,0,0.8413669801640091,0.8331871364382468
SDN,202009,1.0,1,0.6429967490544806,0.6319926886465805
SDN,202010,0.0,0,0.794513768698392,0.7712468627636936
SDN,202011,1.0,1,0.6998531062679482,0.6772141298702046
SDN,202012,,0,0.7934372370181868,0.7806426637885661
SEN,201901,0.0,5,0.07065570976722724,0.0637061523806808
SEN,201902,0.0,6,0.06705133782334241,0.06232363329661847
SEN,201903,0.0,7,0.061285252424730284,0.06385872520249045
SEN,201904,0.0,8,0.05868090466641893,0.06092441946814565
SEN,201905,0.0,9,0.057394108761822764,0.05725252716576083
SEN,201906,0.0,10,0.051162979246791716,0.055136402976391816
SEN,201907,0.0,11,0.053963949218652746,0.05105228851943562
SEN,201908,0.0,12,0.054974526987448924,0.04949955203885521
SEN,201909,0.0,13,0.05181412210295913,0.04877839979368257
SEN,201910,0.0,14,0.05039070273341473,0.04909491612450794
SEN,201911,0.0,15,0.055515674932836434,0.0490217445794039
SEN,201912,0.0,16,0.05501083634974159,0.04876873774057157
SEN,202001,0.0,17,0.052319816000113734,0.05123000725164099
SEN,202002,0.0,18,0.04755553138610294,0.04808634448413932
SEN,202003,0.0,19,0.04968036560756288,0.051340053579858234
SEN,202004,0.0,20,0.04683101097372133,0.047983813312785735
SEN,202005,0.0,21,0.04976035203461873,0.04709133210703936
SEN,202006,0.0,22,0.051500168279530675,0.047211548010667286
SEN,202007,0.0,23,0.052739571106988584,0.04994705660236105
SEN,202008,0.0,24,0.05149440662750469,0.04743727639221893
SEN,202009,0.0,25,0.052580153974066395,0.04541120357163824
SEN,202010,0.0,26,0.04872375754791117,0.04707264225858286
SEN,202011,0.0,27,0.05176371737186254,0.047545846487237246
SEN,202012,,28,0.04549549100368637,0.04701950260688815
SGP,201901,0.0,109,0.04293896359900498,0.04765264541156863
SGP,201902,0.0,110,0.042033441096029286,0.04867466279379398
SGP,201903,0.0,111,0.04318264886700479,0.04807827310471216
SGP,201904,0.0,112,0.0420805293822125,0.04795631915482278
SGP,201905,0.0,113,0.04369287483361583,0.04810773450060986
SGP,201906,0.0,114,0.042946298625362846,0.047992028734653275
SGP,201907,0.0,115,0.04445761679350314,0.047981638208668166
SGP,201908,0.0,116,0.04454370400460958,0.04647853592907254
SGP,201909,0.0,117,0.043781444320440184,0.047261007572068865
SGP,201910,0.0,118,0.04290074721484621,0.04821238923148148
SGP,201911,0.0,119,0.04186215293947113,0.046611289813216314
SGP,201912,0.0,120,0.042549488254402475,0.04823473671645551
SGP,202001,0.0,121,0.04243678661793376,0.046798579818852944
SGP,202002,0.0,122,0.0444529249675234,0.04857230387349233
SGP,202003,0.0,123,0.04551165755803099,0.04731182790257494
SGP,202004,0.0,124,0.04416030987312765,0.04684171232088545
SGP,202005,0.0,125,0.04410406113585748,0.04729595677780673
SGP,202006,0.0,126,0.04284012771431157,0.04862658265476916
SGP,202007,0.0,127,0.044625469972034475,0.04708276161082453
SGP,202008,0.0,128,0.042647898864049925,0.04560966510119758
SGP,202009,0.0,129,0.044176941947158335,0.045246084898829864
SGP,202010,0.0,130,0.04237568671546882,0.04459094556119518
SGP,202011,0.0,131,0.043488519424804854,0.04424853148620735
SGP,202012,,132,0.04362891373032716,0.0450041961714746
SLE,201901,0.0,18,0.05106958650564314,0.04771091805983656
SLE,201902,0.0,19,0.051871851232182395,0.04688098867990689
SLE,201903,0.0,20,0.0491535747154464,0.047085571966920224
SLE,201904,0.0,21,0.05215546675165975,0.046876909330296826
SLE,201905,0.0,22,0.051684270029310635,0.047468657681451545
SLE,201906,0.0,23,0.04765960798654412,0.050281918496195066
SLE,201907,0.0,24,0.04963931145829477,0.04743273018678025
SLE,201908,0.0,25,0.04667576943578816,0.04633104896773814
SLE,201909,0.0,26,0.05192124553794466,0.04634342303062369
SLE,201910,0.0,27,0.05415631007831014,0.045777588859044344
SLE,201911,0.0,28,0.05246045201461062,0.045538627314267145
SLE,201912,0.0,29,0.05197657106144111,0.04729765319362547
SLE,202001,0.0,30,0.04926548460552341,0.047546095597276565
SLE,202002,0.0,31,0.04702740184404292,0.04780051037390885
SLE,202003,0.0,32,0.04830357773720067,0.048235154025128575
SLE,202004,0.0,33,0.04450619006789878,0.049103253711434876
SLE,202005,0.0,34,0.045251701974232506,0.04686623315431941
SLE,202006,0.0,35,0.043693702165592735,0.04744775524611261
SLE,202007,0.0,36,0.04522494189578,0.04698065685864793
SLE,202008,0.0,37,0.04382120658013604,0.047563330801330024
SLE,202009,0.0,38,0.045655740810056,0.04626978273904385
SLE,202010,0.0,39,0.0431777167111344,0.045127125472746575
SLE,202011,0.0,40,0.04384683976945733,0.04492739560762802
SLE,202012,,41,0.04624328777377845,0.04522012930753294
SLV,201901,0.0,109,0.04591853292655013,0.043719652855028934
SLV,201902,0.0,110,0.04334290817423384,0.04365998995811388
SLV,201903,0.0,111,0.0438977279617079,0.0434117776333299
SLV,201904,0.0,112,0.04552710809877223,0.04376745361805816
SLV,201905,0.0,113,0.07824425704598426,0.08840561192991338
SLV,201906,0.0,114,0.046483326436295665,0.04498879570868494
SLV,201907,0.0,115,0.04717483603892824,0.04532900791533551
SLV,201908,0.0,116,0.04736369488423238,0.044660947868118646
SLV,201909,0.0,117,0.04661664145562372,0.041868276717804215
SLV,201910,0.0,118,0.04584936523328862,0.04407171015302471
SLV,201911,0.0,119,0.04357684047929524,0.04398206535356788
SLV,201912,0.0,120,0.045185191607001,0.044693724831269564
SLV,202001,0.0,121,0.044830807025974535,0.050790500335380316
SLV,202002,0.0,122,0.04777184749408517,0.05054749459175351
SLV,202003,0.0,123,0.048465937829771495,0.05155189827563764
SLV,202004,0.0,124,0.04775818270911543,0.05193514453260671
SLV,202005,0.0,125,0.0474413580545029,0.05155872777143109
SLV,202006,0.0,126,0.04847519860810535,0.05079476395915594
SLV,202007,0.0,127,0.045519155078211984,0.047778389088704444
SLV,202008,0.0,128,0.04631155188352811,0.04675622678379383
SLV,202009,0.0,129,0.04754484887424359,0.04577542529263548
SLV,202010,0.0,130,0.044633319659345014,0.045661146971248574
SLV,202011,0.0,131,0.04776451497078009,0.04606586213348019
SLV,202012,,132,0.04686461363544524,0.04578234898746042
SOM,201901,1.0,0,0.9627956330820107,0.9746141278135948
SOM,201902,1.0,0,0.9688817500207663,0.9729088443397184
SOM,201903,1.0,0,0.9753449206551763,0.9716752638452054
SOM,201904,1.0,0,0.9738108451682994,0.9758902501729082
SOM,201905,1.0,0,0.9739713146392,0.9722185884148954
SOM,201906,1.0,0,0.9733836029897834,0.9731416946085832
SOM,201907,1.0,0,0.9778003068287007,0.9734762662687936
SOM,201908,1.0,0,0.9728939292640462,0.9723345591953919
SOM,201909,1.0,0,0.9765103518218956,0.9691381295186546
SOM,201910,1.0,0,0.972345662758778,0.9744278889628701
SOM,201911,1.0,0,0.9689046072656373,0.970628338112736
SOM,201912,1.0,0,0.9741286696868074,0.9767030253477941
SOM,202001,1.0,0,0.9605915139591913,0.9724699831001744
SOM,202002,1.0,0,0.9747112691366353,0.9688472750994215
SOM,202003,1.0,0,0.9707746790586842,0.9668844686634978
SOM,202004,1.0,0,0.965197353652901,0.9724431048748579
SOM,202005,1.0,0,0.9689888042580752,0.9736247370364163
SOM,202006,1.0,0,0.9702708862709738,0.9762344551763086
SOM,202007,1.0,0,0.9653252892837634,0.9668100199152196
SOM,202008,1.0,0,0.9616994604647559,0.9707691050563397
SOM,202009,1.0,0,0.970117596233191,0.9697663993869456
SOM,202010,1.0,0,0.9619913351588056,0.9683933425688749
SOM,202011,1.0,0,0.9677371964869731,0.9719509282215687
SOM,202012,,0,0.9695134814717606,0.9703585011516044
SRB,201901,0.0,24,0.042577101843726456,0.04476423202617522
SRB,201902,0.0,25,0.04112245745141906,0.044471948504945874
SRB,201903,0.0,26,0.04051751095985315,0.045340619363452496
SRB,201904,0.0,27,0.04203596570992207,0.044670723305215244
SRB,201905,0.0,28,0.04292006692737529,0.04424379065106088
SRB,201906,0.0,29,0.041117807824082225,0.04518099653441755
SRB,201907,0.0,30,0.04323337329224553,0.045981933896859735
SRB,201908,0.0,31,0.04457725883033423,0.04479190946263971
SRB,201909,0.0,32,0.042970037016673804,0.043396718963854435
SRB,201910,0.0,33,0.04176659548134875,0.044603073739829455
SRB,201911,0.0,34,0.041573373650978816,0.04419379174050794
SRB,201912,0.0,35,0.042833401839766735,0.04609786479094468
SRB,202001,0.0,36,0.04186043805768107,0.04767660223032048
SRB,202002,0.0,37,0.04252414690342685,0.048028096615133894
SRB,202003,0.0,38,0.04257102157854765,0.04569179962533615
SRB,202004,0.0,39,0.042786693378065704,0.04673659002647654
SRB,202005,0.0,40,0.04192038520356519,0.04805696030318627
SRB,202006,0.0,41,0.04231343107557548,0.048393528173064866
SRB,202007,0.0,42,0.042356487308165595,0.048406907484099246
SRB,202008,0.0,43,0.041694706140866566,0.04589614443458585
SRB,202009,0.0,44,0.04128855790641018,0.04493482946936496
SRB,202010,0.0,45,0.04029745834070716,0.04590099697508629
SRB,202011,0.0,46,0.040679741528497244,0.046070742497947265
SRB,202012,,47,0.040496875401316655,0.04609876109576347
SSD,201901,0.0,1,0.637728724700606,0.6180060889704171
SSD,201902,1.0,2,0.6208651861066703,0.5916517346611877
SSD,201903,0.0,0,0.7195712877820573,0.7034362251277956
SSD,201904,0.0,1,0.566156676138132,0.5346741445627573
SSD,201905,0.0,2,0.5352240416519161,0.520087912824754
SSD,201906,0.0,3,0.5316458420980846,0.5265783719437921
SSD,201907,1.0,4,0.3764663811403125,0.3442435310252995
SSD,201908,0.0,0,0.4783134938639181,0.4912071720014311
SSD,201909,0.0,1,0.5774479105029626,0.5929204875380955
SSD,201910,1.0,2,0.5305019327517944,0.4829435486410035
SSD,201911,1.0,0,0.6264898615165095,0.6340192337750454
SSD,201912,1.0,0,0.523821667060673,0.5278278223141881
SSD,202001,1.0,0,0.5649641221183245,0.5627669225779627
SSD,202002,1.0,0,0.6190416008730123,0.6296010337494193
SSD,202003,0.0,0,0.6057785430757819,0.6267950761922936
SSD,202004,1.0,1,0.5216475895669723,0.47960743418100044
SSD,202005,0.0,0,0.5565053816658272,0.5605371990993957
SSD,202006,1.0,1,0.45419580022552325,0.4568221837882758
SSD,202007,1.0,0,0.5973758545351171,0.5414135796706597
SSD,202008,1.0,0,0.6272559060175338,0.5936578576683773
SSD,202009,1.0,0,0.6668923153018542,0.7038080050457673
SSD,202010,0.0,0,0.7160552838313297,0.6916687512825963
SSD,202011,0.0,1,0.600574921065086,0.5629494040636963
SSD,202012,,2,0.5403944656311664,0.5257377318744754
SVK,201901,0.0,28,0.04835303911219046,0.04435827822011365
SVK,201902,0.0,29,0.04608614008208083,0.044215258467221144
SVK,201903,0.0,30,0.04895889706436321,0.04441218497660359
SVK,201904,0.0,31,0.04828943674967049,0.04328594508103015
SVK,201905,0.0,32,0.048312835407389704,0.043651306568181794
SVK,201906,0.0,33,0.047658666395640814,0.04554868740202068
SVK,201907,0.0,34,0.046457114447474517,0.04398613533690624
SVK,201908,0.0,35,0.04785654154211971,0.044241884055419387
SVK,201909,0.0,36,0.04563450330629279,0.04233951651631359
SVK,201910,0.0,37,0.04723192198398611,0.044546851988398535
SVK,201911,0.0,38,0.04446803930154686,0.04270494674797261
SVK,201912,0.0,39,0.060724129953088755,0.04434259093981127
SVK,202001,0.0,40,0.05623035619494834,0.048931689196453354
SVK,202002,0.0,41,0.049136793753455456,0.046171167192570896
SVK,202003,0.0,42,0.04937958712492103,0.04622904088174561
SVK,202004,0.0,43,0.04925877333054351,0.047356820715683846
SVK,202005,0.0,44,0.04798905062398434,0.047691791802395286
SVK,202006,0.0,45,0.04943464289678292,0.048626593767777795
SVK,202007,0.0,46,0.0459146089298702,0.04808251558130137
SVK,202008,0.0,47,0.046842749450100786,0.046679741334897516
SVK,202009,0.0,48,0.04870281948462227,0.04589832607614047
SVK,202010,0.0,49,0.0490673624744318,0.045873865876506305
SVK,202011,0.0,50,0.046190589684203115,0.04694575906511406
SVK,202012,,51,0.047255723468760606,0.046750759301208776
SVN,201901,0.0,109,0.042397246493870326,0.042975332331274776
SVN,201902,0.0,110,0.041687751473825446,0.04278658202496285
SVN,201903,0.0,111,0.04014084410474486,0.04251970766592876
SVN,201904,0.0,112,0.04284338621186601,0.042740608877490656
SVN,201905,0.0,113,0.04320575671437619,0.043369209240078345
SVN,201906,0.0,114,0.041429389990973634,0.04413399840467031
SVN,201907,0.0,115,0.04347203191640689,0.04354881315449782
SVN,201908,0.0,116,0.04391474568987176,0.043313391763145595
SVN,201909,0.0,117,0.0448391853652615,0.041135446225770436
SVN,201910,0.0,118,0.04347098499023308,0.04331394594335505
SVN,201911,0.0,119,0.04576263336198666,0.04165637701288559
SVN,201912,0.0,120,0.04588759869583099,0.04373837582112427
SVN,202001,0.0,121,0.047262312748288925,0.05307314471131603
SVN,202002,0.0,122,0.042682158265723386,0.04721863961009399
SVN,202003,0.0,123,0.04696360035459112,0.04916017127439137
SVN,202004,0.0,124,0.0441784941630572,0.052172489692195435
SVN,202005,0.0,125,0.04356164978553322,0.050608892222738684
SVN,202006,0.0,126,0.043663438596755595,0.051002447519918136
SVN,202007,0.0,127,0.0438713825333999,0.04693513748274911
SVN,202008,0.0,128,0.042540463901417525,0.04579104962161575
SVN,202009,0.0,129,0.04286415831544331,0.04646995280895719
SVN,202010,0.0,130,0.04000137889785536,0.045744923557804504
SVN,202011,0.0,131,0.04118089781101417,0.046293422336809054
SVN,202012,,132,0.04129125899151153,0.04536613092683846
SWE,201901,0.0,0,0.43599669194832125,0.42335535293898713
SWE,201902,0.0,1,0.34106150710495214,0.32079745814747007
SWE,201903,0.0,2,0.3197247749563997,0.30536683076913784
SWE,201904,0.0,3,0.28967614505267464,0.2594391887161879
SWE,201905,0.0,4,0.2393339352919333,0.21843654645244118
SWE,201906,0.0,5,0.19949798953189554,0.17792288133377845
SWE,201907,0.0,6,0.19790196356625261,0.18856213756643125
SWE,201908,0.0,7,0.19893714562752354,0.18310645334835868
SWE,201909,1.0,8,0.1797302355257969,0.18080546635919134
SWE,201910,0.0,0,0.30055243655581204,0.3242329160538712
SWE,201911,0.0,1,0.21365501763871425,0.20358351484243223
SWE,201912,0.0,2,0.19470863575310066,0.17919942454742965
SWE,202001,1.0,3,0.19267307658905636,0.19335340459498074
SWE,202002,0.0,0,0.2733511532418552,0.30270639029796026
SWE,202003,0.0,1,0.23489436730116506,0.24986069848730671
SWE,202004,0.0,2,0.2125906526014129,0.2217557227339192
SWE,202005,0.0,3,0.20622067401199654,0.19979321357771387
SWE,202006,1.0,4,0.17713310434635055,0.16864416796683787
SWE,202007,0.0,0,0.2717314737124553,0.3048161664484492
SWE,202008,0.0,1,0.24847996887957247,0.2262641782296428
SWE,202009,0.0,2,0.230066397455187,0.2129329041633046
SWE,202010,0.0,3,0.21433394852747206,0.21007368327790182
SWE,202011,0.0,4,0.18124279432441476,0.16846078327597283
SWE,202012,,5,0.1584224801093878,0.15426418897504088
SYR,201901,1.0,0,0.9754224567113426,0.9798023872142438
SYR,201902,1.0,0,0.9760182147107731,0.9768769274234852
SYR,201903,1.0,0,0.9797007564196634,0.9786764031219489
SYR,201904,1.0,0,0.9767103314945571,0.9794030292597998
SYR,201905,1.0,0,0.9762582779369243,0.9766214387639996
SYR,201906,1.0,0,0.9794332819880842,0.9773625291978308
SYR,201907,1.0,0,0.9765246424695636,0.978960033702873
SYR,201908,1.0,0,0.977252388761568,0.9762045032813649
SYR,201909,1.0,0,0.9798172125311865,0.9787597255224932
SYR,201910,1.0,0,0.9754286192081268,0.9778658081029864
SYR,201911,1.0,0,0.9742715007557459,0.9753494123012311
SYR,201912,1.0,0,0.9789845601309434,0.9785343460799066
SYR,202001,1.0,0,0.9749573073767955,0.9762451098309587
SYR,202002,1.0,0,0.9782883172163054,0.9728518470499427
SYR,202003,1.0,0,0.9780040943480209,0.9763793240480898
SYR,202004,1.0,0,0.9695889712400022,0.9784906751799657
SYR,202005,1.0,0,0.9725905746421012,0.9777183743577035
SYR,202006,1.0,0,0.977933946937533,0.9781106102062505
SYR,202007,1.0,0,0.9740986562819718,0.9767497038703772
SYR,202008,1.0,0,0.9721250325559336,0.9742730799513175
SYR,202009,1.0,0,0.9761964301281708,0.9755836822939224
SYR,202010,1.0,0,0.9713686090870205,0.976422623473171
SYR,202011,1.0,0,0.9737008272986434,0.9770588279021533
SYR,202012,,0,0.97539049984801,0.9768480616299736
TCD,201901,1.0,4,0.1724578589850949,0.15754961727030062
TCD,201902,0.0,0,0.3534633089089948,0.30315829904881436
TCD,201903,0.0,1,0.3686217493675689,0.3244515343327544
TCD,201904,1.0,2,0.3470722408879774,0.30528764807699943
TCD,201905,0.0,0,0.4990972781723127,0.45704182603338445
TCD,201906,0.0,1,0.3287033758205798,0.34461166424478934
TCD,201907,1.0,2,0.32142213192953173,0.27212320429352294
TCD,201908,0.0,0,0.4436338425123472,0.4302870600632888
TCD,201909,1.0,1,0.30963109376462855,0.30458295398922425
TCD,201910,1.0,0,0.35354033983420663,0.32819656752369064
TCD,201911,1.0,0,0.4559488364746596,0.45858762164901834
TCD,201912,1.0,0,0.47511271904718283,0.4655571774723902
TCD,202001,0.0,0,0.5454574077324746,0.5435814686843381
TCD,202002,0.0,1,0.4579801651378723,0.4784588493925678
TCD,202003,0.0,2,0.38745125362457356,0.38449275101675623
TCD,202004,0.0,3,0.3860876139323104,0.37951070592504416
TCD,202005,0.0,4,0.25814392490820004,0.257776442664258
TCD,202006,1.0,5,0.22208821248026955,0.20623648066126152
TCD,202007,0.0,0,0.4201743610918543,0.39629293413726907
TCD,202008,0.0,1,0.3008593445292972,0.2890806173981109
TCD,202009,0.0,2,0.3031857326926934,0.2966742871365183
TCD,202010,0.0,3,0.2694908298644346,0.29197569348336205
TCD,202011,0.0,4,0.2535210840234011,0.2433663422984923
TCD,202012,,5,0.2203578741798705,0.22099460051017997
TGO,201901,0.0,109,0.04499110325926607,0.04457487885104488
TGO,201902,0.0,110,0.047084802807173115,0.044864670407141746
TGO,201903,0.0,111,0.04551574696999393,0.044736126166426846
TGO,201904,0.0,112,0.08434469942480925,0.08941107404880329
TGO,201905,0.0,113,0.04396644208846042,0.04461514271438102
TGO,201906,0.0,114,0.046909669588040846,0.04539725342831896
TGO,201907,0.0,115,0.04453132046541409,0.04552297313474799
TGO,201908,0.0,116,0.04419897141769222,0.04402655883310495
TGO,201909,0.0,117,0.04443714219331943,0.043554668526626664
TGO,201910,0.0,118,0.043852860104629014,0.04447523333820371
TGO,201911,0.0,119,0.043091340685426374,0.04365446740252005
TGO,201912,0.0,120,0.0441588231788336,0.044797769899150214
TGO,202001,0.0,121,0.04366320623667421,0.046352398909156996
TGO,202002,0.0,122,0.04623651493924412,0.04706476161918755
TGO,202003,0.0,123,0.045349106331997895,0.047432254496072544
TGO,202004,0.0,124,0.04535608607007832,0.04515915960502398
TGO,202005,0.0,125,0.045405077858493466,0.04711225081129291
TGO,202006,0.0,126,0.04393352025906431,0.04702279778062949
TGO,202007,0.0,127,0.04447371282425693,0.04632571148386035
TGO,202008,0.0,128,0.04325889463388635,0.0453124851804529
TGO,202009,0.0,129,0.04293901061905543,0.04388374951206745
TGO,202010,0.0,130,0.04222955651922185,0.04479588766736889
TGO,202011,0.0,131,0.0424300484908751,0.04460929822516548
TGO,202012,,132,0.042016522560705385,0.0444666814151247
THA,201901,1.0,0,0.925858499580839,0.9670360124608598
THA,201902,1.0,0,0.9211399876688228,0.961593635331541
THA,201903,1.0,0,0.9395782469070822,0.9643628325850522
THA,201904,1.0,0,0.9236218392910485,0.964606360873914
THA,201905,1.0,0,0.924274832427836,0.9673210721840827
THA,201906,1.0,0,0.8762626360613293,0.8977749605634299
THA,201907,1.0,0,0.9029430396604841,0.9282500130623532
THA,201908,1.0,0,0.8897453419887253,0.9266536056180443
THA,201909,1.0,0,0.907548091710037,0.9114715363267473
THA,201910,1.0,0,0.8986684550903064,0.8947356681456077
THA,201911,0.0,0,0.9245251203563595,0.9450406816213878
THA,201912,1.0,1,0.7631340130651526,0.7479835562478683
THA,202001,1.0,0,0.8396787350716588,0.8380932884982467
THA,202002,1.0,0,0.8483535765045677,0.8465487677152044
THA,202003,0.0,0,0.8625858037539987,0.8450618346311962
THA,202004,0.0,1,0.7376192075398208,0.7043293329252243
THA,202005,0.0,2,0.6435456497692789,0.6220774358555698
THA,202006,1.0,3,0.6048426387412073,0.5834348561135555
THA,202007,1.0,0,0.7133546928229758,0.6839729985776749
THA,202008,0.0,0,0.7068311306677053,0.7151817746185418
THA,202009,1.0,1,0.49309268441202925,0.5224022542065481
THA,202010,1.0,0,0.6408287818161011,0.653824397772153
THA,202011,1.0,0,0.7089947873046097,0.7069656643602975
THA,202012,,0,0.7050087441554704,0.7427804247641434
TJK,201901,0.0,2,0.16080707549669593,0.14799383035271338
TJK,201902,0.0,3,0.146888780251612,0.13146009591732669
TJK,201903,0.0,4,0.1253852291430218,0.10408519345030492
TJK,201904,1.0,5,0.10166160912499135,0.09739042149172665
TJK,201905,0.0,0,0.2121513787393589,0.21821506374876293
TJK,201906,0.0,1,0.18380099442702158,0.18226936164341723
TJK,201907,0.0,2,0.15326667199017485,0.14932712216479702
TJK,201908,0.0,3,0.12939422180138582,0.12079104354530727
TJK,201909,0.0,4,0.12612795426935208,0.141654164611246
TJK,201910,0.0,5,0.08468537587129359,0.07543692669534645
TJK,201911,0.0,6,0.08729624642476393,0.07330517683115045
TJK,201912,0.0,7,0.08045504451350373,0.0660193583949254
TJK,202001,0.0,8,0.07455829942101969,0.06750644555244639
TJK,202002,0.0,9,0.07416018964455132,0.0652957990657787
TJK,202003,0.0,10,0.06986634110164455,0.06689168563234857
TJK,202004,0.0,11,0.06318563992697154,0.060051562952835945
TJK,202005,0.0,12,0.06031318983602233,0.065434878666346
TJK,202006,0.0,13,0.05695620461440526,0.05657837515703056
TJK,202007,0.0,14,0.057077936662624014,0.05981914044894273
TJK,202008,0.0,15,0.06151967337203699,0.05805414754756886
TJK,202009,0.0,16,0.056642302583644104,0.0592075792851045
TJK,202010,0.0,17,0.057293924003821835,0.05484230253764392
TJK,202011,0.0,18,0.05874209461799573,0.06116545047073034
TJK,202012,,19,0.05866701777532844,0.05986780198468952
TKM,201901,0.0,109,0.0413277817094534,0.04052156290908917
TKM,201902,0.0,110,0.04062909319822805,0.0426536835061331
TKM,201903,0.0,111,0.05154062276034697,0.04099333153035095
TKM,201904,0.0,112,0.050682393810321684,0.04233376222323036
TKM,201905,0.0,113,0.04567122215689548,0.04176144090355174
TKM,201906,0.0,114,0.04463385376296453,0.042400367157959744
TKM,201907,0.0,115,0.0445202379840849,0.04188786781613882
TKM,201908,0.0,116,0.04397069001405894,0.0425926340283804
TKM,201909,0.0,117,0.04341794978496718,0.041035821326926014
TKM,201910,0.0,118,0.04050659623183257,0.042888310178307645
TKM,201911,0.0,119,0.03944066129628833,0.041718055927761497
TKM,201912,0.0,120,0.039414028830535366,0.03993367462162087
TKM,202001,0.0,121,0.04226862899982109,0.04221175327855013
TKM,202002,0.0,122,0.03915615355370313,0.042317097315310755
TKM,202003,0.0,123,0.040585420531706974,0.04207334306780523
TKM,202004,0.0,124,0.04164528846656209,0.04245812297178701
TKM,202005,0.0,125,0.04265319474000486,0.04268779136079418
TKM,202006,0.0,126,0.04089580883300401,0.044557870577350896
TKM,202007,0.0,127,0.03902067953078512,0.042130213642843584
TKM,202008,0.0,128,0.04241754248864345,0.04144811312170526
TKM,202009,0.0,129,0.04064512729993444,0.04087106585669745
TKM,202010,0.0,130,0.039330527468364844,0.04206248519880759
TKM,202011,0.0,131,0.039049308679545126,0.03963288320439593
TKM,202012,,132,0.04090159861542,0.040351737518615816
TLS,201901,0.0,109,0.04370094724287752,0.0497079403700126
TLS,201902,0.0,110,0.044217248739152094,0.04841155706373332
TLS,201903,0.0,111,0.04499583872143001,0.042976365363447074
TLS,201904,0.0,112,0.04317265573041608,0.048743766720777966
TLS,201905,0.0,113,0.045201318061474156,0.04287205244853796
TLS,201906,0.0,114,0.0417023063429062,0.04430078183022396
TLS,201907,0.0,115,0.04391872161014595,0.043765408875299804
TLS,201908,0.0,116,0.04493108593305164,0.04327908684182171
TLS,201909,0.0,117,0.0431974104755788,0.04069910373083805
TLS,201910,0.0,118,0.04323791333430124,0.04355555218014254
TLS,201911,0.0,119,0.04197042807350579,0.047153292915926306
TLS,201912,0.0,120,0.042649057921964655,0.04426894626900281
TLS,202001,0.0,121,0.04132071448088388,0.047622060841238545
TLS,202002,0.0,122,0.04364840137178758,0.04104793156127201
TLS,202003,0.0,123,0.04312555050708987,0.04391716950857392
TLS,202004,0.0,124,0.04292435853460828,0.047835627734959064
TLS,202005,0.0,125,0.04452924899904163,0.04691506506588412
TLS,202006,0.0,126,0.04336131521747614,0.04523603311602392
TLS,202007,0.0,127,0.04296635373330458,0.041231743295540565
TLS,202008,0.0,128,0.0427153337132294,0.04233773109450354
TLS,202009,0.0,129,0.04279804940957237,0.04367231909416916
TLS,202010,0.0,130,0.0400284971822484,0.04277468566978954
TLS,202011,0.0,131,0.04203767139859904,0.04036163407049955
TLS,202012,,132,0.04170822822957457,0.041994966405751614
TUN,201901,1.0,2,0.40082382888316304,0.38271798576451593
TUN,201902,1.0,0,0.45776658377572454,0.4585150933014225
TUN,201903,1.0,0,0.6310499792166536,0.6841525670779776
TUN,201904,0.0,0,0.6662685279719106,0.6657700483605339
TUN,201905,1.0,1,0.520416136838836,0.5533916235921089
TUN,201906,0.0,0,0.6354434988275193,0.6368022998144067
TUN,201907,0.0,1,0.49653279255301513,0.5343071578215518
TUN,201908,1.0,2,0.48523884788615945,0.45408566877711465
TUN,201909,1.0,0,0.6168437027517971,0.6028778333565384
TUN,201910,0.0,0,0.615007115133583,0.6071520164673836
TUN,201911,0.0,1,0.4587208345312218,0.4535214289442137
TUN,201912,0.0,2,0.4272797482918599,0.3994888743653106
TUN,202001,0.0,3,0.38495579597603613,0.3925661689259309
TUN,202002,1.0,4,0.3697395996140223,0.36910691610225377
TUN,202003,0.0,0,0.4841783590893332,0.4738836380798181
TUN,202004,0.0,1,0.36000873496199143,0.36757386110662504
TUN,202005,0.0,2,0.28257464211038213,0.2705799056329099
TUN,202006,0.0,3,0.2661318472069893,0.2644296426413621
TUN,202007,0.0,4,0.22597015845542687,0.21267235239765878
TUN,202008,0.0,5,0.20446223450717466,0.20866439079129442
TUN,202009,0.0,6,0.22927508028840318,0.2089572544180597
TUN,202010,0.0,7,0.15718833700477464,0.15032377868259517
TUN,202011,1.0,8,0.15934146351668105,0.14611542955389226
TUN,202012,,0,0.29097722766062467,0.32709845564636275
TUR,201901,1.0,1,0.6179803516714236,0.6123336007440194
TUR,201902,1.0,0,0.7174148156006784,0.6759744530852722
TUR,201903,0.0,0,0.832201622318577,0.838122876557406
TUR,201904,1.0,1,0.6071280953778192,0.5694207475740406
TUR,201905,1.0,0,0.747722812986281,0.7518444731159508
TUR,201906,1.0,0,0.8976622032941494,0.9074199503358678
TUR,201907,1.0,0,0.8970886156235345,0.9061637012316456
TUR,201908,1.0,0,0.931795086910265,0.9505640952402501
TUR,201909,1.0,0,0.9426879076615201,0.9550873573969464
TUR,201910,0.0,0,0.9399949920790301,0.9516494607852958
TUR,201911,1.0,1,0.7668516885081886,0.7758847173492903
TUR,201912,0.0,0,0.8826290203519488,0.8771961237113779
TUR,202001,0.0,1,0.6738359284564391,0.6388726231775724
TUR,202002,1.0,2,0.5495716426889148,0.521520119307464
TUR,202003,1.0,0,0.7343132639237915,0.6839936599561155
TUR,202004,1.0,0,0.7424413469699813,0.686311279536391
TUR,202005,1.0,0,0.8225267929082324,0.824123497356663
TUR,202006,0.0,0,0.8370545546613848,0.8216615119357316
TUR,202007,0.0,1,0.7046625459965932,0.6941928172302899
TUR,202008,0.0,2,0.6251636290466049,0.6278918789601002
TUR,202009,1.0,3,0.601132372678221,0.5649796904622894
TUR,202010,1.0,0,0.6650716961766976,0.6177026472436659
TUR,202011,1.0,0,0.7205728640395667,0.7094999681243915
TUR,202012,,0,0.6949590259660507,0.6923234401469255
TWN,201901,0.0,4,0.0988668864980355,0.11837981808668664
TWN,201902,0.0,5,0.10594732488278101,0.09517466176658944
TWN,201903,0.0,6,0.08197772097911736,0.08897820683848881
TWN,201904,0.0,7,0.08004127713164393,0.08618983729451074
TWN,201905,0.0,8,0.08506915891561656,0.08250988246987018
TWN,201906,0.0,9,0.0563420107139062,0.06158386415130253
TWN,201907,0.0,10,0.05709637272285516,0.058665809499407064
TWN,201908,0.0,11,0.05746128823657551,0.06490159055022357
TWN,201909,0.0,12,0.05873620696859021,0.05609259341145126
TWN,201910,0.0,13,0.049967707660462456,0.053964857972103285
TWN,201911,1.0,14,0.05476569364897861,0.05867177384572637
TWN,201912,0.0,0,0.19054039176551757,0.21659580257570482
TWN,202001,0.0,1,0.12500746190047407,0.14322240202340572
TWN,202002,0.0,2,0.10506107562138702,0.10646076798715835
TWN,202003,0.0,3,0.09388139293287985,0.11263461334011592
TWN,202004,0.0,4,0.07575959250191593,0.08555609984727397
TWN,202005,0.0,5,0.07244543302776724,0.0772635423817016
TWN,202006,0.0,6,0.06525035600672542,0.06682566340565099
TWN,202007,0.0,7,0.06630124078369573,0.06545661054599512
TWN,202008,0.0,8,0.06218939674525309,0.06641213988126643
TWN,202009,0.0,9,0.05340084530176885,0.062445081606416875
TWN,202010,0.0,10,0.06303771085273749,0.061535133485665784
TWN,202011,0.0,11,0.05594775776802138,0.06422160864112358
TWN,202012,,12,0.05421291641614949,0.05855413672677676
TZA,201901,0.0,1,0.21281693623566628,0.20624024789920845
TZA,201902,0.0,2,0.1930334193495767,0.1959998989444612
TZA,201903,0.0,3,0.1536473714188072,0.17135157192963996
TZA,201904,0.0,4,0.09201616896681117,0.09961710773785651
TZA,201905,0.0,5,0.07047964336854352,0.07767108765648287
TZA,201906,0.0,6,0.07871819725126442,0.07292419330330878
TZA,201907,0.0,7,0.10495136217783849,0.11678562350302837
TZA,201908,0.0,8,0.08415085695337632,0.07377136743019856
TZA,201909,0.0,9,0.0741152414161482,0.07041013999791465
TZA,201910,1.0,10,0.07474635869507491,0.06375443286585888
TZA,201911,0.0,0,0.25455106218148665,0.26934462135062615
TZA,201912,0.0,1,0.17227767573936562,0.19909390999818644
TZA,202001,0.0,2,0.16418512434142415,0.16311661941517128
TZA,202002,0.0,3,0.11906018944640911,0.12095979196846915
TZA,202003,0.0,4,0.09796344222810244,0.08677345622209941
TZA,202004,0.0,5,0.07931736691526442,0.08162923390695431
TZA,202005,1.0,6,0.08237841160860752,0.07464383202694247
TZA,202006,0.0,0,0.20447904269399814,0.2219359609908677
TZA,202007,1.0,1,0.12982105007834105,0.147265108233407
TZA,202008,0.0,0,0.2190132671867645,0.24362047630327555
TZA,202009,1.0,1,0.23961455017000902,0.2627459173542213
TZA,202010,0.0,0,0.31170283968190426,0.32605855116761234
TZA,202011,0.0,1,0.3122329984809592,0.346948581375027
TZA,202012,,2,0.16220327202968218,0.17490912239315162
UGA,201901,0.0,2,0.2823472430185412,0.27165191679807543
UGA,201902,0.0,3,0.27954609458953095,0.26388988208451264
UGA,201903,1.0,4,0.2726647520111563,0.24732737963215656
UGA,201904,0.0,0,0.35680194833084866,0.36161497509454377
UGA,201905,0.0,1,0.30332418176334763,0.2788664457678752
UGA,201906,0.0,2,0.2567953494331299,0.2458605214906327
UGA,201907,1.0,3,0.24710863029065316,0.2257482062744293
UGA,201908,0.0,0,0.3462898485466069,0.348578253095228
UGA,201909,0.0,1,0.3022139092139991,0.28907204361645733
UGA,201910,0.0,2,0.24900729288774254,0.23320944068152788
UGA,201911,0.0,3,0.28043795978237074,0.28033117805481556
UGA,201912,0.0,4,0.19005900153136476,0.17613459824407665
UGA,202001,0.0,5,0.18377806682120584,0.17082687773119803
UGA,202002,0.0,6,0.1774992917606543,0.15667844230470407
UGA,202003,0.0,7,0.16225581210017048,0.15982991789130016
UGA,202004,0.0,8,0.16013065323915984,0.16403604768404192
UGA,202005,1.0,9,0.14218099946506596,0.13288948197449943
UGA,202006,0.0,0,0.2710454970968382,0.2935418583849244
UGA,202007,1.0,1,0.33152592453660046,0.3433893106838521
UGA,202008,0.0,0,0.43359691724220395,0.42628014922399976
UGA,202009,0.0,1,0.3078173998956544,0.3171257691002459
UGA,202010,0.0,2,0.2206482865402462,0.25174008132844977
UGA,202011,0.0,3,0.2375453414861007,0.24884041107650912
UGA,202012,,4,0.1930900779312621,0.2024718458903624
UKR,201901,1.0,2,0.5978346792817287,0.5435138815108399
UKR,201902,1.0,0,0.6937649635552696,0.6975952644364243
UKR,201903,1.0,0,0.8478742005683501,0.854350239400116
UKR,201904,1.0,0,0.8623210011834932,0.8937991644569147
UKR,201905,1.0,0,0.8467697262037024,0.863824691795058
UKR,201906,1.0,0,0.8805043922044871,0.8911186301583542
UKR,201907,1.0,0,0.8308696039884844,0.8405222830354252
UKR,201908,1.0,0,0.8487356537300428,0.8929859369074724
UKR,201909,0.0,0,0.8168478329310386,0.8073854378752461
UKR,201910,1.0,1,0.6391863949622063,0.6497125354511277
UKR,201911,0.0,0,0.7502981101999023,0.7231952112711393
UKR,201912,1.0,1,0.5787076557729904,0.5402503573657002
UKR,202001,1.0,0,0.6462754455657614,0.6360196951535869
UKR,202002,1.0,0,0.6749068921306942,0.6652721041452869
UKR,202003,1.0,0,0.6374607160325172,0.654634235760874
UKR,202004,1.0,0,0.6846736251428059,0.6757199273385249
UKR,202005,1.0,0,0.7463348695038746,0.7603559477943985
UKR,202006,1.0,0,0.7150711348637353,0.7538783234259586
UKR,202007,1.0,0,0.7250302600172551,0.7507751089988368
UKR,202008,0.0,0,0.7692323217997314,0.8378147851045158
UKR,202009,1.0,1,0.6076253511087153,0.6204953036161488
UKR,202010,1.0,0,0.7279310232888929,0.7266166911876016
UKR,202011,0.0,0,0.6958282321091603,0.6947078043473691
UKR,202012,,1,0.49342001078485737,0.48479098066681153
URY,201901,0.0,34,0.048671642180611666,0.048199250786082413
URY,201902,0.0,35,0.04761297057133041,0.04871830910664774
URY,201903,0.0,36,0.046343730832234,0.04983976038108528
URY,201904,0.0,37,0.04719200451966159,0.04958596884096631
URY,201905,0.0,38,0.04757818538119093,0.04888820959864689
URY,201906,0.0,39,0.053733817418879004,0.04935264757646394
URY,201907,0.0,40,0.05384138555681933,0.04884071992240309
URY,201908,0.0,41,0.05307560342444853,0.04894319508343811
URY,201909,0.0,42,0.05227883944689803,0.04797963128205421
URY,201910,0.0,43,0.05320681902262844,0.04929336140520563
URY,201911,0.0,44,0.05369023073335806,0.04842310707655577
URY,201912,0.0,45,0.05499053131911515,0.05037105128450356
URY,202001,0.0,46,0.053137485726433974,0.05324062916261235
URY,202002,0.0,47,0.05435288359752738,0.05764136474743576
URY,202003,0.0,48,0.05522906323327151,0.052895493744179116
URY,202004,0.0,49,0.05062763974081097,0.04972655824461358
URY,202005,0.0,50,0.04862065468808356,0.05050164941913443
URY,202006,0.0,51,0.05060207946950972,0.04969176985058845
URY,202007,0.0,52,0.04706312933499745,0.04857461056507573
URY,202008,0.0,53,0.047748529091514585,0.05075197808826312
URY,202009,0.0,54,0.04563568581828743,0.04664128659557534
URY,202010,0.0,55,0.04162896517894934,0.04668848583350658
URY,202011,0.0,56,0.044357123854088715,0.04697363815807179
URY,202012,,57,0.04526785052630198,0.04720047940941032
USA,201901,1.0,0,0.8747633708783294,0.855078158953694
USA,201902,1.0,0,0.8620432694689439,0.8346790071657965
USA,201903,1.0,0,0.7945669943988817,0.7654085900481374
USA,201904,1.0,0,0.9007855576752261,0.8968398425329102
USA,201905,1.0,0,0.9058781149340033,0.8903707589904795
USA,201906,1.0,0,0.9023116873096749,0.8953787517393682
USA,201907,1.0,0,0.8991147516491574,0.8885970525125875
USA,201908,1.0,0,0.9040097263126224,0.8904051019775416
USA,201909,1.0,0,0.9130892389805535,0.8872121913152361
USA,201910,1.0,0,0.8599238236436776,0.8283067247036452
USA,201911,1.0,0,0.8630768780547217,0.814648738963281
USA,201912,1.0,0,0.8013018291874741,0.7945276450199634
USA,202001,1.0,0,0.8775796860826058,0.860895966703356
USA,202002,1.0,0,0.8856250417397866,0.8830603891839314
USA,202003,1.0,0,0.8885230869152722,0.8937554217689206
USA,202004,1.0,0,0.8943525069996663,0.8876958093233928
USA,202005,1.0,0,0.8843290736085023,0.8880108209114893
USA,202006,1.0,0,0.9185945978519271,0.8995031410580947
USA,202007,1.0,0,0.9194626700635833,0.8998234056976693
USA,202008,1.0,0,0.914597016452175,0.8976215800597399
USA,202009,1.0,0,0.9304037895489371,0.9008275840500555
USA,202010,1.0,0,0.9263475090094343,0.9082310029667339
USA,202011,1.0,0,0.915397670800576,0.9057921599833054
USA,202012,,0,0.9020277510141725,0.8976353080907219
UZB,201901,0.0,40,0.043078868110568116,0.04642960420136211
UZB,201902,0.0,41,0.046258613888347976,0.045406574050217176
UZB,201903,0.0,42,0.04282007837477541,0.045148837202426864
UZB,201904,0.0,43,0.043946060783886284,0.04614550599631361
UZB,201905,0.0,44,0.044437724246895814,0.04503394477852187
UZB,201906,0.0,45,0.045409126553108574,0.04623568590298564
UZB,201907,0.0,46,0.04351859107286882,0.044932141423737706
UZB,201908,0.0,47,0.04580647040055041,0.04449068405644643
UZB,201909,0.0,48,0.04117125830615828,0.04438324493696598
UZB,201910,0.0,49,0.04163765575867132,0.0456098439458873
UZB,201911,0.0,50,0.03981369293619529,0.042531419258548364
UZB,201912,0.0,51,0.041561815131765274,0.04461940909644865
UZB,202001,0.0,52,0.04227644141698898,0.049224654963611954
UZB,202002,0.0,53,0.04393058842396588,0.047766888592441124
UZB,202003,0.0,54,0.04360271278466249,0.04821695828494458
UZB,202004,0.0,55,0.044045608975767,0.04807715460220804
UZB,202005,0.0,56,0.043772688729871286,0.0498355740206599
UZB,202006,0.0,57,0.04353681919360596,0.04863911916499391
UZB,202007,0.0,58,0.04407699259620196,0.04886692788322641
UZB,202008,0.0,59,0.04617345625233357,0.04694216185130402
UZB,202009,0.0,60,0.04554645717444744,0.0475787886205317
UZB,202010,0.0,61,0.04473433687557381,0.046366515009389965
UZB,202011,0.0,62,0.044447462952051466,0.04712603133958798
UZB,202012,,63,0.04622328770270499,0.046744725814184165
VEN,201901,1.0,0,0.407348339860501,0.43078854651497095
VEN,201902,1.0,0,0.47509874476873903,0.4883658657566437
VEN,201903,0.0,0,0.4911838707823549,0.5327861918779374
VEN,201904,1.0,1,0.4008654911880999,0.42905313743006274
VEN,201905,1.0,0,0.519396612028471,0.5389093919127224
VEN,201906,0.0,0,0.5290555987967248,0.5402603611717314
VEN,201907,1.0,1,0.35118927201414,0.3671303698655847
VEN,201908,0.0,0,0.4744975617200069,0.4693573361234505
VEN,201909,0.0,1,0.34841024772818135,0.35558125851683203
VEN,201910,0.0,2,0.313623381058615,0.34451184977252175
VEN,201911,0.0,3,0.2935691598896628,0.3120008889340166
VEN,201912,1.0,4,0.25880161188253,0.28164444543086875
VEN,202001,0.0,0,0.40572510011647706,0.4114278845712675
VEN,202002,1.0,1,0.38688058861253516,0.40011169749815506
VEN,202003,0.0,0,0.45197959695110596,0.46127422648463967
VEN,202004,1.0,1,0.3425700649701075,0.355165362852916
VEN,202005,0.0,0,0.3977162487938965,0.38850006191244807
VEN,202006,0.0,1,0.2778144763792216,0.2967596079736262
VEN,202007,0.0,2,0.285058326753936,0.30414132888350737
VEN,202008,0.0,3,0.2463665705495126,0.25724024944855106
VEN,202009,0.0,4,0.20415957619163816,0.2311300663036887
VEN,202010,0.0,5,0.20135884723029374,0.2211209235459205
VEN,202011,1.0,6,0.2072225668005242,0.20247521461715126
VEN,202012,,0,0.3291938190085577,0.32800978344696324
VNM,201901,0.0,7,0.0507657898277179,0.05069877976352141
VNM,201902,0.0,8,0.04866945925930911,0.050594875270153404
VNM,201903,0.0,9,0.04738782323720267,0.04948341856180114
VNM,201904,0.0,10,0.04942300977788599,0.04865100927486783
VNM,201905,0.0,11,0.04864702531892954,0.04996903585598446
VNM,201906,0.0,12,0.04562433494513234,0.052061069622723534
VNM,201907,0.0,13,0.045599556158546585,0.04941201091101617
VNM,201908,0.0,14,0.043297738099395515,0.047261411906174715
VNM,201909,0.0,15,0.04623108796172236,0.04794862973526783
VNM,201910,0.0,16,0.04760452597815507,0.046680260627265005
VNM,201911,0.0,17,0.044343610040948375,0.04578313452453951
VNM,201912,0.0,18,0.04636825882907428,0.04832468391424272
VNM,202001,0.0,19,0.043165209992078964,0.04561502148645016
VNM,202002,0.0,20,0.04509437637626756,0.0467218097147328
VNM,202003,0.0,21,0.044198075394753025,0.046288205500429135
VNM,202004,0.0,22,0.044795646774751806,0.0467102778886454
VNM,202005,0.0,23,0.04218755579640382,0.04423874978114501
VNM,202006,0.0,24,0.04180985009169171,0.04399699364322924
VNM,202007,0.0,25,0.04452165827250975,0.0431128955574634
VNM,202008,0.0,26,0.042412166399851486,0.042439441354487226
VNM,202009,0.0,27,0.043391274200117194,0.04217002484805192
VNM,202010,0.0,28,0.04173028055854527,0.04265247904734863
VNM,202011,0.0,29,0.04256652927360128,0.0401614348840934
VNM,202012,,30,0.042659425497842844,0.04235873043583685
XKX,201901,0.0,3,0.20133687591463467,0.1957818010790386
XKX,201902,0.0,4,0.15056450016298173,0.15033661267536283
XKX,201903,0.0,5,0.14575350264146086,0.14298816365359285
XKX,201904,0.0,6,0.1450036494479244,0.13755616730559475
XKX,201905,0.0,7,0.14146071149441294,0.1364397988511515
XKX,201906,0.0,8,0.1270141436415378,0.14017262892735258
XKX,201907,0.0,9,0.11973289066759406,0.12476172633781056
XKX,201908,0.0,10,0.13514699818812695,0.13209219805401562
XKX,201909,0.0,11,0.08934917430291144,0.11364204177391586
XKX,201910,0.0,12,0.1104429987475373,0.11434009726135706
XKX,201911,0.0,13,0.107484662693712,0.12096069666867339
XKX,201912,1.0,14,0.09038456389587472,0.10299223321944773
XKX,202001,0.0,0,0.17737899971924595,0.2330015011489426
XKX,202002,0.0,1,0.13225856411416465,0.13886696607145022
XKX,202003,0.0,2,0.12919057696070926,0.12009338660733068
XKX,202004,0.0,3,0.10118285909556113,0.11930246562959054
XKX,202005,1.0,4,0.08343584971594106,0.09655384591198347
XKX,202006,0.0,0,0.19270597509800746,0.22079608656678168
XKX,202007,0.0,1,0.13499479007769838,0.1416237037299537
XKX,202008,0.0,2,0.11269437491919505,0.11394565434076144
XKX,202009,1.0,3,0.11225814126195235,0.11861641995585515
XKX,202010,0.0,0,0.18246430216565226,0.21063446119544627
XKX,202011,0.0,1,0.1504078300888518,0.16630503844167943
XKX,202012,,2,0.13584480234986035,0.12555760186417983
YEM,201901,1.0,0,0.9732799479556555,0.9792053800963281
YEM,201902,1.0,0,0.97708070597112,0.9768769274234852
YEM,201903,1.0,0,0.9767870371906743,0.9781637937950652
YEM,201904,1.0,0,0.9756277167384907,0.9789457202328705
YEM,201905,1.0,0,0.9784006233269313,0.9762529779911234
YEM,201906,1.0,0,0.9794978862386793,0.9772870345509443
YEM,201907,1.0,0,0.9782141049878738,0.9789461827978186
YEM,201908,1.0,0,0.9777081034863033,0.9759746930295679
YEM,201909,1.0,0,0.9802237897185856,0.9787605508737179
YEM,201910,1.0,0,0.9788846944440875,0.9781491199708279
YEM,201911,1.0,0,0.9750587608198273,0.9753822717388381
YEM,201912,1.0,0,0.9802800820112004,0.9788083542745383
YEM,202001,1.0,0,0.9772748303168666,0.9776021185992065
YEM,202002,1.0,0,0.9788093413310796,0.97303650563919
YEM,202003,1.0,0,0.9787763690536521,0.976911868426788
YEM,202004,1.0,0,0.9744551774363773,0.9805435179400663
YEM,202005,1.0,0,0.9744384949064957,0.9777730582841238
YEM,202006,1.0,0,0.9744926749130798,0.9753876566259158
YEM,202007,1.0,0,0.974582360227906,0.9768912133043394
YEM,202008,1.0,0,0.9733520789062772,0.9745529332009992
YEM,202009,1.0,0,0.9730501232800325,0.9762129853060414
YEM,202010,1.0,0,0.9697792553462206,0.9763679005528454
YEM,202011,1.0,0,0.971171026407083,0.9772206984057504
YEM,202012,,0,0.9731425279237699,0.9768024754504024
ZAF,201901,1.0,0,0.7949410460265025,0.797034110083962
ZAF,201902,0.0,0,0.8032716599199635,0.7980800551320368
ZAF,201903,1.0,1,0.6155844413335497,0.6014846580281827
ZAF,201904,1.0,0,0.784933070076725,0.7795638590091807
ZAF,201905,1.0,0,0.8033334146732517,0.8062937451999578
ZAF,201906,1.0,0,0.7907753873135125,0.7890800302310191
ZAF,201907,1.0,0,0.8202402317508161,0.808636363570347
ZAF,201908,0.0,0,0.8300131073912,0.8580647501438419
ZAF,201909,1.0,1,0.6305776368772693,0.6370443623828744
ZAF,201910,0.0,0,0.7597352341174054,0.7699169565141523
ZAF,201911,0.0,1,0.6097195489065685,0.6652540084957392
ZAF,201912,0.0,2,0.5372701746741895,0.5111820791082852
ZAF,202001,0.0,3,0.5496085900724278,0.527628571635459
ZAF,202002,0.0,4,0.4530997174808322,0.45470653205787587
ZAF,202003,0.0,5,0.39469040435095465,0.41320130225275054
ZAF,202004,1.0,6,0.4244886083665118,0.39772178563424077
ZAF,202005,1.0,0,0.584904754705906,0.5732818352904236
ZAF,202006,1.0,0,0.6781686189407794,0.6993376453726267
ZAF,202007,0.0,0,0.6532156233999079,0.7160371986598076
ZAF,202008,0.0,1,0.5365204905900157,0.5697811828783614
ZAF,202009,0.0,2,0.45103643256277093,0.4267982861480963
ZAF,202010,1.0,3,0.403601437355944,0.4081952868355176
ZAF,202011,0.0,0,0.4921002334987963,0.48331242831869736
ZAF,202012,,1,0.5131955016349538,0.5567938609133425
ZMB,201901,0.0,18,0.04371903145617293,0.04891105700769233
ZMB,201902,0.0,19,0.04429891252453329,0.05055613207934399
ZMB,201903,0.0,20,0.04496784484271106,0.05049201618394505
ZMB,201904,0.0,21,0.0458177602686846,0.04943254362988966
ZMB,201905,0.0,22,0.04282846025824157,0.04830827674099324
ZMB,201906,0.0,23,0.045216265794869336,0.05125345633431991
ZMB,201907,0.0,24,0.04540342738360418,0.04856441197431471
ZMB,201908,0.0,25,0.04413587703498484,0.047464385459333645
ZMB,201909,0.0,26,0.043596866025580557,0.049124146772348956
ZMB,201910,0.0,27,0.045921951298667316,0.04884554161440668
ZMB,201911,0.0,28,0.04258667304699062,0.04864015951444531
ZMB,201912,0.0,29,0.0475229836762773,0.050348602471980766
ZMB,202001,0.0,30,0.04563109096417381,0.05434284998774198
ZMB,202002,0.0,31,0.050272392135826474,0.05108349338338604
ZMB,202003,0.0,32,0.0681354342361742,0.0516577196304854
ZMB,202004,0.0,33,0.052029905558765056,0.049546413763526614
ZMB,202005,0.0,34,0.05856836295135067,0.05019751274379026
ZMB,202006,0.0,35,0.05553658679811071,0.05138779171533377
ZMB,202007,0.0,36,0.05771419921574408,0.04977331583104143
ZMB,202008,0.0,37,0.06350602883512735,0.048897306137829374
ZMB,202009,0.0,38,0.05216949819446207,0.04733393360916356
ZMB,202010,0.0,39,0.04672812017200566,0.04592319282936642
ZMB,202011,0.0,40,0.04311578409034168,0.046945280208525675
ZMB,202012,,41,0.043824601920792,0.04634277402747954
ZWE,201901,0.0,5,0.12984035646663952,0.13799871341077388
ZWE,201902,0.0,6,0.08618073752647298,0.0991991413875025
ZWE,201903,0.0,7,0.08063567638918262,0.09455522256970492
ZWE,201904,0.0,8,0.09096814289932106,0.0957169614288145
ZWE,201905,0.0,9,0.08130826296393208,0.09616686692088953
ZWE,201906,0.0,10,0.08509515899035802,0.09379094009517724
ZWE,201907,1.0,11,0.07395189276399045,0.08786310688687683
ZWE,201908,0.0,0,0.21945725363979193,0.2268275608984884
ZWE,201909,0.0,1,0.17770067343770488,0.19742931944607447
ZWE,201910,0.0,2,0.16903711329969773,0.1933700214714677
ZWE,201911,0.0,3,0.1175366790737283,0.14596234932879765
ZWE,201912,0.0,4,0.13771136961239636,0.1394808787737853
ZWE,202001,0.0,5,0.09501208970087355,0.11122224024355966
ZWE,202002,0.0,6,0.08084617634710764,0.1123202102125094
ZWE,202003,0.0,7,0.08822101705500081,0.10957182768464177
ZWE,202004,0.0,8,0.07993703777051032,0.10698714065798111
ZWE,202005,0.0,9,0.08233338950001884,0.10725131680596793
ZWE,202006,0.0,10,0.08570717451722347,0.10628955945156615
ZWE,202007,0.0,11,0.08185211651768334,0.10295736666486521
ZWE,202008,0.0,12,0.07360607832481177,0.09485269967887852
ZWE,202009,0.0,13,0.08590992283462512,0.1248274560027079
ZWE,202010,0.0,14,0.06897881437182124,0.0853160589803499
ZWE,202011,0.0,15,0.0700672295981539,0.08414783871541673
ZWE,202012,,16,0.060337320996997866,0.08568334761122263
