iso3,period,ons_target,n_attacks_strict_since_0,preds_ons
AFG,201901,,0,0.8097956975927653
AFG,201902,,0,0.8057822409433423
AFG,201903,,0,0.8000172608423755
AFG,201904,,0,0.7914732036685563
AFG,201905,,0,0.8085598905143714
AFG,201906,,0,0.8260279377709036
AFG,201907,,0,0.8104967274840703
AFG,201908,,0,0.8410838428358121
AFG,201909,,0,0.8176855300570454
AFG,201910,,0,0.8127010452146435
AFG,201911,,0,0.8241537174232105
AFG,201912,,0,0.831501178477791
AFG,202001,,0,0.8311598633579167
AFG,202002,,0,0.8315103517662026
AFG,202003,,0,0.8307750952572494
AFG,202004,,0,0.8321736087761651
AFG,202005,,0,0.8259894067900525
AFG,202006,,0,0.8164635255198638
AFG,202007,,0,0.8128147910436258
AFG,202008,,0,0.8099464990171638
AFG,202009,,0,0.8163739384256208
AFG,202010,,0,0.8143298729335116
AFG,202011,,0,0.8227136856264313
AFG,202012,,0,0.8272912437577519
AGO,201901,0,17,0.16041033877619473
AGO,201902,0,18,0.15690427068989632
AGO,201903,0,19,0.15020746429140278
AGO,201904,0,20,0.12521862779997328
AGO,201905,0,21,0.1300952198602549
AGO,201906,0,22,0.1428775678013185
AGO,201907,1,23,0.09282816563959036
AGO,201908,1,24,0.09545662997272605
AGO,201909,1,25,0.09611059585906478
AGO,201910,,0,0.1390237585767557
AGO,201911,0,1,0.24344818180193095
AGO,201912,0,2,0.2090601555105727
AGO,202001,0,3,0.2633807693178283
AGO,202002,0,4,0.1678067592609091
AGO,202003,1,5,0.16024452174234205
AGO,202004,1,6,0.13762093449471233
AGO,202005,1,7,0.16574553953313953
AGO,202006,,0,0.20517982263984907
AGO,202007,0,1,0.3021186757140184
AGO,202008,0,2,0.29751895979634
AGO,202009,0,3,0.2606105970508721
AGO,202010,,4,0.16629841448899563
AGO,202011,,5,0.1572353719281081
AGO,202012,,6,0.1222538482127349
ALB,201901,1,15,0.1326499292995103
ALB,201902,1,16,0.1164088325375658
ALB,201903,,0,0.1459393458998687
ALB,201904,0,1,0.26176757133225703
ALB,201905,0,2,0.27110442141395086
ALB,201906,0,3,0.240973613304964
ALB,201907,0,4,0.15759375232635953
ALB,201908,0,5,0.14114833949600988
ALB,201909,0,6,0.11883109726275842
ALB,201910,0,7,0.10774654323044013
ALB,201911,0,8,0.13486155143151768
ALB,201912,0,9,0.1235776911980722
ALB,202001,0,10,0.13928170927766423
ALB,202002,0,11,0.11902124117728823
ALB,202003,0,12,0.12038779226240573
ALB,202004,0,13,0.11542612243016165
ALB,202005,0,14,0.11604255564218847
ALB,202006,0,15,0.10062877135369662
ALB,202007,1,16,0.09618731944659345
ALB,202008,1,17,0.09592498553163033
ALB,202009,1,18,0.0920074919942135
ALB,202010,,0,0.12741240405757812
ALB,202011,,1,0.23542164229491316
ALB,202012,,2,0.20780558517461237
ARE,201901,0,49,0.08741253283677818
ARE,201902,0,50,0.09317143591062087
ARE,201903,0,51,0.09543881788009617
ARE,201904,0,52,0.0890825226057029
ARE,201905,0,53,0.09117149726428599
ARE,201906,0,54,0.083354033868458
ARE,201907,0,55,0.08852249764680574
ARE,201908,0,56,0.08461201958266036
ARE,201909,0,57,0.08895255201540536
ARE,201910,0,58,0.08137777059115575
ARE,201911,0,59,0.08162015037464843
ARE,201912,0,60,0.08020019370826541
ARE,202001,0,61,0.08306003911396495
ARE,202002,0,62,0.08568575179203161
ARE,202003,0,63,0.08012383592118788
ARE,202004,0,64,0.0813999127145046
ARE,202005,0,65,0.08118044967994384
ARE,202006,0,66,0.08029375946672589
ARE,202007,0,67,0.07662048271580818
ARE,202008,0,68,0.08471504610204365
ARE,202009,0,69,0.09261982492216443
ARE,202010,,70,0.08889274371515572
ARE,202011,,71,0.08988335643139274
ARE,202012,,72,0.09425423145928963
ARG,201901,0,2,0.4531966201209633
ARG,201902,0,3,0.44533714991182366
ARG,201903,0,4,0.3838776977319378
ARG,201904,0,5,0.35518543688671955
ARG,201905,0,6,0.36827930208929865
ARG,201906,0,7,0.3623740720441929
ARG,201907,0,8,0.3617299085821475
ARG,201908,0,9,0.30067045825339206
ARG,201909,0,10,0.2908500072117278
ARG,201910,0,11,0.29444888688086396
ARG,201911,0,12,0.29174393290516937
ARG,201912,0,13,0.23876862571432614
ARG,202001,0,14,0.24513589622762452
ARG,202002,0,15,0.24238655338628193
ARG,202003,0,16,0.22839295647582553
ARG,202004,0,17,0.22676003455596003
ARG,202005,0,18,0.2117580659850156
ARG,202006,1,19,0.22348338079194488
ARG,202007,1,20,0.2168946162131843
ARG,202008,1,21,0.2003411173049183
ARG,202009,,0,0.22430952994358833
ARG,202010,,1,0.3892145574426933
ARG,202011,,0,0.40147181935100035
ARG,202012,,0,0.47856045851306317
ARM,201901,0,3,0.23201679487920132
ARM,201902,0,4,0.17210887275152006
ARM,201903,0,5,0.16413715867119388
ARM,201904,0,6,0.18023617013411403
ARM,201905,0,7,0.17602628264920955
ARM,201906,0,8,0.1461737907609948
ARM,201907,0,9,0.11981435698495634
ARM,201908,0,10,0.12571812783729708
ARM,201909,0,11,0.12580165946518032
ARM,201910,0,12,0.143856857141727
ARM,201911,0,13,0.10631540335605014
ARM,201912,0,14,0.1038662834523382
ARM,202001,0,15,0.10313228310715554
ARM,202002,0,16,0.1054572228284526
ARM,202003,0,17,0.1030885459236463
ARM,202004,0,18,0.10012875499164962
ARM,202005,0,19,0.09537041830427344
ARM,202006,0,20,0.09612323257232297
ARM,202007,0,21,0.12428917120439634
ARM,202008,0,22,0.1262831794629005
ARM,202009,0,23,0.16216249476537054
ARM,202010,,24,0.17534637272570935
ARM,202011,,25,0.184262563322441
ARM,202012,,26,0.13828693995026825
AUS,201901,0,2,0.5084970155237238
AUS,201902,1,3,0.5389547653855693
AUS,201903,1,4,0.3705593423072749
AUS,201904,1,5,0.3438343596311919
AUS,201905,,0,0.37676773581630113
AUS,201906,,0,0.4566274694394834
AUS,201907,0,1,0.5308621383652167
AUS,201908,0,2,0.4924741396480999
AUS,201909,0,3,0.5101039075164046
AUS,201910,0,4,0.3255743782333927
AUS,201911,0,5,0.30098780499795214
AUS,201912,1,6,0.24141166503641506
AUS,202001,1,7,0.228006595890678
AUS,202002,1,8,0.22364990629685533
AUS,202003,,0,0.27253002890455325
AUS,202004,1,1,0.37765963822337745
AUS,202005,,0,0.36984484031863973
AUS,202006,1,1,0.3576138859301226
AUS,202007,1,2,0.3068171414635999
AUS,202008,,0,0.28687068141176836
AUS,202009,0,1,0.37036408024016915
AUS,202010,,2,0.3615178290207944
AUS,202011,,3,0.3796825562598696
AUS,202012,,4,0.3258277793989714
AUT,201901,0,10,0.20606407997318338
AUT,201902,0,11,0.20378416923272932
AUT,201903,0,12,0.2188872588103812
AUT,201904,0,13,0.18474696107120583
AUT,201905,0,14,0.18720439224727856
AUT,201906,0,15,0.17978633679577677
AUT,201907,0,16,0.16397540630699559
AUT,201908,0,17,0.15767234691685025
AUT,201909,0,18,0.13722292060453922
AUT,201910,0,19,0.13756255698406772
AUT,201911,0,20,0.1393526693377177
AUT,201912,0,21,0.11603899009500367
AUT,202001,0,22,0.12597512806453204
AUT,202002,0,23,0.1310545395065057
AUT,202003,0,24,0.12162358895445527
AUT,202004,0,25,0.1166915662228906
AUT,202005,1,26,0.11510923730373138
AUT,202006,1,27,0.10812334934935292
AUT,202007,1,28,0.1095838550320493
AUT,202008,,0,0.15426678473417707
AUT,202009,1,1,0.2516607978455177
AUT,202010,,2,0.23298131862246987
AUT,202011,,0,0.33408779677078415
AUT,202012,,1,0.3946788721518506
AZE,201901,0,6,0.18658873882802618
AZE,201902,0,7,0.17075985568535168
AZE,201903,0,8,0.21261871790359396
AZE,201904,0,9,0.19110106142721256
AZE,201905,0,10,0.20644872878119372
AZE,201906,0,11,0.1888791401325878
AZE,201907,0,12,0.17056428664843817
AZE,201908,0,13,0.12493978589317259
AZE,201909,0,14,0.1582582033290374
AZE,201910,0,15,0.16370749917505611
AZE,201911,0,16,0.10901579778364882
AZE,201912,0,17,0.11227514733714489
AZE,202001,0,18,0.13255769079304816
AZE,202002,0,19,0.13446714554530423
AZE,202003,0,20,0.12254095050025086
AZE,202004,0,21,0.09558920949837958
AZE,202005,0,22,0.0923408109088143
AZE,202006,0,23,0.0881323713725783
AZE,202007,0,24,0.1496831188995197
AZE,202008,0,25,0.1215561362389172
AZE,202009,0,26,0.15643268303340993
AZE,202010,,27,0.16280097943195673
AZE,202011,,28,0.17065971307030378
AZE,202012,,29,0.16994714032018354
BDI,201901,,0,0.5985139001164426
BDI,201902,0,1,0.7431252798432755
BDI,201903,0,2,0.712415059821414
BDI,201904,0,3,0.7130662866735276
BDI,201905,0,4,0.5681045232271021
BDI,201906,1,5,0.5015576806223973
BDI,201907,1,6,0.3873330225029754
BDI,201908,1,7,0.4029383353205078
BDI,201909,,0,0.42625238022261963
BDI,201910,,0,0.6380740065968282
BDI,201911,,0,0.6849199918492124
BDI,201912,1,1,0.6913269177891697
BDI,202001,1,2,0.6523885967705354
BDI,202002,1,3,0.6265778864666904
BDI,202003,,0,0.5289426034418787
BDI,202004,1,1,0.6860703917897532
BDI,202005,,0,0.6337299484563101
BDI,202006,1,1,0.7145663672820691
BDI,202007,1,2,0.6491331445631551
BDI,202008,,0,0.66392666094628
BDI,202009,,0,0.6964178559814529
BDI,202010,,1,0.731430419678939
BDI,202011,,2,0.6857278632419888
BDI,202012,,3,0.6840000715459673
BEL,201901,0,6,0.2912790799566829
BEL,201902,0,7,0.2724701653070329
BEL,201903,0,8,0.2970614386341891
BEL,201904,0,9,0.25067345177605743
BEL,201905,0,10,0.25020906623800543
BEL,201906,0,11,0.22354587017269212
BEL,201907,0,12,0.20275393470029343
BEL,201908,1,13,0.21899580388603643
BEL,201909,1,14,0.19094509172565086
BEL,201910,1,15,0.18511377412657182
BEL,201911,,0,0.2079763287111825
BEL,201912,0,1,0.28231985764024403
BEL,202001,1,2,0.27552269542964325
BEL,202002,1,3,0.2787027879108017
BEL,202003,1,4,0.2327755373391591
BEL,202004,,0,0.2424800259702895
BEL,202005,1,1,0.3343258109585423
BEL,202006,1,2,0.30369104909840416
BEL,202007,,0,0.2928680328591727
BEL,202008,1,1,0.35001569045708086
BEL,202009,,0,0.3541110879720781
BEL,202010,,1,0.4454534692492346
BEL,202011,,2,0.4327149962129942
BEL,202012,,3,0.3602066341915864
BFA,201901,,0,0.8076976672307193
BFA,201902,,0,0.7768848404711836
BFA,201903,,0,0.7925563697432338
BFA,201904,,0,0.7764374317089958
BFA,201905,,0,0.7832260323005699
BFA,201906,,0,0.7894602610709051
BFA,201907,,0,0.8211747828262179
BFA,201908,,0,0.7931403561912995
BFA,201909,,0,0.7820851841157571
BFA,201910,,0,0.8049736794373472
BFA,201911,,0,0.8058406604698383
BFA,201912,,0,0.8172870119763256
BFA,202001,,0,0.7937653452747807
BFA,202002,,0,0.816714204166669
BFA,202003,,0,0.7969133838910296
BFA,202004,,0,0.8102742596409626
BFA,202005,,0,0.8079792058556946
BFA,202006,,0,0.8140108865301692
BFA,202007,,0,0.8199704364243705
BFA,202008,,0,0.8136758299211023
BFA,202009,,0,0.8280271646674352
BFA,202010,,0,0.8210267905374222
BFA,202011,,0,0.8125517558233554
BFA,202012,,0,0.8048345384762091
BGD,201901,1,1,0.7791923327281632
BGD,201902,,0,0.697992656291377
BGD,201903,,0,0.75043831326059
BGD,201904,,0,0.7747775466970437
BGD,201905,,0,0.7302939442042177
BGD,201906,1,1,0.7690019096361198
BGD,201907,,0,0.7019743173884051
BGD,201908,,0,0.772084693597
BGD,201909,,0,0.7221400808964638
BGD,201910,,0,0.7359264042566583
BGD,201911,1,1,0.7693729034464881
BGD,201912,,0,0.6963010245560093
BGD,202001,,0,0.7655927615999772
BGD,202002,,0,0.7495652528470429
BGD,202003,1,1,0.7349318624273832
BGD,202004,1,2,0.6978604985101966
BGD,202005,,0,0.6853888834455202
BGD,202006,1,1,0.6802930386768454
BGD,202007,,0,0.7075976589327837
BGD,202008,,0,0.7320677642082294
BGD,202009,1,1,0.7537291973021806
BGD,202010,,2,0.7273174727379912
BGD,202011,,0,0.6509935673960698
BGD,202012,,1,0.760845523063361
BGR,201901,0,8,0.10872279098205642
BGR,201902,0,9,0.10208494431878988
BGR,201903,0,10,0.11048778314847585
BGR,201904,0,11,0.11071686007164626
BGR,201905,0,12,0.10749813519285349
BGR,201906,0,13,0.10107007382314417
BGR,201907,0,14,0.09547652403494626
BGR,201908,0,15,0.09466267394861991
BGR,201909,0,16,0.08895209172498278
BGR,201910,0,17,0.08861390367795285
BGR,201911,0,18,0.08371295593084704
BGR,201912,0,19,0.08240041675968576
BGR,202001,0,20,0.09510278927989796
BGR,202002,0,21,0.08798687918923745
BGR,202003,0,22,0.08644577872224948
BGR,202004,1,23,0.08944207790369851
BGR,202005,1,24,0.08977585457463279
BGR,202006,1,25,0.08604812103326966
BGR,202007,,0,0.1261418674970617
BGR,202008,0,1,0.22973194884969836
BGR,202009,0,2,0.19124323407782653
BGR,202010,,3,0.18668339012783897
BGR,202011,,4,0.12789207483570655
BGR,202012,,5,0.12059441761916163
BHR,201901,0,10,0.3019780522600736
BHR,201902,0,11,0.32110730580132113
BHR,201903,0,12,0.3210194686796976
BHR,201904,0,13,0.3085325814308254
BHR,201905,0,14,0.3095377142903365
BHR,201906,0,15,0.3104531067367056
BHR,201907,0,16,0.29794128770911377
BHR,201908,0,17,0.2782105798812768
BHR,201909,0,18,0.27438801428809745
BHR,201910,0,19,0.2682245104918239
BHR,201911,0,20,0.26885717342955856
BHR,201912,0,21,0.2580977023577853
BHR,202001,0,22,0.26301137242111045
BHR,202002,0,23,0.27533748527350516
BHR,202003,0,24,0.1591500984616209
BHR,202004,0,25,0.17706022850466013
BHR,202005,0,26,0.1565144062508536
BHR,202006,0,27,0.16282657197661912
BHR,202007,0,28,0.16709082296302225
BHR,202008,0,29,0.14914504027358075
BHR,202009,0,30,0.1654346757374228
BHR,202010,,31,0.1727974502506186
BHR,202011,,32,0.10320209843790425
BHR,202012,,33,0.1058243746474463
BIH,201901,0,4,0.178114349158989
BIH,201902,0,5,0.1506870212349941
BIH,201903,0,6,0.17202076170581163
BIH,201904,0,7,0.15055005053718
BIH,201905,0,8,0.14797212459790413
BIH,201906,0,9,0.1336823366376194
BIH,201907,0,10,0.13309050079127854
BIH,201908,0,11,0.14451415012412736
BIH,201909,0,12,0.1152220195723783
BIH,201910,0,13,0.10690624974856883
BIH,201911,0,14,0.10564799478935508
BIH,201912,0,15,0.10573277154841065
BIH,202001,0,16,0.11383263743352517
BIH,202002,0,17,0.11764551247304922
BIH,202003,0,18,0.10565401542494547
BIH,202004,0,19,0.10139257809618339
BIH,202005,0,20,0.10567881420489911
BIH,202006,0,21,0.09709936881075386
BIH,202007,0,22,0.10349170513130213
BIH,202008,0,23,0.09815593922377813
BIH,202009,0,24,0.09575397221633923
BIH,202010,,25,0.09765394181616843
BIH,202011,,26,0.09750066519417397
BIH,202012,,27,0.09356016763766194
BLR,201901,0,74,0.09388924789554194
BLR,201902,0,75,0.09534296198963563
BLR,201903,0,76,0.0861962617526101
BLR,201904,0,77,0.09391457533058359
BLR,201905,0,78,0.08571571030367359
BLR,201906,0,79,0.09550622963248498
BLR,201907,0,80,0.08660668423855838
BLR,201908,0,81,0.08687915846978127
BLR,201909,0,82,0.09098277296624038
BLR,201910,0,83,0.09488545146559395
BLR,201911,0,84,0.09715511180340444
BLR,201912,0,85,0.09822909219849692
BLR,202001,0,86,0.09438320177881013
BLR,202002,0,87,0.1012147590035515
BLR,202003,0,88,0.09386359829350444
BLR,202004,0,89,0.10050762822792222
BLR,202005,0,90,0.09415325251030042
BLR,202006,0,91,0.09693483730096608
BLR,202007,1,92,0.10030975062552004
BLR,202008,1,93,0.10099398234370453
BLR,202009,1,94,0.10625068245895575
BLR,202010,,0,0.1482267138889397
BLR,202011,,1,0.2664201586625385
BLR,202012,,2,0.2315254542313983
BOL,201901,0,11,0.16003914953979845
BOL,201902,0,12,0.14329938967678524
BOL,201903,0,13,0.11203476821218672
BOL,201904,0,14,0.11375786043649408
BOL,201905,0,15,0.10817071292417177
BOL,201906,0,16,0.10991720702588018
BOL,201907,1,17,0.09739141624990187
BOL,201908,1,18,0.10285072978075545
BOL,201909,1,19,0.10488138035842809
BOL,201910,,0,0.14796594238532568
BOL,201911,0,1,0.29675347887902415
BOL,201912,0,2,0.25636719823733817
BOL,202001,0,3,0.25352414372539817
BOL,202002,0,4,0.1704031317852588
BOL,202003,1,5,0.16750468375599856
BOL,202004,1,6,0.1530187169759756
BOL,202005,1,7,0.1672434594374921
BOL,202006,,0,0.191886165670245
BOL,202007,0,1,0.6137591534757335
BOL,202008,0,2,0.5929800671482581
BOL,202009,0,3,0.5282421350915195
BOL,202010,,4,0.42923731776023444
BOL,202011,,5,0.3802590180194562
BOL,202012,,6,0.40106998185724796
BRA,201901,0,1,0.66972807179997
BRA,201902,0,2,0.6649809123278311
BRA,201903,0,3,0.6447982149854949
BRA,201904,0,4,0.5401887532670888
BRA,201905,0,5,0.5211400058688891
BRA,201906,0,6,0.39070743451550477
BRA,201907,0,7,0.401755787582776
BRA,201908,0,8,0.40496201526591874
BRA,201909,1,9,0.3626437611494787
BRA,201910,1,10,0.3471137591840457
BRA,201911,1,11,0.3233103097190956
BRA,201912,,0,0.307942534554652
BRA,202001,1,1,0.5090378634614494
BRA,202002,,0,0.49932529690024036
BRA,202003,1,1,0.580326582553319
BRA,202004,,0,0.5526673538768844
BRA,202005,,0,0.616938329841354
BRA,202006,,0,0.6353477222302024
BRA,202007,1,1,0.6335414960649883
BRA,202008,1,2,0.6191153693663585
BRA,202009,1,3,0.6004669065540434
BRA,202010,,0,0.535785734272745
BRA,202011,,0,0.620101799922853
BRA,202012,,1,0.651401992078573
BWA,201901,0,109,0.08680642887804182
BWA,201902,0,110,0.09187658905634835
BWA,201903,0,111,0.08737614988555627
BWA,201904,0,112,0.08701480303638051
BWA,201905,0,113,0.08425539131227769
BWA,201906,0,114,0.09537228159468437
BWA,201907,0,115,0.09560676350241737
BWA,201908,0,116,0.09341450493093245
BWA,201909,0,117,0.0986113816604942
BWA,201910,0,118,0.10533674102321616
BWA,201911,0,119,0.10073192159491041
BWA,201912,0,120,0.10505081013455884
BWA,202001,0,121,0.09542594470895718
BWA,202002,0,122,0.09392741969778191
BWA,202003,0,123,0.0871770063884277
BWA,202004,0,124,0.09667641599399802
BWA,202005,0,125,0.09205289349593512
BWA,202006,0,126,0.09215913792483342
BWA,202007,0,127,0.09070491830464932
BWA,202008,0,128,0.09257724671237728
BWA,202009,0,129,0.09439215017272823
BWA,202010,,130,0.09128649001596079
BWA,202011,,131,0.08573575837262974
BWA,202012,,132,0.08801719044253124
CAF,201901,,0,0.7746040988602797
CAF,201902,1,1,0.7889428679222054
CAF,201903,,0,0.7615950162852364
CAF,201904,,0,0.8092557542363642
CAF,201905,,0,0.7959111567557973
CAF,201906,0,1,0.8050797858614115
CAF,201907,0,2,0.7714787840411585
CAF,201908,0,3,0.7505604494132767
CAF,201909,0,4,0.58526654002044
CAF,201910,0,5,0.5400700544598684
CAF,201911,1,6,0.5759399766576129
CAF,201912,1,7,0.5350093350806359
CAF,202001,1,8,0.5131079536814915
CAF,202002,,0,0.5888115445654661
CAF,202003,,0,0.7483039890755534
CAF,202004,1,1,0.8038154406381469
CAF,202005,,0,0.7309953756492432
CAF,202006,,0,0.7278223141948412
CAF,202007,,0,0.7662056861503241
CAF,202008,,0,0.7592001398423753
CAF,202009,,0,0.7675722635562623
CAF,202010,,0,0.776705801702693
CAF,202011,,1,0.7926248328414138
CAF,202012,,0,0.7653163816794673
CAN,201901,1,3,0.5603300922110572
CAN,201902,1,4,0.5025096532538694
CAN,201903,,0,0.5071965972618884
CAN,201904,,0,0.5833402819896767
CAN,201905,,0,0.6146735245725762
CAN,201906,,0,0.6046413568183923
CAN,201907,1,1,0.5976960917492832
CAN,201908,1,2,0.5671443721162646
CAN,201909,1,3,0.5557004946452214
CAN,201910,,0,0.5104286938042591
CAN,201911,1,1,0.5916021533882563
CAN,201912,1,2,0.5744120604886261
CAN,202001,1,3,0.5753635188846427
CAN,202002,,0,0.5023149989223977
CAN,202003,1,1,0.6070500756533425
CAN,202004,1,2,0.5749751348887834
CAN,202005,,0,0.5907059531331007
CAN,202006,1,1,0.6676835038079375
CAN,202007,,0,0.6375533796447617
CAN,202008,,0,0.6840882616484845
CAN,202009,,0,0.6683668349446757
CAN,202010,,1,0.6638325187951024
CAN,202011,,2,0.6283765583096201
CAN,202012,,3,0.6257079170447765
CHE,201901,1,12,0.14677213289261673
CHE,201902,1,13,0.1277225472208782
CHE,201903,1,14,0.12589081980158012
CHE,201904,,0,0.17397787509950555
CHE,201905,0,1,0.2990814113293992
CHE,201906,0,2,0.26127926309045685
CHE,201907,0,3,0.27893556521783897
CHE,201908,0,4,0.20289247495107035
CHE,201909,0,5,0.19053466248896636
CHE,201910,0,6,0.1908870635957118
CHE,201911,0,7,0.16837867051302557
CHE,201912,0,8,0.14549475478135823
CHE,202001,0,9,0.15311342946759446
CHE,202002,0,10,0.14699734361134292
CHE,202003,0,11,0.15249237471113472
CHE,202004,0,12,0.13248734363911946
CHE,202005,0,13,0.13430372409382507
CHE,202006,1,14,0.11593290879199161
CHE,202007,1,15,0.12997170695812124
CHE,202008,1,16,0.11774178962244727
CHE,202009,,0,0.16470039399730801
CHE,202010,,1,0.2889837232911638
CHE,202011,,2,0.2439259461408584
CHE,202012,,3,0.25687642650290826
CHL,201901,,0,0.7069829159689556
CHL,201902,,0,0.7332070121574745
CHL,201903,,0,0.7128355280685829
CHL,201904,1,1,0.7259791931719073
CHL,201905,,0,0.6703859971208123
CHL,201906,,0,0.7161295223479935
CHL,201907,,0,0.7264007225382884
CHL,201908,1,1,0.7366596201949873
CHL,201909,,0,0.6593084263045869
CHL,201910,,0,0.7445469871418857
CHL,201911,,0,0.7541194790356671
CHL,201912,1,1,0.7441355816442141
CHL,202001,,0,0.6965111484328649
CHL,202002,,0,0.7358480872376009
CHL,202003,,0,0.7339894399742328
CHL,202004,,0,0.7292011015170936
CHL,202005,,0,0.7609032603095361
CHL,202006,,0,0.7430501865285014
CHL,202007,1,1,0.7460175300699398
CHL,202008,,0,0.6781976368536862
CHL,202009,,0,0.7741328088044321
CHL,202010,,0,0.7604063184458361
CHL,202011,,0,0.7434064225609306
CHL,202012,,0,0.7396986188405866
CHN,201901,0,7,0.2867937355783921
CHN,201902,0,8,0.2907867183831568
CHN,201903,0,9,0.2863835230666527
CHN,201904,0,10,0.29330070922427964
CHN,201905,1,11,0.23809484725862887
CHN,201906,1,12,0.21728735022107654
CHN,201907,1,13,0.20696763419976075
CHN,201908,,0,0.27266744616590344
CHN,201909,,0,0.4683246689193188
CHN,201910,,0,0.6342612703044156
CHN,201911,,0,0.6522073998235979
CHN,201912,,0,0.6724424167541764
CHN,202001,,0,0.6729099139591554
CHN,202002,,0,0.6853347278377696
CHN,202003,,0,0.671971063653867
CHN,202004,,0,0.7056649322807008
CHN,202005,,0,0.7086659080636046
CHN,202006,1,1,0.7239095713700954
CHN,202007,,0,0.6577587917768671
CHN,202008,0,1,0.6679358741738122
CHN,202009,1,2,0.6590031267375211
CHN,202010,,3,0.6761451596262286
CHN,202011,,4,0.5356600373539354
CHN,202012,,0,0.5329573506986947
CIV,201901,0,16,0.19262206926122413
CIV,201902,0,17,0.18116829994604383
CIV,201903,0,18,0.17933527401624208
CIV,201904,0,19,0.16797831134800117
CIV,201905,0,20,0.16074940188988232
CIV,201906,0,21,0.15038674261452573
CIV,201907,0,22,0.1528660854253325
CIV,201908,0,23,0.15831410714829688
CIV,201909,0,24,0.16247883763352655
CIV,201910,0,25,0.1673615489774521
CIV,201911,0,26,0.1520684390660415
CIV,201912,0,27,0.1475682427113189
CIV,202001,0,28,0.16138349399615456
CIV,202002,0,29,0.17116367658824153
CIV,202003,0,30,0.15846523910211796
CIV,202004,0,31,0.18406380599594716
CIV,202005,0,32,0.16099157439027206
CIV,202006,0,33,0.16628566594534067
CIV,202007,0,34,0.16300640772159633
CIV,202008,1,35,0.15685720890019467
CIV,202009,1,36,0.10593734707374906
CIV,202010,,37,0.10810991189052736
CIV,202011,,0,0.22664262581038497
CIV,202012,,1,0.3075442320458917
CMR,201901,,0,0.7939492050856718
CMR,201902,,0,0.7942333641376456
CMR,201903,,0,0.7931932561743502
CMR,201904,,0,0.8000210047714086
CMR,201905,,0,0.7946386529220781
CMR,201906,,0,0.7853709471143046
CMR,201907,,0,0.7933469808751962
CMR,201908,,0,0.8045864030986372
CMR,201909,,0,0.7908311465875179
CMR,201910,,0,0.781641052314
CMR,201911,,0,0.8002633990302415
CMR,201912,,0,0.7963632556217469
CMR,202001,,0,0.7690548089573072
CMR,202002,,0,0.8098955174677753
CMR,202003,,0,0.763985257048481
CMR,202004,,0,0.7832778707281524
CMR,202005,,0,0.7573978598938261
CMR,202006,,0,0.7646116460434393
CMR,202007,,0,0.7624622242728265
CMR,202008,,0,0.7579620063155019
CMR,202009,,0,0.775344917136308
CMR,202010,,0,0.7834392766900412
CMR,202011,,0,0.7831451332523153
CMR,202012,,0,0.7882133598312422
COD,201901,,0,0.7936801074238423
COD,201902,,0,0.8067365720168764
COD,201903,,0,0.8063289235291006
COD,201904,,0,0.8197978525565389
COD,201905,,0,0.8048241053881116
COD,201906,,0,0.8143651985858098
COD,201907,,0,0.8102398459153978
COD,201908,,0,0.8236995926795747
COD,201909,,0,0.8093078194623105
COD,201910,,0,0.7942282240662188
COD,201911,,0,0.8059492502219651
COD,201912,,0,0.830414633943295
COD,202001,,0,0.7967563634372117
COD,202002,,0,0.8188523175847472
COD,202003,,0,0.794899571877074
COD,202004,,0,0.8046076695671676
COD,202005,,0,0.799967403588321
COD,202006,,0,0.794516700680824
COD,202007,,0,0.8056091934879316
COD,202008,,0,0.7995873908518368
COD,202009,,0,0.8095797707040339
COD,202010,,0,0.7993501210999336
COD,202011,,0,0.8027404954287023
COD,202012,,0,0.812668132068458
COG,201901,0,27,0.28495869465843227
COG,201902,0,28,0.277021475550825
COG,201903,0,29,0.28706579421551537
COG,201904,0,30,0.28903646050823967
COG,201905,0,31,0.16390065340635254
COG,201906,0,32,0.14001888118319517
COG,201907,0,33,0.13270458869086366
COG,201908,0,34,0.14577600096317014
COG,201909,0,35,0.1317430870268974
COG,201910,0,36,0.1056690850687829
COG,201911,0,37,0.10112522211665706
COG,201912,0,38,0.09217841763388568
COG,202001,0,39,0.10202470158183508
COG,202002,0,40,0.10357863074659387
COG,202003,0,41,0.08883575040217115
COG,202004,0,42,0.09366354829273345
COG,202005,0,43,0.09538423063723676
COG,202006,0,44,0.09231288150232234
COG,202007,0,45,0.09065844051161866
COG,202008,0,46,0.09201631245269803
COG,202009,0,47,0.09077598900918141
COG,202010,,48,0.08979204443929172
COG,202011,,49,0.08546729280586125
COG,202012,,50,0.08814793200097382
COL,201901,,0,0.7804327079218203
COL,201902,,0,0.7715172533564504
COL,201903,,0,0.7875010007340605
COL,201904,,0,0.7859372352920111
COL,201905,,0,0.7769040194934139
COL,201906,,0,0.7840493693698228
COL,201907,,0,0.7950750637230086
COL,201908,,0,0.7892065962903332
COL,201909,,0,0.7904648642265636
COL,201910,,0,0.7864769612486087
COL,201911,,0,0.7961621182433692
COL,201912,,0,0.813296128409046
COL,202001,,0,0.7875324993846787
COL,202002,,0,0.8100130288416365
COL,202003,,0,0.7843952494755024
COL,202004,,0,0.7716498550634554
COL,202005,,0,0.7755210137461144
COL,202006,,0,0.7841952878753162
COL,202007,,0,0.7760201391317736
COL,202008,,0,0.7962512910601534
COL,202009,,0,0.7989964622949833
COL,202010,,0,0.7833721614128346
COL,202011,,0,0.7829791533795355
COL,202012,,0,0.7772026902083802
COM,201901,0,6,0.18210042717156874
COM,201902,0,7,0.14942006538767855
COM,201903,0,8,0.16291273863842634
COM,201904,0,9,0.148915473687264
COM,201905,0,10,0.14168534374410505
COM,201906,0,11,0.13320553187728146
COM,201907,0,12,0.125265856327803
COM,201908,0,13,0.10921016041346332
COM,201909,0,14,0.10746305233711778
COM,201910,0,15,0.10835626554261778
COM,201911,0,16,0.09698431722285679
COM,201912,0,17,0.09977529890920231
COM,202001,0,18,0.10081092168179479
COM,202002,0,19,0.09727495282245499
COM,202003,0,20,0.09730801150609224
COM,202004,0,21,0.10670822681338406
COM,202005,0,22,0.09858721190408146
COM,202006,0,23,0.09434473810978661
COM,202007,0,24,0.09495658292244963
COM,202008,0,25,0.09183730979893558
COM,202009,0,26,0.09546078862567293
COM,202010,,27,0.09118227981491925
COM,202011,,28,0.08618683348066578
COM,202012,,29,0.09033975473045035
CRI,201901,0,109,0.10013288809223168
CRI,201902,0,110,0.1018241498976057
CRI,201903,1,111,0.10243697032212194
CRI,201904,1,112,0.10642252132108476
CRI,201905,1,113,0.11622701601293053
CRI,201906,,0,0.15840596893247036
CRI,201907,,0,0.24082695754792124
CRI,201908,0,1,0.24927576151413447
CRI,201909,0,2,0.22529818655985465
CRI,201910,0,3,0.216582537555591
CRI,201911,0,4,0.17284850127696344
CRI,201912,0,5,0.15354291125262776
CRI,202001,0,6,0.15428542466561873
CRI,202002,0,7,0.16341619717932804
CRI,202003,0,8,0.17000286806573947
CRI,202004,0,9,0.15948568158737136
CRI,202005,0,10,0.15980430342416457
CRI,202006,0,11,0.16442088784208891
CRI,202007,0,12,0.14331251901654293
CRI,202008,0,13,0.11539008860929167
CRI,202009,0,14,0.12257413979639374
CRI,202010,,15,0.11689192813579302
CRI,202011,,16,0.11101029577525649
CRI,202012,,17,0.09794851229688753
CUB,201901,0,109,0.08531303147235793
CUB,201902,0,110,0.08922557851656542
CUB,201903,0,111,0.08966671763166698
CUB,201904,0,112,0.08884461646316721
CUB,201905,0,113,0.08603692037719084
CUB,201906,0,114,0.09043796303568716
CUB,201907,0,115,0.09176959074912754
CUB,201908,0,116,0.09302190682514304
CUB,201909,0,117,0.09296250785828893
CUB,201910,0,118,0.0894625449538347
CUB,201911,0,119,0.0898842978534805
CUB,201912,0,120,0.08597172929812837
CUB,202001,0,121,0.08969125662502844
CUB,202002,0,122,0.09147634783570087
CUB,202003,0,123,0.08403077268823625
CUB,202004,0,124,0.08907921680548832
CUB,202005,0,125,0.0865929106789137
CUB,202006,0,126,0.0844396895285299
CUB,202007,0,127,0.0848878467572
CUB,202008,0,128,0.08555399557882373
CUB,202009,0,129,0.08320426089321381
CUB,202010,,130,0.088751632431715
CUB,202011,,131,0.08138048954227078
CUB,202012,,132,0.0853809105497996
CYP,201901,0,25,0.09528618539110925
CYP,201902,0,26,0.08808857480708374
CYP,201903,0,27,0.0818779396178077
CYP,201904,0,28,0.084106045244173
CYP,201905,0,29,0.08238757831013413
CYP,201906,0,30,0.08713013667303439
CYP,201907,0,31,0.08195446589489253
CYP,201908,0,32,0.08366319464114985
CYP,201909,0,33,0.08425283167675943
CYP,201910,0,34,0.08271592471666005
CYP,201911,0,35,0.08049813391890372
CYP,201912,1,36,0.08075938896735042
CYP,202001,1,37,0.08738215335360738
CYP,202002,1,38,0.09087100251460199
CYP,202003,,0,0.14195061782817697
CYP,202004,,0,0.23591060604933795
CYP,202005,1,1,0.3639805996332959
CYP,202006,,0,0.3260726123736524
CYP,202007,,0,0.43146300821693
CYP,202008,0,1,0.5472109407607799
CYP,202009,1,2,0.459203573733353
CYP,202010,,3,0.4704401859771196
CYP,202011,,4,0.35869979081551
CYP,202012,,0,0.4018226543490272
CZE,201901,0,17,0.18170881648553686
CZE,201902,0,18,0.16054738227556165
CZE,201903,0,19,0.1537312521101447
CZE,201904,0,20,0.14632502765017455
CZE,201905,0,21,0.15599623773513424
CZE,201906,0,22,0.145548481416839
CZE,201907,0,23,0.14847183555509294
CZE,201908,0,24,0.1416769590842128
CZE,201909,0,25,0.11266729542239927
CZE,201910,0,26,0.11051464283866924
CZE,201911,0,27,0.10628499719048982
CZE,201912,0,28,0.11176934208180705
CZE,202001,0,29,0.10677820709943665
CZE,202002,0,30,0.1049251445426775
CZE,202003,0,31,0.11260204626233923
CZE,202004,0,32,0.10621219280958603
CZE,202005,0,33,0.10586407235842801
CZE,202006,0,34,0.11385450736998055
CZE,202007,0,35,0.08968762915761476
CZE,202008,0,36,0.08522128156064729
CZE,202009,0,37,0.08507038688358992
CZE,202010,,38,0.09148696338680963
CZE,202011,,39,0.08514104304071003
CZE,202012,,40,0.08787059671742928
DEU,201901,,0,0.7518869690233675
DEU,201902,1,1,0.7554632735652312
DEU,201903,1,2,0.6883832342054396
DEU,201904,1,3,0.6804650796438555
DEU,201905,,0,0.6012077002649044
DEU,201906,,0,0.6935946467346003
DEU,201907,,0,0.7256811075435549
DEU,201908,,0,0.7366594589841992
DEU,201909,1,1,0.7240529202660761
DEU,201910,,0,0.6759685846343575
DEU,201911,1,1,0.7650130494183902
DEU,201912,1,2,0.7157489470416154
DEU,202001,,0,0.6858430217707785
DEU,202002,,0,0.6879431165908269
DEU,202003,,0,0.7475369910428027
DEU,202004,,0,0.7308578982750537
DEU,202005,,0,0.7625738063747779
DEU,202006,,0,0.7372474358081476
DEU,202007,1,1,0.7457983509626771
DEU,202008,,0,0.6931721693563688
DEU,202009,,0,0.7399349724578328
DEU,202010,,0,0.7330273425130744
DEU,202011,,0,0.7437744567640888
DEU,202012,,1,0.7411984023257113
DJI,201901,0,19,0.11163970543934526
DJI,201902,0,20,0.10174574294450471
DJI,201903,0,21,0.09257279191299625
DJI,201904,0,22,0.10420553575808461
DJI,201905,0,23,0.09517545547011333
DJI,201906,0,24,0.10248150486665612
DJI,201907,0,25,0.0933980602515205
DJI,201908,0,26,0.09709122478169636
DJI,201909,0,27,0.09443725246066755
DJI,201910,0,28,0.09472902849295675
DJI,201911,0,29,0.09572986848431896
DJI,201912,0,30,0.09244478006486219
DJI,202001,0,31,0.10018794531807561
DJI,202002,0,32,0.09966148024244033
DJI,202003,0,33,0.08932173785855872
DJI,202004,0,34,0.09044864406886431
DJI,202005,0,35,0.09157571347505071
DJI,202006,0,36,0.08434625326254576
DJI,202007,0,37,0.08686613559165507
DJI,202008,0,38,0.08629910206694906
DJI,202009,0,39,0.08727854049816898
DJI,202010,,40,0.09082859426690854
DJI,202011,,41,0.08826883203338481
DJI,202012,,42,0.09863734454443668
DNK,201901,0,10,0.12289047271420749
DNK,201902,0,11,0.12285070940415924
DNK,201903,0,12,0.12451734825133251
DNK,201904,0,13,0.10661229069837842
DNK,201905,1,14,0.10917363903768969
DNK,201906,1,15,0.11074402421709084
DNK,201907,1,16,0.10381817493810946
DNK,201908,,0,0.15244976629093257
DNK,201909,0,1,0.30114140970386855
DNK,201910,0,2,0.2605093388460072
DNK,201911,0,3,0.27907938234750534
DNK,201912,0,4,0.21463428549152475
DNK,202001,0,5,0.18877726105237674
DNK,202002,0,6,0.1916005102865007
DNK,202003,0,7,0.19719614641979274
DNK,202004,0,8,0.17939190658154253
DNK,202005,0,9,0.20388722203719822
DNK,202006,0,10,0.1904276395180862
DNK,202007,0,11,0.19096541081928603
DNK,202008,0,12,0.16861366378150186
DNK,202009,0,13,0.1396729275939127
DNK,202010,,14,0.13357895518685006
DNK,202011,,15,0.1258772250819901
DNK,202012,,16,0.12905582670012541
DOM,201901,0,63,0.08076450452278242
DOM,201902,0,64,0.08071778959546531
DOM,201903,0,65,0.0783417082343965
DOM,201904,0,66,0.07995404034776932
DOM,201905,0,67,0.08148409580541914
DOM,201906,0,68,0.09030232642358542
DOM,201907,0,69,0.08394357030807699
DOM,201908,0,70,0.08352423418513456
DOM,201909,0,71,0.08113268773135336
DOM,201910,0,72,0.08861714751098125
DOM,201911,0,73,0.08124391226915603
DOM,201912,0,74,0.08370509318882415
DOM,202001,0,75,0.08862252784085556
DOM,202002,0,76,0.0963641356052574
DOM,202003,0,77,0.0882038262869216
DOM,202004,0,78,0.09392668898233454
DOM,202005,0,79,0.0918829469535603
DOM,202006,0,80,0.08687753175849798
DOM,202007,0,81,0.08654979175525936
DOM,202008,0,82,0.09229436174339069
DOM,202009,0,83,0.08589756242347263
DOM,202010,,84,0.08427934593244421
DOM,202011,,85,0.08181118723782564
DOM,202012,,86,0.08373492719378277
DZA,201901,0,5,0.4904115797800334
DZA,201902,0,6,0.37488472036991105
DZA,201903,0,7,0.4112812823151557
DZA,201904,0,8,0.3874072785109756
DZA,201905,0,9,0.4242185149024173
DZA,201906,0,10,0.3370387341713949
DZA,201907,0,11,0.3547128723455231
DZA,201908,0,12,0.3421109173628645
DZA,201909,0,13,0.35120707306141574
DZA,201910,0,14,0.3431452497374334
DZA,201911,0,15,0.3472972976718101
DZA,201912,1,16,0.29996893571493904
DZA,202001,1,17,0.3067325994526156
DZA,202002,1,18,0.33991093292778307
DZA,202003,,0,0.38141324272132077
DZA,202004,0,1,0.511435192367724
DZA,202005,0,2,0.47076554633052714
DZA,202006,0,3,0.3423647892202104
DZA,202007,0,4,0.27325960155268936
DZA,202008,0,5,0.20977307891732352
DZA,202009,0,6,0.23210249947959427
DZA,202010,,7,0.21495205104652063
DZA,202011,,8,0.22696468873800646
DZA,202012,,9,0.2299775939789939
ECU,201901,,0,0.5470463094348351
ECU,201902,1,1,0.6129006939512999
ECU,201903,1,2,0.5835773192884466
ECU,201904,1,3,0.5848972037787443
ECU,201905,,0,0.4046581163903442
ECU,201906,0,1,0.5756792666580783
ECU,201907,0,2,0.523868172183193
ECU,201908,0,3,0.5110943542307321
ECU,201909,0,4,0.4910355705070598
ECU,201910,0,5,0.4609536484827011
ECU,201911,1,6,0.4535904975665062
ECU,201912,1,7,0.40220522371752815
ECU,202001,1,8,0.35117097962471244
ECU,202002,,0,0.28256227016678315
ECU,202003,,0,0.39466225059035603
ECU,202004,1,1,0.4754115806479586
ECU,202005,1,2,0.43709515380829145
ECU,202006,1,3,0.3541324656559501
ECU,202007,,0,0.29504483738016096
ECU,202008,,0,0.47914008292396504
ECU,202009,0,1,0.5792474513233827
ECU,202010,,2,0.5782037326395063
ECU,202011,,3,0.523239571524525
ECU,202012,,4,0.4474082859221247
EGY,201901,,0,0.8166735052232926
EGY,201902,,0,0.8059575070740373
EGY,201903,,0,0.8076955866422613
EGY,201904,,0,0.8084058925032935
EGY,201905,,0,0.7975426759187352
EGY,201906,,0,0.8302111464493802
EGY,201907,,0,0.8168988660566302
EGY,201908,,0,0.8203935277874085
EGY,201909,,0,0.8040587570686182
EGY,201910,,0,0.8047292943164966
EGY,201911,,0,0.8002565060510016
EGY,201912,,0,0.8043069879114381
EGY,202001,,0,0.8142323416791261
EGY,202002,,0,0.7905785778931894
EGY,202003,,0,0.7975623138741011
EGY,202004,,0,0.8021929759804282
EGY,202005,,0,0.8106741411766686
EGY,202006,,0,0.8159119721796868
EGY,202007,,0,0.7992235153643743
EGY,202008,1,1,0.7980641532513515
EGY,202009,1,2,0.7794598229645738
EGY,202010,,0,0.7772700476192889
EGY,202011,,0,0.8100464392541386
EGY,202012,,0,0.8223405005404498
ERI,201901,0,85,0.09921041539425522
ERI,201902,0,86,0.09644597091544614
ERI,201903,0,87,0.10078169630525036
ERI,201904,0,88,0.0939090300671548
ERI,201905,0,89,0.10189547769323017
ERI,201906,0,90,0.09962545421174859
ERI,201907,0,91,0.09413365776843047
ERI,201908,0,92,0.093299049372441
ERI,201909,0,93,0.08648690381681001
ERI,201910,0,94,0.08476443191873968
ERI,201911,0,95,0.09588549321836581
ERI,201912,0,96,0.09501189717344602
ERI,202001,0,97,0.08891776543530792
ERI,202002,0,98,0.09855876059844164
ERI,202003,0,99,0.08511786088827313
ERI,202004,0,100,0.08067261776560604
ERI,202005,0,101,0.0770136557661896
ERI,202006,0,102,0.08091451957854771
ERI,202007,0,103,0.08823644106666662
ERI,202008,1,104,0.08628700987519976
ERI,202009,1,105,0.09119304956582601
ERI,202010,,106,0.08645234108900535
ERI,202011,,0,0.2042671217327446
ERI,202012,,1,0.540237656587655
ESP,201901,0,9,0.2645362764327111
ESP,201902,0,10,0.2487276117673023
ESP,201903,1,11,0.25923141606810246
ESP,201904,1,12,0.24105312563125372
ESP,201905,1,13,0.22636428463988165
ESP,201906,,0,0.22878617171977372
ESP,201907,0,1,0.32761498002636685
ESP,201908,0,2,0.32180929225186866
ESP,201909,1,3,0.2918403265517251
ESP,201910,1,4,0.2503065510421171
ESP,201911,1,5,0.25174129009501234
ESP,201912,,0,0.2513756903933954
ESP,202001,0,1,0.4155423329184123
ESP,202002,0,2,0.3669424364954871
ESP,202003,0,3,0.3621590205470172
ESP,202004,0,4,0.3562873087368055
ESP,202005,0,5,0.3470098075245314
ESP,202006,0,6,0.3293449216179962
ESP,202007,0,7,0.2841497736242122
ESP,202008,0,8,0.2559699783817525
ESP,202009,0,9,0.25233393257042097
ESP,202010,,10,0.2527629011000123
ESP,202011,,11,0.24711866987382297
ESP,202012,,12,0.247665077111254
EST,201901,0,40,0.09894114468373749
EST,201902,0,41,0.09249945825259141
EST,201903,0,42,0.09274973447205297
EST,201904,0,43,0.09561379404568948
EST,201905,0,44,0.09402355439774611
EST,201906,0,45,0.09585375881425186
EST,201907,0,46,0.09359792940625528
EST,201908,0,47,0.09328701133265474
EST,201909,0,48,0.09473686913714938
EST,201910,0,49,0.09747231272457307
EST,201911,0,50,0.08956563886444519
EST,201912,0,51,0.09336707680862202
EST,202001,0,52,0.09655290987860227
EST,202002,0,53,0.10461622915793903
EST,202003,0,54,0.09689822771104863
EST,202004,0,55,0.09803692870079413
EST,202005,0,56,0.09147928747564928
EST,202006,0,57,0.09777707391037505
EST,202007,0,58,0.1012938689799649
EST,202008,0,59,0.09317631932831218
EST,202009,0,60,0.09247710884776131
EST,202010,,61,0.09124243107300987
EST,202011,,62,0.09224290517758771
EST,202012,,63,0.09424926520076468
ETH,201901,,0,0.7727241519070757
ETH,201902,1,1,0.7874676465196656
ETH,201903,,0,0.6941814834295772
ETH,201904,1,1,0.7675196176789061
ETH,201905,1,2,0.7217080545583978
ETH,201906,,0,0.6877397023450419
ETH,201907,1,1,0.7963436117790472
ETH,201908,,0,0.7566284823961489
ETH,201909,,0,0.7816264512887937
ETH,201910,,0,0.7885912522235153
ETH,201911,1,1,0.8122429397695692
ETH,201912,,0,0.749510029783131
ETH,202001,,0,0.8033235012328889
ETH,202002,,0,0.8063242705126707
ETH,202003,,0,0.8051904847600473
ETH,202004,1,1,0.7946912142082033
ETH,202005,1,2,0.7505350338561786
ETH,202006,,0,0.7223469832139202
ETH,202007,,0,0.7926401380035825
ETH,202008,1,1,0.8142817925123365
ETH,202009,,0,0.7820157369122833
ETH,202010,,0,0.8180341774864712
ETH,202011,,0,0.8392429953145322
ETH,202012,,0,0.8528373422933648
FIN,201901,,0,0.2308334690218726
FIN,201902,0,1,0.3212794604143722
FIN,201903,0,2,0.30365300798309414
FIN,201904,1,3,0.27337577113669154
FIN,201905,1,4,0.23787511577394915
FIN,201906,1,5,0.22625368821329472
FIN,201907,,0,0.21747465770377894
FIN,201908,0,1,0.3478493644080528
FIN,201909,0,2,0.360640565337043
FIN,201910,0,3,0.27775399891026453
FIN,201911,0,4,0.2523401794098984
FIN,201912,0,5,0.2504421030833057
FIN,202001,1,6,0.24721367822428725
FIN,202002,1,7,0.22713635448958544
FIN,202003,1,8,0.23635595013597513
FIN,202004,,0,0.22429449159769776
FIN,202005,0,1,0.3103526655399406
FIN,202006,0,2,0.2834180171261995
FIN,202007,0,3,0.2798833235479255
FIN,202008,0,4,0.20891272476127554
FIN,202009,0,5,0.19924950602977476
FIN,202010,,6,0.2124836582259994
FIN,202011,,7,0.2075984416669314
FIN,202012,,8,0.2217491738133328
FJI,201901,0,109,0.0863789639573703
FJI,201902,0,110,0.09178778503918673
FJI,201903,0,111,0.08754732429278357
FJI,201904,0,112,0.08522660570135437
FJI,201905,0,113,0.08893586792120821
FJI,201906,0,114,0.09046017489976928
FJI,201907,0,115,0.08872963225533283
FJI,201908,0,116,0.0876464530001512
FJI,201909,0,117,0.09250109030863778
FJI,201910,0,118,0.08867056011282766
FJI,201911,0,119,0.08493115355445927
FJI,201912,0,120,0.08329254835979252
FJI,202001,0,121,0.08688417541940403
FJI,202002,0,122,0.08688625374511495
FJI,202003,0,123,0.08008900374748258
FJI,202004,0,124,0.08676511946674843
FJI,202005,0,125,0.08346966496666741
FJI,202006,0,126,0.08622011530972432
FJI,202007,0,127,0.08164177830968798
FJI,202008,0,128,0.08447723459293863
FJI,202009,0,129,0.08238585910462812
FJI,202010,,130,0.07883739650407814
FJI,202011,,131,0.07747053824345605
FJI,202012,,132,0.08093249919802206
FRA,201901,,0,0.6922268585444259
FRA,201902,1,1,0.7225245526940295
FRA,201903,,0,0.6806339580121938
FRA,201904,,0,0.7355952579263064
FRA,201905,,0,0.745761749152593
FRA,201906,1,1,0.7383919357047177
FRA,201907,1,2,0.6965784500692501
FRA,201908,1,3,0.6979705696417706
FRA,201909,,0,0.6091482492982782
FRA,201910,,0,0.7178286998373835
FRA,201911,1,1,0.753836082967393
FRA,201912,,0,0.7242335202576478
FRA,202001,,0,0.723668650496996
FRA,202002,1,1,0.7466481013808458
FRA,202003,1,2,0.7084336724857416
FRA,202004,,0,0.672161197750488
FRA,202005,,0,0.7059680267684209
FRA,202006,,0,0.7311151224855397
FRA,202007,,0,0.7281378437895902
FRA,202008,,0,0.7106930904624851
FRA,202009,,0,0.7514856854558484
FRA,202010,,0,0.7723229187022028
FRA,202011,,1,0.7749264557239133
FRA,202012,,2,0.7013137216433128
GAB,201901,,0,0.23461571981420742
GAB,201902,0,1,0.3579918551570799
GAB,201903,0,2,0.3204278457709787
GAB,201904,0,3,0.3103537471142077
GAB,201905,0,4,0.21096747159146342
GAB,201906,0,5,0.19048029597315508
GAB,201907,0,6,0.19156267133886945
GAB,201908,0,7,0.18707530022121324
GAB,201909,0,8,0.19293124720575372
GAB,201910,0,9,0.18773439224941982
GAB,201911,0,10,0.19091245854008515
GAB,201912,0,11,0.18887213242373746
GAB,202001,0,12,0.18240457172456664
GAB,202002,0,13,0.1757866002808468
GAB,202003,0,14,0.17568737867650244
GAB,202004,0,15,0.18933838346639997
GAB,202005,0,16,0.15920354106625587
GAB,202006,0,17,0.16937050791979666
GAB,202007,0,18,0.09857637805240854
GAB,202008,0,19,0.09590862229782031
GAB,202009,0,20,0.09423872403067189
GAB,202010,,21,0.09760462136364158
GAB,202011,,22,0.09321532847976338
GAB,202012,,23,0.09776960085598509
GBR,201901,,0,0.7554181238519797
GBR,201902,,0,0.7631469112030718
GBR,201903,,0,0.7393846676004785
GBR,201904,,0,0.7717328577769114
GBR,201905,,0,0.7335934631583385
GBR,201906,,0,0.747031618382385
GBR,201907,,0,0.7710484961275013
GBR,201908,,0,0.787506115019972
GBR,201909,,0,0.7618715527700872
GBR,201910,,0,0.7558230994571018
GBR,201911,,0,0.7791355033884285
GBR,201912,,0,0.7746992063484843
GBR,202001,,0,0.738122488241806
GBR,202002,,0,0.7618452980823764
GBR,202003,,0,0.7264405483427319
GBR,202004,,0,0.734311179205672
GBR,202005,,0,0.7626675141573778
GBR,202006,,0,0.7301208715832561
GBR,202007,,0,0.7372603036683221
GBR,202008,,0,0.7211481805306492
GBR,202009,,0,0.756304199075865
GBR,202010,,0,0.7609124204231875
GBR,202011,,0,0.7244493247538537
GBR,202012,,0,0.7439461723006731
GEO,201901,0,11,0.22596199338086076
GEO,201902,0,12,0.21318308926407095
GEO,201903,0,13,0.18879399393569085
GEO,201904,0,14,0.18231939577845252
GEO,201905,0,15,0.17512518729169976
GEO,201906,0,16,0.16581756969405045
GEO,201907,0,17,0.17241239231838776
GEO,201908,0,18,0.1567542237914408
GEO,201909,0,19,0.16589470372775034
GEO,201910,0,20,0.16935827400799677
GEO,201911,0,21,0.10512501466626445
GEO,201912,0,22,0.10388244365508745
GEO,202001,0,23,0.11141418372554161
GEO,202002,0,24,0.12296437106682453
GEO,202003,0,25,0.11608562641018398
GEO,202004,0,26,0.1096902448183524
GEO,202005,0,27,0.10061788502200025
GEO,202006,0,28,0.09828317150704947
GEO,202007,0,29,0.10102238314128463
GEO,202008,1,30,0.0929420988060789
GEO,202009,1,31,0.09743501871754258
GEO,202010,,32,0.10079477043518763
GEO,202011,,0,0.14353901217803025
GEO,202012,,1,0.2176431961133404
GHA,201901,1,12,0.11854132794970433
GHA,201902,,0,0.1380064726534849
GHA,201903,,0,0.2882141826306646
GHA,201904,0,1,0.32056851540193215
GHA,201905,0,2,0.29683377478564277
GHA,201906,0,3,0.28766663066027537
GHA,201907,0,4,0.2400873649948101
GHA,201908,0,5,0.20842574865723637
GHA,201909,0,6,0.18724161143710766
GHA,201910,1,7,0.19486509726845808
GHA,201911,1,8,0.18171390142629332
GHA,201912,1,9,0.1604997857704564
GHA,202001,,0,0.17686282730377972
GHA,202002,0,1,0.32670209233560804
GHA,202003,0,2,0.23920728698712843
GHA,202004,0,3,0.2253097095284309
GHA,202005,0,4,0.18638043110845248
GHA,202006,1,5,0.18623191262353941
GHA,202007,1,6,0.19401467636508368
GHA,202008,1,7,0.1835266298743064
GHA,202009,,0,0.19937183726495078
GHA,202010,,0,0.4428927104070805
GHA,202011,,1,0.48126148166983795
GHA,202012,,0,0.4441656130061887
GIN,201901,0,12,0.10411615143506835
GIN,201902,0,13,0.08821868877137398
GIN,201903,0,14,0.09063631257969641
GIN,201904,0,15,0.08663119201979855
GIN,201905,0,16,0.13579683116450142
GIN,201906,0,17,0.08527529316227803
GIN,201907,0,18,0.08499872012179673
GIN,201908,0,19,0.09551459222954956
GIN,201909,0,20,0.08851849161241454
GIN,201910,0,21,0.10492390378281241
GIN,201911,0,22,0.09916034436392965
GIN,201912,0,23,0.09211213178960183
GIN,202001,0,24,0.09984169010319448
GIN,202002,0,25,0.09810473934920391
GIN,202003,0,26,0.14664199178028328
GIN,202004,0,27,0.10032469488796304
GIN,202005,0,28,0.09455561145589902
GIN,202006,0,29,0.12785009903253125
GIN,202007,0,30,0.09411873940865759
GIN,202008,0,31,0.08893236831279319
GIN,202009,0,32,0.09294315112885132
GIN,202010,,33,0.0995032827690751
GIN,202011,,34,0.10230090892032757
GIN,202012,,35,0.14234869506648945
GNB,201901,0,82,0.085443395232154
GNB,201902,0,83,0.0837297567657809
GNB,201903,0,84,0.07592659258633398
GNB,201904,0,85,0.08440570783361717
GNB,201905,0,86,0.08648140839701687
GNB,201906,0,87,0.07637813781597011
GNB,201907,0,88,0.08049350125573572
GNB,201908,0,89,0.07756852247667742
GNB,201909,0,90,0.07514903638406484
GNB,201910,0,91,0.07364117824907714
GNB,201911,0,92,0.10344349014940242
GNB,201912,0,93,0.09277634683631644
GNB,202001,0,94,0.10259896961905986
GNB,202002,0,95,0.10917874423250912
GNB,202003,0,96,0.09722305362135242
GNB,202004,0,97,0.09349874601162435
GNB,202005,0,98,0.08978523934288642
GNB,202006,0,99,0.09402061421446337
GNB,202007,0,100,0.08561871950052727
GNB,202008,0,101,0.08569133131682855
GNB,202009,0,102,0.08582393790936026
GNB,202010,,103,0.0844794473838604
GNB,202011,,104,0.0830332138720301
GNB,202012,,105,0.08777976590317105
GRC,201901,,0,0.752620936333917
GRC,201902,,0,0.7620547806550637
GRC,201903,,0,0.7542667630929446
GRC,201904,1,1,0.7661287731786165
GRC,201905,,0,0.7120783931354825
GRC,201906,,0,0.7650487459717202
GRC,201907,,0,0.7756916798492486
GRC,201908,1,1,0.775996557067181
GRC,201909,,0,0.7015642775719293
GRC,201910,,0,0.746826399199172
GRC,201911,,0,0.7758402076524495
GRC,201912,,0,0.776161562783779
GRC,202001,,0,0.7636077427558107
GRC,202002,,0,0.7748316904567087
GRC,202003,,0,0.7556470036791013
GRC,202004,,0,0.7470889223349444
GRC,202005,,0,0.7508788494456238
GRC,202006,,0,0.7547203487299531
GRC,202007,,0,0.7585548835255161
GRC,202008,1,1,0.7435761372692388
GRC,202009,,0,0.7177718032474956
GRC,202010,,0,0.7716569904884081
GRC,202011,,0,0.7419820789569121
GRC,202012,,0,0.7416574663247962
GTM,201901,0,5,0.17385344820849166
GTM,201902,0,6,0.16674248425860866
GTM,201903,0,7,0.18049258085050443
GTM,201904,0,8,0.16606204583665843
GTM,201905,0,9,0.15313568514141168
GTM,201906,0,10,0.1554571273473664
GTM,201907,0,11,0.1734116553783987
GTM,201908,0,12,0.17313691202737233
GTM,201909,0,13,0.12916282141910657
GTM,201910,0,14,0.1225687263789815
GTM,201911,0,15,0.1255289125879895
GTM,201912,0,16,0.11406052458576327
GTM,202001,0,17,0.1290349591506387
GTM,202002,0,18,0.1276457259954717
GTM,202003,0,19,0.12935662410586968
GTM,202004,0,20,0.11877803944049316
GTM,202005,1,21,0.11686653009464684
GTM,202006,1,22,0.11306343685919516
GTM,202007,1,23,0.11722133597568213
GTM,202008,,0,0.16555928369829204
GTM,202009,1,1,0.3299365122938454
GTM,202010,,2,0.31602777343933086
GTM,202011,,0,0.3072061422524009
GTM,202012,,1,0.3806375885680211
HND,201901,0,20,0.1381558011023618
HND,201902,0,21,0.1258093581539384
HND,201903,0,22,0.11920677571626648
HND,201904,1,23,0.11246075898040814
HND,201905,1,24,0.12576156664065147
HND,201906,1,25,0.11779115903040323
HND,201907,,0,0.16654944461563395
HND,201908,,0,0.3896208689583798
HND,201909,,0,0.417044616067578
HND,201910,0,1,0.457227456515363
HND,201911,0,2,0.41286717073167845
HND,201912,1,3,0.42700173640988454
HND,202001,1,4,0.35337331775346487
HND,202002,1,5,0.31454786320496236
HND,202003,,0,0.37859888210147924
HND,202004,0,1,0.4483263175154388
HND,202005,0,2,0.42521322098710174
HND,202006,1,3,0.439280326708553
HND,202007,1,4,0.34926490834589896
HND,202008,1,5,0.3027305219552394
HND,202009,,0,0.2526723477869773
HND,202010,,1,0.3441947749671488
HND,202011,,2,0.3203661537720133
HND,202012,,3,0.3171294087472741
HRV,201901,0,72,0.0846163957568911
HRV,201902,0,73,0.08549074279735118
HRV,201903,0,74,0.08257010724991484
HRV,201904,0,75,0.08075075206547537
HRV,201905,0,76,0.08245000709656933
HRV,201906,0,77,0.08194157125658066
HRV,201907,0,78,0.08279616854696496
HRV,201908,0,79,0.0814090448476702
HRV,201909,0,80,0.08054971639061939
HRV,201910,0,81,0.08169429566665073
HRV,201911,0,82,0.0810855630167518
HRV,201912,0,83,0.0820486196202919
HRV,202001,0,84,0.0931409003616473
HRV,202002,0,85,0.09419784281630976
HRV,202003,0,86,0.08715073156350074
HRV,202004,0,87,0.09008505777056357
HRV,202005,0,88,0.08435001014441816
HRV,202006,0,89,0.0861938387928692
HRV,202007,1,90,0.08526391858113586
HRV,202008,1,91,0.0878104990279227
HRV,202009,1,92,0.0851731040078357
HRV,202010,,0,0.14209568741396383
HRV,202011,,1,0.24081125209340415
HRV,202012,,2,0.24129927706215226
HTI,201901,0,1,0.494022986779869
HTI,201902,0,2,0.4623196201673679
HTI,201903,1,3,0.45090063352370185
HTI,201904,1,4,0.35954551076104835
HTI,201905,1,5,0.33533706910620564
HTI,201906,,0,0.3715752056668522
HTI,201907,,0,0.44370207478332213
HTI,201908,,0,0.47590072959232976
HTI,201909,1,1,0.49068049331755903
HTI,201910,,0,0.4659276655597827
HTI,201911,0,1,0.5113632688896843
HTI,201912,0,2,0.4449673285883773
HTI,202001,0,3,0.45643728919457877
HTI,202002,0,4,0.3454494448740942
HTI,202003,0,5,0.33837115933520096
HTI,202004,0,6,0.3610795322393159
HTI,202005,0,7,0.3573708564934098
HTI,202006,0,8,0.3419405570291707
HTI,202007,0,9,0.3381926275660698
HTI,202008,0,10,0.2787447116383317
HTI,202009,0,11,0.2719140651280062
HTI,202010,,12,0.2706622905481092
HTI,202011,,13,0.21209526468138543
HTI,202012,,14,0.24337313691369897
HUN,201901,0,28,0.08792132701563146
HUN,201902,0,29,0.09021362689048944
HUN,201903,0,30,0.08990952944590326
HUN,201904,0,31,0.08394406739318333
HUN,201905,0,32,0.08514579389954903
HUN,201906,0,33,0.0873970764121054
HUN,201907,1,34,0.08381125552395749
HUN,201908,1,35,0.08646720286592624
HUN,201909,1,36,0.0837087532902755
HUN,201910,,0,0.12831719972318859
HUN,201911,0,1,0.23583402002281248
HUN,201912,0,2,0.2033334795946108
HUN,202001,0,3,0.21695353620079874
HUN,202002,0,4,0.138888794080101
HUN,202003,0,5,0.12215092336023897
HUN,202004,0,6,0.1300186857772248
HUN,202005,0,7,0.12146798975377221
HUN,202006,0,8,0.12449289080060455
HUN,202007,0,9,0.13469734329321972
HUN,202008,0,10,0.1270718425656451
HUN,202009,0,11,0.1220507918542156
HUN,202010,,12,0.1290208798964462
HUN,202011,,13,0.12459047075983637
HUN,202012,,14,0.11997317493930604
IDN,201901,,0,0.7702798756492537
IDN,201902,,0,0.7240880229520685
IDN,201903,,0,0.7677849457725923
IDN,201904,1,1,0.7335980716736826
IDN,201905,1,2,0.7282860121448732
IDN,201906,,0,0.6639641629837904
IDN,201907,,0,0.729106197764754
IDN,201908,,0,0.7274345405825886
IDN,201909,1,1,0.7774289133874411
IDN,201910,,0,0.7399284430168209
IDN,201911,,0,0.7750610729872104
IDN,201912,,0,0.7930528356625653
IDN,202001,,0,0.749960312820424
IDN,202002,,0,0.7827835299160543
IDN,202003,,0,0.7686170033618851
IDN,202004,,0,0.766942354315542
IDN,202005,,0,0.7437116436953235
IDN,202006,,0,0.7436202031671146
IDN,202007,,0,0.7350941637862343
IDN,202008,,0,0.760072138961022
IDN,202009,,0,0.7861880686749926
IDN,202010,,0,0.7772564876462796
IDN,202011,,0,0.7422003966517233
IDN,202012,,1,0.7513668200836807
IND,201901,,0,0.7745437594031606
IND,201902,,0,0.791913515811963
IND,201903,,0,0.7982760301656106
IND,201904,,0,0.7940184383782877
IND,201905,,0,0.8061045146740098
IND,201906,,0,0.791840194100165
IND,201907,,0,0.8113362760188187
IND,201908,,0,0.812784450508227
IND,201909,,0,0.7905601120909221
IND,201910,,0,0.8009588255556654
IND,201911,,0,0.8158747492907387
IND,201912,,0,0.8044093094230905
IND,202001,,0,0.7875790182153405
IND,202002,,0,0.7957002810194314
IND,202003,,0,0.7615871740663167
IND,202004,,0,0.7777646906465426
IND,202005,,0,0.7727237820596536
IND,202006,,0,0.7879638168644173
IND,202007,,0,0.7947620675566143
IND,202008,,0,0.7910521157805753
IND,202009,,0,0.7639713339028602
IND,202010,,0,0.7878978524357355
IND,202011,,0,0.7965834959247399
IND,202012,,0,0.7879754404060604
IRL,201901,,0,0.6039747832755843
IRL,201902,,0,0.6190338343255991
IRL,201903,,0,0.6229669233210398
IRL,201904,,0,0.6781573432095469
IRL,201905,1,1,0.661169183872412
IRL,201906,1,2,0.6449935877141876
IRL,201907,,0,0.6514420182517235
IRL,201908,,0,0.654533314528024
IRL,201909,1,1,0.6689422002892303
IRL,201910,,0,0.6420193778263144
IRL,201911,1,1,0.6813352294592011
IRL,201912,1,2,0.665451985858956
IRL,202001,,0,0.623045011681022
IRL,202002,,0,0.6501443890511429
IRL,202003,,0,0.6642615442690486
IRL,202004,,0,0.6839861071551957
IRL,202005,0,1,0.7092717151063315
IRL,202006,1,2,0.6608553637733512
IRL,202007,1,3,0.6442627070970353
IRL,202008,1,4,0.5811683651314519
IRL,202009,,0,0.5790849306781779
IRL,202010,,1,0.6538276784176983
IRL,202011,,2,0.6229024440529578
IRL,202012,,3,0.6227873200087899
IRN,201901,,0,0.6721435912737728
IRN,201902,1,1,0.7442485547548171
IRN,201903,1,2,0.6916066634350974
IRN,201904,,0,0.6731899226433059
IRN,201905,0,1,0.7316211863966735
IRN,201906,0,2,0.6906942957443398
IRN,201907,0,3,0.6929043431849433
IRN,201908,0,4,0.5672633150183338
IRN,201909,0,5,0.5420000933855339
IRN,201910,0,6,0.4897942688615213
IRN,201911,0,7,0.5122178418669528
IRN,201912,0,8,0.49130502766218015
IRN,202001,0,9,0.48708916006348696
IRN,202002,1,10,0.35450355771216174
IRN,202003,1,11,0.3399556424296366
IRN,202004,1,12,0.31332753456333134
IRN,202005,,0,0.3995930310548136
IRN,202006,1,1,0.5487653918068673
IRN,202007,,0,0.5056740187791207
IRN,202008,1,1,0.5488916174427524
IRN,202009,1,2,0.5326657805834497
IRN,202010,,3,0.5288582492913275
IRN,202011,,0,0.4453311012348702
IRN,202012,,1,0.5712370355501828
IRQ,201901,,0,0.8044558660798853
IRQ,201902,,0,0.8006767121486988
IRQ,201903,,0,0.8032178759681097
IRQ,201904,,0,0.7890128669360175
IRQ,201905,,0,0.8089020631497852
IRQ,201906,,0,0.8119121742187744
IRQ,201907,,0,0.7950132698632342
IRQ,201908,,0,0.823922812486541
IRQ,201909,,0,0.790103069475299
IRQ,201910,,0,0.8031810615870125
IRQ,201911,,0,0.8169712305138707
IRQ,201912,,0,0.8298945817969187
IRQ,202001,,0,0.8223456776544912
IRQ,202002,,0,0.8409904935893323
IRQ,202003,,0,0.8248778321154056
IRQ,202004,,0,0.8353551957245411
IRQ,202005,,0,0.8248445382249281
IRQ,202006,,0,0.8140637993657681
IRQ,202007,,0,0.8220916800943064
IRQ,202008,,0,0.8148948544818759
IRQ,202009,,0,0.8317219292697189
IRQ,202010,,0,0.8183877475472436
IRQ,202011,,0,0.8222878332030303
IRQ,202012,,0,0.8320501151499872
ISL,201901,0,57,0.10191777691490027
ISL,201902,0,58,0.1039335770058723
ISL,201903,0,59,0.1025106568786968
ISL,201904,0,60,0.09909596050960619
ISL,201905,0,61,0.10595206397532461
ISL,201906,0,62,0.10595114812304168
ISL,201907,0,63,0.09353830574615653
ISL,201908,0,64,0.11123561197036232
ISL,201909,0,65,0.10908640899547221
ISL,201910,0,66,0.09651029991381196
ISL,201911,0,67,0.09654051256845322
ISL,201912,0,68,0.10130921295698954
ISL,202001,0,69,0.10809120601786121
ISL,202002,0,70,0.11063300734051133
ISL,202003,0,71,0.09115043731013123
ISL,202004,0,72,0.09347356344062467
ISL,202005,0,73,0.09903400690303941
ISL,202006,0,74,0.09491226161595279
ISL,202007,0,75,0.08884127969312583
ISL,202008,0,76,0.09836163009485663
ISL,202009,0,77,0.10295145527075744
ISL,202010,,78,0.09275089661373741
ISL,202011,,79,0.09261020315772366
ISL,202012,,80,0.09299297214035696
ISR,201901,,0,0.8421916283428567
ISR,201902,,0,0.798553697324472
ISR,201903,,0,0.8390772052903559
ISR,201904,1,1,0.8354004858056289
ISR,201905,,0,0.8098723309391765
ISR,201906,,0,0.8164777333703149
ISR,201907,,0,0.8195190353596863
ISR,201908,,0,0.8383073235918402
ISR,201909,,0,0.8060469226878568
ISR,201910,,0,0.808805444963318
ISR,201911,,0,0.8315054851048628
ISR,201912,,0,0.819467632763142
ISR,202001,,0,0.8166296828453632
ISR,202002,,0,0.828960015115845
ISR,202003,1,1,0.795365870246119
ISR,202004,,0,0.748431565587868
ISR,202005,,0,0.8223221264958821
ISR,202006,,0,0.7940495795824022
ISR,202007,,0,0.7898890278171433
ISR,202008,,0,0.7786603247863849
ISR,202009,,0,0.8082890994990583
ISR,202010,,0,0.8025960513685633
ISR,202011,,0,0.8039713015128969
ISR,202012,,0,0.7848536978598792
ITA,201901,1,1,0.6753152901320525
ITA,201902,1,2,0.6884509740820035
ITA,201903,,0,0.6297174804519488
ITA,201904,,0,0.6488130986384764
ITA,201905,1,1,0.6880110501524199
ITA,201906,1,2,0.6468517759199142
ITA,201907,,0,0.6542559024170164
ITA,201908,0,1,0.6793175539973256
ITA,201909,0,2,0.6488610416403899
ITA,201910,0,3,0.6279137886043817
ITA,201911,0,4,0.5370603000759977
ITA,201912,1,5,0.517102437936138
ITA,202001,1,6,0.49027547071275274
ITA,202002,1,7,0.4942846308854935
ITA,202003,,0,0.5212660378277961
ITA,202004,,0,0.732528014446627
ITA,202005,0,1,0.740664720790431
ITA,202006,0,2,0.6943233319332504
ITA,202007,1,3,0.6738894136546346
ITA,202008,1,4,0.5736251339426673
ITA,202009,1,5,0.5229619807736918
ITA,202010,,0,0.5721807961893925
ITA,202011,,1,0.6551497120052754
ITA,202012,,2,0.632091374415058
JAM,201901,0,15,0.11113076982923148
JAM,201902,0,16,0.09484197879830013
JAM,201903,0,17,0.09824259319004033
JAM,201904,0,18,0.09952356095311324
JAM,201905,0,19,0.09904419827510763
JAM,201906,0,20,0.11162717283895969
JAM,201907,0,21,0.09765932163237524
JAM,201908,0,22,0.11575321322992323
JAM,201909,0,23,0.11542935687350404
JAM,201910,0,24,0.10520674657202443
JAM,201911,0,25,0.1087782791085001
JAM,201912,0,26,0.10811104963983402
JAM,202001,0,27,0.11451081815583475
JAM,202002,0,28,0.10610511040177208
JAM,202003,0,29,0.10103350775393687
JAM,202004,0,30,0.09976190911377991
JAM,202005,0,31,0.09727992214906861
JAM,202006,0,32,0.09494770137820413
JAM,202007,0,33,0.09620503441759265
JAM,202008,0,34,0.09507245872920876
JAM,202009,0,35,0.10066863211750116
JAM,202010,,36,0.09241040450216348
JAM,202011,,37,0.08496580579805413
JAM,202012,,38,0.0865162782317162
JOR,201901,1,3,0.47349162136389095
JOR,201902,,0,0.42238275042414464
JOR,201903,0,1,0.640712698961162
JOR,201904,0,2,0.6122861600183026
JOR,201905,1,3,0.62484759045451
JOR,201906,1,4,0.5117688702283365
JOR,201907,1,5,0.5175177959027883
JOR,201908,,0,0.537167749018523
JOR,201909,1,1,0.6310251808623143
JOR,201910,1,2,0.580191193450366
JOR,201911,,0,0.5555835728649049
JOR,201912,0,1,0.612090790219903
JOR,202001,0,2,0.5962235780160265
JOR,202002,0,3,0.5772351195474088
JOR,202003,0,4,0.365025093077147
JOR,202004,0,5,0.3284304459033164
JOR,202005,0,6,0.3481177212514857
JOR,202006,0,7,0.34891699285400724
JOR,202007,0,8,0.33969620272365
JOR,202008,0,9,0.34010864579598304
JOR,202009,0,10,0.22043179955917974
JOR,202010,,11,0.23217976262612555
JOR,202011,,12,0.22466638228747687
JOR,202012,,13,0.21245598131333437
JPN,201901,,0,0.14902147268308907
JPN,201902,0,1,0.27998602053613986
JPN,201903,0,2,0.2357507511230149
JPN,201904,0,3,0.23080258725435468
JPN,201905,0,4,0.1713166266366528
JPN,201906,0,5,0.15759544471718837
JPN,201907,0,6,0.14304809160509319
JPN,201908,0,7,0.11989834214616417
JPN,201909,0,8,0.11928851989571594
JPN,201910,0,9,0.11902393325683057
JPN,201911,0,10,0.11871412753164307
JPN,201912,0,11,0.11426765284506449
JPN,202001,0,12,0.12122542763149785
JPN,202002,0,13,0.10531598359370581
JPN,202003,0,14,0.10135153093350434
JPN,202004,0,15,0.10554001404669858
JPN,202005,0,16,0.09528086522935214
JPN,202006,0,17,0.09371424780902132
JPN,202007,0,18,0.09452429796680635
JPN,202008,0,19,0.09438577627779823
JPN,202009,0,20,0.09769710835234323
JPN,202010,,21,0.09644534365527868
JPN,202011,,22,0.09381867399852302
JPN,202012,,23,0.0953549434005528
KAZ,201901,0,31,0.10796446483203116
KAZ,201902,0,32,0.10227011103282242
KAZ,201903,0,33,0.10047361555811989
KAZ,201904,0,34,0.11019308129202315
KAZ,201905,0,35,0.11722494773579831
KAZ,201906,0,36,0.10059512196876483
KAZ,201907,0,37,0.08125452707287396
KAZ,201908,0,38,0.08017085718442422
KAZ,201909,0,39,0.07877326131799035
KAZ,201910,0,40,0.07919916944916386
KAZ,201911,0,41,0.07640189327884767
KAZ,201912,1,42,0.07801723702596916
KAZ,202001,1,43,0.08435282249447314
KAZ,202002,1,44,0.08895917774689605
KAZ,202003,,0,0.13526231321315377
KAZ,202004,1,1,0.23537071921313849
KAZ,202005,,0,0.1877573684301113
KAZ,202006,0,1,0.23386197716411583
KAZ,202007,0,2,0.22195879911976718
KAZ,202008,0,3,0.2053913197185263
KAZ,202009,1,4,0.1759464987921763
KAZ,202010,,5,0.15709068348179536
KAZ,202011,,6,0.15031064042037223
KAZ,202012,,0,0.16729349903781043
KEN,201901,,0,0.7878721859005874
KEN,201902,,0,0.7775341834748292
KEN,201903,1,1,0.7815655291386864
KEN,201904,,0,0.7506041933485723
KEN,201905,,0,0.7737594312873541
KEN,201906,,0,0.76881717367378
KEN,201907,,0,0.8004780576852808
KEN,201908,,0,0.797990430642095
KEN,201909,1,1,0.7779846924915118
KEN,201910,,0,0.7518964129364933
KEN,201911,1,1,0.7929175458353451
KEN,201912,,0,0.7539972298776564
KEN,202001,,0,0.7948340250811116
KEN,202002,,0,0.8032939337120591
KEN,202003,,0,0.8005733781280192
KEN,202004,,0,0.7908739842491518
KEN,202005,,0,0.7716923260595087
KEN,202006,,0,0.7873582365272374
KEN,202007,,0,0.8021025691599805
KEN,202008,1,1,0.7478891526058757
KEN,202009,,0,0.7530774789686481
KEN,202010,,0,0.7700567088713106
KEN,202011,,0,0.8069281141409566
KEN,202012,,0,0.8195107381806701
KGZ,201901,0,12,0.19807521394987138
KGZ,201902,0,13,0.18336299092229552
KGZ,201903,0,14,0.1952650302367093
KGZ,201904,0,15,0.17769036593286347
KGZ,201905,0,16,0.17700670579654396
KGZ,201906,0,17,0.15834777026314215
KGZ,201907,0,18,0.15890462738880173
KGZ,201908,0,19,0.17435428531745892
KGZ,201909,0,20,0.16667290791054412
KGZ,201910,1,21,0.1697994465539647
KGZ,201911,1,22,0.1639386306424759
KGZ,201912,1,23,0.15497222964629093
KGZ,202001,,0,0.19662909869815548
KGZ,202002,0,1,0.2820911567793278
KGZ,202003,1,2,0.24646634613069082
KGZ,202004,1,3,0.22652605503690282
KGZ,202005,1,4,0.1968489518400473
KGZ,202006,,0,0.18203269206001013
KGZ,202007,0,1,0.3157482349030716
KGZ,202008,0,2,0.2779583208550322
KGZ,202009,0,3,0.27447045466163283
KGZ,202010,,4,0.2536789185545617
KGZ,202011,,5,0.18603074854644208
KGZ,202012,,6,0.1870956604159887
KHM,201901,0,64,0.07944649141714724
KHM,201902,0,65,0.08247439009207903
KHM,201903,0,66,0.07937430460654434
KHM,201904,0,67,0.0796653528841064
KHM,201905,0,68,0.07671013241827546
KHM,201906,0,69,0.08390093714899212
KHM,201907,0,70,0.07965720243448675
KHM,201908,0,71,0.08168927066286176
KHM,201909,0,72,0.07748310770883224
KHM,201910,0,73,0.07882247789935921
KHM,201911,0,74,0.07789754120818436
KHM,201912,0,75,0.07660437204553824
KHM,202001,0,76,0.08354553771071271
KHM,202002,0,77,0.08634459946828034
KHM,202003,0,78,0.08379247228569656
KHM,202004,0,79,0.08718111776715746
KHM,202005,0,80,0.08514310814082159
KHM,202006,0,81,0.08623296832436657
KHM,202007,0,82,0.08257459344132341
KHM,202008,0,83,0.08543240332665167
KHM,202009,0,84,0.0849243279028261
KHM,202010,,85,0.08189302434328395
KHM,202011,,86,0.08584383211102514
KHM,202012,,87,0.0859809392187628
KOR,201901,0,11,0.10909938346681076
KOR,201902,0,12,0.10627558807500094
KOR,201903,1,13,0.10480491394328452
KOR,201904,1,14,0.09507685597824231
KOR,201905,1,15,0.09589438725951477
KOR,201906,,0,0.1332203298581531
KOR,201907,0,1,0.2600509721755945
KOR,201908,0,2,0.22441772234839497
KOR,201909,0,3,0.21454801129881332
KOR,201910,0,4,0.14379037393216848
KOR,201911,0,5,0.13601659295754134
KOR,201912,0,6,0.1375448692729205
KOR,202001,0,7,0.12005100444602976
KOR,202002,0,8,0.10642373542343588
KOR,202003,0,9,0.11363815706834696
KOR,202004,0,10,0.12238350035609422
KOR,202005,0,11,0.12249684644339429
KOR,202006,0,12,0.12667721545861568
KOR,202007,0,13,0.11646529606112806
KOR,202008,0,14,0.10889216012346918
KOR,202009,0,15,0.10226782766673409
KOR,202010,,16,0.10309219799285792
KOR,202011,,17,0.09531983933733457
KOR,202012,,18,0.0963822891527653
KWT,201901,0,35,0.09404184608754117
KWT,201902,0,36,0.0928474685876298
KWT,201903,0,37,0.09230226038228809
KWT,201904,0,38,0.08838650653438274
KWT,201905,0,39,0.0903022746482389
KWT,201906,0,40,0.09453503971394385
KWT,201907,0,41,0.0884084184488817
KWT,201908,0,42,0.08942513674099961
KWT,201909,0,43,0.10455125458325645
KWT,201910,0,44,0.09500586805259834
KWT,201911,0,45,0.08963058675853804
KWT,201912,0,46,0.08395362948803287
KWT,202001,0,47,0.10006585041544054
KWT,202002,0,48,0.1066954973070784
KWT,202003,0,49,0.09910741678788755
KWT,202004,0,50,0.09843804428075899
KWT,202005,0,51,0.0950698822453342
KWT,202006,0,52,0.09857254325829987
KWT,202007,0,53,0.10360880295735467
KWT,202008,0,54,0.09594159947627809
KWT,202009,0,55,0.10206393050388303
KWT,202010,,56,0.10020687149288783
KWT,202011,,57,0.09369190362533363
KWT,202012,,58,0.10259672455583273
LAO,201901,0,19,0.14119086394239358
LAO,201902,0,20,0.1310240761063013
LAO,201903,0,21,0.11581366324135914
LAO,201904,0,22,0.07725307933147507
LAO,201905,0,23,0.07481932733342667
LAO,201906,0,24,0.08089244815959225
LAO,201907,0,25,0.07398034022115851
LAO,201908,0,26,0.0807180629689399
LAO,201909,0,27,0.07248971478247934
LAO,201910,0,28,0.07172421855788803
LAO,201911,0,29,0.072939959266166
LAO,201912,0,30,0.07661310539189008
LAO,202001,0,31,0.08688900923183633
LAO,202002,0,32,0.07685134633227489
LAO,202003,0,33,0.07570532729155917
LAO,202004,0,34,0.08781712438026036
LAO,202005,0,35,0.08145359074401493
LAO,202006,0,36,0.07606780733596946
LAO,202007,0,37,0.07269949605652838
LAO,202008,0,38,0.07753409720533047
LAO,202009,0,39,0.07520452652285917
LAO,202010,,40,0.075292127651384
LAO,202011,,41,0.07170204948742459
LAO,202012,,42,0.07268754178196982
LBN,201901,1,4,0.5391414277167198
LBN,201902,,0,0.5895673747894173
LBN,201903,1,1,0.7046227558695876
LBN,201904,1,2,0.6657472407814269
LBN,201905,1,3,0.6525347680978792
LBN,201906,,0,0.5748526069849557
LBN,201907,0,1,0.6766401469644505
LBN,201908,1,2,0.6685286063915734
LBN,201909,1,3,0.6170186337024294
LBN,201910,1,4,0.46368310207237273
LBN,201911,,0,0.49587122310143633
LBN,201912,1,1,0.6495443302759348
LBN,202001,1,2,0.6204605913658996
LBN,202002,,0,0.599170667867149
LBN,202003,,0,0.6466533056061314
LBN,202004,,0,0.6348939714596805
LBN,202005,1,1,0.6590371558755775
LBN,202006,1,2,0.6419027818876988
LBN,202007,1,3,0.6030753631004253
LBN,202008,,0,0.5677962564218021
LBN,202009,,0,0.7061949705899415
LBN,202010,,1,0.6731783250207133
LBN,202011,,2,0.6207976906340478
LBN,202012,,0,0.6358640777577231
LBR,201901,,0,0.16043091786072114
LBR,201902,0,1,0.26464235714869
LBR,201903,0,2,0.23169438012239818
LBR,201904,0,3,0.22639085896244854
LBR,201905,0,4,0.150067016208203
LBR,201906,0,5,0.18922392989163797
LBR,201907,0,6,0.13375742336713245
LBR,201908,0,7,0.1400121302875107
LBR,201909,0,8,0.13479110076577958
LBR,201910,0,9,0.13561698781882858
LBR,201911,0,10,0.14469069692385778
LBR,201912,0,11,0.12789918047984405
LBR,202001,0,12,0.15549050057487998
LBR,202002,0,13,0.11984777017839235
LBR,202003,0,14,0.15577706315503448
LBR,202004,0,15,0.162443960125907
LBR,202005,0,16,0.10512965856998642
LBR,202006,0,17,0.0984154480520435
LBR,202007,0,18,0.10273963617132913
LBR,202008,0,19,0.09885950255213748
LBR,202009,0,20,0.10875031900520078
LBR,202010,,21,0.09945405498592766
LBR,202011,,22,0.10263056104923568
LBR,202012,,23,0.10307781253586569
LBY,201901,,0,0.773009127953354
LBY,201902,,0,0.7756026505780079
LBY,201903,,0,0.7784279364051144
LBY,201904,,0,0.8021423958000881
LBY,201905,,0,0.8125575356911527
LBY,201906,,0,0.8138900869905092
LBY,201907,,0,0.8183651891434885
LBY,201908,,0,0.8161992070465114
LBY,201909,1,1,0.762917181777396
LBY,201910,,0,0.7532563848031182
LBY,201911,,0,0.7884353954477514
LBY,201912,,0,0.8040466506570533
LBY,202001,,0,0.8095191225643968
LBY,202002,,0,0.8042127320254031
LBY,202003,,0,0.8034664940134614
LBY,202004,,0,0.8232732171425945
LBY,202005,,0,0.7992464876868575
LBY,202006,1,1,0.8124202736623896
LBY,202007,,0,0.7657433570328608
LBY,202008,1,1,0.7570404056957234
LBY,202009,1,2,0.7391496682637226
LBY,202010,,3,0.7122964936996969
LBY,202011,,0,0.5987475311391788
LBY,202012,,1,0.7286088894477634
LKA,201901,1,7,0.5053193339856421
LKA,201902,1,8,0.493193663134854
LKA,201903,,0,0.5457794232542714
LKA,201904,,0,0.6916667830544561
LKA,201905,,0,0.7500899431163862
LKA,201906,0,1,0.7426818580967531
LKA,201907,0,2,0.7049028621500313
LKA,201908,1,3,0.6884005604966724
LKA,201909,1,4,0.5691133632336975
LKA,201910,1,5,0.5443052655268853
LKA,201911,,0,0.5866481562680452
LKA,201912,0,1,0.7451517633999307
LKA,202001,0,2,0.6987761157307857
LKA,202002,0,3,0.646414861565852
LKA,202003,0,4,0.5426181953768376
LKA,202004,0,5,0.5112938746438226
LKA,202005,1,6,0.4722102717336219
LKA,202006,1,7,0.4571370940723434
LKA,202007,1,8,0.4426265645171695
LKA,202008,,0,0.49992259508412396
LKA,202009,0,1,0.6152281200875587
LKA,202010,,2,0.5578559963303522
LKA,202011,,3,0.5287778211001419
LKA,202012,,4,0.3644615385039064
LTU,201901,0,5,0.12402256965926922
LTU,201902,0,6,0.12095282304750828
LTU,201903,0,7,0.11990657823284562
LTU,201904,0,8,0.1416411042021197
LTU,201905,0,9,0.12113796549187429
LTU,201906,0,10,0.12344229092526765
LTU,201907,1,11,0.12714430426061527
LTU,201908,1,12,0.12311789262512594
LTU,201909,1,13,0.10763815525904384
LTU,201910,,0,0.12490805915626217
LTU,201911,0,1,0.2144620330034347
LTU,201912,0,2,0.18234449431499075
LTU,202001,0,3,0.1997561522333614
LTU,202002,0,4,0.1511542463077181
LTU,202003,0,5,0.15483356052250552
LTU,202004,0,6,0.1438984261123029
LTU,202005,0,7,0.14932788777623102
LTU,202006,0,8,0.14517829960573803
LTU,202007,0,9,0.14756634051162767
LTU,202008,0,10,0.1417575494243482
LTU,202009,0,11,0.13084883860749402
LTU,202010,,12,0.1333714835996922
LTU,202011,,13,0.1263225277679914
LTU,202012,,14,0.13167348762176265
LUX,201901,0,109,0.0879078572659516
LUX,201902,0,110,0.09203962070222438
LUX,201903,0,111,0.08903167865406977
LUX,201904,0,112,0.08377984309394076
LUX,201905,0,113,0.08576195646538264
LUX,201906,0,114,0.08795306952823086
LUX,201907,0,115,0.08738041702402814
LUX,201908,0,116,0.09182828939049033
LUX,201909,0,117,0.08454122433489349
LUX,201910,0,118,0.08238104831801359
LUX,201911,0,119,0.07940676445471188
LUX,201912,0,120,0.08253284324906346
LUX,202001,0,121,0.08129300724724381
LUX,202002,0,122,0.07663498278315856
LUX,202003,0,123,0.07467506324461336
LUX,202004,0,124,0.07712012407439597
LUX,202005,0,125,0.08199451730507669
LUX,202006,0,126,0.08090510508613019
LUX,202007,0,127,0.07925225762013607
LUX,202008,0,128,0.08360745917751683
LUX,202009,0,129,0.07964490459678393
LUX,202010,,130,0.07606882702682075
LUX,202011,,131,0.07653671794924928
LUX,202012,,132,0.07882714240680641
LVA,201901,0,13,0.11274033770855071
LVA,201902,0,14,0.10608783302095541
LVA,201903,0,15,0.09960155784655007
LVA,201904,0,16,0.101826405832198
LVA,201905,0,17,0.09129728239348982
LVA,201906,0,18,0.09915647370159629
LVA,201907,0,19,0.10081532169517125
LVA,201908,0,20,0.10790579147101104
LVA,201909,0,21,0.1059225258935632
LVA,201910,0,22,0.10525615284374616
LVA,201911,0,23,0.10601186402115662
LVA,201912,0,24,0.11289737437429263
LVA,202001,0,25,0.1030666652944484
LVA,202002,0,26,0.09493761363607434
LVA,202003,0,27,0.10531501119964241
LVA,202004,0,28,0.10115085127692135
LVA,202005,0,29,0.09841596188358442
LVA,202006,0,30,0.09793081657354646
LVA,202007,0,31,0.10250012884632684
LVA,202008,0,32,0.09164643299011507
LVA,202009,0,33,0.09740235414852463
LVA,202010,,34,0.09444649464650617
LVA,202011,,35,0.09539872973140184
LVA,202012,,36,0.09719110360945975
MAR,201901,0,1,0.3252014915402954
MAR,201902,0,2,0.2828279720503412
MAR,201903,0,3,0.27977991149466613
MAR,201904,0,4,0.17785501738060805
MAR,201905,0,5,0.14912593761051707
MAR,201906,0,6,0.1424126373573902
MAR,201907,0,7,0.14103208683682966
MAR,201908,0,8,0.1461630489125921
MAR,201909,0,9,0.1467639018349749
MAR,201910,0,10,0.11799862661687731
MAR,201911,0,11,0.11818057430140576
MAR,201912,0,12,0.11673122426447613
MAR,202001,0,13,0.11171981946298365
MAR,202002,0,14,0.11073185824805824
MAR,202003,0,15,0.10450892842842471
MAR,202004,0,16,0.1038408658240388
MAR,202005,0,17,0.10642336552050588
MAR,202006,0,18,0.10830685477350649
MAR,202007,0,19,0.11333474791541703
MAR,202008,0,20,0.10991902101208165
MAR,202009,0,21,0.10280929347944039
MAR,202010,,22,0.10880571109510287
MAR,202011,,23,0.14853314870630796
MAR,202012,,24,0.10081124922257981
MDA,201901,0,35,0.08567922100127708
MDA,201902,0,36,0.08610830349531726
MDA,201903,0,37,0.08637173604038803
MDA,201904,0,38,0.08640184421271078
MDA,201905,0,39,0.08740441383543297
MDA,201906,0,40,0.08790668191542549
MDA,201907,0,41,0.08894141799637598
MDA,201908,0,42,0.09132490035192208
MDA,201909,0,43,0.08942048835474065
MDA,201910,0,44,0.08791377263673804
MDA,201911,0,45,0.08701414281005634
MDA,201912,0,46,0.08250608991373454
MDA,202001,0,47,0.09759876304596339
MDA,202002,0,48,0.10273491647048275
MDA,202003,0,49,0.09580153472105542
MDA,202004,0,50,0.10039286569978273
MDA,202005,0,51,0.09509335773435479
MDA,202006,0,52,0.09616975728230702
MDA,202007,0,53,0.09370432678356068
MDA,202008,0,54,0.09683565419649412
MDA,202009,0,55,0.09011510537079984
MDA,202010,,56,0.0938885117696806
MDA,202011,,57,0.094474385805958
MDA,202012,,58,0.09282010496862966
MDG,201901,0,31,0.08875549071471146
MDG,201902,0,32,0.09693291787198928
MDG,201903,0,33,0.08736848017204374
MDG,201904,0,34,0.08838336327885138
MDG,201905,0,35,0.08856019162927506
MDG,201906,0,36,0.1404903976618948
MDG,201907,0,37,0.08843038574694269
MDG,201908,0,38,0.0884398376140384
MDG,201909,0,39,0.08897192568612709
MDG,201910,0,40,0.0847322384341419
MDG,201911,0,41,0.0878683822148483
MDG,201912,0,42,0.08477605505018992
MDG,202001,0,43,0.09784675925560439
MDG,202002,0,44,0.09594429999279963
MDG,202003,0,45,0.08936046023820804
MDG,202004,0,46,0.09401434489760994
MDG,202005,0,47,0.09332278458566591
MDG,202006,0,48,0.10200375365244334
MDG,202007,0,49,0.09351083448554504
MDG,202008,0,50,0.14066721251562353
MDG,202009,0,51,0.09193976568311348
MDG,202010,,52,0.09264903965467561
MDG,202011,,53,0.08864608186488125
MDG,202012,,54,0.08413790070776564
MEX,201901,,0,0.762971400774068
MEX,201902,,0,0.7459110321061678
MEX,201903,,0,0.7638440462424165
MEX,201904,,0,0.7645745601579261
MEX,201905,,0,0.7353502523151169
MEX,201906,,0,0.7511824335083789
MEX,201907,,0,0.7677970901683625
MEX,201908,,0,0.7529094529489552
MEX,201909,1,1,0.7551247123711239
MEX,201910,1,2,0.7151868879468738
MEX,201911,,0,0.7212921042871945
MEX,201912,1,1,0.714053424909749
MEX,202001,1,2,0.6880268827699005
MEX,202002,,0,0.6817052642469577
MEX,202003,,0,0.717518762294733
MEX,202004,,0,0.72611182918086
MEX,202005,,0,0.7255698415055418
MEX,202006,,0,0.7465439734089557
MEX,202007,1,1,0.7248428023747039
MEX,202008,,0,0.690722941617411
MEX,202009,1,1,0.6778999076715597
MEX,202010,,2,0.6555050262610075
MEX,202011,,0,0.6565001892762211
MEX,202012,,1,0.675357360129423
MKD,201901,0,22,0.09355788002035313
MKD,201902,0,23,0.09546558175315861
MKD,201903,0,24,0.08971811746567314
MKD,201904,0,25,0.09140064036178673
MKD,201905,0,26,0.09428758045491441
MKD,201906,0,27,0.09055237378375061
MKD,201907,0,28,0.08996615996133334
MKD,201908,0,29,0.09788000382251093
MKD,201909,0,30,0.09346517123277082
MKD,201910,0,31,0.0858741526178916
MKD,201911,0,32,0.0899975862773362
MKD,201912,0,33,0.0860130021363622
MKD,202001,0,34,0.09203285368970006
MKD,202002,0,35,0.09855661901607898
MKD,202003,0,36,0.09490064958617556
MKD,202004,0,37,0.09081429300056933
MKD,202005,0,38,0.08922786374086934
MKD,202006,0,39,0.09006756716190234
MKD,202007,0,40,0.09187843323204367
MKD,202008,0,41,0.09462935416197611
MKD,202009,0,42,0.08690628816004688
MKD,202010,,43,0.08967424788622555
MKD,202011,,44,0.08504488029927999
MKD,202012,,45,0.08799940328210308
MLI,201901,,0,0.8013076907858632
MLI,201902,,0,0.7863992916662701
MLI,201903,,0,0.8066754366390657
MLI,201904,,0,0.8057109826721844
MLI,201905,,0,0.8025936722840977
MLI,201906,,0,0.809838088796598
MLI,201907,,0,0.80762675278933
MLI,201908,,0,0.8215303495720505
MLI,201909,,0,0.8127240202517637
MLI,201910,,0,0.7988062504748474
MLI,201911,,0,0.8145110534389935
MLI,201912,,0,0.7933428658680635
MLI,202001,,0,0.7894422307606673
MLI,202002,,0,0.8045221323558885
MLI,202003,,0,0.8006063073881083
MLI,202004,,0,0.8102764559934394
MLI,202005,,0,0.8082442805909398
MLI,202006,,0,0.7862466031446698
MLI,202007,,0,0.7952334323002114
MLI,202008,,0,0.8021936504472069
MLI,202009,,0,0.8218505516388358
MLI,202010,,0,0.8170121902879616
MLI,202011,,0,0.8229699478863776
MLI,202012,,1,0.8205435298730082
MLT,201901,0,15,0.14966469379338102
MLT,201902,0,16,0.13065145572433143
MLT,201903,0,17,0.13163102505899157
MLT,201904,0,18,0.14165683081313996
MLT,201905,0,19,0.14091741565354904
MLT,201906,0,20,0.12913682552945668
MLT,201907,0,21,0.13035192853358996
MLT,201908,0,22,0.12933984481659255
MLT,201909,0,23,0.13728805200485614
MLT,201910,0,24,0.14267913344434444
MLT,201911,0,25,0.1324195907390667
MLT,201912,0,26,0.13568796276551442
MLT,202001,0,27,0.13334461649369797
MLT,202002,0,28,0.13050522852792662
MLT,202003,0,29,0.13849706681545396
MLT,202004,0,30,0.12833028118176878
MLT,202005,0,31,0.12604357459992138
MLT,202006,0,32,0.12974025326671848
MLT,202007,0,33,0.09863579329273525
MLT,202008,0,34,0.09224276052688364
MLT,202009,0,35,0.1012019996428566
MLT,202010,,36,0.09686857403240945
MLT,202011,,37,0.09459166309026244
MLT,202012,,38,0.09447645367069084
MMR,201901,,0,0.8190637867935376
MMR,201902,,0,0.802001078475551
MMR,201903,,0,0.8075890186511582
MMR,201904,,0,0.8139131262765078
MMR,201905,,0,0.8105182881469202
MMR,201906,,0,0.804137087886707
MMR,201907,,0,0.8196050778384039
MMR,201908,,0,0.8104416076600554
MMR,201909,,0,0.8080502661912367
MMR,201910,,0,0.8173002523863506
MMR,201911,,0,0.8241252812283855
MMR,201912,,0,0.8227701732751664
MMR,202001,,0,0.8042778609784835
MMR,202002,,0,0.7934572344079371
MMR,202003,,0,0.8113944501087036
MMR,202004,,0,0.8030887018251757
MMR,202005,,0,0.7923389712932238
MMR,202006,,0,0.7928691774964126
MMR,202007,,0,0.8020424297675891
MMR,202008,,0,0.807966282798346
MMR,202009,,0,0.8213940116246369
MMR,202010,,0,0.8084110047879584
MMR,202011,,0,0.8059186116518255
MMR,202012,,1,0.769276902912443
MNE,201901,0,8,0.1506003963190828
MNE,201902,0,9,0.1352232395667628
MNE,201903,0,10,0.1185207019517172
MNE,201904,0,11,0.11702295027159629
MNE,201905,0,12,0.11552678803725204
MNE,201906,0,13,0.10181712539059358
MNE,201907,0,14,0.09827699238771505
MNE,201908,0,15,0.0983971071542502
MNE,201909,0,16,0.09469886849230946
MNE,201910,0,17,0.09036972439056074
MNE,201911,0,18,0.09175584786994202
MNE,201912,0,19,0.09271008918201666
MNE,202001,0,20,0.10206771919398229
MNE,202002,0,21,0.1001289753101408
MNE,202003,0,22,0.0971484964010396
MNE,202004,0,23,0.09824212641023555
MNE,202005,0,24,0.09814534362810604
MNE,202006,0,25,0.09653928263891029
MNE,202007,0,26,0.09716535328082349
MNE,202008,0,27,0.09913094003876802
MNE,202009,0,28,0.09534238861596009
MNE,202010,,29,0.10640212909923749
MNE,202011,,30,0.10135091403909087
MNE,202012,,31,0.10373969184852286
MOZ,201901,,0,0.7653874056388702
MOZ,201902,,0,0.7412109149609593
MOZ,201903,,0,0.7751135394375224
MOZ,201904,,0,0.7691942444679508
MOZ,201905,,0,0.7569285630664362
MOZ,201906,,0,0.7642359099205025
MOZ,201907,,0,0.7868978713284289
MOZ,201908,,0,0.8044410874157328
MOZ,201909,,0,0.7664375234300742
MOZ,201910,,0,0.7773661339715977
MOZ,201911,,0,0.7921760961582659
MOZ,201912,,0,0.7905870399408169
MOZ,202001,,0,0.7645594611369232
MOZ,202002,,0,0.798651464479171
MOZ,202003,,0,0.7633067520196722
MOZ,202004,,0,0.7790188734716902
MOZ,202005,,0,0.7543414094737535
MOZ,202006,,0,0.7789499396786518
MOZ,202007,,0,0.7785393764633102
MOZ,202008,,0,0.7938662224550987
MOZ,202009,,0,0.7996848762421387
MOZ,202010,,0,0.7979801662028517
MOZ,202011,,0,0.8014788372581242
MOZ,202012,,0,0.7923258225032257
MRT,201901,0,95,0.08878080902559836
MRT,201902,0,96,0.09394042785143938
MRT,201903,0,97,0.09399131328627977
MRT,201904,0,98,0.1093198397407882
MRT,201905,0,99,0.09302048886960272
MRT,201906,0,100,0.09980512620263679
MRT,201907,0,101,0.10151936570084734
MRT,201908,0,102,0.10323665979915499
MRT,201909,0,103,0.10238852840257756
MRT,201910,0,104,0.10023396450492005
MRT,201911,0,105,0.09030814405621877
MRT,201912,0,106,0.10969048546389157
MRT,202001,0,107,0.10284393106187303
MRT,202002,0,108,0.11721947752167758
MRT,202003,0,109,0.10976090798248495
MRT,202004,0,110,0.10252812607282136
MRT,202005,0,111,0.11547774393307547
MRT,202006,0,112,0.11407582590075803
MRT,202007,0,113,0.1145170828787773
MRT,202008,0,114,0.11267236993926266
MRT,202009,0,115,0.10219219975239396
MRT,202010,,116,0.11029609721991566
MRT,202011,,117,0.1058310814382308
MRT,202012,,118,0.10932383860636781
MWI,201901,0,5,0.16940997315580122
MWI,201902,0,6,0.1612642952127926
MWI,201903,0,7,0.18739985105263185
MWI,201904,0,8,0.17613428542297122
MWI,201905,0,9,0.17590950062298577
MWI,201906,1,10,0.15521648724658788
MWI,201907,1,11,0.16726612098590188
MWI,201908,1,12,0.1728403409686335
MWI,201909,,0,0.1498090522829052
MWI,201910,,0,0.2926321980006482
MWI,201911,0,1,0.41680116679381823
MWI,201912,0,2,0.37885354237885877
MWI,202001,0,3,0.3748715334598962
MWI,202002,0,4,0.2850396261820149
MWI,202003,0,5,0.29743156723457526
MWI,202004,0,6,0.2945100417082969
MWI,202005,0,7,0.2891118470877096
MWI,202006,0,8,0.27135806544709296
MWI,202007,0,9,0.28584098872671837
MWI,202008,0,10,0.26872564349805594
MWI,202009,0,11,0.28141319954675426
MWI,202010,,12,0.2187421325200965
MWI,202011,,13,0.1911686680001644
MWI,202012,,14,0.18764316284666052
MYS,201901,0,1,0.615461272787704
MYS,201902,0,2,0.5941161852418118
MYS,201903,1,3,0.5597905652594841
MYS,201904,1,4,0.44395887820655927
MYS,201905,1,5,0.44886726542152267
MYS,201906,,0,0.4606096973988346
MYS,201907,1,1,0.565666441368087
MYS,201908,1,2,0.562382882950033
MYS,201909,,0,0.5410226856498023
MYS,201910,1,1,0.5574836187045027
MYS,201911,1,2,0.5427161782196961
MYS,201912,1,3,0.496848486851577
MYS,202001,,0,0.24803984968945156
MYS,202002,0,1,0.4704953503578351
MYS,202003,0,2,0.447073499995448
MYS,202004,0,3,0.46935480363972054
MYS,202005,0,4,0.3584281099306284
MYS,202006,0,5,0.3752205828424993
MYS,202007,0,6,0.3145026166133312
MYS,202008,0,7,0.3046793341715847
MYS,202009,0,8,0.2804694633506478
MYS,202010,,9,0.26310145989544487
MYS,202011,,10,0.2372317200563012
MYS,202012,,11,0.21627752888809545
NAM,201901,0,109,0.07813344506991612
NAM,201902,0,110,0.08647542728008631
NAM,201903,0,111,0.08547554996204278
NAM,201904,0,112,0.08380616651428895
NAM,201905,0,113,0.0851829882513082
NAM,201906,0,114,0.08526577114715286
NAM,201907,0,115,0.08184374554500577
NAM,201908,0,116,0.07700978228547024
NAM,201909,0,117,0.08790382602092668
NAM,201910,0,118,0.09933159527747405
NAM,201911,0,119,0.1033046139870069
NAM,201912,0,120,0.10987948090017992
NAM,202001,0,121,0.09224341917418032
NAM,202002,0,122,0.09512409590135423
NAM,202003,0,123,0.08707297156582708
NAM,202004,0,124,0.09307854171015087
NAM,202005,0,125,0.08684626051633931
NAM,202006,0,126,0.08450484169838499
NAM,202007,0,127,0.08627912593662458
NAM,202008,0,128,0.0868540976662947
NAM,202009,0,129,0.09036132660600261
NAM,202010,,130,0.08698630186239803
NAM,202011,,131,0.0859365654189396
NAM,202012,,132,0.08669757992253706
NER,201901,,0,0.7773129449323861
NER,201902,,0,0.7899927610717663
NER,201903,,0,0.7915125177544745
NER,201904,,0,0.7933119821334482
NER,201905,,0,0.7977399167011842
NER,201906,,0,0.7947071666171404
NER,201907,,0,0.803790465940873
NER,201908,,0,0.8038783916638421
NER,201909,,0,0.7486343875119232
NER,201910,,0,0.781252522653911
NER,201911,,0,0.7948536164365894
NER,201912,,0,0.8082428969869905
NER,202001,1,1,0.7856096579035718
NER,202002,,0,0.7635387302018891
NER,202003,,0,0.8002555779219226
NER,202004,1,1,0.8011932753870294
NER,202005,,0,0.7638965058971552
NER,202006,,0,0.7643224627395093
NER,202007,1,1,0.8117692344126091
NER,202008,,0,0.7701531378086577
NER,202009,1,1,0.7854667457983237
NER,202010,,0,0.7379806134787357
NER,202011,,1,0.8028433469812781
NER,202012,,0,0.7701771073898273
NGA,201901,,0,0.7985758906322613
NGA,201902,,0,0.7934985628064148
NGA,201903,,0,0.7977022794659844
NGA,201904,,0,0.7941538441179258
NGA,201905,,0,0.7995086364616709
NGA,201906,,0,0.786573487128549
NGA,201907,,0,0.8110447005449853
NGA,201908,,0,0.8145857692808177
NGA,201909,,0,0.7840197859828959
NGA,201910,,0,0.7823844879565681
NGA,201911,,0,0.7895779709691108
NGA,201912,,0,0.8038562419675792
NGA,202001,,0,0.8015984852194009
NGA,202002,,0,0.8215305738675401
NGA,202003,,0,0.8036130295556254
NGA,202004,,0,0.7939450508619125
NGA,202005,,0,0.7951303599425329
NGA,202006,,0,0.8015322734347236
NGA,202007,,0,0.8144154920937232
NGA,202008,,0,0.8048373151129377
NGA,202009,,0,0.8150917657376908
NGA,202010,,0,0.8201733825221159
NGA,202011,,0,0.8311039202538647
NGA,202012,,0,0.8317607977799255
NIC,201901,0,6,0.3275538672469614
NIC,201902,0,7,0.3368644426246382
NIC,201903,0,8,0.344694200059445
NIC,201904,0,9,0.34426092315951207
NIC,201905,0,10,0.31873096416481955
NIC,201906,1,11,0.29805994962519744
NIC,201907,1,12,0.3134099179350696
NIC,201908,1,13,0.21252141337013286
NIC,201909,,0,0.23024312240928477
NIC,201910,0,1,0.44294922020973543
NIC,201911,1,2,0.4038751210446298
NIC,201912,1,3,0.3955034763857686
NIC,202001,1,4,0.34271308711710735
NIC,202002,,0,0.345614370919389
NIC,202003,0,1,0.5904020280709468
NIC,202004,1,2,0.5510127177377429
NIC,202005,1,3,0.5661891710989386
NIC,202006,1,4,0.45804670247612944
NIC,202007,,0,0.491316890900899
NIC,202008,0,1,0.5960183184945393
NIC,202009,0,2,0.5718748284989642
NIC,202010,,3,0.48080225236849705
NIC,202011,,4,0.4455054808851826
NIC,202012,,5,0.40342604475014954
NLD,201901,1,5,0.433009576849131
NLD,201902,1,6,0.4375768422035571
NLD,201903,,0,0.46890036132735063
NLD,201904,1,1,0.5861300037900415
NLD,201905,,0,0.5901812059342703
NLD,201906,,0,0.5897773794280853
NLD,201907,0,1,0.5894647623709414
NLD,201908,1,2,0.4355751439063523
NLD,201909,1,3,0.38985688301396726
NLD,201910,1,4,0.34030154462644896
NLD,201911,,0,0.3460326962192535
NLD,201912,0,1,0.5245158563634597
NLD,202001,1,2,0.43819031036018147
NLD,202002,1,3,0.4294160913775958
NLD,202003,1,4,0.36154645474628183
NLD,202004,,0,0.3660086643544541
NLD,202005,,0,0.7096429929435409
NLD,202006,,0,0.7286889462799868
NLD,202007,1,1,0.7202084145506753
NLD,202008,1,2,0.6789799353207994
NLD,202009,,0,0.6678250394648092
NLD,202010,,1,0.6986387523172912
NLD,202011,,0,0.6532248943811608
NLD,202012,,1,0.7306095452656755
NOR,201901,0,21,0.11530520894123734
NOR,201902,0,22,0.1107842479792716
NOR,201903,0,23,0.10912738865528876
NOR,201904,0,24,0.11051182103720635
NOR,201905,1,25,0.1202505972261848
NOR,201906,1,26,0.1109312950281944
NOR,201907,1,27,0.10611880591939302
NOR,201908,,0,0.15973544693520852
NOR,201909,0,1,0.31772666336544075
NOR,201910,0,2,0.280704877013203
NOR,201911,1,3,0.27965216927193404
NOR,201912,1,4,0.1960152050204775
NOR,202001,1,5,0.1751801342788161
NOR,202002,,0,0.21935334906352025
NOR,202003,,0,0.35257147604828787
NOR,202004,0,1,0.41979101634118526
NOR,202005,0,2,0.4097562020300826
NOR,202006,0,3,0.3989347122031858
NOR,202007,0,4,0.3491118004785861
NOR,202008,0,5,0.30010181215773724
NOR,202009,0,6,0.2375612839501473
NOR,202010,,7,0.23873052255824695
NOR,202011,,8,0.22861230356286755
NOR,202012,,9,0.2250036237160701
NPL,201901,,0,0.6467182724095306
NPL,201902,,0,0.7422485219595016
NPL,201903,,0,0.7428079733588011
NPL,201904,,0,0.7358523309138835
NPL,201905,,0,0.7345109160459812
NPL,201906,,0,0.7524602796960334
NPL,201907,,0,0.7839694455515135
NPL,201908,,0,0.7691321775255368
NPL,201909,,0,0.7416147451293731
NPL,201910,,0,0.7567265512946199
NPL,201911,,0,0.7540270046821331
NPL,201912,,0,0.766530631122933
NPL,202001,,0,0.7413014422945204
NPL,202002,,0,0.7544069509154854
NPL,202003,,0,0.7048058599335212
NPL,202004,1,1,0.7247820880694741
NPL,202005,1,2,0.6795941373215999
NPL,202006,1,3,0.672716534671553
NPL,202007,,0,0.5761482466731447
NPL,202008,,0,0.7385677512159248
NPL,202009,1,1,0.752861449440568
NPL,202010,,2,0.7055372459644893
NPL,202011,,0,0.6566127361351092
NPL,202012,,0,0.7409287225295955
NZL,201901,1,35,0.08951488449850943
NZL,201902,1,36,0.09311065177442387
NZL,201903,,0,0.165050363061481
NZL,201904,0,1,0.32016274814549645
NZL,201905,0,2,0.29447714708977174
NZL,201906,0,3,0.28234324898455104
NZL,201907,0,4,0.19956614630324374
NZL,201908,0,5,0.18499642664806004
NZL,201909,0,6,0.16060864866114336
NZL,201910,0,7,0.16421907578182046
NZL,201911,0,8,0.16587954494482138
NZL,201912,1,9,0.16846089687927152
NZL,202001,1,10,0.17076442035300063
NZL,202002,1,11,0.15901350776194154
NZL,202003,,0,0.21010231349683778
NZL,202004,,0,0.28872555164703706
NZL,202005,,0,0.3775598367158716
NZL,202006,,0,0.6128128539901396
NZL,202007,0,1,0.6640089768142985
NZL,202008,0,2,0.6269996342539307
NZL,202009,0,3,0.595387736870357
NZL,202010,,4,0.5130618014466307
NZL,202011,,5,0.4946126291379804
NZL,202012,,6,0.5230369146847914
PAK,201901,,0,0.7985283337695622
PAK,201902,,0,0.787871961969167
PAK,201903,,0,0.7972368012428472
PAK,201904,,0,0.7900757798581916
PAK,201905,,0,0.7903132289960176
PAK,201906,,0,0.7992286078873556
PAK,201907,,0,0.7935322096314682
PAK,201908,,0,0.8174020974609035
PAK,201909,,0,0.7819408641994713
PAK,201910,,0,0.7998059399146231
PAK,201911,,0,0.8117474442608392
PAK,201912,,0,0.7951142751820909
PAK,202001,,0,0.7987086824575235
PAK,202002,,0,0.786760372616735
PAK,202003,,0,0.7594965585171168
PAK,202004,,0,0.780922621952712
PAK,202005,,0,0.799582446130072
PAK,202006,,0,0.781771503216201
PAK,202007,,0,0.7913972085755145
PAK,202008,,0,0.788656605685281
PAK,202009,,0,0.7812209571914829
PAK,202010,,0,0.7817811053309728
PAK,202011,,0,0.7730613585207631
PAK,202012,,0,0.7844451111627434
PAN,201901,0,34,0.09498249670513717
PAN,201902,0,35,0.09299312035520128
PAN,201903,0,36,0.09156222327232294
PAN,201904,0,37,0.09423600881890958
PAN,201905,0,38,0.0903284081739911
PAN,201906,0,39,0.09513094473896726
PAN,201907,0,40,0.09407321608860299
PAN,201908,0,41,0.0962424904578925
PAN,201909,0,42,0.09873441543556842
PAN,201910,0,43,0.0971703439908034
PAN,201911,0,44,0.08975095442845003
PAN,201912,0,45,0.09154835205569631
PAN,202001,0,46,0.09888296273830663
PAN,202002,0,47,0.102846346730921
PAN,202003,0,48,0.095033916737568
PAN,202004,0,49,0.09546261006980213
PAN,202005,0,50,0.09342118203855575
PAN,202006,0,51,0.08934713543409706
PAN,202007,0,52,0.09267381740446513
PAN,202008,0,53,0.09003108660435076
PAN,202009,0,54,0.09399670413844678
PAN,202010,,55,0.0889724689033713
PAN,202011,,56,0.0897595622081337
PAN,202012,,57,0.08415189097210624
PER,201901,0,2,0.5281128691696148
PER,201902,0,3,0.5183978617054626
PER,201903,0,4,0.41892101908239954
PER,201904,0,5,0.37387086111499074
PER,201905,0,6,0.32657421021256455
PER,201906,0,7,0.3330557308319003
PER,201907,0,8,0.21234177165162063
PER,201908,0,9,0.23417207326956146
PER,201909,0,10,0.22366058124525076
PER,201910,1,11,0.23230820381461728
PER,201911,1,12,0.2471191706039144
PER,201912,1,13,0.19525888137548303
PER,202001,,0,0.21276437394932132
PER,202002,0,1,0.3627517593818563
PER,202003,0,2,0.2866844226855526
PER,202004,0,3,0.3053578103475622
PER,202005,0,4,0.24089237330253763
PER,202006,0,5,0.24063769892746378
PER,202007,0,6,0.25286176998545234
PER,202008,0,7,0.2648588574795744
PER,202009,0,8,0.2243692527653819
PER,202010,,9,0.2269183400564621
PER,202011,,10,0.23268743804949363
PER,202012,,11,0.2605247107837265
PHL,201901,,0,0.7656411947057833
PHL,201902,,0,0.7566866539587386
PHL,201903,,0,0.7695813837205365
PHL,201904,,0,0.7631768685047515
PHL,201905,,0,0.7397984604325275
PHL,201906,,0,0.7553815751457499
PHL,201907,,0,0.7807371430349018
PHL,201908,,0,0.7658753234552761
PHL,201909,,0,0.7515627160421
PHL,201910,,0,0.758778901129243
PHL,201911,,0,0.7677973389421255
PHL,201912,,0,0.7605811427099729
PHL,202001,,0,0.767836117247183
PHL,202002,,0,0.7680832014584391
PHL,202003,,0,0.7668908133586946
PHL,202004,,0,0.7503410546815357
PHL,202005,,0,0.7513763386000654
PHL,202006,,0,0.7665714440718052
PHL,202007,,0,0.7747968752531291
PHL,202008,,0,0.7566908279284632
PHL,202009,,0,0.7862114198893413
PHL,202010,,0,0.7809571529034802
PHL,202011,,0,0.7666614249835702
PHL,202012,,0,0.7738274980459073
PNG,201901,0,18,0.1680908511761462
PNG,201902,0,19,0.16573358230599855
PNG,201903,0,20,0.16875117340044543
PNG,201904,0,21,0.1571936786431456
PNG,201905,0,22,0.14568879527334744
PNG,201906,0,23,0.20518179649537868
PNG,201907,0,24,0.19816897462091776
PNG,201908,0,25,0.14916171618918303
PNG,201909,0,26,0.1503548207593065
PNG,201910,0,27,0.1618475847904069
PNG,201911,0,28,0.15729130744293018
PNG,201912,0,29,0.16170764669841417
PNG,202001,0,30,0.1528738651655717
PNG,202002,0,31,0.1607117931223562
PNG,202003,0,32,0.14861251177116958
PNG,202004,0,33,0.16697584500720872
PNG,202005,0,34,0.16045514284602447
PNG,202006,0,35,0.14738901588535827
PNG,202007,0,36,0.1514899725851786
PNG,202008,0,37,0.08213162507366001
PNG,202009,0,38,0.07884578054744135
PNG,202010,,39,0.08281839108846249
PNG,202011,,40,0.08073070811299546
PNG,202012,,41,0.07946509736133542
POL,201901,0,5,0.21337975319389224
POL,201902,0,6,0.19417808067393103
POL,201903,0,7,0.20403236118572102
POL,201904,0,8,0.20882780305172943
POL,201905,0,9,0.205706787430211
POL,201906,0,10,0.1319481514518983
POL,201907,0,11,0.1304039526843658
POL,201908,0,12,0.12105886391846876
POL,201909,0,13,0.11039762612862264
POL,201910,0,14,0.1125376680069883
POL,201911,0,15,0.11824194971338432
POL,201912,0,16,0.09973385406623805
POL,202001,0,17,0.10431525531117737
POL,202002,1,18,0.10060629299256922
POL,202003,1,19,0.09438381119041024
POL,202004,1,20,0.09875679683253252
POL,202005,,0,0.14806134958429246
POL,202006,0,1,0.2673878121051034
POL,202007,0,2,0.25328068762075767
POL,202008,0,3,0.2501106942603124
POL,202009,0,4,0.20148848367444708
POL,202010,,5,0.1953823072134453
POL,202011,,6,0.17750876976779942
POL,202012,,7,0.19742585238635266
PRK,201901,0,109,0.0723186419792668
PRK,201902,0,110,0.07370230831971783
PRK,201903,0,111,0.07464130466499279
PRK,201904,0,112,0.07445934315323335
PRK,201905,0,113,0.07306076184830028
PRK,201906,0,114,0.07286888878790533
PRK,201907,0,115,0.07611443864292332
PRK,201908,0,116,0.07445562062914168
PRK,201909,0,117,0.07270236053737643
PRK,201910,0,118,0.07135203527161349
PRK,201911,0,119,0.07329620098186704
PRK,201912,0,120,0.07061187546905141
PRK,202001,0,121,0.06928290252847134
PRK,202002,0,122,0.0709345139726826
PRK,202003,0,123,0.06584551714018018
PRK,202004,0,124,0.06688341787823687
PRK,202005,0,125,0.06627280731243906
PRK,202006,0,126,0.06651065652218253
PRK,202007,0,127,0.06558431563060901
PRK,202008,0,128,0.07095996083321349
PRK,202009,0,129,0.06925604578763428
PRK,202010,,130,0.06819980141836147
PRK,202011,,131,0.06656321278009339
PRK,202012,,132,0.06726326310494563
PRT,201901,0,86,0.07610716579621413
PRT,201902,0,87,0.08024661172012522
PRT,201903,0,88,0.08249389390395903
PRT,201904,0,89,0.07953016089986448
PRT,201905,0,90,0.08402650059005526
PRT,201906,0,91,0.08407117489438758
PRT,201907,0,92,0.08159643094825622
PRT,201908,0,93,0.08954770088334545
PRT,201909,0,94,0.09129549208557304
PRT,201910,0,95,0.07889986870048406
PRT,201911,0,96,0.08554328503047215
PRT,201912,0,97,0.08241324636075141
PRT,202001,1,98,0.09591680593309057
PRT,202002,1,99,0.09747772928488681
PRT,202003,1,100,0.09010039489380811
PRT,202004,,0,0.15001388586172448
PRT,202005,0,1,0.2676716627040777
PRT,202006,0,2,0.23970660037586866
PRT,202007,0,3,0.22525972589989046
PRT,202008,0,4,0.16831241460543223
PRT,202009,0,5,0.14719600238299052
PRT,202010,,6,0.14320020069923006
PRT,202011,,7,0.14223443765416538
PRT,202012,,8,0.143331685661108
PRY,201901,0,1,0.6332746113940679
PRY,201902,0,2,0.6035070983418552
PRY,201903,0,3,0.5972477047797635
PRY,201904,0,4,0.4812144303238041
PRY,201905,0,5,0.4866686871391077
PRY,201906,0,6,0.4831774310676895
PRY,201907,0,7,0.4683197126604627
PRY,201908,0,8,0.4734744998823032
PRY,201909,0,9,0.46356054776199634
PRY,201910,0,10,0.44574412837186067
PRY,201911,0,11,0.4534728494825728
PRY,201912,0,12,0.32895682263598014
PRY,202001,0,13,0.2876994912558131
PRY,202002,0,14,0.35027974970494247
PRY,202003,0,15,0.2837755171748045
PRY,202004,0,16,0.2648588395065013
PRY,202005,0,17,0.18672654662034788
PRY,202006,1,18,0.18302384013545883
PRY,202007,1,19,0.17836171615966176
PRY,202008,1,20,0.17902751777730505
PRY,202009,,0,0.23955348489492218
PRY,202010,,1,0.3227050083234176
PRY,202011,,2,0.3008306842168496
PRY,202012,,3,0.28904905752083393
PSE,201901,,0,0.838405462329508
PSE,201902,,0,0.808799555110979
PSE,201903,,0,0.8410934352418303
PSE,201904,,0,0.8344444183917707
PSE,201905,,0,0.8316187929055637
PSE,201906,,0,0.8158820608912953
PSE,201907,,0,0.8137978149362282
PSE,201908,,0,0.8421856853753296
PSE,201909,,0,0.8024258730923198
PSE,201910,,0,0.8066486429226252
PSE,201911,,0,0.8256261633796156
PSE,201912,,0,0.8199884214269392
PSE,202001,,0,0.8089307017464159
PSE,202002,,0,0.833885924311876
PSE,202003,,0,0.7915228833855068
PSE,202004,,0,0.7851408200069039
PSE,202005,,0,0.8208747490323689
PSE,202006,,0,0.7955636751397998
PSE,202007,,0,0.806810184127378
PSE,202008,,0,0.7831944318964265
PSE,202009,,0,0.813509138008189
PSE,202010,,0,0.7960695779572841
PSE,202011,,0,0.7903996934808792
PSE,202012,,0,0.7795489947798755
QAT,201901,0,45,0.09783612007655944
QAT,201902,0,46,0.09768988761328692
QAT,201903,0,47,0.10241695862703376
QAT,201904,0,48,0.09363575833072224
QAT,201905,0,49,0.09654569512701715
QAT,201906,0,50,0.09321872405766321
QAT,201907,0,51,0.09800008307730906
QAT,201908,0,52,0.09323861969641274
QAT,201909,0,53,0.09931847698896938
QAT,201910,0,54,0.09600148984272633
QAT,201911,0,55,0.09584393729118883
QAT,201912,0,56,0.09982128850218391
QAT,202001,0,57,0.09657369248729332
QAT,202002,0,58,0.08568472687434539
QAT,202003,0,59,0.08217805449301013
QAT,202004,0,60,0.0881475436172166
QAT,202005,0,61,0.0842024356675658
QAT,202006,0,62,0.08409884434230212
QAT,202007,0,63,0.08614264170748616
QAT,202008,0,64,0.08947592698130423
QAT,202009,0,65,0.09467128262958405
QAT,202010,,66,0.09133754520817453
QAT,202011,,67,0.08434937556820078
QAT,202012,,68,0.09952175042107106
ROU,201901,0,109,0.08218050207105496
ROU,201902,0,110,0.08283278961981214
ROU,201903,0,111,0.08489210555067465
ROU,201904,0,112,0.08777700591870026
ROU,201905,0,113,0.0865798663510123
ROU,201906,0,114,0.09167311056316413
ROU,201907,0,115,0.08723455898287029
ROU,201908,0,116,0.08946874223381947
ROU,201909,0,117,0.08359599994910488
ROU,201910,0,118,0.08351404789221542
ROU,201911,0,119,0.08409282580310182
ROU,201912,0,120,0.07944472398013877
ROU,202001,0,121,0.09289939159388969
ROU,202002,0,122,0.10166749459653486
ROU,202003,0,123,0.09119477761265726
ROU,202004,0,124,0.0882164266798581
ROU,202005,0,125,0.08875226569567195
ROU,202006,0,126,0.09253997619541447
ROU,202007,0,127,0.08915034071299431
ROU,202008,0,128,0.08938686283657722
ROU,202009,0,129,0.08789478124402007
ROU,202010,,130,0.08391979378227217
ROU,202011,,131,0.0839882443348793
ROU,202012,,132,0.08595286177256872
RUS,201901,,0,0.7099967959575162
RUS,201902,,0,0.7547238878896652
RUS,201903,1,1,0.728215635089395
RUS,201904,,0,0.7104280238333842
RUS,201905,1,1,0.6618941959102844
RUS,201906,1,2,0.6533281601533157
RUS,201907,,0,0.6622716735990102
RUS,201908,1,1,0.6863474320918231
RUS,201909,1,2,0.6756804244265396
RUS,201910,1,3,0.6396047904258537
RUS,201911,,0,0.5636262618562372
RUS,201912,,0,0.692677345460761
RUS,202001,1,1,0.6795909846167671
RUS,202002,,0,0.6393028108172013
RUS,202003,1,1,0.7281823682021812
RUS,202004,,0,0.6457858932380459
RUS,202005,,0,0.6880044223081757
RUS,202006,,0,0.6836547841473947
RUS,202007,,0,0.7403550948094998
RUS,202008,1,1,0.7378626142060156
RUS,202009,1,2,0.6526611882753719
RUS,202010,,0,0.6768782538785031
RUS,202011,,1,0.6526211499103849
RUS,202012,,0,0.6427666668439759
RWA,201901,0,1,0.4425113590208289
RWA,201902,0,2,0.4522971323858504
RWA,201903,0,3,0.44219004988720323
RWA,201904,0,4,0.36891771414548935
RWA,201905,0,5,0.33544373996886917
RWA,201906,0,6,0.3313544244112101
RWA,201907,1,7,0.23552527171385912
RWA,201908,1,8,0.22284671768650657
RWA,201909,1,9,0.21671686831737816
RWA,201910,,0,0.30854109351684744
RWA,201911,,0,0.4420881440193635
RWA,201912,0,1,0.49269395995203424
RWA,202001,0,2,0.45397538567899753
RWA,202002,0,3,0.4267173228911691
RWA,202003,0,4,0.37754705518687265
RWA,202004,0,5,0.3502006427619624
RWA,202005,0,6,0.32225292060092114
RWA,202006,0,7,0.2928624520243171
RWA,202007,0,8,0.2941026718610003
RWA,202008,0,9,0.32865288649846264
RWA,202009,0,10,0.3009962869617401
RWA,202010,,11,0.2998551406403535
RWA,202011,,12,0.23138484083157235
RWA,202012,,13,0.20278015937295332
SAU,201901,,0,0.7664989630809103
SAU,201902,1,1,0.7719704344096923
SAU,201903,1,2,0.7044206495500651
SAU,201904,,0,0.7006271374542627
SAU,201905,,0,0.7428111559542604
SAU,201906,,0,0.7924516372172722
SAU,201907,,0,0.8033347853883042
SAU,201908,,0,0.7926855898827441
SAU,201909,,0,0.7723038202548773
SAU,201910,1,1,0.7743057776336256
SAU,201911,,0,0.73086147067211
SAU,201912,,0,0.7588023827423875
SAU,202001,,0,0.7429913650501159
SAU,202002,,0,0.7627527215426985
SAU,202003,,0,0.724832111618741
SAU,202004,1,1,0.7482144565209495
SAU,202005,1,2,0.715644384896445
SAU,202006,,0,0.7022706734457561
SAU,202007,,0,0.7668357691537401
SAU,202008,,0,0.7589571321914874
SAU,202009,,0,0.7873302351758121
SAU,202010,,0,0.7808410828972403
SAU,202011,,0,0.7727849134390762
SAU,202012,,0,0.7770558421911162
SDN,201901,,0,0.7497552742309378
SDN,201902,,0,0.7989854952057256
SDN,201903,,0,0.8007659731870258
SDN,201904,,0,0.8133942502866864
SDN,201905,1,1,0.8167497892442321
SDN,201906,,0,0.7998576138204976
SDN,201907,,0,0.7805974958021619
SDN,201908,1,1,0.8362031743237937
SDN,201909,1,2,0.7763286429913357
SDN,201910,1,3,0.7531913725217394
SDN,201911,,0,0.6358143157122556
SDN,201912,,0,0.819228828554989
SDN,202001,,0,0.8123008859492189
SDN,202002,,0,0.7944279250904402
SDN,202003,,0,0.7878787706944012
SDN,202004,,0,0.8016664602351546
SDN,202005,1,1,0.811773093813633
SDN,202006,,0,0.7796362084032674
SDN,202007,,0,0.7929255574920141
SDN,202008,,0,0.8126967207535756
SDN,202009,1,1,0.7928739781538625
SDN,202010,,0,0.7621519337951983
SDN,202011,,1,0.8063661387067147
SDN,202012,,0,0.7813782813895164
SEN,201901,0,5,0.16457615314240187
SEN,201902,0,6,0.1648420980224925
SEN,201903,0,7,0.17201178977087422
SEN,201904,0,8,0.14199452838863383
SEN,201905,0,9,0.14034785663205734
SEN,201906,0,10,0.13281600364507667
SEN,201907,0,11,0.14067579675712813
SEN,201908,0,12,0.14250842191468738
SEN,201909,0,13,0.1291640269983355
SEN,201910,0,14,0.1258829920150276
SEN,201911,0,15,0.12388277304118818
SEN,201912,0,16,0.1126700946251415
SEN,202001,0,17,0.11348063151382844
SEN,202002,0,18,0.10251918961277473
SEN,202003,0,19,0.10492353748444887
SEN,202004,0,20,0.10115770062489676
SEN,202005,0,21,0.11225382004334557
SEN,202006,0,22,0.10581441919461089
SEN,202007,0,23,0.1146722089384118
SEN,202008,0,24,0.11254201033474986
SEN,202009,0,25,0.1148712140275897
SEN,202010,,26,0.11606379158221068
SEN,202011,,27,0.10172036462621525
SEN,202012,,28,0.08727496750172761
SGP,201901,0,109,0.08360042218378667
SGP,201902,0,110,0.08647171613485
SGP,201903,0,111,0.08473706107081921
SGP,201904,0,112,0.08417165874014444
SGP,201905,0,113,0.0817750223686888
SGP,201906,0,114,0.08370352325329648
SGP,201907,0,115,0.08509596486920415
SGP,201908,0,116,0.08567969539295905
SGP,201909,0,117,0.08428645682524459
SGP,201910,0,118,0.08537213346533969
SGP,201911,0,119,0.08070112714503751
SGP,201912,0,120,0.082312733180073
SGP,202001,0,121,0.08387000351512039
SGP,202002,0,122,0.08414816780394205
SGP,202003,0,123,0.08019898108899
SGP,202004,0,124,0.08157583034515337
SGP,202005,0,125,0.08233638363595337
SGP,202006,0,126,0.08472644377443371
SGP,202007,0,127,0.08553508351469191
SGP,202008,0,128,0.08481502353170339
SGP,202009,0,129,0.08183706079823208
SGP,202010,,130,0.08611546187135413
SGP,202011,,131,0.0802467350294839
SGP,202012,,132,0.08704638438903471
SLE,201901,0,18,0.12621211646681424
SLE,201902,0,19,0.10974844242898951
SLE,201903,0,20,0.11480204309347673
SLE,201904,0,21,0.12409642510144217
SLE,201905,0,22,0.12798152336425256
SLE,201906,0,23,0.10854126397962674
SLE,201907,0,24,0.11904540907465526
SLE,201908,0,25,0.11562281151425147
SLE,201909,0,26,0.1264943485835908
SLE,201910,0,27,0.13048210602777732
SLE,201911,0,28,0.11612580601950928
SLE,201912,0,29,0.11554790134795535
SLE,202001,0,30,0.10251623415451508
SLE,202002,0,31,0.09682842900583369
SLE,202003,0,32,0.0955733438451238
SLE,202004,0,33,0.09609471921451031
SLE,202005,0,34,0.09001235275783843
SLE,202006,0,35,0.08388445437411103
SLE,202007,0,36,0.09013824446071053
SLE,202008,0,37,0.08709725267585686
SLE,202009,0,38,0.08896835905100675
SLE,202010,,39,0.08976774084267852
SLE,202011,,40,0.08736437644889392
SLE,202012,,41,0.08833240031854539
SLV,201901,0,109,0.07854735798286815
SLV,201902,0,110,0.08366986815714028
SLV,201903,0,111,0.08368168965346982
SLV,201904,0,112,0.08071801393435134
SLV,201905,0,113,0.13544768313991007
SLV,201906,0,114,0.08677653974768187
SLV,201907,0,115,0.08633709329731092
SLV,201908,0,116,0.08728297004566261
SLV,201909,0,117,0.08083459016179279
SLV,201910,0,118,0.08687807456961538
SLV,201911,0,119,0.08441034444452868
SLV,201912,0,120,0.08071944624913396
SLV,202001,0,121,0.09726660520568813
SLV,202002,0,122,0.09781727497086731
SLV,202003,0,123,0.09044135586891645
SLV,202004,0,124,0.09635947065550272
SLV,202005,0,125,0.0928087172179683
SLV,202006,0,126,0.0934464172494188
SLV,202007,0,127,0.09296492095277874
SLV,202008,0,128,0.09442787016396365
SLV,202009,0,129,0.09724326557252928
SLV,202010,,130,0.09671170314015583
SLV,202011,,131,0.09639894890420128
SLV,202012,,132,0.09167820179812264
SOM,201901,,0,0.7982270291431008
SOM,201902,,0,0.7833999930351154
SOM,201903,,0,0.8092746699145876
SOM,201904,,0,0.8065989906810231
SOM,201905,,0,0.7926245359467836
SOM,201906,,0,0.8175555202659265
SOM,201907,,0,0.810231556080874
SOM,201908,,0,0.819417565458173
SOM,201909,,0,0.8068932829982556
SOM,201910,,0,0.7941609464480593
SOM,201911,,0,0.8064538896074523
SOM,201912,,0,0.8153184917657451
SOM,202001,,0,0.7916820912501568
SOM,202002,,0,0.7944685496839939
SOM,202003,,0,0.7987783317405277
SOM,202004,,0,0.8072366313351297
SOM,202005,,0,0.7991784158024388
SOM,202006,,0,0.784433700531042
SOM,202007,,0,0.7972987520747589
SOM,202008,,0,0.7916601793678659
SOM,202009,,0,0.8124480743833334
SOM,202010,,0,0.8012925532924845
SOM,202011,,0,0.7922279717061774
SOM,202012,,0,0.7985475458941365
SRB,201901,0,24,0.08765215707608506
SRB,201902,0,25,0.08438113937504708
SRB,201903,0,26,0.08285877847920955
SRB,201904,0,27,0.08117825879189733
SRB,201905,0,28,0.08120987370492422
SRB,201906,0,29,0.08261335864111893
SRB,201907,0,30,0.0819688570734148
SRB,201908,0,31,0.08065571889187867
SRB,201909,0,32,0.08134028599475665
SRB,201910,0,33,0.07972183031168181
SRB,201911,0,34,0.08053699124032523
SRB,201912,0,35,0.07974836828080209
SRB,202001,0,36,0.08574119269211974
SRB,202002,0,37,0.0836074307863121
SRB,202003,0,38,0.08106114949059007
SRB,202004,0,39,0.08343302494430076
SRB,202005,0,40,0.07997102451952497
SRB,202006,0,41,0.08583550831047772
SRB,202007,0,42,0.08336884362591628
SRB,202008,0,43,0.08464049820134428
SRB,202009,0,44,0.08062139350782528
SRB,202010,,45,0.08067593591124901
SRB,202011,,46,0.0790930155179583
SRB,202012,,47,0.08553626597763181
SSD,201901,1,1,0.8049964428746392
SSD,201902,1,2,0.7634896841904363
SSD,201903,,0,0.7591906266788875
SSD,201904,0,1,0.7722987858419939
SSD,201905,1,2,0.7553003299127299
SSD,201906,1,3,0.7495451909465503
SSD,201907,1,4,0.5855320290355628
SSD,201908,,0,0.5960610866609314
SSD,201909,1,1,0.7753595790075236
SSD,201910,1,2,0.7474766573669887
SSD,201911,,0,0.7214255511482212
SSD,201912,,0,0.68062311659757
SSD,202001,,0,0.7265857591159688
SSD,202002,,0,0.7330020554693545
SSD,202003,,0,0.746157946710404
SSD,202004,1,1,0.7565340452999973
SSD,202005,,0,0.7039108311185553
SSD,202006,1,1,0.7315294244759929
SSD,202007,,0,0.6807329002737568
SSD,202008,,0,0.7504502313910796
SSD,202009,,0,0.7875076990270586
SSD,202010,,0,0.7582262532593365
SSD,202011,,1,0.7923165564488847
SSD,202012,,2,0.7265104431344431
SVK,201901,0,28,0.09128850496279489
SVK,201902,0,29,0.08633160180212039
SVK,201903,0,30,0.09773230730449062
SVK,201904,0,31,0.09578413013887951
SVK,201905,0,32,0.09122593169433944
SVK,201906,0,33,0.08835578223538101
SVK,201907,0,34,0.08905148236441793
SVK,201908,0,35,0.08861467988340048
SVK,201909,0,36,0.08562945877223546
SVK,201910,0,37,0.08216956577981303
SVK,201911,0,38,0.08643494882993402
SVK,201912,0,39,0.0905005463425946
SVK,202001,0,40,0.10801460020558984
SVK,202002,0,41,0.0982577706601685
SVK,202003,0,42,0.09388819271866959
SVK,202004,0,43,0.0944258837937001
SVK,202005,0,44,0.09478339264954214
SVK,202006,0,45,0.09371290071908915
SVK,202007,0,46,0.09077339633702453
SVK,202008,0,47,0.09273584799430572
SVK,202009,0,48,0.09995662230297311
SVK,202010,,49,0.10228841574302719
SVK,202011,,50,0.08943994931497501
SVK,202012,,51,0.09230212075606772
SVN,201901,0,109,0.07503775310861989
SVN,201902,0,110,0.0806231188872791
SVN,201903,0,111,0.08138999229180857
SVN,201904,0,112,0.07869821138383024
SVN,201905,0,113,0.08149194493875118
SVN,201906,0,114,0.08213476897120321
SVN,201907,0,115,0.08312364227558718
SVN,201908,0,116,0.07699350911751345
SVN,201909,0,117,0.08103144741168658
SVN,201910,0,118,0.08041200398036702
SVN,201911,0,119,0.08474406017328924
SVN,201912,0,120,0.07778822875004801
SVN,202001,0,121,0.08862899987436965
SVN,202002,0,122,0.08970483078515473
SVN,202003,0,123,0.07862184472918606
SVN,202004,0,124,0.08591855610024204
SVN,202005,0,125,0.08532338697295908
SVN,202006,0,126,0.08476097466659761
SVN,202007,0,127,0.08294019298252575
SVN,202008,0,128,0.08477607002738202
SVN,202009,0,129,0.0829219051297201
SVN,202010,,130,0.08285924263477241
SVN,202011,,131,0.07795348931709815
SVN,202012,,132,0.07871913882221973
SWE,201901,,0,0.6199098906588885
SWE,201902,0,1,0.6437330787788218
SWE,201903,0,2,0.6204261997845884
SWE,201904,0,3,0.577366837617229
SWE,201905,0,4,0.5264157587400203
SWE,201906,0,5,0.4903308527112196
SWE,201907,1,6,0.45694515217852344
SWE,201908,1,7,0.4503777635386518
SWE,201909,1,8,0.3558642896813747
SWE,201910,,0,0.3855071498981049
SWE,201911,1,1,0.4537283113304671
SWE,201912,1,2,0.4379982277083279
SWE,202001,1,3,0.41856729966108547
SWE,202002,,0,0.361641235291264
SWE,202003,0,1,0.534354221256343
SWE,202004,1,2,0.5127460347383012
SWE,202005,1,3,0.5350752057246198
SWE,202006,1,4,0.48368773675625776
SWE,202007,,0,0.45618839262433036
SWE,202008,0,1,0.6011682570579868
SWE,202009,0,2,0.5862126047938159
SWE,202010,,3,0.5837436517636738
SWE,202011,,4,0.48668940049882276
SWE,202012,,5,0.4429730720038745
SYR,201901,,0,0.839817548292206
SYR,201902,,0,0.8399634721693338
SYR,201903,,0,0.8340303899527599
SYR,201904,,0,0.8381597487997935
SYR,201905,,0,0.8450730936182993
SYR,201906,,0,0.8622215077591673
SYR,201907,,0,0.8404842231415492
SYR,201908,,0,0.8632683752284006
SYR,201909,,0,0.8349488977926691
SYR,201910,,0,0.8338422140393875
SYR,201911,,0,0.8400335641586036
SYR,201912,,0,0.8390350138718129
SYR,202001,,0,0.8305845356736302
SYR,202002,,0,0.8433718117225324
SYR,202003,,0,0.8288877324766502
SYR,202004,,0,0.8374047519469453
SYR,202005,,0,0.8365540697102518
SYR,202006,,0,0.8282604506411794
SYR,202007,,0,0.8381632856230763
SYR,202008,,0,0.8261783391437486
SYR,202009,,0,0.8278179716207207
SYR,202010,,0,0.830788347902094
SYR,202011,,0,0.8256968210523601
SYR,202012,,0,0.841094172240885
TCD,201901,1,4,0.410230525520349
TCD,201902,,0,0.4244853448821286
TCD,201903,1,1,0.6645581686348198
TCD,201904,1,2,0.6590760743862443
TCD,201905,,0,0.6818602920749162
TCD,201906,1,1,0.6712157068524226
TCD,201907,1,2,0.6360664948994996
TCD,201908,,0,0.642441308426885
TCD,201909,1,1,0.6637374962872417
TCD,201910,,0,0.5661133225879191
TCD,201911,,0,0.6528146903209834
TCD,201912,,0,0.6591664974388303
TCD,202001,,0,0.7056463272806485
TCD,202002,0,1,0.7372660405374504
TCD,202003,0,2,0.6815475823048558
TCD,202004,1,3,0.6678653811323482
TCD,202005,1,4,0.5127018502259303
TCD,202006,1,5,0.4698300134818102
TCD,202007,,0,0.558328290984564
TCD,202008,0,1,0.6388009790032565
TCD,202009,0,2,0.6281403234746012
TCD,202010,,3,0.6198478545990284
TCD,202011,,4,0.5372443385203836
TCD,202012,,5,0.4982592207137724
TGO,201901,0,109,0.08523923176959985
TGO,201902,0,110,0.08707852417544613
TGO,201903,0,111,0.07966466008757493
TGO,201904,0,112,0.1302035849900863
TGO,201905,0,113,0.08158193554133593
TGO,201906,0,114,0.08352580792506088
TGO,201907,0,115,0.08314488015369607
TGO,201908,0,116,0.0804014879480544
TGO,201909,0,117,0.07951705793973977
TGO,201910,0,118,0.0801477467910514
TGO,201911,0,119,0.080516248886115
TGO,201912,0,120,0.0798937416106535
TGO,202001,0,121,0.09024588936086592
TGO,202002,0,122,0.08757715920604194
TGO,202003,0,123,0.08537245917537825
TGO,202004,0,124,0.08446372404428479
TGO,202005,0,125,0.08786337921343332
TGO,202006,0,126,0.0845655273404062
TGO,202007,0,127,0.08189456464422827
TGO,202008,0,128,0.08029592318541376
TGO,202009,0,129,0.08076308225204734
TGO,202010,,130,0.08093749517773446
TGO,202011,,131,0.08296800038453815
TGO,202012,,132,0.07961937663409234
THA,201901,,0,0.7676915949088213
THA,201902,,0,0.7626969131971372
THA,201903,,0,0.7705072361956792
THA,201904,,0,0.7728230563777149
THA,201905,,0,0.7659561746884438
THA,201906,,0,0.7160390141320869
THA,201907,,0,0.7530533474428287
THA,201908,,0,0.7719785611738209
THA,201909,,0,0.725395888187167
THA,201910,,0,0.7391580606614138
THA,201911,,0,0.7898285062891246
THA,201912,1,1,0.7791598074733558
THA,202001,,0,0.7272226056970799
THA,202002,,0,0.7586804771512226
THA,202003,,0,0.7658602306719026
THA,202004,1,1,0.7716962704596064
THA,202005,1,2,0.7071129083958805
THA,202006,1,3,0.702896874633105
THA,202007,,0,0.613493911077111
THA,202008,,0,0.7003343991261233
THA,202009,1,1,0.7204658008022483
THA,202010,,0,0.7117560766559664
THA,202011,,0,0.696800825647546
THA,202012,,0,0.7605026801400921
TJK,201901,0,2,0.3940020882159015
TJK,201902,1,3,0.36386065557173486
TJK,201903,1,4,0.31683491388068624
TJK,201904,1,5,0.3164451888809959
TJK,201905,,0,0.32974221518026503
TJK,201906,0,1,0.45409655856815334
TJK,201907,0,2,0.38087339529930003
TJK,201908,0,3,0.3602973950614618
TJK,201909,0,4,0.2786761852087793
TJK,201910,0,5,0.2487203592921939
TJK,201911,0,6,0.2391524631533948
TJK,201912,0,7,0.208009868567263
TJK,202001,0,8,0.19926643174144693
TJK,202002,0,9,0.2096223963886328
TJK,202003,0,10,0.21226592093473845
TJK,202004,0,11,0.1767144960230551
TJK,202005,0,12,0.16394921623036496
TJK,202006,0,13,0.16545436140808045
TJK,202007,0,14,0.17002696926189453
TJK,202008,0,15,0.17610023896283178
TJK,202009,0,16,0.16093233551280722
TJK,202010,,17,0.16155276498460736
TJK,202011,,18,0.16410746171360283
TJK,202012,,19,0.14872605180512788
TKM,201901,0,109,0.08162475902150895
TKM,201902,0,110,0.07931307340465078
TKM,201903,0,111,0.0906657715152952
TKM,201904,0,112,0.08440664541556017
TKM,201905,0,113,0.07632075255764467
TKM,201906,0,114,0.08464181486914572
TKM,201907,0,115,0.07816688484545044
TKM,201908,0,116,0.07608008081128073
TKM,201909,0,117,0.07417306708421258
TKM,201910,0,118,0.07237995807884395
TKM,201911,0,119,0.07429539098340697
TKM,201912,0,120,0.07024543830357842
TKM,202001,0,121,0.0732209494247092
TKM,202002,0,122,0.07435639011075011
TKM,202003,0,123,0.07355949462725438
TKM,202004,0,124,0.07222338377505583
TKM,202005,0,125,0.07066800702986803
TKM,202006,0,126,0.06947559659961203
TKM,202007,0,127,0.06794657114934691
TKM,202008,0,128,0.07117044380699175
TKM,202009,0,129,0.07277793518718582
TKM,202010,,130,0.07191714308229026
TKM,202011,,131,0.06813129166079224
TKM,202012,,132,0.07109215016316647
TLS,201901,0,109,0.08380875688533507
TLS,201902,0,110,0.08405119958200265
TLS,201903,0,111,0.08352579707798492
TLS,201904,0,112,0.07934210056841354
TLS,201905,0,113,0.08187923403318764
TLS,201906,0,114,0.07882111675972997
TLS,201907,0,115,0.08135327514775521
TLS,201908,0,116,0.08079085171341868
TLS,201909,0,117,0.07896159832354484
TLS,201910,0,118,0.08110032640168537
TLS,201911,0,119,0.07715414010681645
TLS,201912,0,120,0.07792829109399975
TLS,202001,0,121,0.07800398237226423
TLS,202002,0,122,0.07666571802355972
TLS,202003,0,123,0.07430949891708037
TLS,202004,0,124,0.07614137293935763
TLS,202005,0,125,0.07968308760432592
TLS,202006,0,126,0.07604848419649662
TLS,202007,0,127,0.07302245558262681
TLS,202008,0,128,0.07659573839928244
TLS,202009,0,129,0.07699281660359088
TLS,202010,,130,0.07542440413008378
TLS,202011,,131,0.07534958451269794
TLS,202012,,132,0.07467131642286602
TUN,201901,1,2,0.6594623850227515
TUN,201902,,0,0.6603825402507115
TUN,201903,,0,0.7806196256933998
TUN,201904,,0,0.7668316387550458
TUN,201905,1,1,0.7817510174232204
TUN,201906,,0,0.7536821436444875
TUN,201907,1,1,0.7661095610084854
TUN,201908,1,2,0.7414265669359691
TUN,201909,,0,0.7478121574164982
TUN,201910,,0,0.7651549523217228
TUN,201911,0,1,0.7222326912155093
TUN,201912,1,2,0.726967796184232
TUN,202001,1,3,0.7031058657687566
TUN,202002,1,4,0.5685970737034685
TUN,202003,,0,0.6063689055041336
TUN,202004,0,1,0.7251830986965905
TUN,202005,0,2,0.6397970243878491
TUN,202006,0,3,0.6402545935680836
TUN,202007,0,4,0.5026099963238222
TUN,202008,0,5,0.4891854998138274
TUN,202009,1,6,0.5011482178798445
TUN,202010,,7,0.360096741580229
TUN,202011,,8,0.3330993899080466
TUN,202012,,0,0.40290703186987076
TUR,201901,1,1,0.7854658063900476
TUR,201902,,0,0.7229259401122952
TUR,201903,,0,0.7990211589037749
TUR,201904,1,1,0.7989189873880672
TUR,201905,,0,0.7536475665878548
TUR,201906,,0,0.8155174143853665
TUR,201907,,0,0.8167273664071613
TUR,201908,,0,0.8169795295401946
TUR,201909,,0,0.803992955209522
TUR,201910,,0,0.8088712896405306
TUR,201911,1,1,0.8136546746929578
TUR,201912,,0,0.7582080086939904
TUR,202001,1,1,0.7718110410056643
TUR,202002,1,2,0.7370637708083191
TUR,202003,,0,0.7465080899780873
TUR,202004,,0,0.7600328064515435
TUR,202005,,0,0.7908214953064412
TUR,202006,,0,0.8091461638274984
TUR,202007,1,1,0.8156798587063127
TUR,202008,1,2,0.7792194358756578
TUR,202009,1,3,0.7574019150892716
TUR,202010,,0,0.6162724841547772
TUR,202011,,0,0.7872188565804062
TUR,202012,,0,0.751728732595259
TWN,201901,0,4,0.3340524068768007
TWN,201902,0,5,0.3032124921973064
TWN,201903,0,6,0.3091914984868961
TWN,201904,0,7,0.3066303649408355
TWN,201905,0,8,0.2953328655247434
TWN,201906,0,9,0.17524231144806848
TWN,201907,0,10,0.17228437524302895
TWN,201908,0,11,0.17104887588988885
TWN,201909,1,12,0.175870116796455
TWN,201910,1,13,0.1623884057330331
TWN,201911,1,14,0.1630669422775333
TWN,201912,,0,0.18375063432115263
TWN,202001,0,1,0.2906751199139376
TWN,202002,0,2,0.2564149585571876
TWN,202003,0,3,0.24761320113330876
TWN,202004,0,4,0.2175625791394384
TWN,202005,0,5,0.20526188892427316
TWN,202006,0,6,0.20060775458684799
TWN,202007,0,7,0.2057588458566147
TWN,202008,0,8,0.18515847055054407
TWN,202009,0,9,0.17732576611187867
TWN,202010,,10,0.17924316667036
TWN,202011,,11,0.18414201501426178
TWN,202012,,12,0.17596460938744374
TZA,201901,0,1,0.5210498786555227
TZA,201902,0,2,0.47267716055371706
TZA,201903,0,3,0.378357926011897
TZA,201904,0,4,0.25057393301146
TZA,201905,0,5,0.20333549826707167
TZA,201906,0,6,0.1864847007208653
TZA,201907,0,7,0.2318966948934685
TZA,201908,1,8,0.21225045428092593
TZA,201909,1,9,0.18217633869952896
TZA,201910,1,10,0.19903717427845383
TZA,201911,,0,0.26705284272598157
TZA,201912,0,1,0.402407616943543
TZA,202001,0,2,0.3278075116297698
TZA,202002,0,3,0.29055499676564944
TZA,202003,1,4,0.234192085842018
TZA,202004,1,5,0.22719699598766327
TZA,202005,1,6,0.21484429830094356
TZA,202006,,0,0.22351181284977806
TZA,202007,1,1,0.3045757368743411
TZA,202008,,0,0.2637420561495138
TZA,202009,1,1,0.44307834225957676
TZA,202010,,0,0.4924242506198355
TZA,202011,,1,0.5257047034295635
TZA,202012,,2,0.4417147037191452
UGA,201901,1,2,0.6459092940628248
UGA,201902,1,3,0.6258035411679466
UGA,201903,1,4,0.5401766951994089
UGA,201904,,0,0.5375348122390133
UGA,201905,1,1,0.6530808159857586
UGA,201906,1,2,0.6115199930174026
UGA,201907,1,3,0.5760436542052012
UGA,201908,,0,0.5218660457853024
UGA,201909,0,1,0.6412564540313427
UGA,201910,0,2,0.6140284684129274
UGA,201911,0,3,0.6358235786901574
UGA,201912,0,4,0.47881123716993657
UGA,202001,0,5,0.43028349503855345
UGA,202002,0,6,0.44902360137402697
UGA,202003,1,7,0.41746644890893636
UGA,202004,1,8,0.41075045973809965
UGA,202005,1,9,0.31822709044680214
UGA,202006,,0,0.38398096313634483
UGA,202007,1,1,0.6415160261995697
UGA,202008,,0,0.584266119868136
UGA,202009,0,1,0.634556308620263
UGA,202010,,2,0.5733823420596557
UGA,202011,,3,0.5609872917881421
UGA,202012,,4,0.45551839347140316
UKR,201901,1,2,0.7137348974695514
UKR,201902,,0,0.6651758935969769
UKR,201903,,0,0.7574608921124445
UKR,201904,,0,0.7585345153778583
UKR,201905,,0,0.7540036776883378
UKR,201906,,0,0.7748438259187508
UKR,201907,,0,0.7542074288334747
UKR,201908,,0,0.7598024333310497
UKR,201909,,0,0.7511829267367299
UKR,201910,1,1,0.7749886186246191
UKR,201911,,0,0.7280777623561567
UKR,201912,1,1,0.7843370034106818
UKR,202001,,0,0.6859398446347332
UKR,202002,,0,0.7430038349649812
UKR,202003,,0,0.7405242955164533
UKR,202004,,0,0.757562228139779
UKR,202005,,0,0.7570319423033002
UKR,202006,,0,0.7679838919179639
UKR,202007,,0,0.7440363494614581
UKR,202008,,0,0.7665863633161694
UKR,202009,1,1,0.7629333957958171
UKR,202010,,0,0.7026729758624394
UKR,202011,,0,0.7560451993371511
UKR,202012,,1,0.724943371250319
URY,201901,0,34,0.10286558681681203
URY,201902,0,35,0.0961463950433839
URY,201903,0,36,0.0948466959978887
URY,201904,0,37,0.09602058059535713
URY,201905,0,38,0.09460264713134638
URY,201906,0,39,0.10704472630174935
URY,201907,0,40,0.10555361755642183
URY,201908,0,41,0.10799463825695975
URY,201909,0,42,0.11554259961164931
URY,201910,0,43,0.10578466962282446
URY,201911,0,44,0.10232786398469187
URY,201912,0,45,0.10693617917047303
URY,202001,0,46,0.10947662847314936
URY,202002,0,47,0.11381907488211641
URY,202003,0,48,0.09829396465605728
URY,202004,0,49,0.09392696705268089
URY,202005,0,50,0.09035986644396102
URY,202006,0,51,0.09974372377691865
URY,202007,0,52,0.09293220212516833
URY,202008,0,53,0.0925356703178449
URY,202009,0,54,0.0908039808102947
URY,202010,,55,0.08905873086805872
URY,202011,,56,0.08693222121167964
URY,202012,,57,0.08246534957480806
USA,201901,,0,0.774957729146627
USA,201902,,0,0.76535939655424
USA,201903,,0,0.7480757449404142
USA,201904,,0,0.7517970990760482
USA,201905,,0,0.7606671198784699
USA,201906,,0,0.7550361148170712
USA,201907,,0,0.7513205508034535
USA,201908,,0,0.7713783445356871
USA,201909,,0,0.759002708292396
USA,201910,,0,0.7625997160796788
USA,201911,,0,0.7842338384789597
USA,201912,,0,0.7634418644396709
USA,202001,,0,0.7816780367831758
USA,202002,,0,0.7771644241718692
USA,202003,,0,0.7578280069573374
USA,202004,,0,0.7548163127066886
USA,202005,,0,0.7875007749829092
USA,202006,,0,0.7670118924405687
USA,202007,,0,0.7674518731790191
USA,202008,,0,0.7548413205851845
USA,202009,,0,0.786953767288924
USA,202010,,0,0.7849630095887615
USA,202011,,0,0.7486657656257699
USA,202012,,0,0.764871227563114
UZB,201901,0,40,0.0778663099067704
UZB,201902,0,41,0.08131162464992685
UZB,201903,0,42,0.08033327675003925
UZB,201904,0,43,0.08224380351075697
UZB,201905,0,44,0.07807364430126024
UZB,201906,0,45,0.07869395798894266
UZB,201907,0,46,0.08242330886295987
UZB,201908,0,47,0.08253151342635562
UZB,201909,0,48,0.07800998762808539
UZB,201910,0,49,0.07793571183098744
UZB,201911,0,50,0.07570905223926787
UZB,201912,0,51,0.07660111391278461
UZB,202001,0,52,0.0850610129967601
UZB,202002,0,53,0.08428137531534267
UZB,202003,0,54,0.0838165142991885
UZB,202004,0,55,0.08349123130596657
UZB,202005,0,56,0.08895310059496252
UZB,202006,0,57,0.08786762582790997
UZB,202007,0,58,0.08791385964090921
UZB,202008,0,59,0.09937863137221754
UZB,202009,0,60,0.09194244057514324
UZB,202010,,61,0.0906003033068272
UZB,202011,,62,0.09161897539895415
UZB,202012,,63,0.08442148382088309
VEN,201901,,0,0.6389751956799681
VEN,201902,,0,0.6788967091922871
VEN,201903,,0,0.6833791968021865
VEN,201904,1,1,0.6987709998564937
VEN,201905,,0,0.6721286772804598
VEN,201906,,0,0.6921702373108097
VEN,201907,1,1,0.6851552357629899
VEN,201908,,0,0.65798200383411
VEN,201909,0,1,0.6509324336016146
VEN,201910,1,2,0.6428103287852146
VEN,201911,1,3,0.627148003495322
VEN,201912,1,4,0.5434749583247703
VEN,202001,,0,0.5492784948680991
VEN,202002,1,1,0.6563160018576752
VEN,202003,,0,0.6232094608890738
VEN,202004,1,1,0.6186126066939368
VEN,202005,,0,0.5929938713838125
VEN,202006,0,1,0.6288238555352237
VEN,202007,0,2,0.6175145910175498
VEN,202008,0,3,0.5999563115224538
VEN,202009,1,4,0.4994672782291732
VEN,202010,,5,0.4704613915298321
VEN,202011,,6,0.4659587999096469
VEN,202012,,0,0.5057090696754407
VNM,201901,0,7,0.13512378374706435
VNM,201902,0,8,0.12850013647312936
VNM,201903,0,9,0.13238473693292938
VNM,201904,0,10,0.13766408298063137
VNM,201905,0,11,0.14128554841963545
VNM,201906,0,12,0.13227172140126067
VNM,201907,0,13,0.12419711006648684
VNM,201908,0,14,0.11455362498834781
VNM,201909,0,15,0.10739353222875656
VNM,201910,0,16,0.10416138303757229
VNM,201911,0,17,0.10062730393604796
VNM,201912,0,18,0.11155677251043647
VNM,202001,0,19,0.0950385092693926
VNM,202002,0,20,0.0914092745605161
VNM,202003,0,21,0.09749433621123954
VNM,202004,0,22,0.0977140845912965
VNM,202005,0,23,0.08557642877167454
VNM,202006,0,24,0.07685819143622759
VNM,202007,0,25,0.0802782846464795
VNM,202008,0,26,0.08377500847446859
VNM,202009,0,27,0.08350026164025508
VNM,202010,,28,0.07935816544168904
VNM,202011,,29,0.07374638327616939
VNM,202012,,30,0.07475372404685646
XKX,201901,0,3,0.38881351544090564
XKX,201902,0,4,0.31654786041258887
XKX,201903,0,5,0.297813261371108
XKX,201904,0,6,0.29212122402275326
XKX,201905,0,7,0.3069469260768642
XKX,201906,0,8,0.28746007756607644
XKX,201907,0,9,0.294977723105348
XKX,201908,0,10,0.28923571644130186
XKX,201909,0,11,0.2562863624791867
XKX,201910,1,12,0.2642516040716308
XKX,201911,1,13,0.26334530130865796
XKX,201912,1,14,0.24036186335012322
XKX,202001,,0,0.21309277978640773
XKX,202002,0,1,0.29170878189024035
XKX,202003,1,2,0.25085875779132966
XKX,202004,1,3,0.2568839480200259
XKX,202005,1,4,0.20754313003033015
XKX,202006,,0,0.2280688840900281
XKX,202007,1,1,0.3180936239712051
XKX,202008,1,2,0.2799356083806205
XKX,202009,1,3,0.26103267769273675
XKX,202010,,0,0.24429836345248998
XKX,202011,,1,0.38514919295746025
XKX,202012,,2,0.3314859145963871
YEM,201901,,0,0.8365032027741506
YEM,201902,,0,0.8259336897496705
YEM,201903,,0,0.8354245149487157
YEM,201904,,0,0.8329695566413321
YEM,201905,,0,0.8354620342510581
YEM,201906,,0,0.8470772812208138
YEM,201907,,0,0.8312092779664332
YEM,201908,,0,0.8472052047235441
YEM,201909,,0,0.824576482955147
YEM,201910,,0,0.8188848622516275
YEM,201911,,0,0.8227163942484901
YEM,201912,,0,0.8294650304771782
YEM,202001,,0,0.820531278186414
YEM,202002,,0,0.8156952000350963
YEM,202003,,0,0.8103414443199152
YEM,202004,,0,0.8330514674363806
YEM,202005,,0,0.8234003322581319
YEM,202006,,0,0.817000119597068
YEM,202007,,0,0.8252783030580852
YEM,202008,,0,0.8098358511692608
YEM,202009,,0,0.8142882735282445
YEM,202010,,0,0.8191042991295224
YEM,202011,,0,0.8108316378380165
YEM,202012,,0,0.838017106011455
ZAF,201901,,0,0.6874608496363773
ZAF,201902,,0,0.7489004746383315
ZAF,201903,1,1,0.7326103781771013
ZAF,201904,,0,0.7275134299703895
ZAF,201905,,0,0.7405264289950044
ZAF,201906,,0,0.7404935685420796
ZAF,201907,,0,0.7346474950235379
ZAF,201908,,0,0.7811300109210818
ZAF,201909,1,1,0.7327933129718276
ZAF,201910,,0,0.699295275433014
ZAF,201911,0,1,0.7848598702903969
ZAF,201912,0,2,0.7128133535988637
ZAF,202001,0,3,0.7179494755969763
ZAF,202002,1,4,0.569956636896144
ZAF,202003,1,5,0.5765974040926881
ZAF,202004,1,6,0.558213855681635
ZAF,202005,,0,0.631589162322079
ZAF,202006,,0,0.7182608234205126
ZAF,202007,,0,0.7427666527252454
ZAF,202008,1,1,0.7322268022293505
ZAF,202009,1,2,0.6620244347283593
ZAF,202010,,3,0.6908372178482586
ZAF,202011,,0,0.605215665554028
ZAF,202012,,1,0.7268634084370426
ZMB,201901,0,18,0.09884787587842019
ZMB,201902,0,19,0.09397116098360637
ZMB,201903,0,20,0.09823077607033763
ZMB,201904,0,21,0.09373382004647862
ZMB,201905,0,22,0.0973741364397603
ZMB,201906,0,23,0.09472258641242273
ZMB,201907,0,24,0.09122813898552921
ZMB,201908,0,25,0.1031670432937492
ZMB,201909,0,26,0.1028920588999631
ZMB,201910,0,27,0.09853560171739292
ZMB,201911,0,28,0.09376382882952168
ZMB,201912,0,29,0.09857343133896197
ZMB,202001,0,30,0.10018801137821759
ZMB,202002,0,31,0.10639849450449679
ZMB,202003,0,32,0.10354095553726067
ZMB,202004,0,33,0.10635148694659366
ZMB,202005,0,34,0.10426629974361466
ZMB,202006,0,35,0.10193603172198767
ZMB,202007,0,36,0.10323708300136278
ZMB,202008,0,37,0.09840546699433954
ZMB,202009,0,38,0.09396673375112542
ZMB,202010,,39,0.0905554189831613
ZMB,202011,,40,0.089684891465687
ZMB,202012,,41,0.0826410085521502
ZWE,201901,0,5,0.2977941740917262
ZWE,201902,0,6,0.24675565115915188
ZWE,201903,0,7,0.2674666058172499
ZWE,201904,0,8,0.24753857684036157
ZWE,201905,1,9,0.24285992184449345
ZWE,201906,1,10,0.228366720948165
ZWE,201907,1,11,0.2353701960913714
ZWE,201908,,0,0.24304824958893842
ZWE,201909,0,1,0.3775836874762668
ZWE,201910,0,2,0.37307605104532066
ZWE,201911,0,3,0.34056893328309135
ZWE,201912,0,4,0.3075576127299381
ZWE,202001,0,5,0.2606894970183423
ZWE,202002,0,6,0.25711940645801384
ZWE,202003,0,7,0.26089179824139774
ZWE,202004,0,8,0.26552148733332076
ZWE,202005,0,9,0.24999579006329323
ZWE,202006,0,10,0.2614237743964032
ZWE,202007,0,11,0.26638290003824283
ZWE,202008,0,12,0.22312655439119092
ZWE,202009,0,13,0.2176716408059049
ZWE,202010,,14,0.21110867951136358
ZWE,202011,,15,0.20013502054292398
ZWE,202012,,16,0.18110250840905529
