iso3,period,inc_target,n_attacks_strict_since_0,preds_inc
AFG,201901,1,0,0.9743373032674004
AFG,201902,1,0,0.9735858671935899
AFG,201903,1,0,0.9751165156793463
AFG,201904,1,0,0.9716620046172753
AFG,201905,1,0,0.9763245726475968
AFG,201906,1,0,0.970284543826577
AFG,201907,1,0,0.9768876201138781
AFG,201908,1,0,0.9728672233319626
AFG,201909,1,0,0.9776681582338798
AFG,201910,1,0,0.972615598623724
AFG,201911,1,0,0.9701141806268767
AFG,201912,1,0,0.9740844940416008
AFG,202001,1,0,0.97472235513193
AFG,202002,1,0,0.9776006782803555
AFG,202003,1,0,0.9756641478743755
AFG,202004,1,0,0.972879311167206
AFG,202005,1,0,0.9716370984493967
AFG,202006,1,0,0.9730242442906273
AFG,202007,1,0,0.9679557343265767
AFG,202008,1,0,0.9698158982330773
AFG,202009,1,0,0.9750110872984196
AFG,202010,1,0,0.9660828394843632
AFG,202011,1,0,0.968302995116592
AFG,202012,,0,0.969761356872388
AGO,201901,0,17,0.07743413309100534
AGO,201902,0,18,0.08923885157561276
AGO,201903,0,19,0.07153858958267598
AGO,201904,0,20,0.050410815712314275
AGO,201905,0,21,0.05112485165224674
AGO,201906,0,22,0.07792776186614248
AGO,201907,0,23,0.04419188032685752
AGO,201908,0,24,0.04716874545483138
AGO,201909,1,25,0.044768077402873176
AGO,201910,0,0,0.1907197966717768
AGO,201911,0,1,0.11850771475298962
AGO,201912,0,2,0.0979484003225696
AGO,202001,0,3,0.11581275575005867
AGO,202002,0,4,0.06871683913169005
AGO,202003,0,5,0.06082552721558063
AGO,202004,0,6,0.05420627730778551
AGO,202005,1,7,0.07334565068270328
AGO,202006,0,0,0.21592616651211852
AGO,202007,0,1,0.14886580166649113
AGO,202008,0,2,0.13618047526995444
AGO,202009,0,3,0.11772813501711664
AGO,202010,0,4,0.07128037333357501
AGO,202011,0,5,0.07920385260292698
AGO,202012,,6,0.04715795604519934
ALB,201901,0,15,0.049499952023271884
ALB,201902,1,16,0.05292125541947192
ALB,201903,0,0,0.1935635365928809
ALB,201904,0,1,0.13317434792184263
ALB,201905,0,2,0.12561623232270164
ALB,201906,0,3,0.10068431742606114
ALB,201907,0,4,0.0717153701193056
ALB,201908,0,5,0.05769316769098554
ALB,201909,0,6,0.05076513493263191
ALB,201910,0,7,0.05313396587784437
ALB,201911,0,8,0.05775113820652921
ALB,201912,0,9,0.061430941154815816
ALB,202001,0,10,0.0565266234660137
ALB,202002,0,11,0.05156351865547982
ALB,202003,0,12,0.05024074116746934
ALB,202004,0,13,0.04826246850432793
ALB,202005,0,14,0.04766658546714452
ALB,202006,0,15,0.045336117602921035
ALB,202007,0,16,0.044923706658093206
ALB,202008,0,17,0.044196523772415404
ALB,202009,1,18,0.04365928746365994
ALB,202010,0,0,0.17782039885222434
ALB,202011,0,1,0.10737794591046178
ALB,202012,,2,0.10733568190690797
ARE,201901,0,49,0.04871375406259186
ARE,201902,0,50,0.05096207902725505
ARE,201903,0,51,0.04777419157006601
ARE,201904,0,52,0.051752292049736574
ARE,201905,0,53,0.04904017474372667
ARE,201906,0,54,0.05068676127078648
ARE,201907,0,55,0.04851680935987468
ARE,201908,0,56,0.049338382618726556
ARE,201909,0,57,0.04528997227673935
ARE,201910,0,58,0.04416168968564457
ARE,201911,0,59,0.044138217335745036
ARE,201912,0,60,0.044356280502961684
ARE,202001,0,61,0.044828889487819615
ARE,202002,0,62,0.04345187924581476
ARE,202003,0,63,0.044378420953570405
ARE,202004,0,64,0.04493161328060312
ARE,202005,0,65,0.04608362610227368
ARE,202006,0,66,0.04409549766604224
ARE,202007,0,67,0.04256281561423765
ARE,202008,0,68,0.053012954051870446
ARE,202009,0,69,0.051861426059339244
ARE,202010,0,70,0.05363071140465918
ARE,202011,0,71,0.04958734541195103
ARE,202012,,72,0.04953897583057664
ARG,201901,0,2,0.18867284427703063
ARG,201902,0,3,0.15894266877593843
ARG,201903,0,4,0.140034209081102
ARG,201904,0,5,0.1270248236975248
ARG,201905,0,6,0.11636511563110155
ARG,201906,0,7,0.12573500621335396
ARG,201907,0,8,0.12030624240881735
ARG,201908,0,9,0.08888725233838066
ARG,201909,0,10,0.08505619730787917
ARG,201910,0,11,0.0737591703692076
ARG,201911,0,12,0.08052724128101012
ARG,201912,0,13,0.07894492554613458
ARG,202001,0,14,0.07785806997577792
ARG,202002,0,15,0.07327869011566628
ARG,202003,0,16,0.07994673887422991
ARG,202004,0,17,0.07206366137555495
ARG,202005,0,18,0.07673168412969633
ARG,202006,0,19,0.07868623134492697
ARG,202007,0,20,0.07385160164088553
ARG,202008,1,21,0.07223417388063436
ARG,202009,0,0,0.19237878739307038
ARG,202010,1,1,0.2582835287766919
ARG,202011,1,0,0.34066715131418285
ARG,202012,,0,0.4046501551615531
ARM,201901,0,3,0.09515371264299438
ARM,201902,0,4,0.08199448296122588
ARM,201903,0,5,0.06251412222540599
ARM,201904,0,6,0.05893121944523702
ARM,201905,0,7,0.060685109198908356
ARM,201906,0,8,0.05162873884882642
ARM,201907,0,9,0.049440899727733016
ARM,201908,0,10,0.05586818176807592
ARM,201909,0,11,0.050123627950186975
ARM,201910,0,12,0.08151081445571233
ARM,201911,0,13,0.04665310903002893
ARM,201912,0,14,0.04700102970982126
ARM,202001,0,15,0.04853049826198022
ARM,202002,0,16,0.049005451866632216
ARM,202003,0,17,0.04819229909989578
ARM,202004,0,18,0.046465126270745796
ARM,202005,0,19,0.047758937171940775
ARM,202006,0,20,0.04645857593451972
ARM,202007,0,21,0.05947731741625319
ARM,202008,0,22,0.061258715931520644
ARM,202009,0,23,0.10949248232163483
ARM,202010,0,24,0.12092347126510615
ARM,202011,0,25,0.11696436576967048
ARM,202012,,26,0.06474562164997577
AUS,201901,0,2,0.2199485039836635
AUS,201902,0,3,0.21888413480131969
AUS,201903,0,4,0.15563701431979982
AUS,201904,1,5,0.14853666883019637
AUS,201905,1,0,0.2565781244002347
AUS,201906,0,0,0.2986349366151418
AUS,201907,0,1,0.21400200310155035
AUS,201908,0,2,0.1856951645128394
AUS,201909,0,3,0.1833312881019969
AUS,201910,0,4,0.12892100858752933
AUS,201911,0,5,0.10106218429986465
AUS,201912,0,6,0.08296621872287545
AUS,202001,0,7,0.08407056467382366
AUS,202002,1,8,0.07712548229478161
AUS,202003,0,0,0.20874672765967664
AUS,202004,1,1,0.15078539209247654
AUS,202005,0,0,0.22661517183918584
AUS,202006,0,1,0.1544941345922948
AUS,202007,1,2,0.11770146423741776
AUS,202008,0,0,0.2190976170677187
AUS,202009,0,1,0.14921517894907288
AUS,202010,0,2,0.13145007607587617
AUS,202011,0,3,0.1446707913268508
AUS,202012,,4,0.11742920166846366
AUT,201901,0,10,0.06634598740741791
AUT,201902,0,11,0.06452440407821772
AUT,201903,0,12,0.0671854469353952
AUT,201904,0,13,0.06338571980595732
AUT,201905,0,14,0.06404710631596562
AUT,201906,0,15,0.06205387723593464
AUT,201907,0,16,0.05721660501464683
AUT,201908,0,17,0.058742478620451975
AUT,201909,0,18,0.05589732825486995
AUT,201910,0,19,0.053677154195369586
AUT,201911,0,20,0.05394761099374389
AUT,201912,0,21,0.053413245704623816
AUT,202001,0,22,0.05351739926126301
AUT,202002,0,23,0.05485618859478323
AUT,202003,0,24,0.05768017321560683
AUT,202004,0,25,0.05411534525678656
AUT,202005,0,26,0.05586290640911276
AUT,202006,0,27,0.05270713250661256
AUT,202007,1,28,0.053710602536059644
AUT,202008,0,0,0.19533014294372542
AUT,202009,0,1,0.13016959840157274
AUT,202010,1,2,0.10150171444818092
AUT,202011,0,0,0.28767682501862735
AUT,202012,,1,0.1993300806785548
AZE,201901,0,6,0.060926202673534
AZE,201902,0,7,0.05587626992470646
AZE,201903,0,8,0.09009940942464308
AZE,201904,0,9,0.08242747393903643
AZE,201905,0,10,0.08723729524023609
AZE,201906,0,11,0.0747526213766836
AZE,201907,0,12,0.07509012597198299
AZE,201908,0,13,0.04707345928148546
AZE,201909,0,14,0.07437194827019492
AZE,201910,0,15,0.0804087397863788
AZE,201911,0,16,0.04711309303958971
AZE,201912,0,17,0.04332789708591504
AZE,202001,0,18,0.06481687228422783
AZE,202002,0,19,0.06737776425663937
AZE,202003,0,20,0.07534304576397582
AZE,202004,0,21,0.043731332501142944
AZE,202005,0,22,0.04341829985525563
AZE,202006,0,23,0.044826830048040944
AZE,202007,0,24,0.08867136094606146
AZE,202008,0,25,0.05506524646297478
AZE,202009,0,26,0.09869004373358935
AZE,202010,0,27,0.10930830590171076
AZE,202011,0,28,0.10808251469439684
AZE,202012,,29,0.1077810200188085
BDI,201901,0,0,0.5427065062750208
BDI,201902,0,1,0.4130467663784723
BDI,201903,0,2,0.4062418328292113
BDI,201904,0,3,0.3892574661679201
BDI,201905,0,4,0.3473913511592398
BDI,201906,0,5,0.26156633294631876
BDI,201907,0,6,0.2563858117296218
BDI,201908,1,7,0.2616047886664344
BDI,201909,1,0,0.3896231458092973
BDI,201910,1,0,0.5021656636752817
BDI,201911,0,0,0.5406365642139875
BDI,201912,0,1,0.4082970573823632
BDI,202001,0,2,0.3235326254429416
BDI,202002,1,3,0.28240853513264697
BDI,202003,0,0,0.42144271229089597
BDI,202004,1,1,0.34051417596488415
BDI,202005,0,0,0.4442333695602002
BDI,202006,0,1,0.3457540886554563
BDI,202007,1,2,0.2956581912387011
BDI,202008,1,0,0.4394877936622925
BDI,202009,0,0,0.46769259352193937
BDI,202010,0,1,0.4459405733650901
BDI,202011,0,2,0.4091965940923139
BDI,202012,,3,0.34697192607920824
BEL,201901,0,6,0.11278192630248016
BEL,201902,0,7,0.08812018250710592
BEL,201903,0,8,0.09366851836982593
BEL,201904,0,9,0.08630812300680389
BEL,201905,0,10,0.07917658372080942
BEL,201906,0,11,0.07558842581806557
BEL,201907,0,12,0.06942447465427429
BEL,201908,0,13,0.07236629030624338
BEL,201909,0,14,0.06668252906609216
BEL,201910,1,15,0.061951473263509735
BEL,201911,0,0,0.20890511978556894
BEL,201912,0,1,0.12646504620439422
BEL,202001,0,2,0.11744954110837692
BEL,202002,0,3,0.11139563400625928
BEL,202003,1,4,0.08462520049822098
BEL,202004,0,0,0.19338429125552867
BEL,202005,0,1,0.13518884015990554
BEL,202006,1,2,0.1280757211400541
BEL,202007,0,0,0.20658368894505538
BEL,202008,1,1,0.14709242987608445
BEL,202009,0,0,0.23003095287295688
BEL,202010,0,1,0.1655895204781226
BEL,202011,0,2,0.16014567757208364
BEL,202012,,3,0.14278800541682743
BFA,201901,1,0,0.9425201396276844
BFA,201902,1,0,0.9433189936514128
BFA,201903,1,0,0.9554569541174296
BFA,201904,1,0,0.9457268738652307
BFA,201905,1,0,0.9541041718936956
BFA,201906,1,0,0.9547995147561814
BFA,201907,1,0,0.9561888774989796
BFA,201908,1,0,0.9439645359196822
BFA,201909,1,0,0.9562559644413569
BFA,201910,1,0,0.9594596157006374
BFA,201911,1,0,0.9647754509991704
BFA,201912,1,0,0.9614791188039545
BFA,202001,1,0,0.9685464603810542
BFA,202002,1,0,0.9679932886977349
BFA,202003,1,0,0.9689230165550724
BFA,202004,1,0,0.9631304700260879
BFA,202005,1,0,0.9629850052361633
BFA,202006,1,0,0.9700589204654249
BFA,202007,1,0,0.9445451777219389
BFA,202008,1,0,0.9660603805756416
BFA,202009,1,0,0.9595733751404627
BFA,202010,1,0,0.9608849462930483
BFA,202011,1,0,0.9632614818529214
BFA,202012,,0,0.9274791549306074
BGD,201901,1,1,0.674298132989795
BGD,201902,1,0,0.7965097377715011
BGD,201903,1,0,0.8161152343819111
BGD,201904,1,0,0.8398563870737743
BGD,201905,0,0,0.8372489708501335
BGD,201906,1,1,0.6795544124196589
BGD,201907,1,0,0.7841218502527006
BGD,201908,1,0,0.817297797051975
BGD,201909,1,0,0.7626268917562862
BGD,201910,0,0,0.7963649018001145
BGD,201911,1,1,0.6430715985936739
BGD,201912,1,0,0.7391594477811999
BGD,202001,1,0,0.8108443241758309
BGD,202002,0,0,0.828455428816866
BGD,202003,0,1,0.7227378190466921
BGD,202004,1,2,0.6243411414788721
BGD,202005,0,0,0.7294932068631036
BGD,202006,1,1,0.43387458114578303
BGD,202007,1,0,0.6311312954752889
BGD,202008,0,0,0.7504089735427806
BGD,202009,0,1,0.5477707377735688
BGD,202010,1,2,0.5585649017661702
BGD,202011,0,0,0.5954876917634533
BGD,202012,,1,0.701112209008808
BGR,201901,0,8,0.04578514943583706
BGR,201902,0,9,0.043526674996231876
BGR,201903,0,10,0.04662384270215596
BGR,201904,0,11,0.044085457876365204
BGR,201905,0,12,0.045443334785164005
BGR,201906,0,13,0.04164161324339086
BGR,201907,0,14,0.04471476757761218
BGR,201908,0,15,0.04429452793462294
BGR,201909,0,16,0.04444076134657662
BGR,201910,0,17,0.04520574394864492
BGR,201911,0,18,0.042148909125484045
BGR,201912,0,19,0.04222230190185825
BGR,202001,0,20,0.04384149731711287
BGR,202002,0,21,0.0432625202919719
BGR,202003,0,22,0.04234281104784836
BGR,202004,0,23,0.04334974484302348
BGR,202005,0,24,0.0419388094145209
BGR,202006,1,25,0.04099581839513236
BGR,202007,0,0,0.18169802648238192
BGR,202008,0,1,0.11443219056402164
BGR,202009,0,2,0.09745624144495642
BGR,202010,0,3,0.08471506074052262
BGR,202011,0,4,0.06110987596164981
BGR,202012,,5,0.051743711817874766
BHR,201901,0,10,0.15557950685097927
BHR,201902,0,11,0.16503937722565798
BHR,201903,0,12,0.1526740731717433
BHR,201904,0,13,0.16388265905677585
BHR,201905,0,14,0.1407722320665643
BHR,201906,0,15,0.14502268387008896
BHR,201907,0,16,0.14731442746499668
BHR,201908,0,17,0.1505231061830661
BHR,201909,0,18,0.14141092969920696
BHR,201910,0,19,0.13420038847144208
BHR,201911,0,20,0.12954985729280152
BHR,201912,0,21,0.1253101540061916
BHR,202001,0,22,0.1361880993044961
BHR,202002,0,23,0.11243402632695813
BHR,202003,0,24,0.07164743361880742
BHR,202004,0,25,0.06018748671685187
BHR,202005,0,26,0.06474538651443243
BHR,202006,0,27,0.06225347081498797
BHR,202007,0,28,0.0641844926515258
BHR,202008,0,29,0.060768506590022246
BHR,202009,0,30,0.06456150545408716
BHR,202010,0,31,0.06978955858276963
BHR,202011,0,32,0.05416297337170912
BHR,202012,,33,0.04998231230019381
BIH,201901,0,4,0.06934044420949022
BIH,201902,0,5,0.07177629678376764
BIH,201903,0,6,0.0678817127928844
BIH,201904,0,7,0.067066475832823
BIH,201905,0,8,0.059431854972523485
BIH,201906,0,9,0.052417113860888646
BIH,201907,0,10,0.0631867298586121
BIH,201908,0,11,0.06008064881321662
BIH,201909,0,12,0.048840735460675855
BIH,201910,0,13,0.04586190452883247
BIH,201911,0,14,0.044183757440801746
BIH,201912,0,15,0.04511699203304073
BIH,202001,0,16,0.054463032836844345
BIH,202002,0,17,0.05123068147298597
BIH,202003,0,18,0.04786675804744729
BIH,202004,0,19,0.0478243110892749
BIH,202005,0,20,0.05192078853937304
BIH,202006,0,21,0.04894009681447045
BIH,202007,0,22,0.05245187924695781
BIH,202008,0,23,0.046699885927528835
BIH,202009,0,24,0.042731392751161036
BIH,202010,0,25,0.04181860103449736
BIH,202011,0,26,0.047883714018210774
BIH,202012,,27,0.049020287011723125
BLR,201901,0,74,0.044455883445354144
BLR,201902,0,75,0.04494334670242652
BLR,201903,0,76,0.0438755276879213
BLR,201904,0,77,0.044184563365576066
BLR,201905,0,78,0.047426388055986576
BLR,201906,0,79,0.045768768919080015
BLR,201907,0,80,0.04412725223968628
BLR,201908,0,81,0.04451243964219591
BLR,201909,0,82,0.04368691499038002
BLR,201910,0,83,0.04645645460923088
BLR,201911,0,84,0.04607791001916927
BLR,201912,0,85,0.0484772898700427
BLR,202001,0,86,0.04710182278105653
BLR,202002,0,87,0.0497311704413188
BLR,202003,0,88,0.04907737440043548
BLR,202004,0,89,0.04925608708265429
BLR,202005,0,90,0.04955388575450236
BLR,202006,0,91,0.048359209097136924
BLR,202007,0,92,0.0503249957336278
BLR,202008,0,93,0.051793846787913767
BLR,202009,1,94,0.05425834648639972
BLR,202010,0,0,0.19833560618412907
BLR,202011,0,1,0.15256714907299376
BLR,202012,,2,0.11914374856049487
BOL,201901,0,11,0.05841942306314738
BOL,201902,0,12,0.057321606132778105
BOL,201903,0,13,0.04938477183881182
BOL,201904,0,14,0.046105188162029
BOL,201905,0,15,0.05226547084475402
BOL,201906,0,16,0.04710171151702905
BOL,201907,0,17,0.046623036063187566
BOL,201908,0,18,0.04599024138292557
BOL,201909,1,19,0.048436031427113925
BOL,201910,0,0,0.18588079246595463
BOL,201911,0,1,0.13083575507563347
BOL,201912,0,2,0.10671390990873146
BOL,202001,0,3,0.103431930652554
BOL,202002,0,4,0.06881727199469728
BOL,202003,0,5,0.058162458564690225
BOL,202004,0,6,0.057069886256633985
BOL,202005,1,7,0.05403007655267536
BOL,202006,0,0,0.18915492403090733
BOL,202007,0,1,0.38579727481319304
BOL,202008,0,2,0.3186371236997843
BOL,202009,0,3,0.32689856867824896
BOL,202010,0,4,0.23135312995400434
BOL,202011,0,5,0.1954772388577131
BOL,202012,,6,0.1799829541893291
BRA,201901,0,1,0.3014417079216039
BRA,201902,0,2,0.3109188495187999
BRA,201903,0,3,0.29235272989908023
BRA,201904,0,4,0.21621174099382984
BRA,201905,0,5,0.183687809127918
BRA,201906,0,6,0.17497195830919718
BRA,201907,0,7,0.16424776673254204
BRA,201908,0,8,0.1595315648866457
BRA,201909,0,9,0.16044626862328062
BRA,201910,0,10,0.14941373893920956
BRA,201911,1,11,0.16811777079096032
BRA,201912,0,0,0.26267079237590957
BRA,202001,1,1,0.248792606321887
BRA,202002,0,0,0.2890418332604588
BRA,202003,1,1,0.279292749158485
BRA,202004,1,0,0.3060706469828238
BRA,202005,1,0,0.4007231649471401
BRA,202006,0,0,0.42337291692774975
BRA,202007,0,1,0.3284220897355161
BRA,202008,0,2,0.25875452622759687
BRA,202009,1,3,0.2532580415835622
BRA,202010,1,0,0.3806370068440294
BRA,202011,0,0,0.4112568621907996
BRA,202012,,1,0.28951959533594124
BWA,201901,0,109,0.04548786746816219
BWA,201902,0,110,0.04548010833702253
BWA,201903,0,111,0.04306172066499391
BWA,201904,0,112,0.04310864852326655
BWA,201905,0,113,0.042350979143376266
BWA,201906,0,114,0.048757491557161574
BWA,201907,0,115,0.046391199493544075
BWA,201908,0,116,0.046241049141553164
BWA,201909,0,117,0.0463715927839533
BWA,201910,0,118,0.049192244754573455
BWA,201911,0,119,0.055360587468273825
BWA,201912,0,120,0.054135336310503046
BWA,202001,0,121,0.04777419330187905
BWA,202002,0,122,0.0475337326412703
BWA,202003,0,123,0.04936938520116934
BWA,202004,0,124,0.05208874934938144
BWA,202005,0,125,0.048392945642081645
BWA,202006,0,126,0.048117279023263224
BWA,202007,0,127,0.04579343607146812
BWA,202008,0,128,0.046408683601101855
BWA,202009,0,129,0.04608751363628186
BWA,202010,0,130,0.04328052893107926
BWA,202011,0,131,0.04436725093179806
BWA,202012,,132,0.042960778794345844
CAF,201901,0,0,0.8291422437710352
CAF,201902,1,1,0.7379583115709702
CAF,201903,1,0,0.8199202863758296
CAF,201904,1,0,0.8321479867680424
CAF,201905,0,0,0.8633461214213608
CAF,201906,0,1,0.7240410949612938
CAF,201907,0,2,0.6471228569026083
CAF,201908,0,3,0.6043200278713597
CAF,201909,0,4,0.47184455884439314
CAF,201910,0,5,0.45202939978272516
CAF,201911,0,6,0.445236006427392
CAF,201912,0,7,0.4186352520606221
CAF,202001,1,8,0.41592798549976817
CAF,202002,1,0,0.5456896767391151
CAF,202003,0,0,0.5560103933696304
CAF,202004,1,1,0.6070633427451636
CAF,202005,1,0,0.6454641342635796
CAF,202006,1,0,0.719577995418028
CAF,202007,1,0,0.6785580535255932
CAF,202008,1,0,0.698029253013097
CAF,202009,1,0,0.6890259213717305
CAF,202010,0,0,0.6923092006100758
CAF,202011,1,1,0.6041738044586096
CAF,202012,,0,0.7283278971841612
CAN,201901,0,3,0.2403113617416896
CAN,201902,1,4,0.20417412229093196
CAN,201903,1,0,0.3264383609108366
CAN,201904,1,0,0.38993805793215947
CAN,201905,1,0,0.39215000586299764
CAN,201906,0,0,0.4738514481608698
CAN,201907,0,1,0.30326970013938936
CAN,201908,0,2,0.23630097149041834
CAN,201909,1,3,0.23378421058425225
CAN,201910,0,0,0.3209478837126931
CAN,201911,0,1,0.25836061761856655
CAN,201912,0,2,0.23140527058833216
CAN,202001,1,3,0.2297672613799604
CAN,202002,0,0,0.34715748878974234
CAN,202003,0,1,0.2586708573145834
CAN,202004,1,2,0.25133446312990687
CAN,202005,0,0,0.3579569653090376
CAN,202006,1,1,0.42255468743623886
CAN,202007,1,0,0.5250535869888234
CAN,202008,1,0,0.5838981625605009
CAN,202009,0,0,0.5308723361251949
CAN,202010,0,1,0.381005616000198
CAN,202011,0,2,0.30963070527828257
CAN,202012,,3,0.2946427812342579
CHE,201901,0,12,0.04985000093485028
CHE,201902,0,13,0.04909182733387937
CHE,201903,1,14,0.046616910246065374
CHE,201904,0,0,0.20116265913483208
CHE,201905,0,1,0.12894172919945737
CHE,201906,0,2,0.11409907091676558
CHE,201907,0,3,0.10195070014603963
CHE,201908,0,4,0.068041598166434
CHE,201909,0,5,0.06593275901014879
CHE,201910,0,6,0.06133917139802532
CHE,201911,0,7,0.05201507453965916
CHE,201912,0,8,0.056049523680487094
CHE,202001,0,9,0.052871037862008724
CHE,202002,0,10,0.05836202425836908
CHE,202003,0,11,0.05699874578315004
CHE,202004,0,12,0.055296771509331835
CHE,202005,0,13,0.051116548348387136
CHE,202006,0,14,0.04741807068096209
CHE,202007,0,15,0.05147400648523162
CHE,202008,1,16,0.050125281009513314
CHE,202009,0,0,0.19301587269956927
CHE,202010,0,1,0.1267359328323475
CHE,202011,0,2,0.10805249286073815
CHE,202012,,3,0.10546853037167489
CHL,201901,1,0,0.7703688868681638
CHL,201902,1,0,0.8384439218237527
CHL,201903,0,0,0.7775957923477401
CHL,201904,1,1,0.6282551452785785
CHL,201905,1,0,0.6466853985297004
CHL,201906,1,0,0.7367964176915294
CHL,201907,0,0,0.7837903983883118
CHL,201908,1,1,0.5993397905559464
CHL,201909,1,0,0.7222970033574544
CHL,201910,1,0,0.7837055715832687
CHL,201911,0,0,0.8482302376146155
CHL,201912,1,1,0.6237243141803822
CHL,202001,1,0,0.7789399143645045
CHL,202002,1,0,0.7404078466199213
CHL,202003,1,0,0.7907752762644467
CHL,202004,1,0,0.7714110023564611
CHL,202005,1,0,0.8306843443556314
CHL,202006,0,0,0.8279941946350954
CHL,202007,1,1,0.7020510730933321
CHL,202008,1,0,0.7961221871671844
CHL,202009,1,0,0.870477127088582
CHL,202010,1,0,0.8592288350471402
CHL,202011,1,0,0.8623702074008054
CHL,202012,,0,0.8080798163211831
CHN,201901,0,7,0.10682779365907179
CHN,201902,0,8,0.10230430637762188
CHN,201903,0,9,0.09806678468029408
CHN,201904,0,10,0.10950991819502899
CHN,201905,0,11,0.10785549274703693
CHN,201906,0,12,0.10581949272905304
CHN,201907,1,13,0.10557098453082492
CHN,201908,1,0,0.22341978138489435
CHN,201909,1,0,0.3299806494649398
CHN,201910,1,0,0.46869862524432115
CHN,201911,1,0,0.5237695573406088
CHN,201912,1,0,0.5630397754283506
CHN,202001,1,0,0.5999908377991312
CHN,202002,1,0,0.7119530409591616
CHN,202003,1,0,0.7402066457161891
CHN,202004,1,0,0.7310106823144329
CHN,202005,0,0,0.7378071343324879
CHN,202006,1,1,0.5374991373472028
CHN,202007,0,0,0.735006890540683
CHN,202008,0,1,0.45239426307486946
CHN,202009,0,2,0.4307076552232225
CHN,202010,0,3,0.42101570123918997
CHN,202011,1,4,0.4101535960855465
CHN,202012,,0,0.5409949436050381
CIV,201901,0,16,0.08325037104305451
CIV,201902,0,17,0.08664473663439494
CIV,201903,0,18,0.08080057756419969
CIV,201904,0,19,0.06545861876752393
CIV,201905,0,20,0.05964236755451231
CIV,201906,0,21,0.06756875569158018
CIV,201907,0,22,0.07064696510379621
CIV,201908,0,23,0.06648172534015623
CIV,201909,0,24,0.06364862390042296
CIV,201910,0,25,0.057107859790401255
CIV,201911,0,26,0.05600904328027681
CIV,201912,0,27,0.06927412671810441
CIV,202001,0,28,0.07126838408106241
CIV,202002,0,29,0.06977021443628048
CIV,202003,0,30,0.07167735112527315
CIV,202004,0,31,0.06538661738103613
CIV,202005,0,32,0.06851045269198554
CIV,202006,0,33,0.0777116438705823
CIV,202007,0,34,0.08189850136899973
CIV,202008,0,35,0.06953216337018904
CIV,202009,0,36,0.056914901721854816
CIV,202010,1,37,0.05569090670852708
CIV,202011,0,0,0.2704278456589336
CIV,202012,,1,0.1860834760467835
CMR,201901,1,0,0.9608182597751952
CMR,201902,1,0,0.9682307035576078
CMR,201903,1,0,0.9624589380288703
CMR,201904,1,0,0.9691639260255763
CMR,201905,1,0,0.9570893751005336
CMR,201906,1,0,0.9513419665079925
CMR,201907,1,0,0.9533259203248011
CMR,201908,1,0,0.9585372627114407
CMR,201909,1,0,0.9629435867231799
CMR,201910,1,0,0.9521281009990811
CMR,201911,1,0,0.9573053056929711
CMR,201912,1,0,0.9642004139846435
CMR,202001,1,0,0.9595659952431085
CMR,202002,1,0,0.9563115930301096
CMR,202003,1,0,0.9556327364866429
CMR,202004,1,0,0.9627577155456619
CMR,202005,1,0,0.953817390175091
CMR,202006,1,0,0.9444116196411126
CMR,202007,1,0,0.9460087674647145
CMR,202008,1,0,0.9500757475308258
CMR,202009,1,0,0.9604229517608637
CMR,202010,1,0,0.9482033982607838
CMR,202011,1,0,0.957620778377012
CMR,202012,,0,0.9507067365307043
COD,201901,1,0,0.9586716880732766
COD,201902,1,0,0.965054092413411
COD,201903,1,0,0.9603091971908956
COD,201904,1,0,0.9706389618377276
COD,201905,1,0,0.9583989974480868
COD,201906,1,0,0.9636801391258342
COD,201907,1,0,0.9631529558878213
COD,201908,1,0,0.9614087502332641
COD,201909,1,0,0.9643391891798666
COD,201910,1,0,0.9578536530269802
COD,201911,1,0,0.9609816659330866
COD,201912,1,0,0.9680123676624717
COD,202001,1,0,0.9559927395136948
COD,202002,1,0,0.9623512086235373
COD,202003,1,0,0.9648934773647372
COD,202004,1,0,0.9580283441062373
COD,202005,1,0,0.963773213901725
COD,202006,1,0,0.9610284582367028
COD,202007,1,0,0.9608332904718412
COD,202008,1,0,0.959089378777588
COD,202009,1,0,0.9678398329849786
COD,202010,1,0,0.9566089610813004
COD,202011,1,0,0.9683808351825841
COD,202012,,0,0.9609973060639352
COG,201901,0,27,0.1540800951156107
COG,201902,0,28,0.1459933058998703
COG,201903,0,29,0.13925270008754356
COG,201904,0,30,0.15244912402121022
COG,201905,0,31,0.06612940211031486
COG,201906,0,32,0.0613296089221093
COG,201907,0,33,0.06218580150229847
COG,201908,0,34,0.05362502877877285
COG,201909,0,35,0.062458677371471885
COG,201910,0,36,0.05942380542584083
COG,201911,0,37,0.0575382624004602
COG,201912,0,38,0.06010565885466436
COG,202001,0,39,0.052858764875995196
COG,202002,0,40,0.05408689014359493
COG,202003,0,41,0.06174394438063532
COG,202004,0,42,0.05473266712689887
COG,202005,0,43,0.054394716845319685
COG,202006,0,44,0.05390423992274706
COG,202007,0,45,0.05090580197728018
COG,202008,0,46,0.04642493800925657
COG,202009,0,47,0.04486991556725652
COG,202010,0,48,0.04665126984826297
COG,202011,0,49,0.044010880698017035
COG,202012,,50,0.044643107335461875
COL,201901,1,0,0.9472747683188218
COL,201902,1,0,0.9598937064665336
COL,201903,1,0,0.9534063281527253
COL,201904,1,0,0.9512836300429786
COL,201905,1,0,0.9503099651348932
COL,201906,1,0,0.9519393337112809
COL,201907,1,0,0.9641847027854981
COL,201908,1,0,0.9570824331571072
COL,201909,1,0,0.961584955565221
COL,201910,1,0,0.9537261418104646
COL,201911,1,0,0.9515573643969097
COL,201912,1,0,0.9629666800292367
COL,202001,1,0,0.9577291972673326
COL,202002,1,0,0.957654496159795
COL,202003,1,0,0.9614169756578055
COL,202004,1,0,0.95599539542978
COL,202005,1,0,0.9502621399458383
COL,202006,1,0,0.9557082229078455
COL,202007,1,0,0.9398985046146859
COL,202008,1,0,0.9381362518742149
COL,202009,1,0,0.9447452765262975
COL,202010,1,0,0.939074885819708
COL,202011,1,0,0.9328736906076428
COL,202012,,0,0.9481059640495338
COM,201901,0,6,0.0724011264789533
COM,201902,0,7,0.06316904928775352
COM,201903,0,8,0.06420552787348632
COM,201904,0,9,0.06931363261723532
COM,201905,0,10,0.06568499241603569
COM,201906,0,11,0.059551799640073746
COM,201907,0,12,0.057153661138312675
COM,201908,0,13,0.0469075517240618
COM,201909,0,14,0.04691191064825642
COM,201910,0,15,0.04671818252399084
COM,201911,0,16,0.043467378039622695
COM,201912,0,17,0.04837143855457222
COM,202001,0,18,0.04871042794075842
COM,202002,0,19,0.045086930617209246
COM,202003,0,20,0.042653618926831734
COM,202004,0,21,0.04738097235251328
COM,202005,0,22,0.04736840872663395
COM,202006,0,23,0.04374706172252317
COM,202007,0,24,0.048314922095978485
COM,202008,0,25,0.04225738206616077
COM,202009,0,26,0.04493352126635785
COM,202010,0,27,0.0415099235487469
COM,202011,0,28,0.042982167753166566
COM,202012,,29,0.04636683045104917
CRI,201901,0,109,0.04877696724872331
CRI,201902,0,110,0.0514262219161958
CRI,201903,0,111,0.05379228832119416
CRI,201904,0,112,0.053811351337992204
CRI,201905,1,113,0.0523929532009901
CRI,201906,1,0,0.19779952593656216
CRI,201907,0,0,0.25776809683736895
CRI,201908,0,1,0.13567094861819703
CRI,201909,0,2,0.11591414522546717
CRI,201910,0,3,0.1020372554697852
CRI,201911,0,4,0.0734682956944976
CRI,201912,0,5,0.05955638144858717
CRI,202001,0,6,0.06018373120751655
CRI,202002,0,7,0.06102175505931862
CRI,202003,0,8,0.06480725900878853
CRI,202004,0,9,0.05963401486482396
CRI,202005,0,10,0.06158009678971415
CRI,202006,0,11,0.06523839896014666
CRI,202007,0,12,0.051852293844661626
CRI,202008,0,13,0.04742470308634015
CRI,202009,0,14,0.048726117090954035
CRI,202010,0,15,0.04743894830322276
CRI,202011,0,16,0.04769644570300478
CRI,202012,,17,0.04760341743361236
CUB,201901,0,109,0.044800445711256576
CUB,201902,0,110,0.04364239066890235
CUB,201903,0,111,0.043892025690931806
CUB,201904,0,112,0.044505544189901665
CUB,201905,0,113,0.045777994684500375
CUB,201906,0,114,0.045945219823410835
CUB,201907,0,115,0.045721271034928644
CUB,201908,0,116,0.04481575035459593
CUB,201909,0,117,0.04592372871712529
CUB,201910,0,118,0.04703928929044889
CUB,201911,0,119,0.04457678128141675
CUB,201912,0,120,0.04607660290832883
CUB,202001,0,121,0.04563130090544789
CUB,202002,0,122,0.04641459549939661
CUB,202003,0,123,0.046524305960798686
CUB,202004,0,124,0.046206504156222294
CUB,202005,0,125,0.0446568839821109
CUB,202006,0,126,0.04608646562966305
CUB,202007,0,127,0.04542968705400116
CUB,202008,0,128,0.04405752486700584
CUB,202009,0,129,0.044819264754695054
CUB,202010,0,130,0.043334531414505786
CUB,202011,0,131,0.04371442898202156
CUB,202012,,132,0.04425526251430795
CYP,201901,0,25,0.04170082586547621
CYP,201902,0,26,0.043791055153878995
CYP,201903,0,27,0.04708425030001583
CYP,201904,0,28,0.045518773974276894
CYP,201905,0,29,0.04974547325080568
CYP,201906,0,30,0.04421342177677774
CYP,201907,0,31,0.04418421840024244
CYP,201908,0,32,0.04744792463655216
CYP,201909,0,33,0.04254094844758891
CYP,201910,0,34,0.04474771357566147
CYP,201911,0,35,0.042007087397983256
CYP,201912,0,36,0.044444006182155445
CYP,202001,0,37,0.04532005904313196
CYP,202002,1,38,0.04603031407317263
CYP,202003,1,0,0.18070401139273704
CYP,202004,0,0,0.22059053247325383
CYP,202005,1,1,0.21425120233575723
CYP,202006,1,0,0.3014894301123316
CYP,202007,0,0,0.36335353629374184
CYP,202008,0,1,0.316629793785813
CYP,202009,0,2,0.2776677587110868
CYP,202010,0,3,0.25543855024948664
CYP,202011,1,4,0.15276236296609638
CYP,202012,,0,0.29029903517556155
CZE,201901,0,17,0.06630699452262369
CZE,201902,0,18,0.05850580835843365
CZE,201903,0,19,0.057288466148028024
CZE,201904,0,20,0.059230587025341876
CZE,201905,0,21,0.05599470491874906
CZE,201906,0,22,0.055587049123235144
CZE,201907,0,23,0.05662219479172407
CZE,201908,0,24,0.056790781518612284
CZE,201909,0,25,0.04768857018204565
CZE,201910,0,26,0.04897772075176988
CZE,201911,0,27,0.04610211774735981
CZE,201912,0,28,0.04699172666206612
CZE,202001,0,29,0.04523420105122804
CZE,202002,0,30,0.04689834654323322
CZE,202003,0,31,0.046592184279428885
CZE,202004,0,32,0.04683182319024844
CZE,202005,0,33,0.04595056360638087
CZE,202006,0,34,0.047059142432439985
CZE,202007,0,35,0.04468216959194624
CZE,202008,0,36,0.04312750322809505
CZE,202009,0,37,0.044783854916696446
CZE,202010,0,38,0.04255693054468033
CZE,202011,0,39,0.04331038009510536
CZE,202012,,40,0.042131415261176405
DEU,201901,0,0,0.7120154597928666
DEU,201902,0,1,0.6398406540745145
DEU,201903,0,2,0.5477580536121411
DEU,201904,1,3,0.49243407515749227
DEU,201905,1,0,0.5659833499405417
DEU,201906,1,0,0.6253728673477749
DEU,201907,1,0,0.6559852597398914
DEU,201908,0,0,0.6691073501782168
DEU,201909,1,1,0.49318616412925037
DEU,201910,0,0,0.5837962600562109
DEU,201911,0,1,0.5601780448883068
DEU,201912,1,2,0.5075645086405097
DEU,202001,1,0,0.6371769780503127
DEU,202002,1,0,0.5852783670180429
DEU,202003,1,0,0.6999382462904371
DEU,202004,1,0,0.7325580313268998
DEU,202005,1,0,0.8187667575798651
DEU,202006,0,0,0.7509755547602681
DEU,202007,1,1,0.6254085445778514
DEU,202008,1,0,0.7415768831810461
DEU,202009,1,0,0.7460829337791318
DEU,202010,1,0,0.7339892594370343
DEU,202011,0,0,0.7652877382545885
DEU,202012,,1,0.5342428271832251
DJI,201901,0,19,0.0582912817120873
DJI,201902,0,20,0.05637495134746582
DJI,201903,0,21,0.05368817986960088
DJI,201904,0,22,0.05810581336013446
DJI,201905,0,23,0.05444608489206862
DJI,201906,0,24,0.04963973730550633
DJI,201907,0,25,0.05059751582920184
DJI,201908,0,26,0.056005720839051386
DJI,201909,0,27,0.055585010758312715
DJI,201910,0,28,0.05560537895602821
DJI,201911,0,29,0.05074426702312474
DJI,201912,0,30,0.05737414432801888
DJI,202001,0,31,0.05371916543010835
DJI,202002,0,32,0.052583976758112654
DJI,202003,0,33,0.052518776505864444
DJI,202004,0,34,0.044857088078727576
DJI,202005,0,35,0.04484661652917902
DJI,202006,0,36,0.04610362054015333
DJI,202007,0,37,0.04627987047874457
DJI,202008,0,38,0.04882128973393097
DJI,202009,0,39,0.0499831789639585
DJI,202010,0,40,0.0569127940365403
DJI,202011,0,41,0.05030846284070356
DJI,202012,,42,0.053134837097280195
DNK,201901,0,10,0.052359172940018434
DNK,201902,0,11,0.04799789723783013
DNK,201903,0,12,0.05145104913303228
DNK,201904,0,13,0.04776455075585545
DNK,201905,0,14,0.04964982265003539
DNK,201906,0,15,0.050954530110520126
DNK,201907,1,16,0.04770109145131293
DNK,201908,0,0,0.19967150945374995
DNK,201909,0,1,0.15236846235015164
DNK,201910,0,2,0.11839321223754794
DNK,201911,0,3,0.11062244835081197
DNK,201912,0,4,0.08288152279391368
DNK,202001,0,5,0.07493970304006081
DNK,202002,0,6,0.06708865779040124
DNK,202003,0,7,0.06619951939751095
DNK,202004,0,8,0.06321092887898
DNK,202005,0,9,0.06499290055164997
DNK,202006,0,10,0.06198982407650738
DNK,202007,0,11,0.06450597512087192
DNK,202008,0,12,0.06101837336298077
DNK,202009,0,13,0.04924489469414705
DNK,202010,0,14,0.05248766440111446
DNK,202011,0,15,0.0531611639652697
DNK,202012,,16,0.04985167863430824
DOM,201901,0,63,0.04207564003271073
DOM,201902,0,64,0.04238921992979829
DOM,201903,0,65,0.03958332821208286
DOM,201904,0,66,0.0426188641335491
DOM,201905,0,67,0.04395193847950826
DOM,201906,0,68,0.049767666377888035
DOM,201907,0,69,0.05142021847572407
DOM,201908,0,70,0.05012034560699195
DOM,201909,0,71,0.050244651270352055
DOM,201910,0,72,0.04883977044931046
DOM,201911,0,73,0.043462989169993395
DOM,201912,0,74,0.046366943763457805
DOM,202001,0,75,0.046857985926088676
DOM,202002,0,76,0.047821073598984104
DOM,202003,0,77,0.04961651023965568
DOM,202004,0,78,0.047677949642888094
DOM,202005,0,79,0.04699181098834055
DOM,202006,0,80,0.049404779533504896
DOM,202007,0,81,0.04693223269907131
DOM,202008,0,82,0.04646364832011604
DOM,202009,0,83,0.046370912179527615
DOM,202010,0,84,0.042452675577783205
DOM,202011,0,85,0.0439680279278909
DOM,202012,,86,0.04276431294655338
DZA,201901,0,5,0.21280079643503247
DZA,201902,0,6,0.17410490775225404
DZA,201903,0,7,0.18186660125256096
DZA,201904,0,8,0.18587939306807214
DZA,201905,0,9,0.2043174458899997
DZA,201906,0,10,0.16806373480500222
DZA,201907,0,11,0.16562346401623756
DZA,201908,0,12,0.16616831423513767
DZA,201909,0,13,0.18915372303214234
DZA,201910,0,14,0.17560316517361987
DZA,201911,0,15,0.18393589623775092
DZA,201912,0,16,0.14223735428516837
DZA,202001,0,17,0.1688179850047195
DZA,202002,1,18,0.1545137457741362
DZA,202003,0,0,0.31419842827429084
DZA,202004,0,1,0.24128278031606942
DZA,202005,0,2,0.2162703932574595
DZA,202006,0,3,0.15242826631842163
DZA,202007,0,4,0.13942390610447933
DZA,202008,0,5,0.08573884447212395
DZA,202009,0,6,0.09871389456487067
DZA,202010,0,7,0.07458133811004697
DZA,202011,0,8,0.10649754238379386
DZA,202012,,9,0.09669726857330288
ECU,201901,0,0,0.35741209113299827
ECU,201902,0,1,0.26534221451449336
ECU,201903,0,2,0.24223729094498236
ECU,201904,1,3,0.22208911713020296
ECU,201905,0,0,0.2615914776042271
ECU,201906,0,1,0.24110770578694984
ECU,201907,0,2,0.22025123012638909
ECU,201908,0,3,0.19116853425099986
ECU,201909,0,4,0.17098196535033686
ECU,201910,0,5,0.16095835213147316
ECU,201911,0,6,0.16643111227168952
ECU,201912,0,7,0.1338878458093815
ECU,202001,1,8,0.10419447935809974
ECU,202002,1,0,0.21320062218789698
ECU,202003,0,0,0.28881062804470975
ECU,202004,0,1,0.19626667793194413
ECU,202005,0,2,0.16799504158777165
ECU,202006,1,3,0.14401306168665245
ECU,202007,1,0,0.22298475338747697
ECU,202008,0,0,0.2840201053350173
ECU,202009,0,1,0.22389168789906577
ECU,202010,0,2,0.20736850665237852
ECU,202011,0,3,0.2069628791542458
ECU,202012,,4,0.1804021365916627
EGY,201901,1,0,0.9081423917770312
EGY,201902,1,0,0.9275441835414376
EGY,201903,1,0,0.9355827186353342
EGY,201904,1,0,0.8905498548765398
EGY,201905,1,0,0.9382683912306482
EGY,201906,1,0,0.9014946502125095
EGY,201907,1,0,0.9452587751256725
EGY,201908,1,0,0.9444721516333269
EGY,201909,1,0,0.9137962100076977
EGY,201910,1,0,0.8456073981070225
EGY,201911,1,0,0.9222391004235191
EGY,201912,1,0,0.8512924655809202
EGY,202001,1,0,0.9048267014521753
EGY,202002,1,0,0.8329816780840861
EGY,202003,1,0,0.8383051377340475
EGY,202004,1,0,0.8824490500195665
EGY,202005,1,0,0.9172250433033651
EGY,202006,1,0,0.9099784989651545
EGY,202007,0,0,0.8454595620648491
EGY,202008,0,1,0.7460754019484049
EGY,202009,1,2,0.6470355505161656
EGY,202010,1,0,0.8511319083469843
EGY,202011,1,0,0.8754053462261002
EGY,202012,,0,0.8792568405736942
ERI,201901,0,85,0.05603082584024554
ERI,201902,0,86,0.05468910469290487
ERI,201903,0,87,0.05783272858348437
ERI,201904,0,88,0.05760720755686881
ERI,201905,0,89,0.053217911820519125
ERI,201906,0,90,0.05350726622306083
ERI,201907,0,91,0.057239708444822554
ERI,201908,0,92,0.05053122926845318
ERI,201909,0,93,0.046275795543143525
ERI,201910,0,94,0.05785060242673933
ERI,201911,0,95,0.047124978218493825
ERI,201912,0,96,0.05500275994992241
ERI,202001,0,97,0.04822666064620437
ERI,202002,0,98,0.05778110435576279
ERI,202003,0,99,0.05541380492543178
ERI,202004,0,100,0.045833780413184595
ERI,202005,0,101,0.044845778534912985
ERI,202006,0,102,0.05005064024614044
ERI,202007,0,103,0.044632392611234216
ERI,202008,0,104,0.04599165145341247
ERI,202009,0,105,0.04537314599425594
ERI,202010,1,106,0.04710597916708933
ERI,202011,0,0,0.2291929302164305
ERI,202012,,1,0.3412063433749146
ESP,201901,0,9,0.08395168807818465
ESP,201902,0,10,0.0759358615057348
ESP,201903,0,11,0.07746760732203624
ESP,201904,0,12,0.0745174340565845
ESP,201905,1,13,0.07011745209635553
ESP,201906,0,0,0.2086069767844471
ESP,201907,0,1,0.15193088357501514
ESP,201908,0,2,0.11856294172752753
ESP,201909,0,3,0.11467788828132731
ESP,201910,0,4,0.08210474169408015
ESP,201911,1,5,0.07432600755440219
ESP,201912,0,0,0.21536875875711115
ESP,202001,0,1,0.18863721245439002
ESP,202002,0,2,0.14087661376020835
ESP,202003,0,3,0.13943333650968193
ESP,202004,0,4,0.10665906300982214
ESP,202005,0,5,0.11125130570227972
ESP,202006,0,6,0.10214413431188346
ESP,202007,0,7,0.09042628440285036
ESP,202008,0,8,0.07834966660547563
ESP,202009,0,9,0.07258939610975954
ESP,202010,0,10,0.07988812977653723
ESP,202011,0,11,0.0759080966580769
ESP,202012,,12,0.07401742570070519
EST,201901,0,40,0.05040594698018624
EST,201902,0,41,0.048410381281109964
EST,201903,0,42,0.05157113601916166
EST,201904,0,43,0.047410930713520205
EST,201905,0,44,0.05315250431866346
EST,201906,0,45,0.04652251733255087
EST,201907,0,46,0.04975712936348052
EST,201908,0,47,0.053730878004093735
EST,201909,0,48,0.04816212667660798
EST,201910,0,49,0.04643492969876587
EST,201911,0,50,0.049753276317323396
EST,201912,0,51,0.049075241085488726
EST,202001,0,52,0.048604908869053984
EST,202002,0,53,0.05059149669151242
EST,202003,0,54,0.049916467934117685
EST,202004,0,55,0.04890977679222764
EST,202005,0,56,0.05024069298067834
EST,202006,0,57,0.04907587469832435
EST,202007,0,58,0.04406393329657471
EST,202008,0,59,0.047193583784413774
EST,202009,0,60,0.051966258909159055
EST,202010,0,61,0.046499028745744145
EST,202011,0,62,0.04728204874863011
EST,202012,,63,0.04847011417158836
ETH,201901,0,0,0.6341477616099916
ETH,201902,1,1,0.5724837631438109
ETH,201903,0,0,0.6495315156378844
ETH,201904,0,1,0.5216808934167009
ETH,201905,1,2,0.4333103916137452
ETH,201906,0,0,0.6068500772225942
ETH,201907,1,1,0.5381699005705793
ETH,201908,1,0,0.6643232975633611
ETH,201909,1,0,0.6729846484781539
ETH,201910,0,0,0.6697249783451101
ETH,201911,1,1,0.5162570248117586
ETH,201912,1,0,0.6661066868248854
ETH,202001,1,0,0.8010927777664214
ETH,202002,1,0,0.7332526732780843
ETH,202003,0,0,0.7729544426969652
ETH,202004,0,1,0.5892156830211434
ETH,202005,1,2,0.5551778431304787
ETH,202006,1,0,0.6072195578011553
ETH,202007,0,0,0.8323266852609905
ETH,202008,1,1,0.6720231487529741
ETH,202009,1,0,0.7990074821055047
ETH,202010,1,0,0.8833889045707808
ETH,202011,1,0,0.8916383124374078
ETH,202012,,0,0.9224872517839128
FIN,201901,0,0,0.18663425895270855
FIN,201902,0,1,0.14976504372888413
FIN,201903,0,2,0.12612829439234993
FIN,201904,0,3,0.11035486903460884
FIN,201905,0,4,0.08631383716099798
FIN,201906,1,5,0.07499256579124385
FIN,201907,0,0,0.19461277917311054
FIN,201908,0,1,0.14418859532282968
FIN,201909,0,2,0.12399177521540775
FIN,201910,0,3,0.11365742864084082
FIN,201911,0,4,0.0850249517097521
FIN,201912,0,5,0.08005606902270931
FIN,202001,0,6,0.07955435863544602
FIN,202002,0,7,0.0721644757643327
FIN,202003,1,8,0.07392817302566339
FIN,202004,0,0,0.190873012133479
FIN,202005,0,1,0.123674965796049
FIN,202006,0,2,0.11258215817531796
FIN,202007,0,3,0.11096091151158634
FIN,202008,0,4,0.0850988052612264
FIN,202009,0,5,0.07203664008433568
FIN,202010,0,6,0.06726739804800347
FIN,202011,0,7,0.06967158643739613
FIN,202012,,8,0.0639504365485559
FJI,201901,0,109,0.043610339107467616
FJI,201902,0,110,0.04409246219550015
FJI,201903,0,111,0.044046658673541766
FJI,201904,0,112,0.044989452180924816
FJI,201905,0,113,0.04470917918195132
FJI,201906,0,114,0.04612489061686865
FJI,201907,0,115,0.04481697498501731
FJI,201908,0,116,0.04362671271018682
FJI,201909,0,117,0.04564433794060187
FJI,201910,0,118,0.0470850761702591
FJI,201911,0,119,0.04510894751098507
FJI,201912,0,120,0.04791941973155303
FJI,202001,0,121,0.046612104613253845
FJI,202002,0,122,0.04570409828495462
FJI,202003,0,123,0.04555787358508273
FJI,202004,0,124,0.04365475098195877
FJI,202005,0,125,0.04517127759704621
FJI,202006,0,126,0.04802166755964711
FJI,202007,0,127,0.04614690402296089
FJI,202008,0,128,0.044490026225728355
FJI,202009,0,129,0.043106097336059045
FJI,202010,0,130,0.04208132635212355
FJI,202011,0,131,0.04295864409165212
FJI,202012,,132,0.04802895889624606
FRA,201901,0,0,0.522587246274041
FRA,201902,1,1,0.45055357673041774
FRA,201903,1,0,0.6140664783891936
FRA,201904,1,0,0.7273072388328877
FRA,201905,0,0,0.7383381253971585
FRA,201906,0,1,0.5578188296567963
FRA,201907,0,2,0.48032947177933333
FRA,201908,1,3,0.42271691571232145
FRA,201909,1,0,0.5854128662894835
FRA,201910,0,0,0.6074988138375861
FRA,201911,1,1,0.4957697640253951
FRA,201912,1,0,0.6385724932411351
FRA,202001,0,0,0.6366568383753112
FRA,202002,0,1,0.5235478436453667
FRA,202003,1,2,0.48060992510215456
FRA,202004,1,0,0.5898222278031289
FRA,202005,1,0,0.5384929498044497
FRA,202006,1,0,0.7113374364724241
FRA,202007,1,0,0.6806992471236011
FRA,202008,1,0,0.6961078288894279
FRA,202009,1,0,0.7018947213187926
FRA,202010,0,0,0.7136438932164423
FRA,202011,0,1,0.5601208639569787
FRA,202012,,2,0.48612221303332986
GAB,201901,0,0,0.23514455125106382
GAB,201902,0,1,0.15994497597346183
GAB,201903,0,2,0.14002887192638055
GAB,201904,0,3,0.11638162161658111
GAB,201905,0,4,0.09518800525967913
GAB,201906,0,5,0.06939111725512691
GAB,201907,0,6,0.06505204169957535
GAB,201908,0,7,0.06197648912941661
GAB,201909,0,8,0.06748637655979818
GAB,201910,0,9,0.06460757066773136
GAB,201911,0,10,0.06026263107152653
GAB,201912,0,11,0.07433778357715298
GAB,202001,0,12,0.06820897539262423
GAB,202002,0,13,0.06790628935478087
GAB,202003,0,14,0.07208510864098865
GAB,202004,0,15,0.07072423500319344
GAB,202005,0,16,0.06447402326148048
GAB,202006,0,17,0.06725192920830654
GAB,202007,0,18,0.04631514671762533
GAB,202008,0,19,0.04509292633531104
GAB,202009,0,20,0.04456263892305389
GAB,202010,0,21,0.04264196488673656
GAB,202011,0,22,0.04504741377338495
GAB,202012,,23,0.04478807687324772
GBR,201901,1,0,0.889549384809444
GBR,201902,1,0,0.8889836268800755
GBR,201903,1,0,0.879865927592681
GBR,201904,1,0,0.9070004049349021
GBR,201905,1,0,0.8929543145428295
GBR,201906,1,0,0.8791863830190212
GBR,201907,1,0,0.8916754928790802
GBR,201908,1,0,0.9042381497588771
GBR,201909,1,0,0.8997703921223424
GBR,201910,1,0,0.9107980578625827
GBR,201911,1,0,0.9285768556587645
GBR,201912,1,0,0.8834877619908823
GBR,202001,1,0,0.8891184918658682
GBR,202002,1,0,0.8945016582300263
GBR,202003,1,0,0.8925574476003996
GBR,202004,1,0,0.8875588265356258
GBR,202005,1,0,0.9022248175180997
GBR,202006,1,0,0.9137859294953415
GBR,202007,1,0,0.8940875719196677
GBR,202008,1,0,0.8944626718422027
GBR,202009,1,0,0.8933508662651518
GBR,202010,1,0,0.8919263305753212
GBR,202011,1,0,0.8406478593603104
GBR,202012,,0,0.8914502657403428
GEO,201901,0,11,0.07231517267594709
GEO,201902,0,12,0.06696436230768098
GEO,201903,0,13,0.0642612208965266
GEO,201904,0,14,0.06543814414709774
GEO,201905,0,15,0.06230654290686295
GEO,201906,0,16,0.06135289944642991
GEO,201907,0,17,0.06107714460409205
GEO,201908,0,18,0.06386251612207682
GEO,201909,0,19,0.056917591056551003
GEO,201910,0,20,0.05636530787504025
GEO,201911,0,21,0.05042845638071649
GEO,201912,0,22,0.05208399820529775
GEO,202001,0,23,0.05002190832011627
GEO,202002,0,24,0.051664742237276816
GEO,202003,0,25,0.053703207418860616
GEO,202004,0,26,0.05176864052458323
GEO,202005,0,27,0.05317414213493315
GEO,202006,0,28,0.05078774610507531
GEO,202007,0,29,0.048725541879529405
GEO,202008,0,30,0.04996577674574265
GEO,202009,0,31,0.05106581475603686
GEO,202010,1,32,0.04905241251771977
GEO,202011,0,0,0.19711316487476263
GEO,202012,,1,0.11504267122258689
GHA,201901,1,12,0.04867656422039545
GHA,201902,1,0,0.19834888841534887
GHA,201903,0,0,0.24207079800363507
GHA,201904,0,1,0.15016620454279353
GHA,201905,0,2,0.1361541548584233
GHA,201906,0,3,0.12145789640508875
GHA,201907,0,4,0.09600106356414338
GHA,201908,0,5,0.0820067924990712
GHA,201909,0,6,0.0663234993657742
GHA,201910,0,7,0.06234076217475386
GHA,201911,0,8,0.06419134070805015
GHA,201912,1,9,0.05690347492463322
GHA,202001,0,0,0.18828915076905692
GHA,202002,0,1,0.13249915843818771
GHA,202003,0,2,0.10489210971919082
GHA,202004,0,3,0.09353028016528069
GHA,202005,0,4,0.07530055030290227
GHA,202006,0,5,0.06956489718480398
GHA,202007,0,6,0.061521776154737744
GHA,202008,1,7,0.06135421268279941
GHA,202009,1,0,0.19455142025269118
GHA,202010,0,0,0.4206423698149358
GHA,202011,1,1,0.27926138290521996
GHA,202012,,0,0.3778187749630405
GIN,201901,0,12,0.044658456258254466
GIN,201902,0,13,0.04551041328778423
GIN,201903,0,14,0.04548498870152171
GIN,201904,0,15,0.04543987142111638
GIN,201905,0,16,0.07413384851113605
GIN,201906,0,17,0.04336114105578187
GIN,201907,0,18,0.04351129478233969
GIN,201908,0,19,0.04785615583817235
GIN,201909,0,20,0.04575321313453382
GIN,201910,0,21,0.05658328482706874
GIN,201911,0,22,0.04788936261870245
GIN,201912,0,23,0.05141175796128393
GIN,202001,0,24,0.05648860606781745
GIN,202002,0,25,0.052180262452897475
GIN,202003,0,26,0.11505089279266974
GIN,202004,0,27,0.053469734997026154
GIN,202005,0,28,0.061886113971590086
GIN,202006,0,29,0.07821011000027461
GIN,202007,0,30,0.050967340204604
GIN,202008,0,31,0.05138374328519893
GIN,202009,0,32,0.04884312778415872
GIN,202010,0,33,0.05359329084824206
GIN,202011,0,34,0.0489556745643614
GIN,202012,,35,0.08394125980615658
GNB,201901,0,82,0.046899947532391524
GNB,201902,0,83,0.0469557018350662
GNB,201903,0,84,0.04321950899451471
GNB,201904,0,85,0.04366561349363938
GNB,201905,0,86,0.0486693940297641
GNB,201906,0,87,0.04059970087449041
GNB,201907,0,88,0.048165654373193034
GNB,201908,0,89,0.04833380572337491
GNB,201909,0,90,0.045611106599043785
GNB,201910,0,91,0.047044290756835826
GNB,201911,0,92,0.05564353985210561
GNB,201912,0,93,0.05581005543019302
GNB,202001,0,94,0.05215518800409808
GNB,202002,0,95,0.05917210065256394
GNB,202003,0,96,0.05517185213551749
GNB,202004,0,97,0.0475844590891
GNB,202005,0,98,0.04883465298016499
GNB,202006,0,99,0.04744152517987499
GNB,202007,0,100,0.046414996584927745
GNB,202008,0,101,0.04392323419212724
GNB,202009,0,102,0.04349258935000705
GNB,202010,0,103,0.042803301629194754
GNB,202011,0,104,0.04277378963891662
GNB,202012,,105,0.04200847953314584
GRC,201901,1,0,0.8068884324438563
GRC,201902,1,0,0.8054241459390403
GRC,201903,0,0,0.8422411249178522
GRC,201904,1,1,0.693542853783388
GRC,201905,1,0,0.7772574101129992
GRC,201906,1,0,0.8237316326517847
GRC,201907,0,0,0.8279003258328251
GRC,201908,1,1,0.622726309500376
GRC,201909,1,0,0.7835930235047377
GRC,201910,1,0,0.7843864469974118
GRC,201911,1,0,0.7976542930136113
GRC,201912,1,0,0.7999763323510287
GRC,202001,1,0,0.8462408006421093
GRC,202002,1,0,0.8785438289323814
GRC,202003,1,0,0.8298782447707584
GRC,202004,1,0,0.8612169810083075
GRC,202005,1,0,0.7933326515202636
GRC,202006,1,0,0.8657783985627847
GRC,202007,0,0,0.8200239928258649
GRC,202008,1,1,0.6801178621395679
GRC,202009,1,0,0.7914451907941067
GRC,202010,1,0,0.8245644308546464
GRC,202011,1,0,0.7745163776714079
GRC,202012,,0,0.782840425455988
GTM,201901,0,5,0.07991269387667027
GTM,201902,0,6,0.06955820182976906
GTM,201903,0,7,0.06664188463648694
GTM,201904,0,8,0.0648820841692289
GTM,201905,0,9,0.06337685610925217
GTM,201906,0,10,0.06262668841750539
GTM,201907,0,11,0.06463060064748316
GTM,201908,0,12,0.06347422818417141
GTM,201909,0,13,0.05531565181176223
GTM,201910,0,14,0.05300575236555036
GTM,201911,0,15,0.04966998401113771
GTM,201912,0,16,0.057717426067336625
GTM,202001,0,17,0.052775851363286275
GTM,202002,0,18,0.05348836204568824
GTM,202003,0,19,0.05476915967446639
GTM,202004,0,20,0.05245541103847991
GTM,202005,0,21,0.05426787483304909
GTM,202006,0,22,0.052531712575602386
GTM,202007,1,23,0.05021603726167536
GTM,202008,0,0,0.2055293866531254
GTM,202009,0,1,0.16727063346247958
GTM,202010,1,2,0.12213485496072131
GTM,202011,0,0,0.28272381304021715
GTM,202012,,1,0.16377872012258224
HND,201901,0,20,0.053988879673133434
HND,201902,0,21,0.055121665295066465
HND,201903,0,22,0.05777253075529278
HND,201904,0,23,0.05289717148814318
HND,201905,0,24,0.05654088587701428
HND,201906,1,25,0.055601668547782965
HND,201907,1,0,0.22230044512996483
HND,201908,1,0,0.3196717010634216
HND,201909,0,0,0.3500872825372344
HND,201910,0,1,0.252578391576151
HND,201911,0,2,0.15820756252248608
HND,201912,0,3,0.17478015433022784
HND,202001,0,4,0.13066091237878663
HND,202002,1,5,0.1162952065992453
HND,202003,0,0,0.26775903913149385
HND,202004,0,1,0.1769529862714498
HND,202005,0,2,0.15770002835757405
HND,202006,0,3,0.16357743028043903
HND,202007,0,4,0.12286733702815783
HND,202008,1,5,0.09248879832666435
HND,202009,0,0,0.22519716776938165
HND,202010,0,1,0.14213711126009548
HND,202011,0,2,0.133254028594745
HND,202012,,3,0.1273919667298423
HRV,201901,0,72,0.04307849255459258
HRV,201902,0,73,0.04291756007520939
HRV,201903,0,74,0.04350068776238248
HRV,201904,0,75,0.043375105948613435
HRV,201905,0,76,0.04460751967623401
HRV,201906,0,77,0.042917949615122124
HRV,201907,0,78,0.0444220824153019
HRV,201908,0,79,0.04396332930857726
HRV,201909,0,80,0.04473788285152164
HRV,201910,0,81,0.043624964603641375
HRV,201911,0,82,0.043210185864680124
HRV,201912,0,83,0.04557105287076281
HRV,202001,0,84,0.048027093341564575
HRV,202002,0,85,0.046771465901932804
HRV,202003,0,86,0.048441893503671174
HRV,202004,0,87,0.04495986991575714
HRV,202005,0,88,0.044497560078082594
HRV,202006,0,89,0.046221249992609625
HRV,202007,0,90,0.046183670673359156
HRV,202008,0,91,0.04389301174770718
HRV,202009,1,92,0.044610980196382106
HRV,202010,0,0,0.17184850106740462
HRV,202011,0,1,0.1078311802662372
HRV,202012,,2,0.11322364237735151
HTI,201901,0,1,0.2766567427539928
HTI,201902,0,2,0.18252577726706087
HTI,201903,0,3,0.1686627404132054
HTI,201904,0,4,0.13953842501250005
HTI,201905,1,5,0.12298918065063007
HTI,201906,1,0,0.2937252164585376
HTI,201907,1,0,0.34117937550672645
HTI,201908,0,0,0.36002741932172094
HTI,201909,1,1,0.2544092281732517
HTI,201910,0,0,0.353334852564014
HTI,201911,0,1,0.23429104059368552
HTI,201912,0,2,0.16927209225463632
HTI,202001,0,3,0.16280829734221502
HTI,202002,0,4,0.14802102234589765
HTI,202003,0,5,0.1322960492373392
HTI,202004,0,6,0.11796440350798887
HTI,202005,0,7,0.14803196490454615
HTI,202006,0,8,0.14456723986847872
HTI,202007,0,9,0.1337237220592316
HTI,202008,0,10,0.12179405014831551
HTI,202009,0,11,0.12256201705401074
HTI,202010,0,12,0.11432635318205495
HTI,202011,0,13,0.08514531685550569
HTI,202012,,14,0.10373365527133568
HUN,201901,0,28,0.04640776868094669
HUN,201902,0,29,0.04601974574112735
HUN,201903,0,30,0.04709288316449212
HUN,201904,0,31,0.045468312907864857
HUN,201905,0,32,0.0466323605965859
HUN,201906,0,33,0.04503569080998914
HUN,201907,0,34,0.045734585449206694
HUN,201908,0,35,0.046278609233285035
HUN,201909,1,36,0.04537768447297412
HUN,201910,0,0,0.1915373116144789
HUN,201911,0,1,0.1158091060475675
HUN,201912,0,2,0.09769712511597138
HUN,202001,0,3,0.09603386681191393
HUN,202002,0,4,0.06682322807547669
HUN,202003,0,5,0.054959172589510843
HUN,202004,0,6,0.05397683824536583
HUN,202005,0,7,0.049886271007757624
HUN,202006,0,8,0.04960120569452796
HUN,202007,0,9,0.04950135998874208
HUN,202008,0,10,0.05105692047362727
HUN,202009,0,11,0.04764142247654151
HUN,202010,0,12,0.0489834714013674
HUN,202011,0,13,0.046848779315653406
HUN,202012,,14,0.05157679049452559
IDN,201901,1,0,0.8386724697782497
IDN,201902,1,0,0.7792237256448096
IDN,201903,0,0,0.8227955659784889
IDN,201904,0,1,0.6004018930372718
IDN,201905,1,2,0.5805656972611861
IDN,201906,1,0,0.6215052821551854
IDN,201907,1,0,0.6051248483590974
IDN,201908,0,0,0.6039719721786075
IDN,201909,1,1,0.5616398670838624
IDN,201910,1,0,0.674172120349724
IDN,201911,1,0,0.6995340131728325
IDN,201912,1,0,0.7121758319735899
IDN,202001,1,0,0.7181152434131929
IDN,202002,1,0,0.6968032152881576
IDN,202003,1,0,0.6767685713952875
IDN,202004,1,0,0.7145575291925832
IDN,202005,1,0,0.7135755680450971
IDN,202006,1,0,0.6881648982513263
IDN,202007,1,0,0.697721686328739
IDN,202008,1,0,0.7386640216803549
IDN,202009,1,0,0.7231531092233523
IDN,202010,1,0,0.7439648452569173
IDN,202011,0,0,0.6856148181449983
IDN,202012,,1,0.47255442354154054
IND,201901,1,0,0.9348624417161878
IND,201902,1,0,0.9643778010483659
IND,201903,1,0,0.9604865400670467
IND,201904,1,0,0.9580340650861163
IND,201905,1,0,0.9526162349869155
IND,201906,1,0,0.9594349707958973
IND,201907,1,0,0.961051189811479
IND,201908,1,0,0.9538635380801357
IND,201909,1,0,0.9581541239172668
IND,201910,1,0,0.9470102360958976
IND,201911,1,0,0.9508414536628703
IND,201912,1,0,0.9455929411481685
IND,202001,1,0,0.9391707538160021
IND,202002,1,0,0.9390958478925736
IND,202003,1,0,0.9433620576994265
IND,202004,1,0,0.9421694400157206
IND,202005,1,0,0.9373757735521454
IND,202006,1,0,0.9498603189990965
IND,202007,1,0,0.9541321168505726
IND,202008,1,0,0.9387080406479151
IND,202009,1,0,0.9488626418719083
IND,202010,1,0,0.9505116588678021
IND,202011,1,0,0.9518542585043746
IND,202012,,0,0.9516684963084358
IRL,201901,1,0,0.41658002172172837
IRL,201902,1,0,0.492145827080432
IRL,201903,1,0,0.5271049698833401
IRL,201904,0,0,0.5829967889754802
IRL,201905,0,1,0.4057851009229087
IRL,201906,1,2,0.344961899689942
IRL,201907,1,0,0.4755518570586383
IRL,201908,0,0,0.4877200630194771
IRL,201909,1,1,0.43901410218951353
IRL,201910,0,0,0.5757120257039002
IRL,201911,0,1,0.45264090420703346
IRL,201912,1,2,0.3609467815433542
IRL,202001,1,0,0.5131600324641916
IRL,202002,1,0,0.5513784346124663
IRL,202003,1,0,0.5852829887595814
IRL,202004,0,0,0.5788245501416437
IRL,202005,0,1,0.49242470413156114
IRL,202006,0,2,0.4205651894157233
IRL,202007,0,3,0.38561871807033754
IRL,202008,1,4,0.2943821282816224
IRL,202009,0,0,0.4480639845834618
IRL,202010,0,1,0.32410976162702126
IRL,202011,0,2,0.28849262927444264
IRL,202012,,3,0.28464159019524404
IRN,201901,0,0,0.4793729294912506
IRN,201902,0,1,0.47571198917177426
IRN,201903,1,2,0.3846245890239545
IRN,201904,0,0,0.5130847207703693
IRN,201905,0,1,0.3944375402271221
IRN,201906,0,2,0.3901805540729846
IRN,201907,0,3,0.3453062473275123
IRN,201908,0,4,0.29259186258901937
IRN,201909,0,5,0.2741177046245697
IRN,201910,0,6,0.21630808927740802
IRN,201911,0,7,0.24254551128495516
IRN,201912,0,8,0.20721510809672522
IRN,202001,0,9,0.22763947135105905
IRN,202002,0,10,0.16876515785008603
IRN,202003,0,11,0.17926629020750787
IRN,202004,1,12,0.1478491300338223
IRN,202005,0,0,0.3271481929410547
IRN,202006,1,1,0.24731207545429587
IRN,202007,0,0,0.3314625451147812
IRN,202008,0,1,0.2689267948084002
IRN,202009,0,2,0.23794266421730217
IRN,202010,1,3,0.23934596192582036
IRN,202011,0,0,0.3275342930047305
IRN,202012,,1,0.23889718078590846
IRQ,201901,1,0,0.9731600575104306
IRQ,201902,1,0,0.9763453412686467
IRQ,201903,1,0,0.9756742084755153
IRQ,201904,1,0,0.9709576694030627
IRQ,201905,1,0,0.9707524750155915
IRQ,201906,1,0,0.9726816889530586
IRQ,201907,1,0,0.9747076453456498
IRQ,201908,1,0,0.9756217537686357
IRQ,201909,1,0,0.9762621856964728
IRQ,201910,1,0,0.9732991445347975
IRQ,201911,1,0,0.970666275666764
IRQ,201912,1,0,0.97539535932451
IRQ,202001,1,0,0.9741813947735448
IRQ,202002,1,0,0.9785672505460766
IRQ,202003,1,0,0.9785610111556808
IRQ,202004,1,0,0.9715318721748403
IRQ,202005,1,0,0.9727647486038201
IRQ,202006,1,0,0.9774576735331572
IRQ,202007,1,0,0.974056243068086
IRQ,202008,1,0,0.9718423263562207
IRQ,202009,1,0,0.9711606731400063
IRQ,202010,1,0,0.9702683399744096
IRQ,202011,1,0,0.9692250549775029
IRQ,202012,,0,0.9698678958237359
ISL,201901,0,57,0.04903831371632451
ISL,201902,0,58,0.0511615468678263
ISL,201903,0,59,0.049056866981801034
ISL,201904,0,60,0.05225699557611034
ISL,201905,0,61,0.0510901192409519
ISL,201906,0,62,0.05215808483673232
ISL,201907,0,63,0.0468956850409241
ISL,201908,0,64,0.05167405708632109
ISL,201909,0,65,0.051910137531974876
ISL,201910,0,66,0.05086296187127114
ISL,201911,0,67,0.051493772058244465
ISL,201912,0,68,0.05317931606493887
ISL,202001,0,69,0.0536001048783252
ISL,202002,0,70,0.05416261244123365
ISL,202003,0,71,0.050405821744494234
ISL,202004,0,72,0.050910463211596466
ISL,202005,0,73,0.05186592405141489
ISL,202006,0,74,0.05122786119112645
ISL,202007,0,75,0.045464716888125326
ISL,202008,0,76,0.048988192994051126
ISL,202009,0,77,0.05361355670341366
ISL,202010,0,78,0.05171028580931438
ISL,202011,0,79,0.052499978936077725
ISL,202012,,80,0.048265015883580994
ISR,201901,1,0,0.8836945835712278
ISR,201902,1,0,0.8439788058396098
ISR,201903,0,0,0.8511832992005772
ISR,201904,1,1,0.7492331999517431
ISR,201905,1,0,0.841330441945189
ISR,201906,1,0,0.8985531217394497
ISR,201907,1,0,0.904905952260581
ISR,201908,1,0,0.8568468070211194
ISR,201909,1,0,0.8753939711751769
ISR,201910,1,0,0.8921284848363185
ISR,201911,1,0,0.8890332481298444
ISR,201912,1,0,0.9335398332429048
ISR,202001,1,0,0.9148885645548033
ISR,202002,0,0,0.9415469957559714
ISR,202003,1,1,0.7586459235406005
ISR,202004,1,0,0.844827444487039
ISR,202005,1,0,0.8546590870784676
ISR,202006,1,0,0.7941790412538013
ISR,202007,1,0,0.8005156073275476
ISR,202008,1,0,0.8158900737053214
ISR,202009,1,0,0.9169531365921161
ISR,202010,1,0,0.9047607829557504
ISR,202011,1,0,0.898073140045357
ISR,202012,,0,0.8587673234303034
ITA,201901,0,1,0.38994102290456384
ITA,201902,1,2,0.3807264732584191
ITA,201903,1,0,0.5203350770607179
ITA,201904,0,0,0.5631488053908192
ITA,201905,0,1,0.4245514643385108
ITA,201906,1,2,0.3911226652277617
ITA,201907,0,0,0.46694582079813496
ITA,201908,0,1,0.43073452164655934
ITA,201909,0,2,0.38290248443459896
ITA,201910,0,3,0.3685695881011393
ITA,201911,0,4,0.27664433166792735
ITA,201912,0,5,0.2612675855352432
ITA,202001,0,6,0.22980561846273628
ITA,202002,1,7,0.20697771808365217
ITA,202003,1,0,0.3693147211916894
ITA,202004,0,0,0.7146038061631903
ITA,202005,0,1,0.5052548955617717
ITA,202006,0,2,0.49879576762012223
ITA,202007,0,3,0.4157022255210181
ITA,202008,0,4,0.3440189547478581
ITA,202009,1,5,0.34734918817665067
ITA,202010,0,0,0.5313299123505321
ITA,202011,0,1,0.39567531118740606
ITA,202012,,2,0.37933801951910523
JAM,201901,0,15,0.05105877510532536
JAM,201902,0,16,0.04587087709806325
JAM,201903,0,17,0.045968734609469555
JAM,201904,0,18,0.048683147286361104
JAM,201905,0,19,0.047551713245216815
JAM,201906,0,20,0.05028363439382688
JAM,201907,0,21,0.052020381425636225
JAM,201908,0,22,0.052641648828260106
JAM,201909,0,23,0.05316727766834348
JAM,201910,0,24,0.05131195491064624
JAM,201911,0,25,0.052980373567961266
JAM,201912,0,26,0.05613248187761069
JAM,202001,0,27,0.055286616630653616
JAM,202002,0,28,0.0515269133412753
JAM,202003,0,29,0.05215933406072132
JAM,202004,0,30,0.050740810828954395
JAM,202005,0,31,0.05179544819867361
JAM,202006,0,32,0.05167950390021152
JAM,202007,0,33,0.051856341418572975
JAM,202008,0,34,0.04681386966602664
JAM,202009,0,35,0.047220382201126634
JAM,202010,0,36,0.045136448620257175
JAM,202011,0,37,0.04528489057334422
JAM,202012,,38,0.04726795480179164
JOR,201901,1,3,0.21273669056961342
JOR,201902,0,0,0.2823692668449602
JOR,201903,0,1,0.30009705600270076
JOR,201904,0,2,0.25380198390743913
JOR,201905,0,3,0.24347576118883588
JOR,201906,0,4,0.21256210765282182
JOR,201907,1,5,0.20000762444978837
JOR,201908,0,0,0.34165927887882136
JOR,201909,0,1,0.2625283751501925
JOR,201910,1,2,0.24707583355817864
JOR,201911,0,0,0.31551473212264847
JOR,201912,0,1,0.2522840611323839
JOR,202001,0,2,0.22980796725330602
JOR,202002,0,3,0.2329894034013819
JOR,202003,0,4,0.1723373384799426
JOR,202004,0,5,0.15707508206517617
JOR,202005,0,6,0.14314412215221728
JOR,202006,0,7,0.14171298806046675
JOR,202007,0,8,0.13227886267248176
JOR,202008,0,9,0.13231266140929354
JOR,202009,0,10,0.07386326160665543
JOR,202010,0,11,0.08051435560884208
JOR,202011,0,12,0.08363913474746351
JOR,202012,,13,0.07112172481303795
JPN,201901,0,0,0.17623586788028373
JPN,201902,0,1,0.13682392637945473
JPN,201903,0,2,0.11127126865173408
JPN,201904,0,3,0.0901913782463631
JPN,201905,0,4,0.06460905200026032
JPN,201906,0,5,0.05166665357424785
JPN,201907,0,6,0.04989191466919979
JPN,201908,0,7,0.04583892502419983
JPN,201909,0,8,0.04777794176009333
JPN,201910,0,9,0.04714563140523278
JPN,201911,0,10,0.04544362944848717
JPN,201912,0,11,0.04487511510130857
JPN,202001,0,12,0.0465892392710154
JPN,202002,0,13,0.04523188590814381
JPN,202003,0,14,0.04413603429303579
JPN,202004,0,15,0.04502246462189616
JPN,202005,0,16,0.044588196998222605
JPN,202006,0,17,0.04258774004772772
JPN,202007,0,18,0.044451009909788876
JPN,202008,0,19,0.04229738821709513
JPN,202009,0,20,0.043741540108786454
JPN,202010,0,21,0.040774467414911066
JPN,202011,0,22,0.04111260556611937
JPN,202012,,23,0.04088325859857893
KAZ,201901,0,31,0.04610131679451001
KAZ,201902,0,32,0.0483242083295844
KAZ,201903,0,33,0.04337943006234303
KAZ,201904,0,34,0.04611409429821087
KAZ,201905,0,35,0.04758862091619957
KAZ,201906,0,36,0.04205803772429799
KAZ,201907,0,37,0.04201127027852592
KAZ,201908,0,38,0.04229689443412539
KAZ,201909,0,39,0.04156851701763701
KAZ,201910,0,40,0.040007270287767585
KAZ,201911,0,41,0.04042540644020488
KAZ,201912,0,42,0.0412684878391992
KAZ,202001,0,43,0.04473822588954282
KAZ,202002,1,44,0.043380754731732744
KAZ,202003,0,0,0.18890000094954248
KAZ,202004,1,1,0.1097729359674025
KAZ,202005,0,0,0.2007677230030967
KAZ,202006,0,1,0.12898621796250834
KAZ,202007,0,2,0.10071901505098099
KAZ,202008,0,3,0.09735919108459275
KAZ,202009,0,4,0.07222088479727852
KAZ,202010,0,5,0.07144509909024983
KAZ,202011,1,6,0.05696763012539727
KAZ,202012,,0,0.17851146203271828
KEN,201901,1,0,0.8527176682589815
KEN,201902,0,0,0.9208690970431735
KEN,201903,1,1,0.6488197734619972
KEN,201904,1,0,0.8281050082842392
KEN,201905,1,0,0.8204514366875997
KEN,201906,1,0,0.7865667406356133
KEN,201907,1,0,0.9178146811213395
KEN,201908,0,0,0.9229760177306617
KEN,201909,1,1,0.7487452509409459
KEN,201910,0,0,0.8611737057631318
KEN,201911,1,1,0.6964511339054015
KEN,201912,1,0,0.7765973859578559
KEN,202001,1,0,0.9115005924196425
KEN,202002,1,0,0.9410702644693941
KEN,202003,1,0,0.9427674856099151
KEN,202004,1,0,0.9612447573174256
KEN,202005,1,0,0.9000400201720749
KEN,202006,1,0,0.9466152838525592
KEN,202007,0,0,0.9137457851516576
KEN,202008,1,1,0.7270777605286098
KEN,202009,1,0,0.8606725762558654
KEN,202010,1,0,0.8784337604772928
KEN,202011,1,0,0.8524487640726348
KEN,202012,,0,0.8545689083733299
KGZ,201901,0,12,0.06781586432168553
KGZ,201902,0,13,0.06256797661157905
KGZ,201903,0,14,0.0680121371204815
KGZ,201904,0,15,0.07152529352917919
KGZ,201905,0,16,0.06555802544941812
KGZ,201906,0,17,0.06292871757062729
KGZ,201907,0,18,0.06395211353513024
KGZ,201908,0,19,0.06724885718931117
KGZ,201909,0,20,0.06860669142560337
KGZ,201910,0,21,0.06546014254085089
KGZ,201911,0,22,0.06599330169031972
KGZ,201912,1,23,0.06529235678470474
KGZ,202001,0,0,0.21184226553058533
KGZ,202002,0,1,0.12526944115154237
KGZ,202003,0,2,0.10842324044492774
KGZ,202004,0,3,0.09717308409228531
KGZ,202005,1,4,0.07602764260187796
KGZ,202006,0,0,0.18457905509521855
KGZ,202007,0,1,0.13500736259806972
KGZ,202008,0,2,0.11754597968102815
KGZ,202009,0,3,0.10902839454987806
KGZ,202010,0,4,0.09033233644663725
KGZ,202011,0,5,0.06988033077363158
KGZ,202012,,6,0.06623576197750106
KHM,201901,0,64,0.04282953818550182
KHM,201902,0,65,0.04250606385118601
KHM,201903,0,66,0.042757203648958735
KHM,201904,0,67,0.04281647245513163
KHM,201905,0,68,0.04318987023200388
KHM,201906,0,69,0.04485618343260935
KHM,201907,0,70,0.042754366939889515
KHM,201908,0,71,0.04584172800919422
KHM,201909,0,72,0.04383050527808223
KHM,201910,0,73,0.044352379330185314
KHM,201911,0,74,0.0429066399997346
KHM,201912,0,75,0.0432195922662323
KHM,202001,0,76,0.04764487251649605
KHM,202002,0,77,0.04414667593265986
KHM,202003,0,78,0.045833770855321705
KHM,202004,0,79,0.04349847098235766
KHM,202005,0,80,0.043536402524730594
KHM,202006,0,81,0.04479240906590871
KHM,202007,0,82,0.04294217036077984
KHM,202008,0,83,0.04314266320635352
KHM,202009,0,84,0.04510200695108755
KHM,202010,0,85,0.044119752714746836
KHM,202011,0,86,0.043961641110541336
KHM,202012,,87,0.04351220796784644
KOR,201901,0,11,0.045633296931254244
KOR,201902,0,12,0.04419170630979655
KOR,201903,0,13,0.0478177827145195
KOR,201904,0,14,0.043125850151729636
KOR,201905,1,15,0.04400333014583422
KOR,201906,0,0,0.18335710910291772
KOR,201907,0,1,0.1252676108724704
KOR,201908,0,2,0.08545326269096076
KOR,201909,0,3,0.08476529676150642
KOR,201910,0,4,0.0627255302858726
KOR,201911,0,5,0.05148491972507653
KOR,201912,0,6,0.048092782738801694
KOR,202001,0,7,0.045188164303869904
KOR,202002,0,8,0.04456658990020234
KOR,202003,0,9,0.046266529856197315
KOR,202004,0,10,0.048961248076980456
KOR,202005,0,11,0.046333292860059085
KOR,202006,0,12,0.04408060507484976
KOR,202007,0,13,0.04835971374193824
KOR,202008,0,14,0.04460766051600731
KOR,202009,0,15,0.04537591387669977
KOR,202010,0,16,0.04288617181444693
KOR,202011,0,17,0.04472797754787258
KOR,202012,,18,0.04378932708458379
KWT,201901,0,35,0.046980444701203244
KWT,201902,0,36,0.04770039491246145
KWT,201903,0,37,0.04596346632189782
KWT,201904,0,38,0.04578191723992618
KWT,201905,0,39,0.048550627283338595
KWT,201906,0,40,0.048346094570891625
KWT,201907,0,41,0.04461605215713219
KWT,201908,0,42,0.0497676563692971
KWT,201909,0,43,0.04920131169496718
KWT,201910,0,44,0.04831949377112104
KWT,201911,0,45,0.045662015797393714
KWT,201912,0,46,0.04440822944620032
KWT,202001,0,47,0.050062339123593445
KWT,202002,0,48,0.05095057320790909
KWT,202003,0,49,0.04881562915715518
KWT,202004,0,50,0.04939307977338659
KWT,202005,0,51,0.05174648119651959
KWT,202006,0,52,0.04905124042705023
KWT,202007,0,53,0.0599940453900016
KWT,202008,0,54,0.05622848187800853
KWT,202009,0,55,0.056902326404777194
KWT,202010,0,56,0.059882403100344025
KWT,202011,0,57,0.0523158160627559
KWT,202012,,58,0.050381125038500334
LAO,201901,0,19,0.061259822623872126
LAO,201902,0,20,0.055761511349425634
LAO,201903,0,21,0.05609732052483876
LAO,201904,0,22,0.04426200415891954
LAO,201905,0,23,0.04329401189615796
LAO,201906,0,24,0.04481869287629098
LAO,201907,0,25,0.041875550827039795
LAO,201908,0,26,0.04426873062138795
LAO,201909,0,27,0.04481294441313465
LAO,201910,0,28,0.04541370700385761
LAO,201911,0,29,0.04207235195540801
LAO,201912,0,30,0.042635856743073
LAO,202001,0,31,0.04894857264156878
LAO,202002,0,32,0.043536700043292
LAO,202003,0,33,0.04337048462321562
LAO,202004,0,34,0.044933504241395916
LAO,202005,0,35,0.04570371630074829
LAO,202006,0,36,0.04347143196322326
LAO,202007,0,37,0.04535170689548857
LAO,202008,0,38,0.04274116128742419
LAO,202009,0,39,0.04186963214666497
LAO,202010,0,40,0.04050420838378955
LAO,202011,0,41,0.04069929313957887
LAO,202012,,42,0.04143305958412151
LBN,201901,1,4,0.3093857382012534
LBN,201902,0,0,0.4645022537379338
LBN,201903,0,1,0.3680882975067287
LBN,201904,0,2,0.3310138605527863
LBN,201905,1,3,0.33262036324860383
LBN,201906,0,0,0.4718639399192028
LBN,201907,0,1,0.3666465896126942
LBN,201908,0,2,0.31122105778313747
LBN,201909,0,3,0.3039139411959674
LBN,201910,1,4,0.23957666917734957
LBN,201911,0,0,0.330797803639377
LBN,201912,0,1,0.29795809538340856
LBN,202001,1,2,0.25863269541292583
LBN,202002,1,0,0.36607948238447446
LBN,202003,1,0,0.3998382639058202
LBN,202004,0,0,0.43547804898461073
LBN,202005,0,1,0.3613954761278254
LBN,202006,0,2,0.2658970325775076
LBN,202007,1,3,0.2545665748812874
LBN,202008,1,0,0.4101980071364055
LBN,202009,0,0,0.4326997792108889
LBN,202010,0,1,0.27784824221393
LBN,202011,1,2,0.2615259795043675
LBN,202012,,0,0.3804374706036878
LBR,201901,0,0,0.1787475196914776
LBR,201902,0,1,0.12943915341592252
LBR,201903,0,2,0.10952092605640956
LBR,201904,0,3,0.08856552364615616
LBR,201905,0,4,0.06372114108982196
LBR,201906,0,5,0.09450882279044977
LBR,201907,0,6,0.048980762750765974
LBR,201908,0,7,0.04872862464956618
LBR,201909,0,8,0.05308295490715608
LBR,201910,0,9,0.052957943297780634
LBR,201911,0,10,0.0479913829525731
LBR,201912,0,11,0.050872306109048304
LBR,202001,0,12,0.05378939988104205
LBR,202002,0,13,0.050071040141573236
LBR,202003,0,14,0.08664870325354132
LBR,202004,0,15,0.08108480292096606
LBR,202005,0,16,0.04888644743232039
LBR,202006,0,17,0.04643540927087257
LBR,202007,0,18,0.04522494189578
LBR,202008,0,19,0.048156951062203746
LBR,202009,0,20,0.047982684547099995
LBR,202010,0,21,0.04245459214293979
LBR,202011,0,22,0.04677699644328423
LBR,202012,,23,0.04741862852784871
LBY,201901,1,0,0.9740840514667274
LBY,201902,1,0,0.9755200461297575
LBY,201903,1,0,0.9405770057945775
LBY,201904,1,0,0.9748673149328617
LBY,201905,1,0,0.976001706524483
LBY,201906,1,0,0.9735381993388741
LBY,201907,1,0,0.9612533812128139
LBY,201908,0,0,0.9738207173707008
LBY,201909,1,1,0.7118137760182677
LBY,201910,1,0,0.8770367687369284
LBY,201911,1,0,0.9037485597678253
LBY,201912,1,0,0.8512223228221026
LBY,202001,1,0,0.8929123607313102
LBY,202002,1,0,0.8330521414794718
LBY,202003,1,0,0.8615048220723923
LBY,202004,1,0,0.8710990940476522
LBY,202005,0,0,0.8780682646460264
LBY,202006,1,1,0.6408936779863695
LBY,202007,0,0,0.8020898612913417
LBY,202008,0,1,0.5444120724309586
LBY,202009,0,2,0.5323779481259794
LBY,202010,1,3,0.4951084589294276
LBY,202011,0,0,0.6132998858947191
LBY,202012,,1,0.4851352529588454
LKA,201901,0,7,0.2848164319377677
LKA,201902,1,8,0.2558417927525505
LKA,201903,1,0,0.41475931606631206
LKA,201904,1,0,0.48592740655346284
LKA,201905,0,0,0.7191294187715174
LKA,201906,0,1,0.5442980330580304
LKA,201907,0,2,0.5035908014563127
LKA,201908,0,3,0.3554762331549843
LKA,201909,0,4,0.3436682273476196
LKA,201910,1,5,0.3471751347090114
LKA,201911,0,0,0.4858052012501326
LKA,201912,0,1,0.50323453483033
LKA,202001,0,2,0.4802195139033755
LKA,202002,0,3,0.4607569348960396
LKA,202003,0,4,0.38138590851934545
LKA,202004,0,5,0.3836278556036815
LKA,202005,0,6,0.2561333993007607
LKA,202006,0,7,0.19493748172739894
LKA,202007,1,8,0.1832113806557367
LKA,202008,0,0,0.33047556581240833
LKA,202009,0,1,0.24829998852717466
LKA,202010,0,2,0.2440561356974269
LKA,202011,0,3,0.24209641619473232
LKA,202012,,4,0.16711436200748048
LTU,201901,0,5,0.05753763785635349
LTU,201902,0,6,0.05234604455530011
LTU,201903,0,7,0.0550125007863971
LTU,201904,0,8,0.052423914418658964
LTU,201905,0,9,0.0546440041066068
LTU,201906,0,10,0.050716913788605246
LTU,201907,0,11,0.0535142705807966
LTU,201908,0,12,0.05634728187971628
LTU,201909,1,13,0.0488011389082193
LTU,201910,0,0,0.17231692264473839
LTU,201911,0,1,0.10674457072538691
LTU,201912,0,2,0.09981221406772792
LTU,202001,0,3,0.09039579477179796
LTU,202002,0,4,0.06791281087471134
LTU,202003,0,5,0.05578127138463468
LTU,202004,0,6,0.05723128723998084
LTU,202005,0,7,0.05559350997478651
LTU,202006,0,8,0.05490565196210448
LTU,202007,0,9,0.05535664185414811
LTU,202008,0,10,0.05430597373871812
LTU,202009,0,11,0.05490333040991376
LTU,202010,0,12,0.058794098893114766
LTU,202011,0,13,0.050093193515988226
LTU,202012,,14,0.05332427417574248
LUX,201901,0,109,0.04523161542230434
LUX,201902,0,110,0.0454188669498992
LUX,201903,0,111,0.04310732890531728
LUX,201904,0,112,0.0437445375734359
LUX,201905,0,113,0.043118775655824546
LUX,201906,0,114,0.04602238000965201
LUX,201907,0,115,0.04434875844387214
LUX,201908,0,116,0.045105225538904364
LUX,201909,0,117,0.04329690613031703
LUX,201910,0,118,0.040511838477421715
LUX,201911,0,119,0.04229818332466501
LUX,201912,0,120,0.040457314192521764
LUX,202001,0,121,0.04034694300319285
LUX,202002,0,122,0.039549074704081685
LUX,202003,0,123,0.04192902806320922
LUX,202004,0,124,0.04021691872079627
LUX,202005,0,125,0.04165456796149333
LUX,202006,0,126,0.04224966890670281
LUX,202007,0,127,0.040846676860685285
LUX,202008,0,128,0.0422445214097299
LUX,202009,0,129,0.041543972228176705
LUX,202010,0,130,0.04017026237537531
LUX,202011,0,131,0.04052169057138766
LUX,202012,,132,0.04163323811528914
LVA,201901,0,13,0.049017428556311825
LVA,201902,0,14,0.052486012706087416
LVA,201903,0,15,0.04888252875434658
LVA,201904,0,16,0.04578870828964515
LVA,201905,0,17,0.0495905012253389
LVA,201906,0,18,0.045997691029553
LVA,201907,0,19,0.048965559032517446
LVA,201908,0,20,0.051853803013304736
LVA,201909,0,21,0.04744475629180375
LVA,201910,0,22,0.04642573968876387
LVA,201911,0,23,0.0433188811355673
LVA,201912,0,24,0.050365892836107984
LVA,202001,0,25,0.04834816901219158
LVA,202002,0,26,0.045477838560160765
LVA,202003,0,27,0.04992257629305794
LVA,202004,0,28,0.04971228356913025
LVA,202005,0,29,0.05178546882435249
LVA,202006,0,30,0.048003602692064086
LVA,202007,0,31,0.049310917389313966
LVA,202008,0,32,0.04898518461001386
LVA,202009,0,33,0.05207262286690618
LVA,202010,0,34,0.05281611816513368
LVA,202011,0,35,0.04820719738876588
LVA,202012,,36,0.04930583402210739
MAR,201901,0,1,0.1387349125205504
MAR,201902,0,2,0.11515340944546021
MAR,201903,0,3,0.10769128547397855
MAR,201904,0,4,0.07034473561971274
MAR,201905,0,5,0.06910316328992706
MAR,201906,0,6,0.06318456135649227
MAR,201907,0,7,0.05738476647152488
MAR,201908,0,8,0.06412608349510551
MAR,201909,0,9,0.06571567328207728
MAR,201910,0,10,0.053987646858154374
MAR,201911,0,11,0.05428482840674034
MAR,201912,0,12,0.051772964202831374
MAR,202001,0,13,0.04882279039916727
MAR,202002,0,14,0.04881892250977908
MAR,202003,0,15,0.04996418167919074
MAR,202004,0,16,0.05127859288415494
MAR,202005,0,17,0.05661771853013456
MAR,202006,0,18,0.05569921507653697
MAR,202007,0,19,0.059879593406138375
MAR,202008,0,20,0.0554459217192639
MAR,202009,0,21,0.05636425383063608
MAR,202010,0,22,0.04883041832699695
MAR,202011,0,23,0.09374821268402263
MAR,202012,,24,0.04797605501578513
MDA,201901,0,35,0.04671589297824876
MDA,201902,0,36,0.045157610154325116
MDA,201903,0,37,0.04192247361759941
MDA,201904,0,38,0.04255620594855021
MDA,201905,0,39,0.04469888285595942
MDA,201906,0,40,0.04261253134740264
MDA,201907,0,41,0.04488801881221855
MDA,201908,0,42,0.04710350875202564
MDA,201909,0,43,0.04641013961815123
MDA,201910,0,44,0.043750954775929295
MDA,201911,0,45,0.04527659786689728
MDA,201912,0,46,0.044465008764033837
MDA,202001,0,47,0.0436112920312423
MDA,202002,0,48,0.04346303441167431
MDA,202003,0,49,0.04396581675672886
MDA,202004,0,50,0.04409177073962172
MDA,202005,0,51,0.042543744712309574
MDA,202006,0,52,0.04587653879730988
MDA,202007,0,53,0.042320227460664245
MDA,202008,0,54,0.043194312667362844
MDA,202009,0,55,0.04394637797507376
MDA,202010,0,56,0.0455430284005304
MDA,202011,0,57,0.04313843821135303
MDA,202012,,58,0.04531216874949249
MDG,201901,0,31,0.04563420901642848
MDG,201902,0,32,0.045524328254088656
MDG,201903,0,33,0.044329777916195086
MDG,201904,0,34,0.04339497218818609
MDG,201905,0,35,0.044522018116399054
MDG,201906,0,36,0.0793358256601882
MDG,201907,0,37,0.0434546513293727
MDG,201908,0,38,0.04551490415680341
MDG,201909,0,39,0.04568710068101648
MDG,201910,0,40,0.04468104773716305
MDG,201911,0,41,0.044597176178324954
MDG,201912,0,42,0.04729308099205527
MDG,202001,0,43,0.04951706724959639
MDG,202002,0,44,0.044977468170329764
MDG,202003,0,45,0.04884394372671579
MDG,202004,0,46,0.04833155821127012
MDG,202005,0,47,0.04715318809241573
MDG,202006,0,48,0.047131082242805496
MDG,202007,0,49,0.043744819477086694
MDG,202008,0,50,0.0793466949790115
MDG,202009,0,51,0.04475877263426191
MDG,202010,0,52,0.045348439976853144
MDG,202011,0,53,0.04363612951766555
MDG,202012,,54,0.044503036861653175
MEX,201901,1,0,0.7228182305899981
MEX,201902,1,0,0.7479609814665185
MEX,201903,1,0,0.8059409142294954
MEX,201904,1,0,0.8124935015102498
MEX,201905,1,0,0.7941228903665923
MEX,201906,1,0,0.8157094059593849
MEX,201907,1,0,0.8172046665783601
MEX,201908,0,0,0.8249273487808657
MEX,201909,0,1,0.6273297175537565
MEX,201910,1,2,0.5324463623945435
MEX,201911,0,0,0.7537059611966492
MEX,201912,0,1,0.4701706547225381
MEX,202001,1,2,0.48062687126046966
MEX,202002,1,0,0.6198051243942001
MEX,202003,1,0,0.5936014350740563
MEX,202004,1,0,0.6021042024429798
MEX,202005,1,0,0.6257918301353375
MEX,202006,0,0,0.6189299022303407
MEX,202007,1,1,0.46658761760084694
MEX,202008,0,0,0.5572636068869038
MEX,202009,0,1,0.3515005499668699
MEX,202010,1,2,0.35288569806260917
MEX,202011,0,0,0.4921076458447318
MEX,202012,,1,0.3618461148270727
MKD,201901,0,22,0.04748450181948878
MKD,201902,0,23,0.046292226234638904
MKD,201903,0,24,0.04398377842482443
MKD,201904,0,25,0.04400822274873703
MKD,201905,0,26,0.047800678638055996
MKD,201906,0,27,0.04357143316357853
MKD,201907,0,28,0.04558762689355179
MKD,201908,0,29,0.04881469269932075
MKD,201909,0,30,0.04488402773556264
MKD,201910,0,31,0.047021084684749574
MKD,201911,0,32,0.04568999927403345
MKD,201912,0,33,0.045736757602243695
MKD,202001,0,34,0.04644392465903369
MKD,202002,0,35,0.0449244436513316
MKD,202003,0,36,0.04312043555905195
MKD,202004,0,37,0.04444875989721211
MKD,202005,0,38,0.042728437618866036
MKD,202006,0,39,0.044672387931239496
MKD,202007,0,40,0.042254174403095604
MKD,202008,0,41,0.043706490332861475
MKD,202009,0,42,0.045824752838209755
MKD,202010,0,43,0.04444650462712371
MKD,202011,0,44,0.04160287669038818
MKD,202012,,45,0.040692770653568716
MLI,201901,1,0,0.9661475413428546
MLI,201902,1,0,0.9722651289563512
MLI,201903,1,0,0.9753983728889716
MLI,201904,1,0,0.975566902107012
MLI,201905,1,0,0.9712937350522135
MLI,201906,1,0,0.9739230020395958
MLI,201907,1,0,0.9728538926122205
MLI,201908,1,0,0.9679562039398236
MLI,201909,1,0,0.972379024355163
MLI,201910,1,0,0.9669975693074011
MLI,201911,1,0,0.9672538265776504
MLI,201912,1,0,0.9119371567177581
MLI,202001,1,0,0.964898917547666
MLI,202002,1,0,0.9577660100801257
MLI,202003,1,0,0.9726256243486947
MLI,202004,1,0,0.9686114665671846
MLI,202005,1,0,0.9681399990520678
MLI,202006,1,0,0.9682526770042459
MLI,202007,1,0,0.9603304883432172
MLI,202008,1,0,0.9658666196136236
MLI,202009,1,0,0.916502509326726
MLI,202010,1,0,0.9424432608782866
MLI,202011,0,0,0.9462044130773858
MLI,202012,,1,0.8038061582712505
MLT,201901,0,15,0.05395599136308106
MLT,201902,0,16,0.0522019551947139
MLT,201903,0,17,0.05395675438873675
MLT,201904,0,18,0.054062459822378534
MLT,201905,0,19,0.055516487042524786
MLT,201906,0,20,0.05148490851540765
MLT,201907,0,21,0.05037534589196821
MLT,201908,0,22,0.050513074526819086
MLT,201909,0,23,0.05490723811727725
MLT,201910,0,24,0.057880951557709136
MLT,201911,0,25,0.058203057151477805
MLT,201912,0,26,0.05833488253259752
MLT,202001,0,27,0.0541354102158393
MLT,202002,0,28,0.05417600550279095
MLT,202003,0,29,0.054894959833842634
MLT,202004,0,30,0.054745092022622496
MLT,202005,0,31,0.056849780039188086
MLT,202006,0,32,0.050765802660809836
MLT,202007,0,33,0.04603056326445169
MLT,202008,0,34,0.045243248165288345
MLT,202009,0,35,0.048022827321100504
MLT,202010,0,36,0.04683333946180388
MLT,202011,0,37,0.04676046822227603
MLT,202012,,38,0.048576319984931934
MMR,201901,1,0,0.806408997393706
MMR,201902,1,0,0.9075307522900169
MMR,201903,1,0,0.9163988791349091
MMR,201904,1,0,0.9192698170169541
MMR,201905,1,0,0.9144616316194797
MMR,201906,1,0,0.9249134104064265
MMR,201907,1,0,0.9095974891579899
MMR,201908,1,0,0.8436808735165334
MMR,201909,1,0,0.9407399845459598
MMR,201910,1,0,0.896046592185219
MMR,201911,1,0,0.9376637627102837
MMR,201912,1,0,0.9209062709718152
MMR,202001,1,0,0.9301246032973164
MMR,202002,1,0,0.8468189953470572
MMR,202003,1,0,0.9106171288975365
MMR,202004,1,0,0.9265867762068888
MMR,202005,1,0,0.9263710102486461
MMR,202006,1,0,0.9307394906216366
MMR,202007,1,0,0.9365634925015307
MMR,202008,1,0,0.9050757663698065
MMR,202009,1,0,0.8969490781946216
MMR,202010,1,0,0.8431488663094723
MMR,202011,0,0,0.8830923874421858
MMR,202012,,1,0.6403476996394715
MNE,201901,0,8,0.055369807968171786
MNE,201902,0,9,0.05542704242257278
MNE,201903,0,10,0.047260090060920336
MNE,201904,0,11,0.04619815524959748
MNE,201905,0,12,0.04652197953861848
MNE,201906,0,13,0.043711518765394565
MNE,201907,0,14,0.045846486207009554
MNE,201908,0,15,0.04510806425501324
MNE,201909,0,16,0.046473193100418614
MNE,201910,0,17,0.045321396633743356
MNE,201911,0,18,0.04375195396649755
MNE,201912,0,19,0.04509178311961465
MNE,202001,0,20,0.04510848150476022
MNE,202002,0,21,0.044128914468190034
MNE,202003,0,22,0.04409318138744994
MNE,202004,0,23,0.04380407238689628
MNE,202005,0,24,0.043657745007786714
MNE,202006,0,25,0.045303580300314276
MNE,202007,0,26,0.043674791312170794
MNE,202008,0,27,0.04501305199842817
MNE,202009,0,28,0.044340859499625365
MNE,202010,0,29,0.04638084956326774
MNE,202011,0,30,0.04505382928496157
MNE,202012,,31,0.04497181786513513
MOZ,201901,1,0,0.9341439140123374
MOZ,201902,1,0,0.9405092625343171
MOZ,201903,1,0,0.9420581250154794
MOZ,201904,1,0,0.9385982689540121
MOZ,201905,1,0,0.8930786494235167
MOZ,201906,1,0,0.9381265331358405
MOZ,201907,1,0,0.9196066839594899
MOZ,201908,1,0,0.9527138800721417
MOZ,201909,1,0,0.9562386675431561
MOZ,201910,1,0,0.9459925183646637
MOZ,201911,1,0,0.9486670506237533
MOZ,201912,1,0,0.9664443479704908
MOZ,202001,1,0,0.9554593517823308
MOZ,202002,1,0,0.9634089124300081
MOZ,202003,1,0,0.9629427598358206
MOZ,202004,1,0,0.9620712921716315
MOZ,202005,1,0,0.9584981225352994
MOZ,202006,1,0,0.9677697705082748
MOZ,202007,1,0,0.962941880548633
MOZ,202008,1,0,0.9648743320477758
MOZ,202009,1,0,0.9512845176534667
MOZ,202010,1,0,0.9622081886607222
MOZ,202011,1,0,0.9607309380341679
MOZ,202012,,0,0.960236881043635
MRT,201901,0,95,0.046556736712487154
MRT,201902,0,96,0.049440255140937125
MRT,201903,0,97,0.045354283343518806
MRT,201904,0,98,0.048779659468382225
MRT,201905,0,99,0.04978499682177498
MRT,201906,0,100,0.052650502770511885
MRT,201907,0,101,0.05221048147441915
MRT,201908,0,102,0.05796333032684814
MRT,201909,0,103,0.05234929137699512
MRT,201910,0,104,0.049552249882702196
MRT,201911,0,105,0.04651660673112886
MRT,201912,0,106,0.05444859041070881
MRT,202001,0,107,0.054085772694631516
MRT,202002,0,108,0.055521507476480124
MRT,202003,0,109,0.048260851417860684
MRT,202004,0,110,0.05338473112068201
MRT,202005,0,111,0.060614409462817945
MRT,202006,0,112,0.05919132191763074
MRT,202007,0,113,0.06040311104968384
MRT,202008,0,114,0.055528993404724634
MRT,202009,0,115,0.05974732339574544
MRT,202010,0,116,0.058707239608939615
MRT,202011,0,117,0.058637615254126994
MRT,202012,,118,0.06027565094352671
MWI,201901,0,5,0.07411268574393536
MWI,201902,0,6,0.06716851021973705
MWI,201903,0,7,0.06484425895722501
MWI,201904,0,8,0.06897706986378803
MWI,201905,0,9,0.06393549826423425
MWI,201906,0,10,0.05643021158240307
MWI,201907,0,11,0.0700134395801539
MWI,201908,1,12,0.061088803343642875
MWI,201909,1,0,0.18945837245212027
MWI,201910,0,0,0.2550415836427645
MWI,201911,0,1,0.2461160681599548
MWI,201912,0,2,0.20609866764987927
MWI,202001,0,3,0.14697731830789482
MWI,202002,0,4,0.09929375461351331
MWI,202003,0,5,0.0972688293248008
MWI,202004,0,6,0.09346424883391694
MWI,202005,0,7,0.08863189053857953
MWI,202006,0,8,0.08845418643965985
MWI,202007,0,9,0.08968920736045938
MWI,202008,0,10,0.08860452315285308
MWI,202009,0,11,0.08577139195368645
MWI,202010,0,12,0.07136156392928017
MWI,202011,0,13,0.06929852213176402
MWI,202012,,14,0.057494718234787745
MYS,201901,0,1,0.2875211366148221
MYS,201902,0,2,0.25962821048679624
MYS,201903,0,3,0.24452604748900494
MYS,201904,0,4,0.20185036738298326
MYS,201905,1,5,0.17282551574695654
MYS,201906,0,0,0.35274315032676923
MYS,201907,0,1,0.24266529988510577
MYS,201908,1,2,0.22409520616376571
MYS,201909,0,0,0.3344914561106885
MYS,201910,0,1,0.21982496769716495
MYS,201911,0,2,0.22112497964390618
MYS,201912,1,3,0.18323848488575656
MYS,202001,0,0,0.20003345803146097
MYS,202002,0,1,0.1889952108719155
MYS,202003,0,2,0.18669968573077064
MYS,202004,0,3,0.19476690209010525
MYS,202005,0,4,0.16403757223967708
MYS,202006,0,5,0.1527961553141714
MYS,202007,0,6,0.1151462928314249
MYS,202008,0,7,0.10836207140723284
MYS,202009,0,8,0.11122375447222389
MYS,202010,0,9,0.10549053011106346
MYS,202011,0,10,0.10822724221429215
MYS,202012,,11,0.06652423745037755
NAM,201901,0,109,0.03924478517729134
NAM,201902,0,110,0.040499855611354094
NAM,201903,0,111,0.0410641086784235
NAM,201904,0,112,0.04248907181352667
NAM,201905,0,113,0.043934581307661896
NAM,201906,0,114,0.045075740324888515
NAM,201907,0,115,0.04102887370994195
NAM,201908,0,116,0.04163067622921745
NAM,201909,0,117,0.045126460873598034
NAM,201910,0,118,0.04893863257873444
NAM,201911,0,119,0.05433344920205278
NAM,201912,0,120,0.052905267644196556
NAM,202001,0,121,0.04682275215844057
NAM,202002,0,122,0.04587887342393274
NAM,202003,0,123,0.04667212257233459
NAM,202004,0,124,0.051158601925478206
NAM,202005,0,125,0.04665172358732481
NAM,202006,0,126,0.04532082548354811
NAM,202007,0,127,0.04315300709220175
NAM,202008,0,128,0.04480136746254781
NAM,202009,0,129,0.04523332952219235
NAM,202010,0,130,0.04186460628880636
NAM,202011,0,131,0.043426805767063155
NAM,202012,,132,0.043517109303590616
NER,201901,1,0,0.6764031059074938
NER,201902,1,0,0.697785574915927
NER,201903,1,0,0.728916830862918
NER,201904,1,0,0.8305370070574252
NER,201905,1,0,0.826309244639394
NER,201906,1,0,0.8879958045535478
NER,201907,1,0,0.8892858545306891
NER,201908,1,0,0.8559117497438656
NER,201909,1,0,0.82620473593674
NER,201910,1,0,0.7738561057827579
NER,201911,1,0,0.8399069799128902
NER,201912,0,0,0.8175386378919346
NER,202001,1,1,0.6097784706613254
NER,202002,1,0,0.758411973761745
NER,202003,0,0,0.8559962039908856
NER,202004,1,1,0.748389200074814
NER,202005,1,0,0.8552412973591775
NER,202006,0,0,0.8509341245755795
NER,202007,1,1,0.6261728591866909
NER,202008,0,0,0.7953963724882135
NER,202009,1,1,0.628656652740231
NER,202010,0,0,0.7468786582772244
NER,202011,1,1,0.5911054865430156
NER,202012,,0,0.6979421927725467
NGA,201901,1,0,0.9605570584119021
NGA,201902,1,0,0.9612982718863372
NGA,201903,1,0,0.9625348188951789
NGA,201904,1,0,0.9631454468356411
NGA,201905,1,0,0.9610203366420772
NGA,201906,1,0,0.9648652080766482
NGA,201907,1,0,0.9678539414557747
NGA,201908,1,0,0.9657062652216833
NGA,201909,1,0,0.9681347431571714
NGA,201910,1,0,0.9636337250536211
NGA,201911,1,0,0.9621906415762467
NGA,201912,1,0,0.9676238122184424
NGA,202001,1,0,0.957146129216971
NGA,202002,1,0,0.9653075041897783
NGA,202003,1,0,0.9571542000409888
NGA,202004,1,0,0.9639755933907566
NGA,202005,1,0,0.9599902465376124
NGA,202006,1,0,0.9659849331054512
NGA,202007,1,0,0.9674692039734295
NGA,202008,1,0,0.9629519600085235
NGA,202009,1,0,0.9668778468414858
NGA,202010,1,0,0.9597269333534392
NGA,202011,1,0,0.9601251999892959
NGA,202012,,0,0.962120261016003
NIC,201901,0,6,0.1401169465695138
NIC,201902,0,7,0.14013096524496835
NIC,201903,0,8,0.13693183555126084
NIC,201904,0,9,0.12920751380282602
NIC,201905,0,10,0.1279219359717274
NIC,201906,0,11,0.11973944924964092
NIC,201907,0,12,0.09777498230296994
NIC,201908,1,13,0.07261205979433984
NIC,201909,0,0,0.22144740004806931
NIC,201910,0,1,0.2890793496811366
NIC,201911,0,2,0.23071086774872523
NIC,201912,0,3,0.2253904534680944
NIC,202001,1,4,0.12201459266228308
NIC,202002,0,0,0.23484554211884368
NIC,202003,0,1,0.2524475328722256
NIC,202004,0,2,0.22820010034515573
NIC,202005,0,3,0.21721025507963054
NIC,202006,1,4,0.18955884641474377
NIC,202007,0,0,0.2924758760756493
NIC,202008,0,1,0.25065743337002333
NIC,202009,0,2,0.23343906319005148
NIC,202010,0,3,0.1918204601553603
NIC,202011,0,4,0.17916058174030597
NIC,202012,,5,0.16140157808621405
NLD,201901,0,5,0.17262753523139093
NLD,201902,1,6,0.15684092018998227
NLD,201903,0,0,0.2883326402981516
NLD,201904,1,1,0.22127759031697836
NLD,201905,1,0,0.3148973857774773
NLD,201906,0,0,0.38932413614587263
NLD,201907,0,1,0.24575782650112513
NLD,201908,0,2,0.176780460164831
NLD,201909,0,3,0.14698487521306153
NLD,201910,1,4,0.12911967539856042
NLD,201911,0,0,0.23065322237896355
NLD,201912,0,1,0.20614464143466038
NLD,202001,0,2,0.16297556470295355
NLD,202002,0,3,0.15445255311510522
NLD,202003,1,4,0.1298107919528711
NLD,202004,1,0,0.21805586396291832
NLD,202005,1,0,0.7911167680194947
NLD,202006,0,0,0.80568153495931
NLD,202007,0,1,0.6030628310561174
NLD,202008,1,2,0.5169441425520629
NLD,202009,0,0,0.6365092776931996
NLD,202010,1,1,0.4245563002247884
NLD,202011,0,0,0.6188981012553564
NLD,202012,,1,0.5360570771497731
NOR,201901,0,21,0.05049329205062703
NOR,201902,0,22,0.052001638932694716
NOR,201903,0,23,0.05131450310058579
NOR,201904,0,24,0.05103018362901001
NOR,201905,0,25,0.05812771871685822
NOR,201906,0,26,0.05271659169638463
NOR,201907,1,27,0.0527573645737085
NOR,201908,0,0,0.20437851396686033
NOR,201909,0,1,0.1556818085654828
NOR,201910,0,2,0.1217603256679522
NOR,201911,0,3,0.10949515538733103
NOR,201912,0,4,0.08086367454639834
NOR,202001,1,5,0.06833064789306138
NOR,202002,1,0,0.19737666355616693
NOR,202003,0,0,0.2675177050940218
NOR,202004,0,1,0.16953427759312703
NOR,202005,0,2,0.14154647061533124
NOR,202006,0,3,0.14715374382359298
NOR,202007,0,4,0.11978081684404879
NOR,202008,0,5,0.10854259120652966
NOR,202009,0,6,0.0729218079649091
NOR,202010,0,7,0.07848323637491157
NOR,202011,0,8,0.07462732402892963
NOR,202012,,9,0.07288546437154271
NPL,201901,1,0,0.6926425195013464
NPL,201902,1,0,0.8310290467819443
NPL,201903,1,0,0.8973373973674881
NPL,201904,1,0,0.9167491632762977
NPL,201905,1,0,0.9065084578532959
NPL,201906,1,0,0.9208619787099046
NPL,201907,1,0,0.9180193612079738
NPL,201908,1,0,0.9136094343570265
NPL,201909,1,0,0.9287340600582099
NPL,201910,1,0,0.8926919048759767
NPL,201911,1,0,0.8988788028134159
NPL,201912,1,0,0.9174573377414811
NPL,202001,1,0,0.9052143258392705
NPL,202002,1,0,0.9112439808040714
NPL,202003,0,0,0.8818562329747469
NPL,202004,0,1,0.7289809711589404
NPL,202005,0,2,0.5924190269331171
NPL,202006,1,3,0.5418308736282458
NPL,202007,1,0,0.6844325605780698
NPL,202008,0,0,0.8549229146947837
NPL,202009,0,1,0.6015150857065845
NPL,202010,1,2,0.5792877747306152
NPL,202011,1,0,0.6854330260141591
NPL,202012,,0,0.8076331343179907
NZL,201901,0,35,0.04585569271452509
NZL,201902,1,36,0.0448142130653253
NZL,201903,0,0,0.22464719791012905
NZL,201904,0,1,0.19404316554392748
NZL,201905,0,2,0.13467818445967347
NZL,201906,0,3,0.12179124386788173
NZL,201907,0,4,0.09010870057591232
NZL,201908,0,5,0.06478014892809644
NZL,201909,0,6,0.06362637202434207
NZL,201910,0,7,0.06543231420945433
NZL,201911,0,8,0.06360857632279697
NZL,201912,0,9,0.06407454655762503
NZL,202001,0,10,0.06711941251678782
NZL,202002,1,11,0.06129334437870356
NZL,202003,1,0,0.21218012929904537
NZL,202004,1,0,0.238522063191492
NZL,202005,1,0,0.34270602542399464
NZL,202006,0,0,0.5381847865508632
NZL,202007,0,1,0.4010578819388078
NZL,202008,0,2,0.3563094904577918
NZL,202009,0,3,0.35006959449249436
NZL,202010,0,4,0.27808161821479216
NZL,202011,0,5,0.24886029241222843
NZL,202012,,6,0.24802992642757907
PAK,201901,1,0,0.9405901246979772
PAK,201902,1,0,0.9581248402173281
PAK,201903,1,0,0.9652626348822803
PAK,201904,1,0,0.9593267304708232
PAK,201905,1,0,0.9620298905166557
PAK,201906,1,0,0.9522504570737891
PAK,201907,1,0,0.9615361325226723
PAK,201908,1,0,0.9590657326560751
PAK,201909,1,0,0.9648655207849992
PAK,201910,1,0,0.954063102186607
PAK,201911,1,0,0.9442111044949599
PAK,201912,1,0,0.9503966488953723
PAK,202001,1,0,0.9408121183400538
PAK,202002,1,0,0.9324036419953415
PAK,202003,1,0,0.9444672174334131
PAK,202004,1,0,0.9456711168187895
PAK,202005,1,0,0.943080392937288
PAK,202006,1,0,0.9471222617271922
PAK,202007,1,0,0.9371566483483348
PAK,202008,1,0,0.9360337958355082
PAK,202009,1,0,0.9479948490655348
PAK,202010,1,0,0.9434924362841298
PAK,202011,1,0,0.9387186864679901
PAK,202012,,0,0.9496088482616947
PAN,201901,0,34,0.04718208816830507
PAN,201902,0,35,0.04785740446639579
PAN,201903,0,36,0.04498512912831647
PAN,201904,0,37,0.04734577370407874
PAN,201905,0,38,0.04793236979367665
PAN,201906,0,39,0.049949080187259826
PAN,201907,0,40,0.04751917509684786
PAN,201908,0,41,0.04705713667504665
PAN,201909,0,42,0.04806895351671456
PAN,201910,0,43,0.04842940528637898
PAN,201911,0,44,0.04625929917788185
PAN,201912,0,45,0.04822013827299292
PAN,202001,0,46,0.051505506811535345
PAN,202002,0,47,0.050730477153107446
PAN,202003,0,48,0.05133981052971028
PAN,202004,0,49,0.048498512868177385
PAN,202005,0,50,0.05004431479741645
PAN,202006,0,51,0.04861470018667398
PAN,202007,0,52,0.04647028760433678
PAN,202008,0,53,0.04640337542643835
PAN,202009,0,54,0.047472773826664046
PAN,202010,0,55,0.04571728167519228
PAN,202011,0,56,0.04777181471808903
PAN,202012,,57,0.04802352015993661
PER,201901,0,2,0.21764165258632787
PER,201902,0,3,0.200598658213201
PER,201903,0,4,0.15788672487261718
PER,201904,0,5,0.1376985879927754
PER,201905,0,6,0.10240323474133425
PER,201906,0,7,0.10543997300760805
PER,201907,0,8,0.0909168687227406
PER,201908,0,9,0.0859589405142749
PER,201909,0,10,0.08535966948690898
PER,201910,0,11,0.09218852963390922
PER,201911,0,12,0.07968138784446997
PER,201912,1,13,0.07254539095089912
PER,202001,0,0,0.19282628965031642
PER,202002,0,1,0.1648097578788161
PER,202003,0,2,0.1125289198732104
PER,202004,0,3,0.10814655847573817
PER,202005,0,4,0.08858442049365703
PER,202006,0,5,0.08682636831316046
PER,202007,0,6,0.07547984887279088
PER,202008,0,7,0.0977572960582326
PER,202009,0,8,0.07515697166103164
PER,202010,0,9,0.07592267924939416
PER,202011,0,10,0.07678301930426464
PER,202012,,11,0.09115722403532786
PHL,201901,1,0,0.9379326181787956
PHL,201902,1,0,0.9455333371814842
PHL,201903,1,0,0.9469960398811519
PHL,201904,1,0,0.9395829303112551
PHL,201905,1,0,0.9294705311322204
PHL,201906,1,0,0.9352554955211936
PHL,201907,1,0,0.9423255725022169
PHL,201908,1,0,0.9317573479759149
PHL,201909,1,0,0.9241671036244469
PHL,201910,1,0,0.9258282937686615
PHL,201911,1,0,0.9287784920396482
PHL,201912,1,0,0.9472154343066661
PHL,202001,1,0,0.9477849785141201
PHL,202002,1,0,0.9365542844586244
PHL,202003,1,0,0.944768429126251
PHL,202004,1,0,0.9366568250776283
PHL,202005,1,0,0.9374271731817565
PHL,202006,1,0,0.9433089770855814
PHL,202007,1,0,0.937687685496423
PHL,202008,1,0,0.9341429200664568
PHL,202009,1,0,0.9412482992819422
PHL,202010,1,0,0.9411767590557903
PHL,202011,1,0,0.9320488961728377
PHL,202012,,0,0.9322612842290985
PNG,201901,0,18,0.06339202913078186
PNG,201902,0,19,0.05787962505059824
PNG,201903,0,20,0.059815356912529316
PNG,201904,0,21,0.06278742253525062
PNG,201905,0,22,0.056313435819348376
PNG,201906,0,23,0.09314650455781073
PNG,201907,0,24,0.09538862406823961
PNG,201908,0,25,0.06443764962107794
PNG,201909,0,26,0.06558825416375699
PNG,201910,0,27,0.06258529110688706
PNG,201911,0,28,0.0618498899267786
PNG,201912,0,29,0.06300650075967869
PNG,202001,0,30,0.0681140238823323
PNG,202002,0,31,0.060669761144565584
PNG,202003,0,32,0.06478790819848972
PNG,202004,0,33,0.05974388960616651
PNG,202005,0,34,0.06318967800699707
PNG,202006,0,35,0.06503319913215601
PNG,202007,0,36,0.06278084875327866
PNG,202008,0,37,0.04437925781054716
PNG,202009,0,38,0.04290456653232026
PNG,202010,0,39,0.04060703810208433
PNG,202011,0,40,0.04338659900347908
PNG,202012,,41,0.04401250577505525
POL,201901,0,5,0.0726361960740773
POL,201902,0,6,0.06768811698460452
POL,201903,0,7,0.0673247774432176
POL,201904,0,8,0.06718492815215503
POL,201905,0,9,0.06616982821507719
POL,201906,0,10,0.051178563490685704
POL,201907,0,11,0.051568428773974266
POL,201908,0,12,0.04861649306266838
POL,201909,0,13,0.048852972598262864
POL,201910,0,14,0.04851281643370509
POL,201911,0,15,0.048027045770727916
POL,201912,0,16,0.04949814361504875
POL,202001,0,17,0.04567272371481139
POL,202002,0,18,0.045152291642914254
POL,202003,0,19,0.0456373877175962
POL,202004,1,20,0.04759938875385891
POL,202005,0,0,0.18440646061432178
POL,202006,0,1,0.1509750336668105
POL,202007,0,2,0.1054550873503886
POL,202008,0,3,0.11082785260172096
POL,202009,0,4,0.07749545831221281
POL,202010,0,5,0.0753034039032887
POL,202011,0,6,0.06489863324593652
POL,202012,,7,0.06548895216898191
PRK,201901,0,109,0.040794062727140895
PRK,201902,0,110,0.039873190042683596
PRK,201903,0,111,0.04058561561522158
PRK,201904,0,112,0.04227985265422709
PRK,201905,0,113,0.042086891095274664
PRK,201906,0,114,0.041545782513197654
PRK,201907,0,115,0.04178582229510791
PRK,201908,0,116,0.04235595292847674
PRK,201909,0,117,0.042152117976510056
PRK,201910,0,118,0.04173428338295777
PRK,201911,0,119,0.04001184121069197
PRK,201912,0,120,0.042867264932754924
PRK,202001,0,121,0.03996239063564954
PRK,202002,0,122,0.04173182127098782
PRK,202003,0,123,0.040187837292174615
PRK,202004,0,124,0.040489559877338224
PRK,202005,0,125,0.041438714858136834
PRK,202006,0,126,0.04132951658446548
PRK,202007,0,127,0.0410343874094387
PRK,202008,0,128,0.042540296199773335
PRK,202009,0,129,0.040805539007180605
PRK,202010,0,130,0.04083718953909802
PRK,202011,0,131,0.040890344958709475
PRK,202012,,132,0.04120919469863079
PRT,201901,0,86,0.04591515714553827
PRT,201902,0,87,0.043583226300387384
PRT,201903,0,88,0.042657010099655716
PRT,201904,0,89,0.04753250529032118
PRT,201905,0,90,0.044879690536103495
PRT,201906,0,91,0.046311480605472216
PRT,201907,0,92,0.0459125034527437
PRT,201908,0,93,0.05032771778754063
PRT,201909,0,94,0.050142438348450245
PRT,201910,0,95,0.04710454084534792
PRT,201911,0,96,0.044877849866514975
PRT,201912,0,97,0.048717799846599096
PRT,202001,0,98,0.0478302084913565
PRT,202002,0,99,0.04849319616283139
PRT,202003,1,100,0.050567172784447924
PRT,202004,0,0,0.17698762804735224
PRT,202005,0,1,0.11890600604104003
PRT,202006,0,2,0.10451931091284944
PRT,202007,0,3,0.08412709722083768
PRT,202008,0,4,0.07155931904857486
PRT,202009,0,5,0.06599656499875776
PRT,202010,0,6,0.06016598566471955
PRT,202011,0,7,0.0588781142177466
PRT,202012,,8,0.05454171454486793
PRY,201901,0,1,0.34769517499464087
PRY,201902,0,2,0.2987071128546496
PRY,201903,0,3,0.24999822558295648
PRY,201904,0,4,0.20003741546745157
PRY,201905,0,5,0.18338615540667122
PRY,201906,0,6,0.18351644403227446
PRY,201907,0,7,0.1749009423873931
PRY,201908,0,8,0.19583087359938112
PRY,201909,0,9,0.19176728862730058
PRY,201910,0,10,0.17022879302386365
PRY,201911,0,11,0.1706753062513676
PRY,201912,0,12,0.1304283694086512
PRY,202001,0,13,0.1258173093344588
PRY,202002,0,14,0.14365807386558382
PRY,202003,0,15,0.1296632077332944
PRY,202004,0,16,0.11491120363164985
PRY,202005,0,17,0.0714069823581382
PRY,202006,0,18,0.071013311447566
PRY,202007,0,19,0.0671475821514852
PRY,202008,1,20,0.06628363426042355
PRY,202009,0,0,0.23343885643075993
PRY,202010,0,1,0.14290967030153123
PRY,202011,0,2,0.13146372148877736
PRY,202012,,3,0.11957405418437754
PSE,201901,1,0,0.9593156211020479
PSE,201902,1,0,0.9339962807208494
PSE,201903,1,0,0.947456780451413
PSE,201904,1,0,0.9428747404814568
PSE,201905,1,0,0.9538412137620766
PSE,201906,1,0,0.919241631680393
PSE,201907,1,0,0.9450141704516891
PSE,201908,1,0,0.9313844261914243
PSE,201909,1,0,0.9314608296655296
PSE,201910,1,0,0.9258701985162344
PSE,201911,1,0,0.9521750417855528
PSE,201912,1,0,0.9535655126687428
PSE,202001,1,0,0.8833668311609508
PSE,202002,1,0,0.9331606194859853
PSE,202003,1,0,0.9081613818738269
PSE,202004,1,0,0.858766345884082
PSE,202005,1,0,0.8839814695032656
PSE,202006,1,0,0.8672879633001316
PSE,202007,1,0,0.8897169224855673
PSE,202008,1,0,0.8992567234058921
PSE,202009,1,0,0.9182178631496951
PSE,202010,1,0,0.8964027309204872
PSE,202011,1,0,0.8385807765823386
PSE,202012,,0,0.8369118485114493
QAT,201901,0,45,0.04875641236643366
QAT,201902,0,46,0.0527785729738732
QAT,201903,0,47,0.05227937467918111
QAT,201904,0,48,0.049544550740262226
QAT,201905,0,49,0.04984196566307918
QAT,201906,0,50,0.05162082477781633
QAT,201907,0,51,0.04922269886838408
QAT,201908,0,52,0.05965068984355147
QAT,201909,0,53,0.049673757803271955
QAT,201910,0,54,0.05251402244252027
QAT,201911,0,55,0.04667167274526159
QAT,201912,0,56,0.05114206489232575
QAT,202001,0,57,0.05142622561540175
QAT,202002,0,58,0.04331979247785201
QAT,202003,0,59,0.04534573753482121
QAT,202004,0,60,0.04619708370490194
QAT,202005,0,61,0.04686311286549727
QAT,202006,0,62,0.047110253408708766
QAT,202007,0,63,0.04278763941186334
QAT,202008,0,64,0.04388445893787743
QAT,202009,0,65,0.05000628576297653
QAT,202010,0,66,0.05316492707285637
QAT,202011,0,67,0.04892405776796983
QAT,202012,,68,0.04962379303894386
ROU,201901,0,109,0.04453304200718486
ROU,201902,0,110,0.04582251392279613
ROU,201903,0,111,0.045460590797766
ROU,201904,0,112,0.04634845065107457
ROU,201905,0,113,0.04819867837535119
ROU,201906,0,114,0.04707166586175195
ROU,201907,0,115,0.044173128832231755
ROU,201908,0,116,0.04766847331851281
ROU,201909,0,117,0.046121175887501434
ROU,201910,0,118,0.045921297210623636
ROU,201911,0,119,0.04325297123436063
ROU,201912,0,120,0.04733320305730329
ROU,202001,0,121,0.04770910790934615
ROU,202002,0,122,0.04734833576365474
ROU,202003,0,123,0.0478331926526615
ROU,202004,0,124,0.047436917731820655
ROU,202005,0,125,0.046480770107009725
ROU,202006,0,126,0.045784348758606666
ROU,202007,0,127,0.044152338065580915
ROU,202008,0,128,0.04525518199388727
ROU,202009,0,129,0.042004784848799055
ROU,202010,0,130,0.04039723344404214
ROU,202011,0,131,0.042269371272491245
ROU,202012,,132,0.046063287722045515
RUS,201901,1,0,0.716246755319993
RUS,201902,0,0,0.7250658588725649
RUS,201903,1,1,0.536261829263745
RUS,201904,0,0,0.665977756091238
RUS,201905,0,1,0.42555086026003797
RUS,201906,1,2,0.4300539457785437
RUS,201907,0,0,0.5793596577953818
RUS,201908,0,1,0.4498816087544351
RUS,201909,0,2,0.42980083771041594
RUS,201910,1,3,0.38972171930551036
RUS,201911,1,0,0.487371458666942
RUS,201912,0,0,0.5489500223056151
RUS,202001,1,1,0.45653162123114854
RUS,202002,0,0,0.5857847637537544
RUS,202003,1,1,0.4036458624789341
RUS,202004,1,0,0.5051431322255894
RUS,202005,1,0,0.5111096626635353
RUS,202006,1,0,0.5470483801573551
RUS,202007,0,0,0.6144835166060147
RUS,202008,0,1,0.4714018362406274
RUS,202009,1,2,0.3629173873543418
RUS,202010,0,0,0.5374385946497496
RUS,202011,1,1,0.36676738715245655
RUS,202012,,0,0.4921215610181363
RWA,201901,0,1,0.1980766061072168
RWA,201902,0,2,0.15502733093761423
RWA,201903,0,3,0.1546175895955039
RWA,201904,0,4,0.14006286324586648
RWA,201905,0,5,0.12263302725307497
RWA,201906,0,6,0.11390492447843371
RWA,201907,0,7,0.08605277151113125
RWA,201908,0,8,0.08202331559388298
RWA,201909,1,9,0.07771873169820522
RWA,201910,1,0,0.27371808517292373
RWA,201911,0,0,0.34374423590424763
RWA,201912,0,1,0.2571488078708448
RWA,202001,0,2,0.23391731838451602
RWA,202002,0,3,0.16074265117318845
RWA,202003,0,4,0.14537028628793358
RWA,202004,0,5,0.11759749417111644
RWA,202005,0,6,0.10837448175962393
RWA,202006,0,7,0.10588109205986117
RWA,202007,0,8,0.10180982123426546
RWA,202008,0,9,0.11692980737999269
RWA,202009,0,10,0.09562805514916992
RWA,202010,0,11,0.10307814715414737
RWA,202011,0,12,0.08453065532373903
RWA,202012,,13,0.07575054095652625
SAU,201901,0,0,0.8389208766127294
SAU,201902,0,1,0.6262500617862885
SAU,201903,1,2,0.5720037735404535
SAU,201904,1,0,0.6922057656887886
SAU,201905,1,0,0.8306521706865907
SAU,201906,1,0,0.911447555229736
SAU,201907,1,0,0.9298720556615444
SAU,201908,1,0,0.8964689906589611
SAU,201909,0,0,0.9010036824153831
SAU,201910,1,1,0.6446217040449786
SAU,201911,1,0,0.8058808789990103
SAU,201912,1,0,0.7301204967973668
SAU,202001,1,0,0.6844073985599963
SAU,202002,1,0,0.8120920907605363
SAU,202003,0,0,0.7863914900433209
SAU,202004,0,1,0.6567111348712135
SAU,202005,1,2,0.5765425028788644
SAU,202006,1,0,0.6947496233357736
SAU,202007,1,0,0.7898271327586613
SAU,202008,1,0,0.7642823293143611
SAU,202009,1,0,0.8824188198186352
SAU,202010,1,0,0.8848262674728078
SAU,202011,1,0,0.8992275144808279
SAU,202012,,0,0.9061411761889819
SDN,201901,1,0,0.7409062658332557
SDN,201902,1,0,0.744976002672286
SDN,201903,1,0,0.7380636651035465
SDN,201904,0,0,0.8375212648956883
SDN,201905,1,1,0.6541115222299811
SDN,201906,1,0,0.7803597066430492
SDN,201907,0,0,0.696573378335858
SDN,201908,0,1,0.5981509484801457
SDN,201909,0,2,0.5651945269993015
SDN,201910,1,3,0.5291826544899458
SDN,201911,1,0,0.5222345069698687
SDN,201912,1,0,0.7233107850718958
SDN,202001,1,0,0.8907937038320274
SDN,202002,1,0,0.9121766234448881
SDN,202003,1,0,0.8454339560350806
SDN,202004,0,0,0.8780352049463097
SDN,202005,1,1,0.7001873460362438
SDN,202006,1,0,0.7981274686091004
SDN,202007,1,0,0.7971204954687875
SDN,202008,0,0,0.841366980164009
SDN,202009,1,1,0.6429967490544807
SDN,202010,0,0,0.7945137686983921
SDN,202011,1,1,0.6998531062679482
SDN,202012,,0,0.793437237018187
SEN,201901,0,5,0.07065570976722724
SEN,201902,0,6,0.06705133782334242
SEN,201903,0,7,0.06128525242473029
SEN,201904,0,8,0.05868090466641895
SEN,201905,0,9,0.05739410876182277
SEN,201906,0,10,0.05116297924679171
SEN,201907,0,11,0.05396394921865275
SEN,201908,0,12,0.054974526987448924
SEN,201909,0,13,0.05181412210295914
SEN,201910,0,14,0.0503907027334147
SEN,201911,0,15,0.05551567493283643
SEN,201912,0,16,0.05501083634974157
SEN,202001,0,17,0.05231981600011373
SEN,202002,0,18,0.04755553138610294
SEN,202003,0,19,0.04968036560756288
SEN,202004,0,20,0.046831010973721325
SEN,202005,0,21,0.049760352034618725
SEN,202006,0,22,0.05150016827953067
SEN,202007,0,23,0.05273957110698858
SEN,202008,0,24,0.05149440662750468
SEN,202009,0,25,0.0525801539740664
SEN,202010,0,26,0.04872375754791117
SEN,202011,0,27,0.051763717371862555
SEN,202012,,28,0.04549549100368638
SGP,201901,0,109,0.04293896359900498
SGP,201902,0,110,0.042033441096029286
SGP,201903,0,111,0.04318264886700479
SGP,201904,0,112,0.042080529382212496
SGP,201905,0,113,0.043692874833615815
SGP,201906,0,114,0.04294629862536285
SGP,201907,0,115,0.04445761679350314
SGP,201908,0,116,0.044543704004609566
SGP,201909,0,117,0.043781444320440184
SGP,201910,0,118,0.04290074721484622
SGP,201911,0,119,0.04186215293947111
SGP,201912,0,120,0.042549488254402475
SGP,202001,0,121,0.04243678661793378
SGP,202002,0,122,0.0444529249675234
SGP,202003,0,123,0.04551165755803099
SGP,202004,0,124,0.04416030987312766
SGP,202005,0,125,0.04410406113585748
SGP,202006,0,126,0.04284012771431158
SGP,202007,0,127,0.044625469972034475
SGP,202008,0,128,0.042647898864049925
SGP,202009,0,129,0.04417694194715835
SGP,202010,0,130,0.04237568671546879
SGP,202011,0,131,0.04348851942480486
SGP,202012,,132,0.04362891373032715
SLE,201901,0,18,0.05106958650564315
SLE,201902,0,19,0.051871851232182395
SLE,201903,0,20,0.0491535747154464
SLE,201904,0,21,0.05215546675165975
SLE,201905,0,22,0.051684270029310635
SLE,201906,0,23,0.04765960798654412
SLE,201907,0,24,0.04963931145829478
SLE,201908,0,25,0.046675769435788154
SLE,201909,0,26,0.05192124553794465
SLE,201910,0,27,0.05415631007831014
SLE,201911,0,28,0.05246045201461064
SLE,201912,0,29,0.051976571061441115
SLE,202001,0,30,0.0492654846055234
SLE,202002,0,31,0.04702740184404292
SLE,202003,0,32,0.048303577737200676
SLE,202004,0,33,0.044506190067898785
SLE,202005,0,34,0.04525170197423249
SLE,202006,0,35,0.04369370216559273
SLE,202007,0,36,0.04522494189578
SLE,202008,0,37,0.04382120658013605
SLE,202009,0,38,0.045655740810056
SLE,202010,0,39,0.04317771671113438
SLE,202011,0,40,0.04384683976945734
SLE,202012,,41,0.04624328777377844
SLV,201901,0,109,0.04591853292655013
SLV,201902,0,110,0.04334290817423384
SLV,201903,0,111,0.043897727961707884
SLV,201904,0,112,0.045527108098772244
SLV,201905,0,113,0.07824425704598426
SLV,201906,0,114,0.046483326436295686
SLV,201907,0,115,0.047174836038928254
SLV,201908,0,116,0.04736369488423236
SLV,201909,0,117,0.04661664145562372
SLV,201910,0,118,0.045849365233288614
SLV,201911,0,119,0.04357684047929523
SLV,201912,0,120,0.045185191607001
SLV,202001,0,121,0.04483080702597454
SLV,202002,0,122,0.04777184749408517
SLV,202003,0,123,0.048465937829771495
SLV,202004,0,124,0.04775818270911543
SLV,202005,0,125,0.0474413580545029
SLV,202006,0,126,0.04847519860810536
SLV,202007,0,127,0.045519155078212
SLV,202008,0,128,0.04631155188352812
SLV,202009,0,129,0.047544848874243595
SLV,202010,0,130,0.04463331965934501
SLV,202011,0,131,0.04776451497078009
SLV,202012,,132,0.04686461363544523
SOM,201901,1,0,0.9627956330820104
SOM,201902,1,0,0.9688817500207663
SOM,201903,1,0,0.9753449206551763
SOM,201904,1,0,0.9738108451682997
SOM,201905,1,0,0.9739713146392002
SOM,201906,1,0,0.9733836029897834
SOM,201907,1,0,0.9778003068287008
SOM,201908,1,0,0.9728939292640463
SOM,201909,1,0,0.9765103518218955
SOM,201910,1,0,0.9723456627587781
SOM,201911,1,0,0.9689046072656373
SOM,201912,1,0,0.9741286696868074
SOM,202001,1,0,0.9605915139591911
SOM,202002,1,0,0.9747112691366353
SOM,202003,1,0,0.9707746790586843
SOM,202004,1,0,0.9651973536529013
SOM,202005,1,0,0.9689888042580753
SOM,202006,1,0,0.970270886270974
SOM,202007,1,0,0.9653252892837635
SOM,202008,1,0,0.9616994604647559
SOM,202009,1,0,0.9701175962331913
SOM,202010,1,0,0.9619913351588057
SOM,202011,1,0,0.9677371964869732
SOM,202012,,0,0.9695134814717608
SRB,201901,0,24,0.042577101843726456
SRB,201902,0,25,0.04112245745141906
SRB,201903,0,26,0.04051751095985315
SRB,201904,0,27,0.04203596570992207
SRB,201905,0,28,0.042920066927375274
SRB,201906,0,29,0.04111780782408223
SRB,201907,0,30,0.04323337329224553
SRB,201908,0,31,0.04457725883033421
SRB,201909,0,32,0.042970037016673804
SRB,201910,0,33,0.04176659548134875
SRB,201911,0,34,0.04157337365097878
SRB,201912,0,35,0.04283340183976673
SRB,202001,0,36,0.04186043805768108
SRB,202002,0,37,0.04252414690342685
SRB,202003,0,38,0.04257102157854765
SRB,202004,0,39,0.04278669337806569
SRB,202005,0,40,0.04192038520356518
SRB,202006,0,41,0.042313431075575475
SRB,202007,0,42,0.04235648730816559
SRB,202008,0,43,0.041694706140866566
SRB,202009,0,44,0.04128855790641019
SRB,202010,0,45,0.04029745834070716
SRB,202011,0,46,0.04067974152849725
SRB,202012,,47,0.04049687540131666
SSD,201901,0,1,0.637728724700606
SSD,201902,1,2,0.6208651861066703
SSD,201903,0,0,0.7195712877820573
SSD,201904,0,1,0.5661566761381321
SSD,201905,0,2,0.535224041651916
SSD,201906,0,3,0.5316458420980846
SSD,201907,1,4,0.37646638114031256
SSD,201908,0,0,0.47831349386391797
SSD,201909,0,1,0.5774479105029626
SSD,201910,1,2,0.5305019327517942
SSD,201911,1,0,0.6264898615165095
SSD,201912,1,0,0.5238216670606731
SSD,202001,1,0,0.5649641221183245
SSD,202002,1,0,0.6190416008730122
SSD,202003,0,0,0.605778543075782
SSD,202004,1,1,0.5216475895669724
SSD,202005,0,0,0.5565053816658271
SSD,202006,1,1,0.4541958002255231
SSD,202007,1,0,0.597375854535117
SSD,202008,1,0,0.6272559060175338
SSD,202009,1,0,0.6668923153018541
SSD,202010,0,0,0.7160552838313298
SSD,202011,0,1,0.6005749210650859
SSD,202012,,2,0.5403944656311664
SVK,201901,0,28,0.048353039112190466
SVK,201902,0,29,0.04608614008208083
SVK,201903,0,30,0.04895889706436321
SVK,201904,0,31,0.0482894367496705
SVK,201905,0,32,0.048312835407389704
SVK,201906,0,33,0.047658666395640814
SVK,201907,0,34,0.046457114447474517
SVK,201908,0,35,0.047856541542119706
SVK,201909,0,36,0.0456345033062928
SVK,201910,0,37,0.04723192198398611
SVK,201911,0,38,0.04446803930154685
SVK,201912,0,39,0.06072412995308874
SVK,202001,0,40,0.05623035619494833
SVK,202002,0,41,0.04913679375345547
SVK,202003,0,42,0.04937958712492103
SVK,202004,0,43,0.04925877333054353
SVK,202005,0,44,0.04798905062398434
SVK,202006,0,45,0.04943464289678292
SVK,202007,0,46,0.04591460892987022
SVK,202008,0,47,0.04684274945010079
SVK,202009,0,48,0.048702819484622274
SVK,202010,0,49,0.04906736247443181
SVK,202011,0,50,0.046190589684203115
SVK,202012,,51,0.04725572346876059
SVN,201901,0,109,0.042397246493870326
SVN,201902,0,110,0.04168775147382545
SVN,201903,0,111,0.04014084410474487
SVN,201904,0,112,0.04284338621186601
SVN,201905,0,113,0.04320575671437618
SVN,201906,0,114,0.04142938999097364
SVN,201907,0,115,0.04347203191640689
SVN,201908,0,116,0.04391474568987176
SVN,201909,0,117,0.0448391853652615
SVN,201910,0,118,0.04347098499023307
SVN,201911,0,119,0.04576263336198666
SVN,201912,0,120,0.045887598695830985
SVN,202001,0,121,0.047262312748288925
SVN,202002,0,122,0.04268215826572339
SVN,202003,0,123,0.04696360035459112
SVN,202004,0,124,0.04417849416305721
SVN,202005,0,125,0.04356164978553322
SVN,202006,0,126,0.043663438596755595
SVN,202007,0,127,0.043871382533399894
SVN,202008,0,128,0.042540463901417525
SVN,202009,0,129,0.04286415831544331
SVN,202010,0,130,0.04000137889785536
SVN,202011,0,131,0.041180897811014174
SVN,202012,,132,0.041291258991511544
SWE,201901,0,0,0.4359966919483212
SWE,201902,0,1,0.34106150710495214
SWE,201903,0,2,0.3197247749563997
SWE,201904,0,3,0.28967614505267464
SWE,201905,0,4,0.2393339352919333
SWE,201906,0,5,0.19949798953189554
SWE,201907,0,6,0.19790196356625267
SWE,201908,0,7,0.19893714562752352
SWE,201909,1,8,0.17973023552579692
SWE,201910,0,0,0.300552436555812
SWE,201911,0,1,0.21365501763871428
SWE,201912,0,2,0.19470863575310068
SWE,202001,1,3,0.19267307658905636
SWE,202002,0,0,0.27335115324185527
SWE,202003,0,1,0.23489436730116503
SWE,202004,0,2,0.21259065260141294
SWE,202005,0,3,0.2062206740119965
SWE,202006,1,4,0.17713310434635057
SWE,202007,0,0,0.2717314737124553
SWE,202008,0,1,0.24847996887957255
SWE,202009,0,2,0.2300663974551871
SWE,202010,0,3,0.21433394852747212
SWE,202011,0,4,0.18124279432441479
SWE,202012,,5,0.15842248010938778
SYR,201901,1,0,0.9754224567113429
SYR,201902,1,0,0.9760182147107731
SYR,201903,1,0,0.9797007564196634
SYR,201904,1,0,0.9767103314945572
SYR,201905,1,0,0.9762582779369243
SYR,201906,1,0,0.9794332819880842
SYR,201907,1,0,0.9765246424695636
SYR,201908,1,0,0.977252388761568
SYR,201909,1,0,0.9798172125311866
SYR,201910,1,0,0.975428619208127
SYR,201911,1,0,0.974271500755746
SYR,201912,1,0,0.978984560130943
SYR,202001,1,0,0.9749573073767956
SYR,202002,1,0,0.9782883172163055
SYR,202003,1,0,0.978004094348021
SYR,202004,1,0,0.969588971240002
SYR,202005,1,0,0.9725905746421012
SYR,202006,1,0,0.9779339469375331
SYR,202007,1,0,0.9740986562819718
SYR,202008,1,0,0.9721250325559337
SYR,202009,1,0,0.9761964301281713
SYR,202010,1,0,0.9713686090870207
SYR,202011,1,0,0.9737008272986434
SYR,202012,,0,0.9753904998480103
TCD,201901,1,4,0.1724578589850949
TCD,201902,0,0,0.35346330890899474
TCD,201903,0,1,0.3686217493675689
TCD,201904,1,2,0.34707224088797745
TCD,201905,0,0,0.4990972781723127
TCD,201906,0,1,0.32870337582057985
TCD,201907,1,2,0.3214221319295316
TCD,201908,0,0,0.4436338425123473
TCD,201909,1,1,0.30963109376462855
TCD,201910,1,0,0.35354033983420663
TCD,201911,1,0,0.4559488364746596
TCD,201912,1,0,0.47511271904718294
TCD,202001,0,0,0.5454574077324748
TCD,202002,0,1,0.45798016513787226
TCD,202003,0,2,0.38745125362457367
TCD,202004,0,3,0.3860876139323104
TCD,202005,0,4,0.25814392490820004
TCD,202006,1,5,0.22208821248026955
TCD,202007,0,0,0.4201743610918543
TCD,202008,0,1,0.3008593445292973
TCD,202009,0,2,0.3031857326926934
TCD,202010,0,3,0.26949082986443473
TCD,202011,0,4,0.2535210840234011
TCD,202012,,5,0.22035787417987054
TGO,201901,0,109,0.044991103259266065
TGO,201902,0,110,0.04708480280717312
TGO,201903,0,111,0.04551574696999393
TGO,201904,0,112,0.08434469942480924
TGO,201905,0,113,0.04396644208846042
TGO,201906,0,114,0.04690966958804085
TGO,201907,0,115,0.0445313204654141
TGO,201908,0,116,0.04419897141769221
TGO,201909,0,117,0.04443714219331943
TGO,201910,0,118,0.043852860104629014
TGO,201911,0,119,0.04309134068542636
TGO,201912,0,120,0.044158823178833614
TGO,202001,0,121,0.043663206236674225
TGO,202002,0,122,0.04623651493924412
TGO,202003,0,123,0.045349106331997895
TGO,202004,0,124,0.04535608607007832
TGO,202005,0,125,0.045405077858493466
TGO,202006,0,126,0.04393352025906431
TGO,202007,0,127,0.04447371282425692
TGO,202008,0,128,0.04325889463388635
TGO,202009,0,129,0.04293901061905543
TGO,202010,0,130,0.042229556519221806
TGO,202011,0,131,0.04243004849087509
TGO,202012,,132,0.042016522560705385
THA,201901,1,0,0.9258584995808391
THA,201902,1,0,0.9211399876688228
THA,201903,1,0,0.9395782469070824
THA,201904,1,0,0.9236218392910484
THA,201905,1,0,0.9242748324278364
THA,201906,1,0,0.8762626360613294
THA,201907,1,0,0.9029430396604841
THA,201908,1,0,0.8897453419887253
THA,201909,1,0,0.9075480917100371
THA,201910,1,0,0.8986684550903064
THA,201911,0,0,0.9245251203563595
THA,201912,1,1,0.7631340130651529
THA,202001,1,0,0.8396787350716586
THA,202002,1,0,0.8483535765045679
THA,202003,0,0,0.8625858037539987
THA,202004,0,1,0.7376192075398211
THA,202005,0,2,0.6435456497692791
THA,202006,1,3,0.6048426387412073
THA,202007,1,0,0.7133546928229759
THA,202008,0,0,0.7068311306677053
THA,202009,1,1,0.49309268441202925
THA,202010,1,0,0.6408287818161011
THA,202011,1,0,0.7089947873046097
THA,202012,,0,0.7050087441554705
TJK,201901,0,2,0.16080707549669593
TJK,201902,0,3,0.14688878025161198
TJK,201903,0,4,0.12538522914302175
TJK,201904,1,5,0.10166160912499135
TJK,201905,0,0,0.2121513787393589
TJK,201906,0,1,0.1838009944270216
TJK,201907,0,2,0.15326667199017485
TJK,201908,0,3,0.12939422180138582
TJK,201909,0,4,0.12612795426935206
TJK,201910,0,5,0.08468537587129356
TJK,201911,0,6,0.08729624642476397
TJK,201912,0,7,0.08045504451350376
TJK,202001,0,8,0.07455829942101967
TJK,202002,0,9,0.07416018964455132
TJK,202003,0,10,0.06986634110164457
TJK,202004,0,11,0.06318563992697154
TJK,202005,0,12,0.060313189836022324
TJK,202006,0,13,0.05695620461440526
TJK,202007,0,14,0.057077936662624014
TJK,202008,0,15,0.061519673372036995
TJK,202009,0,16,0.056642302583644125
TJK,202010,0,17,0.057293924003821835
TJK,202011,0,18,0.05874209461799574
TJK,202012,,19,0.05866701777532845
TKM,201901,0,109,0.0413277817094534
TKM,201902,0,110,0.04062909319822806
TKM,201903,0,111,0.05154062276034697
TKM,201904,0,112,0.05068239381032168
TKM,201905,0,113,0.04567122215689547
TKM,201906,0,114,0.04463385376296454
TKM,201907,0,115,0.04452023798408491
TKM,201908,0,116,0.04397069001405894
TKM,201909,0,117,0.04341794978496718
TKM,201910,0,118,0.04050659623183257
TKM,201911,0,119,0.039440661296288315
TKM,201912,0,120,0.03941402883053537
TKM,202001,0,121,0.042268628999821097
TKM,202002,0,122,0.039156153553703124
TKM,202003,0,123,0.04058542053170697
TKM,202004,0,124,0.04164528846656209
TKM,202005,0,125,0.04265319474000485
TKM,202006,0,126,0.04089580883300401
TKM,202007,0,127,0.03902067953078512
TKM,202008,0,128,0.042417542488643455
TKM,202009,0,129,0.04064512729993445
TKM,202010,0,130,0.039330527468364844
TKM,202011,0,131,0.03904930867954512
TKM,202012,,132,0.04090159861542001
TLS,201901,0,109,0.04370094724287754
TLS,201902,0,110,0.044217248739152094
TLS,201903,0,111,0.044995838721430016
TLS,201904,0,112,0.043172655730416086
TLS,201905,0,113,0.04520131806147416
TLS,201906,0,114,0.04170230634290621
TLS,201907,0,115,0.04391872161014594
TLS,201908,0,116,0.044931085933051625
TLS,201909,0,117,0.0431974104755788
TLS,201910,0,118,0.04323791333430125
TLS,201911,0,119,0.04197042807350576
TLS,201912,0,120,0.04264905792196466
TLS,202001,0,121,0.0413207144808839
TLS,202002,0,122,0.04364840137178758
TLS,202003,0,123,0.043125550507089855
TLS,202004,0,124,0.04292435853460828
TLS,202005,0,125,0.04452924899904163
TLS,202006,0,126,0.04336131521747614
TLS,202007,0,127,0.04296635373330458
TLS,202008,0,128,0.042715333713229414
TLS,202009,0,129,0.04279804940957237
TLS,202010,0,130,0.0400284971822484
TLS,202011,0,131,0.04203767139859904
TLS,202012,,132,0.04170822822957456
TUN,201901,1,2,0.40082382888316304
TUN,201902,1,0,0.45776658377572454
TUN,201903,1,0,0.6310499792166537
TUN,201904,0,0,0.6662685279719105
TUN,201905,1,1,0.520416136838836
TUN,201906,0,0,0.635443498827519
TUN,201907,0,1,0.49653279255301513
TUN,201908,1,2,0.48523884788615945
TUN,201909,1,0,0.6168437027517971
TUN,201910,0,0,0.6150071151335831
TUN,201911,0,1,0.4587208345312218
TUN,201912,0,2,0.42727974829185983
TUN,202001,0,3,0.38495579597603635
TUN,202002,1,4,0.36973959961402225
TUN,202003,0,0,0.4841783590893332
TUN,202004,0,1,0.36000873496199143
TUN,202005,0,2,0.2825746421103821
TUN,202006,0,3,0.26613184720698924
TUN,202007,0,4,0.2259701584554268
TUN,202008,0,5,0.20446223450717466
TUN,202009,0,6,0.2292750802884032
TUN,202010,0,7,0.1571883370047746
TUN,202011,1,8,0.15934146351668102
TUN,202012,,0,0.2909772276606246
TUR,201901,1,1,0.6179803516714236
TUR,201902,1,0,0.7174148156006785
TUR,201903,0,0,0.832201622318577
TUR,201904,1,1,0.6071280953778191
TUR,201905,1,0,0.747722812986281
TUR,201906,1,0,0.8976622032941495
TUR,201907,1,0,0.8970886156235345
TUR,201908,1,0,0.9317950869102648
TUR,201909,1,0,0.9426879076615198
TUR,201910,0,0,0.9399949920790303
TUR,201911,1,1,0.7668516885081889
TUR,201912,0,0,0.882629020351949
TUR,202001,0,1,0.6738359284564391
TUR,202002,1,2,0.5495716426889148
TUR,202003,1,0,0.7343132639237914
TUR,202004,1,0,0.7424413469699812
TUR,202005,1,0,0.8225267929082324
TUR,202006,0,0,0.8370545546613851
TUR,202007,0,1,0.7046625459965931
TUR,202008,0,2,0.6251636290466048
TUR,202009,1,3,0.6011323726782211
TUR,202010,1,0,0.6650716961766976
TUR,202011,1,0,0.7205728640395668
TUR,202012,,0,0.6949590259660507
TWN,201901,0,4,0.0988668864980355
TWN,201902,0,5,0.105947324882781
TWN,201903,0,6,0.0819777209791173
TWN,201904,0,7,0.0800412771316439
TWN,201905,0,8,0.08506915891561655
TWN,201906,0,9,0.056342010713906196
TWN,201907,0,10,0.05709637272285516
TWN,201908,0,11,0.05746128823657551
TWN,201909,0,12,0.05873620696859022
TWN,201910,0,13,0.04996770766046245
TWN,201911,1,14,0.05476569364897861
TWN,201912,0,0,0.19054039176551765
TWN,202001,0,1,0.12500746190047407
TWN,202002,0,2,0.10506107562138702
TWN,202003,0,3,0.09388139293287984
TWN,202004,0,4,0.0757595925019159
TWN,202005,0,5,0.07244543302776725
TWN,202006,0,6,0.06525035600672542
TWN,202007,0,7,0.06630124078369573
TWN,202008,0,8,0.06218939674525309
TWN,202009,0,9,0.053400845301768876
TWN,202010,0,10,0.06303771085273749
TWN,202011,0,11,0.05594775776802139
TWN,202012,,12,0.054212916416149476
TZA,201901,0,1,0.21281693623566628
TZA,201902,0,2,0.1930334193495767
TZA,201903,0,3,0.15364737141880716
TZA,201904,0,4,0.09201616896681118
TZA,201905,0,5,0.07047964336854352
TZA,201906,0,6,0.07871819725126443
TZA,201907,0,7,0.10495136217783849
TZA,201908,0,8,0.0841508569533763
TZA,201909,0,9,0.0741152414161482
TZA,201910,1,10,0.0747463586950749
TZA,201911,0,0,0.25455106218148665
TZA,201912,0,1,0.17227767573936564
TZA,202001,0,2,0.16418512434142415
TZA,202002,0,3,0.11906018944640911
TZA,202003,0,4,0.09796344222810244
TZA,202004,0,5,0.0793173669152644
TZA,202005,1,6,0.0823784116086075
TZA,202006,0,0,0.2044790426939981
TZA,202007,1,1,0.12982105007834105
TZA,202008,0,0,0.21901326718676453
TZA,202009,1,1,0.239614550170009
TZA,202010,0,0,0.31170283968190426
TZA,202011,0,1,0.31223299848095926
TZA,202012,,2,0.1622032720296821
UGA,201901,0,2,0.2823472430185412
UGA,201902,0,3,0.279546094589531
UGA,201903,1,4,0.27266475201115636
UGA,201904,0,0,0.35680194833084855
UGA,201905,0,1,0.30332418176334774
UGA,201906,0,2,0.25679534943312987
UGA,201907,1,3,0.2471086302906531
UGA,201908,0,0,0.3462898485466066
UGA,201909,0,1,0.3022139092139991
UGA,201910,0,2,0.24900729288774254
UGA,201911,0,3,0.2804379597823708
UGA,201912,0,4,0.19005900153136476
UGA,202001,0,5,0.1837780668212059
UGA,202002,0,6,0.1774992917606543
UGA,202003,0,7,0.16225581210017048
UGA,202004,0,8,0.16013065323915981
UGA,202005,1,9,0.142180999465066
UGA,202006,0,0,0.27104549709683823
UGA,202007,1,1,0.3315259245366006
UGA,202008,0,0,0.43359691724220406
UGA,202009,0,1,0.3078173998956544
UGA,202010,0,2,0.22064828654024615
UGA,202011,0,3,0.23754534148610065
UGA,202012,,4,0.193090077931262
UKR,201901,1,2,0.5978346792817287
UKR,201902,1,0,0.6937649635552698
UKR,201903,1,0,0.8478742005683501
UKR,201904,1,0,0.8623210011834932
UKR,201905,1,0,0.8467697262037024
UKR,201906,1,0,0.8805043922044873
UKR,201907,1,0,0.8308696039884846
UKR,201908,1,0,0.8487356537300427
UKR,201909,0,0,0.8168478329310386
UKR,201910,1,1,0.6391863949622063
UKR,201911,0,0,0.7502981101999023
UKR,201912,1,1,0.5787076557729905
UKR,202001,1,0,0.6462754455657616
UKR,202002,1,0,0.674906892130694
UKR,202003,1,0,0.6374607160325172
UKR,202004,1,0,0.6846736251428059
UKR,202005,1,0,0.7463348695038745
UKR,202006,1,0,0.7150711348637353
UKR,202007,1,0,0.7250302600172551
UKR,202008,0,0,0.7692323217997312
UKR,202009,1,1,0.6076253511087154
UKR,202010,1,0,0.7279310232888928
UKR,202011,0,0,0.6958282321091604
UKR,202012,,1,0.4934200107848573
URY,201901,0,34,0.04867164218061167
URY,201902,0,35,0.047612970571330425
URY,201903,0,36,0.046343730832234
URY,201904,0,37,0.047192004519661594
URY,201905,0,38,0.04757818538119093
URY,201906,0,39,0.053733817418879004
URY,201907,0,40,0.05384138555681935
URY,201908,0,41,0.053075603424448545
URY,201909,0,42,0.05227883944689803
URY,201910,0,43,0.05320681902262845
URY,201911,0,44,0.053690230733358074
URY,201912,0,45,0.05499053131911515
URY,202001,0,46,0.05313748572643398
URY,202002,0,47,0.054352883597527386
URY,202003,0,48,0.05522906323327151
URY,202004,0,49,0.05062763974081098
URY,202005,0,50,0.04862065468808356
URY,202006,0,51,0.05060207946950972
URY,202007,0,52,0.04706312933499745
URY,202008,0,53,0.04774852909151459
URY,202009,0,54,0.04563568581828743
URY,202010,0,55,0.04162896517894933
URY,202011,0,56,0.044357123854088715
URY,202012,,57,0.04526785052630198
USA,201901,1,0,0.8747633708783294
USA,201902,1,0,0.8620432694689443
USA,201903,1,0,0.7945669943988816
USA,201904,1,0,0.9007855576752258
USA,201905,1,0,0.9058781149340033
USA,201906,1,0,0.9023116873096748
USA,201907,1,0,0.8991147516491573
USA,201908,1,0,0.9040097263126223
USA,201909,1,0,0.9130892389805537
USA,201910,1,0,0.8599238236436776
USA,201911,1,0,0.8630768780547216
USA,201912,1,0,0.8013018291874741
USA,202001,1,0,0.8775796860826062
USA,202002,1,0,0.8856250417397868
USA,202003,1,0,0.8885230869152723
USA,202004,1,0,0.8943525069996663
USA,202005,1,0,0.8843290736085022
USA,202006,1,0,0.9185945978519271
USA,202007,1,0,0.9194626700635833
USA,202008,1,0,0.914597016452175
USA,202009,1,0,0.9304037895489371
USA,202010,1,0,0.9263475090094344
USA,202011,1,0,0.9153976708005761
USA,202012,,0,0.9020277510141729
UZB,201901,0,40,0.04307886811056811
UZB,201902,0,41,0.04625861388834798
UZB,201903,0,42,0.042820078374775396
UZB,201904,0,43,0.043946060783886305
UZB,201905,0,44,0.04443772424689582
UZB,201906,0,45,0.045409126553108574
UZB,201907,0,46,0.043518591072868824
UZB,201908,0,47,0.04580647040055041
UZB,201909,0,48,0.04117125830615828
UZB,201910,0,49,0.04163765575867132
UZB,201911,0,50,0.039813692936195286
UZB,201912,0,51,0.041561815131765274
UZB,202001,0,52,0.042276441416989
UZB,202002,0,53,0.04393058842396587
UZB,202003,0,54,0.04360271278466248
UZB,202004,0,55,0.044045608975767016
UZB,202005,0,56,0.04377268872987128
UZB,202006,0,57,0.043536819193605976
UZB,202007,0,58,0.044076992596201944
UZB,202008,0,59,0.046173456252333586
UZB,202009,0,60,0.04554645717444744
UZB,202010,0,61,0.0447343368755738
UZB,202011,0,62,0.04444746295205148
UZB,202012,,63,0.04622328770270498
VEN,201901,1,0,0.4073483398605009
VEN,201902,1,0,0.47509874476873903
VEN,201903,0,0,0.4911838707823549
VEN,201904,1,1,0.40086549118809983
VEN,201905,1,0,0.519396612028471
VEN,201906,0,0,0.5290555987967249
VEN,201907,1,1,0.3511892720141401
VEN,201908,0,0,0.47449756172000707
VEN,201909,0,1,0.3484102477281813
VEN,201910,0,2,0.313623381058615
VEN,201911,0,3,0.29356915988966287
VEN,201912,1,4,0.25880161188253
VEN,202001,0,0,0.405725100116477
VEN,202002,1,1,0.38688058861253516
VEN,202003,0,0,0.45197959695110607
VEN,202004,1,1,0.34257006497010734
VEN,202005,0,0,0.3977162487938964
VEN,202006,0,1,0.27781447637922163
VEN,202007,0,2,0.28505832675393605
VEN,202008,0,3,0.2463665705495127
VEN,202009,0,4,0.2041595761916382
VEN,202010,0,5,0.20135884723029376
VEN,202011,1,6,0.20722256680052414
VEN,202012,,0,0.3291938190085577
VNM,201901,0,7,0.050765789827717886
VNM,201902,0,8,0.04866945925930911
VNM,201903,0,9,0.04738782323720268
VNM,201904,0,10,0.049423009777885996
VNM,201905,0,11,0.04864702531892953
VNM,201906,0,12,0.045624334945132364
VNM,201907,0,13,0.045599556158546585
VNM,201908,0,14,0.043297738099395515
VNM,201909,0,15,0.04623108796172236
VNM,201910,0,16,0.04760452597815508
VNM,201911,0,17,0.04434361004094836
VNM,201912,0,18,0.04636825882907428
VNM,202001,0,19,0.04316520999207898
VNM,202002,0,20,0.04509437637626755
VNM,202003,0,21,0.044198075394753025
VNM,202004,0,22,0.0447956467747518
VNM,202005,0,23,0.042187555796403826
VNM,202006,0,24,0.04180985009169172
VNM,202007,0,25,0.04452165827250975
VNM,202008,0,26,0.0424121663998515
VNM,202009,0,27,0.043391274200117194
VNM,202010,0,28,0.041730280558545246
VNM,202011,0,29,0.04256652927360127
VNM,202012,,30,0.042659425497842844
XKX,201901,0,3,0.2013368759146347
XKX,201902,0,4,0.15056450016298173
XKX,201903,0,5,0.1457535026414608
XKX,201904,0,6,0.14500364944792443
XKX,201905,0,7,0.141460711494413
XKX,201906,0,8,0.1270141436415378
XKX,201907,0,9,0.11973289066759402
XKX,201908,0,10,0.13514699818812692
XKX,201909,0,11,0.08934917430291144
XKX,201910,0,12,0.1104429987475373
XKX,201911,0,13,0.10748466269371201
XKX,201912,1,14,0.09038456389587472
XKX,202001,0,0,0.17737899971924592
XKX,202002,0,1,0.13225856411416465
XKX,202003,0,2,0.12919057696070926
XKX,202004,0,3,0.10118285909556114
XKX,202005,1,4,0.08343584971594105
XKX,202006,0,0,0.19270597509800746
XKX,202007,0,1,0.13499479007769832
XKX,202008,0,2,0.11269437491919505
XKX,202009,1,3,0.11225814126195235
XKX,202010,0,0,0.18246430216565238
XKX,202011,0,1,0.15040783008885183
XKX,202012,,2,0.13584480234986035
YEM,201901,1,0,0.9732799479556558
YEM,201902,1,0,0.97708070597112
YEM,201903,1,0,0.9767870371906743
YEM,201904,1,0,0.975627716738491
YEM,201905,1,0,0.9784006233269316
YEM,201906,1,0,0.9794978862386795
YEM,201907,1,0,0.978214104987874
YEM,201908,1,0,0.9777081034863033
YEM,201909,1,0,0.9802237897185857
YEM,201910,1,0,0.9788846944440877
YEM,201911,1,0,0.9750587608198275
YEM,201912,1,0,0.9802800820112002
YEM,202001,1,0,0.9772748303168668
YEM,202002,1,0,0.9788093413310796
YEM,202003,1,0,0.9787763690536522
YEM,202004,1,0,0.9744551774363773
YEM,202005,1,0,0.9744384949064957
YEM,202006,1,0,0.9744926749130799
YEM,202007,1,0,0.9745823602279059
YEM,202008,1,0,0.9733520789062773
YEM,202009,1,0,0.9730501232800326
YEM,202010,1,0,0.9697792553462209
YEM,202011,1,0,0.9711710264070832
YEM,202012,,0,0.9731425279237697
ZAF,201901,1,0,0.7949410460265027
ZAF,201902,0,0,0.8032716599199639
ZAF,201903,1,1,0.6155844413335496
ZAF,201904,1,0,0.7849330700767247
ZAF,201905,1,0,0.8033334146732517
ZAF,201906,1,0,0.7907753873135127
ZAF,201907,1,0,0.820240231750816
ZAF,201908,0,0,0.8300131073912
ZAF,201909,1,1,0.6305776368772692
ZAF,201910,0,0,0.7597352341174058
ZAF,201911,0,1,0.6097195489065685
ZAF,201912,0,2,0.5372701746741894
ZAF,202001,0,3,0.5496085900724278
ZAF,202002,0,4,0.4530997174808322
ZAF,202003,0,5,0.3946904043509545
ZAF,202004,1,6,0.4244886083665118
ZAF,202005,1,0,0.5849047547059061
ZAF,202006,1,0,0.6781686189407793
ZAF,202007,0,0,0.6532156233999079
ZAF,202008,0,1,0.5365204905900156
ZAF,202009,0,2,0.45103643256277093
ZAF,202010,1,3,0.403601437355944
ZAF,202011,0,0,0.4921002334987963
ZAF,202012,,1,0.5131955016349538
ZMB,201901,0,18,0.04371903145617293
ZMB,201902,0,19,0.04429891252453331
ZMB,201903,0,20,0.04496784484271107
ZMB,201904,0,21,0.04581776026868463
ZMB,201905,0,22,0.04282846025824158
ZMB,201906,0,23,0.04521626579486936
ZMB,201907,0,24,0.045403427383604186
ZMB,201908,0,25,0.04413587703498483
ZMB,201909,0,26,0.043596866025580557
ZMB,201910,0,27,0.045921951298667316
ZMB,201911,0,28,0.0425866730469906
ZMB,201912,0,29,0.0475229836762773
ZMB,202001,0,30,0.045631090964173796
ZMB,202002,0,31,0.05027239213582649
ZMB,202003,0,32,0.06813543423617419
ZMB,202004,0,33,0.052029905558765056
ZMB,202005,0,34,0.05856836295135068
ZMB,202006,0,35,0.0555365867981107
ZMB,202007,0,36,0.05771419921574408
ZMB,202008,0,37,0.06350602883512736
ZMB,202009,0,38,0.05216949819446208
ZMB,202010,0,39,0.04672812017200566
ZMB,202011,0,40,0.043115784090341676
ZMB,202012,,41,0.043824601920792
ZWE,201901,0,5,0.12984035646663955
ZWE,201902,0,6,0.08618073752647297
ZWE,201903,0,7,0.08063567638918263
ZWE,201904,0,8,0.09096814289932109
ZWE,201905,0,9,0.08130826296393207
ZWE,201906,0,10,0.08509515899035805
ZWE,201907,1,11,0.07395189276399045
ZWE,201908,0,0,0.21945725363979196
ZWE,201909,0,1,0.17770067343770488
ZWE,201910,0,2,0.16903711329969773
ZWE,201911,0,3,0.11753667907372829
ZWE,201912,0,4,0.13771136961239633
ZWE,202001,0,5,0.09501208970087355
ZWE,202002,0,6,0.08084617634710764
ZWE,202003,0,7,0.0882210170550008
ZWE,202004,0,8,0.07993703777051032
ZWE,202005,0,9,0.08233338950001881
ZWE,202006,0,10,0.08570717451722347
ZWE,202007,0,11,0.08185211651768337
ZWE,202008,0,12,0.07360607832481178
ZWE,202009,0,13,0.0859099228346251
ZWE,202010,0,14,0.06897881437182125
ZWE,202011,0,15,0.0700672295981539
ZWE,202012,,16,0.06033732099699786
