eventid,iyear,imonth,iday,country,country_txt,region,region_txt,provstate,city,latitude,longitude,doubtterr,multiple,success,suicide,attacktype1,attacktype1_txt,targtype1,targtype1_txt,weaptype1,weaptype1_txt,nkill,nwound,gname,month
197000000001,1970,7,2,58,Dominican Republic,2,Central America & Caribbean,National,Santo Domingo,18.456792,-69.951164,0,0.0,1,0,1,Assassination,14,Private Citizens & Property,13,Unknown,1.0,0.0,MANO-D,1970-07-01
197001000001,1970,1,0,160,Philippines,5,Southeast Asia,Tarlac,Unknown,15.478598,120.599741,0,0.0,1,0,1,Assassination,10,Journalists & Media,13,Unknown,1.0,0.0,Unknown,1970-01-01
197001000002,1970,1,0,78,Greece,8,Western Europe,Attica,Athens,37.99749,23.762728,0,0.0,1,0,3,Bombing/Explosion,7,Government (Diplomatic),6,Explosives,,,Unknown,1970-01-01
197001000003,1970,1,0,101,Japan,4,East Asia,Fukouka,Fukouka,33.580412,130.396361,-9,0.0,1,0,7,Facility/Infrastructure Attack,7,Government (Diplomatic),8,Incendiary,,,Unknown,1970-01-01
197001010002,1970,1,1,217,United States,1,North America,Illinois,Cairo,37.005105,-89.176269,0,0.0,1,0,2,Armed Assault,3,Police,5,Firearms,0.0,0.0,Black Nationalists,1970-01-01
197001020001,1970,1,2,218,Uruguay,3,South America,Montevideo,Montevideo,-34.891151,-56.187214,0,0.0,0,0,1,Assassination,3,Police,5,Firearms,0.0,0.0,Tupamaros (Uruguay),1970-01-01
197001020002,1970,1,2,217,United States,1,North America,California,Oakland,37.791927,-122.225906,1,0.0,1,0,3,Bombing/Explosion,21,Utilities,6,Explosives,0.0,0.0,Unknown,1970-01-01
197001020003,1970,1,2,217,United States,1,North America,Wisconsin,Madison,43.076592,-89.412488,0,0.0,1,0,7,Facility/Infrastructure Attack,4,Military,8,Incendiary,0.0,0.0,New Year's Gang,1970-01-01
197001030001,1970,1,3,217,United States,1,North America,Wisconsin,Madison,43.07295,-89.386694,0,0.0,1,0,7,Facility/Infrastructure Attack,2,Government (General),8,Incendiary,0.0,0.0,New Year's Gang,1970-01-01
197001050001,1970,1,1,217,United States,1,North America,Wisconsin,Baraboo,43.4685,-89.744299,1,0.0,0,0,3,Bombing/Explosion,4,Military,6,Explosives,0.0,0.0,"Weather Underground, Weathermen",1970-01-01
197001060001,1970,1,6,217,United States,1,North America,Colorado,Denver,39.758968,-104.876305,1,0.0,1,0,7,Facility/Infrastructure Attack,4,Military,8,Incendiary,0.0,0.0,Left-Wing Militants,1970-01-01
197001080001,1970,1,8,98,Italy,8,Western Europe,Lazio,Rome,41.890961,12.490069,-9,0.0,1,0,4,Hijacking,6,Airports & Aircraft,5,Firearms,0.0,0.0,Unknown,1970-01-01
197001090001,1970,1,9,217,United States,1,North America,Michigan,Detroit,42.331685,-83.047924,0,0.0,1,0,7,Facility/Infrastructure Attack,2,Government (General),8,Incendiary,0.0,0.0,Left-Wing Militants,1970-01-01
197001090002,1970,1,9,217,United States,1,North America,Puerto Rico,Rio Piedras,18.386932,-66.061127,1,0.0,1,0,7,Facility/Infrastructure Attack,1,Business,8,Incendiary,0.0,0.0,Armed Commandos of Liberation,1970-01-01
197001100001,1970,1,10,499,East Germany (GDR),9,Eastern Europe,Berlin,Berlin,52.50153,13.401851,0,0.0,1,0,3,Bombing/Explosion,2,Government (General),6,Explosives,,,Commune 1,1970-01-01
197001110001,1970,1,11,65,Ethiopia,11,Sub-Saharan Africa,Unknown,Unknown,,,1,0.0,1,0,9,Unknown,4,Military,13,Unknown,1.0,0.0,Eritrean Liberation Front,1970-01-01
197001120001,1970,1,12,217,United States,1,North America,New York,New York City,40.697132,-73.931351,0,0.0,1,0,3,Bombing/Explosion,8,Educational Institution,6,Explosives,0.0,0.0,Black Nationalists,1970-01-01
197001120002,1970,1,12,217,United States,1,North America,Puerto Rico,Rio Grande,18.379998,-65.830948,0,0.0,1,0,3,Bombing/Explosion,1,Business,6,Explosives,0.0,0.0,Strikers,1970-01-01
197001130001,1970,1,13,217,United States,1,North America,Washington,Seattle,47.610786,-122.331306,0,0.0,1,0,7,Facility/Infrastructure Attack,1,Business,8,Incendiary,0.0,0.0,Black Nationalists,1970-01-01
197001140001,1970,1,14,217,United States,1,North America,Illinois,Champaign,40.116748,-88.23927,0,0.0,1,0,7,Facility/Infrastructure Attack,3,Police,8,Incendiary,0.0,1.0,Black Nationalists,1970-01-01
197001150001,1970,1,15,218,Uruguay,3,South America,Montevideo,Montevideo,-34.891151,-56.187214,0,0.0,1,0,2,Armed Assault,8,Educational Institution,5,Firearms,0.0,0.0,Tupamaros (Uruguay),1970-01-01
197001190002,1970,1,19,217,United States,1,North America,Washington,Seattle,47.610786,-122.331306,0,0.0,1,0,3,Bombing/Explosion,8,Educational Institution,6,Explosives,0.0,0.0,Black Nationalists,1970-01-01
197001190003,1970,1,19,217,United States,1,North America,Washington,Seattle,47.610786,-122.331306,0,0.0,0,0,3,Bombing/Explosion,4,Military,6,Explosives,0.0,0.0,Student Radicals,1970-01-01
197001190004,1970,1,19,217,United States,1,North America,New Jersey,Jersey City,40.717892,-74.067467,0,0.0,1,0,7,Facility/Infrastructure Attack,22,Violent Political Party,8,Incendiary,0.0,0.0,White supremacists/nationalists,1970-01-01
197001200001,1970,1,20,83,Guatemala,2,Central America & Caribbean,Guatemala,Guatemala City,14.622869,-90.529068,0,0.0,1,0,1,Assassination,7,Government (Diplomatic),13,Unknown,1.0,0.0,Unknown,1970-01-01
197001210001,1970,1,21,160,Philippines,5,Southeast Asia,Metropolitan Manila,Quezon City,14.67428,121.057495,0,0.0,1,0,3,Bombing/Explosion,7,Government (Diplomatic),6,Explosives,0.0,0.0,Unknown,1970-01-01
197001220001,1970,1,22,222,Venezuela,3,South America,Caracas,Caracas,10.482834,-66.962128,0,0.0,1,0,6,Hostage Taking (Kidnapping),1,Business,13,Unknown,0.0,0.0,Armed Forces of National Liberation- Venezuela (FALN),1970-01-01
197001220002,1970,1,22,217,United States,1,North America,Nebraska,South Sioux City,42.47031,-96.413949,0,0.0,1,0,3,Bombing/Explosion,14,Private Citizens & Property,6,Explosives,0.0,0.0,Strikers,1970-01-01
197001250001,1970,1,25,217,United States,1,North America,Mississippi,West Point,33.60651,-88.650419,1,0.0,1,0,7,Facility/Infrastructure Attack,14,Private Citizens & Property,8,Incendiary,0.0,0.0,White supremacists/nationalists,1970-01-01
197001250002,1970,1,25,217,United States,1,North America,New York,New York City,40.697132,-73.931351,0,0.0,1,0,2,Armed Assault,3,Police,5,Firearms,0.0,2.0,Black Nationalists,1970-01-01
197001260001,1970,1,26,217,United States,1,North America,Mississippi,West Point,33.60651,-88.650419,0,0.0,1,0,3,Bombing/Explosion,2,Government (General),6,Explosives,0.0,0.0,Black Nationalists,1970-01-01
197001260003,1970,1,26,217,United States,1,North America,New York,New York City,40.697132,-73.931351,0,0.0,1,0,2,Armed Assault,3,Police,5,Firearms,0.0,0.0,Black Nationalists,1970-01-01
197001270002,1970,1,27,217,United States,1,North America,Ohio,Norwalk,41.241996,-82.615241,0,0.0,1,0,7,Facility/Infrastructure Attack,2,Government (General),8,Incendiary,0.0,0.0,Left-Wing Militants,1970-01-01
197001280001,1970,1,28,499,East Germany (GDR),9,Eastern Europe,Berlin,Berlin,52.50153,13.401851,-9,0.0,1,0,7,Facility/Infrastructure Attack,3,Police,8,Incendiary,,,Unknown,1970-01-01
197001280002,1970,1,28,217,United States,1,North America,Washington,Seattle,47.610786,-122.331306,1,0.0,1,0,3,Bombing/Explosion,15,Religious Figures/Institutions,6,Explosives,0.0,0.0,White supremacists/nationalists,1970-01-01
197001300001,1970,1,30,217,United States,1,North America,Nebraska,South Sioux City,42.479999,-96.413046,0,1.0,1,0,3,Bombing/Explosion,20,Unknown,6,Explosives,0.0,0.0,Strikers,1970-01-01
197001300002,1970,1,30,217,United States,1,North America,Nebraska,South Sioux City,42.46634,-96.41405,0,1.0,1,0,3,Bombing/Explosion,1,Business,6,Explosives,0.0,0.0,Strikers,1970-01-01
197001300003,1970,1,30,217,United States,1,North America,Florida,Coral Gables,25.720851,-80.277857,0,0.0,1,0,7,Facility/Infrastructure Attack,4,Military,8,Incendiary,0.0,0.0,Student Radicals,1970-01-01
197001310001,1970,1,31,160,Philippines,5,Southeast Asia,Tarlac,Bamban,15.675051,120.331618,1,0.0,0,0,9,Unknown,4,Military,13,Unknown,0.0,1.0,New People's Army (NPA),1970-01-01
197001310002,1970,1,31,217,United States,1,North America,Colorado,Denver,39.758968,-104.876305,1,0.0,1,0,3,Bombing/Explosion,3,Police,6,Explosives,0.0,0.0,Unknown,1970-01-01
197002010001,1970,2,1,217,United States,1,North America,Oregon,Portland,45.511795,-122.675629,1,0.0,1,0,7,Facility/Infrastructure Attack,2,Government (General),8,Incendiary,0.0,0.0,Left-Wing Militants,1970-02-01
197002010002,1970,2,1,217,United States,1,North America,Illinois,Cairo,37.005105,-89.176269,0,0.0,1,0,2,Armed Assault,3,Police,5,Firearms,0.0,0.0,Black Nationalists,1970-02-01
197002020001,1970,2,2,217,United States,1,North America,New York,New York City,40.697132,-73.931351,0,0.0,0,0,7,Facility/Infrastructure Attack,1,Business,8,Incendiary,0.0,0.0,Unknown,1970-02-01
197002030001,1970,2,3,217,United States,1,North America,New York,New York City,40.697132,-73.931351,0,1.0,0,0,7,Facility/Infrastructure Attack,1,Business,8,Incendiary,0.0,0.0,Unknown,1970-02-01
197002030002,1970,2,3,217,United States,1,North America,New York,New York City,40.697132,-73.931351,0,1.0,0,0,7,Facility/Infrastructure Attack,1,Business,8,Incendiary,0.0,0.0,Unknown,1970-02-01
197002040001,1970,2,4,217,United States,1,North America,Ohio,Akron,41.084195,-81.514059,0,0.0,1,0,3,Bombing/Explosion,14,Private Citizens & Property,6,Explosives,0.0,0.0,Strikers,1970-02-01
197002060001,1970,2,6,217,United States,1,North America,Colorado,Denver,39.758968,-104.876305,0,0.0,1,0,3,Bombing/Explosion,19,Transportation,6,Explosives,0.0,0.0,Black Nationalists,1970-02-01
197002060002,1970,2,6,217,United States,1,North America,Washington,Seattle,47.610786,-122.331306,0,0.0,1,0,3,Bombing/Explosion,2,Government (General),6,Explosives,0.0,0.0,White supremacists/nationalists,1970-02-01
197002060003,1970,2,6,217,United States,1,North America,Washington,Seattle,47.610786,-122.331306,1,0.0,1,0,3,Bombing/Explosion,15,Religious Figures/Institutions,6,Explosives,0.0,0.0,White supremacists/nationalists,1970-02-01
197002060004,1970,2,6,217,United States,1,North America,Puerto Rico,Dorado,18.460791,-66.264884,0,1.0,1,0,7,Facility/Infrastructure Attack,2,Government (General),8,Incendiary,0.0,0.0,Armed Revolutionary Independence Movement (MIRA),1970-02-01
197002060005,1970,2,6,217,United States,1,North America,Puerto Rico,Rio Piedras,18.386932,-66.061127,0,1.0,1,0,7,Facility/Infrastructure Attack,21,Utilities,8,Incendiary,0.0,0.0,Armed Revolutionary Independence Movement (MIRA),1970-02-01
197002060006,1970,2,6,217,United States,1,North America,Puerto Rico,Carolina,18.441963,-66.026316,0,1.0,1,0,7,Facility/Infrastructure Attack,1,Business,8,Incendiary,0.0,0.0,Armed Revolutionary Independence Movement (MIRA),1970-02-01
197002060007,1970,2,6,217,United States,1,North America,Massachusetts,Boston,42.3505,-71.105399,1,0.0,1,0,7,Facility/Infrastructure Attack,4,Military,8,Incendiary,0.0,0.0,Student Radicals,1970-02-01
197002070003,1970,2,7,217,United States,1,North America,Wisconsin,Whitewater,42.838355,-88.743224,1,0.0,1,0,7,Facility/Infrastructure Attack,8,Educational Institution,8,Incendiary,0.0,0.0,Student Radicals,1970-02-01
197002080001,1970,2,8,217,United States,1,North America,New York,New York City,40.697132,-73.931351,0,1.0,1,0,3,Bombing/Explosion,1,Business,6,Explosives,0.0,0.0,Armed Revolutionary Independence Movement (MIRA),1970-02-01
197002080002,1970,2,8,217,United States,1,North America,New York,New York City,40.697132,-73.931351,0,1.0,1,0,3,Bombing/Explosion,1,Business,6,Explosives,0.0,0.0,Armed Revolutionary Independence Movement (MIRA),1970-02-01
197002090003,1970,2,9,217,United States,1,North America,New York,New York City,40.697132,-73.931351,0,1.0,0,0,3,Bombing/Explosion,1,Business,6,Explosives,0.0,0.0,Armed Revolutionary Independence Movement (MIRA),1970-02-01
197002090004,1970,2,9,217,United States,1,North America,Ohio,Batavia,39.07859,-84.179414,1,0.0,1,0,3,Bombing/Explosion,14,Private Citizens & Property,6,Explosives,0.0,0.0,Strikers,1970-02-01
197002100001,1970,2,10,362,West Germany (FRG),8,Western Europe,Bavaria,Munich,48.139126,11.580186,0,0.0,1,0,2,Armed Assault,6,Airports & Aircraft,5,Firearms,1.0,,Popular Front for the Liberation of Palestine (PFLP),1970-02-01
197002110001,1970,2,11,217,United States,1,North America,Michigan,Ypsilanti,42.263414,-83.665281,1,0.0,1,0,7,Facility/Infrastructure Attack,8,Educational Institution,8,Incendiary,0.0,0.0,Student Radicals,1970-02-01
197002130001,1970,2,13,217,United States,1,North America,California,Berkeley,37.874043,-122.280022,0,0.0,1,0,3,Bombing/Explosion,3,Police,6,Explosives,0.0,7.0,Unknown,1970-02-01
197002130002,1970,2,13,362,West Germany (FRG),8,Western Europe,Bavaria,Munich,48.139126,11.580186,0,0.0,1,0,7,Facility/Infrastructure Attack,14,Private Citizens & Property,8,Incendiary,7.0,9.0,Popular Front for the Liberation of Palestine (PFLP),1970-02-01
197002130003,1970,2,13,217,United States,1,North America,California,Berkeley,37.874043,-122.280022,0,0.0,1,0,3,Bombing/Explosion,3,Police,6,Explosives,0.0,7.0,Black Nationalists,1970-02-01
197002150001,1970,2,15,217,United States,1,North America,New York,New York City,40.697132,-73.931351,0,0.0,1,0,3,Bombing/Explosion,1,Business,6,Explosives,0.0,0.0,Left-Wing Militants,1970-02-01
197002150002,1970,2,15,217,United States,1,North America,Oregon,Eugene,44.04483,-123.072606,0,0.0,1,0,7,Facility/Infrastructure Attack,4,Military,8,Incendiary,0.0,1.0,Student Radicals,1970-02-01
197002160001,1970,2,16,217,United States,1,North America,California,San Francisco,37.755363,-122.443352,0,1.0,1,0,3,Bombing/Explosion,3,Police,6,Explosives,1.0,0.0,Unknown,1970-02-01
197002160002,1970,2,16,217,United States,1,North America,California,Berkeley,37.874043,-122.280022,-9,1.0,1,0,3,Bombing/Explosion,1,Business,6,Explosives,0.0,0.0,Unknown,1970-02-01
197002160003,1970,2,16,217,United States,1,North America,California,Berkeley,37.874043,-122.280022,-9,1.0,1,0,3,Bombing/Explosion,1,Business,6,Explosives,0.0,0.0,Unknown,1970-02-01
197002160004,1970,2,16,217,United States,1,North America,California,San Francisco,37.755363,-122.443352,0,1.0,0,0,2,Armed Assault,3,Police,5,Firearms,0.0,0.0,Left-Wing Militants,1970-02-01
197002170001,1970,2,17,217,United States,1,North America,California,Oakland,37.791927,-122.225906,1,0.0,0,0,3,Bombing/Explosion,1,Business,6,Explosives,0.0,0.0,Unknown,1970-02-01
197002170002,1970,2,17,217,United States,1,North America,Maryland,Buckeystown,39.334825,-77.431653,1,0.0,1,0,3,Bombing/Explosion,21,Utilities,6,Explosives,0.0,0.0,Unknown,1970-02-01
197002170003,1970,2,17,217,United States,1,North America,Louisiana,Covington,30.493919,-90.132512,0,0.0,1,0,3,Bombing/Explosion,8,Educational Institution,6,Explosives,0.0,0.0,White supremacists/nationalists,1970-02-01
197002170004,1970,2,17,217,United States,1,North America,Washington,Seattle,47.610786,-122.331306,0,0.0,0,0,3,Bombing/Explosion,4,Military,6,Explosives,0.0,0.0,Student Radicals,1970-02-01
197002180002,1970,2,18,217,United States,1,North America,Ohio,Cleveland,41.479561,-81.675461,0,0.0,1,0,3,Bombing/Explosion,3,Police,6,Explosives,0.0,0.0,Black Nationalists,1970-02-01
197002180003,1970,2,18,217,United States,1,North America,California,Vallejo,38.10083,-122.254954,0,0.0,1,0,3,Bombing/Explosion,3,Police,6,Explosives,0.0,0.0,Black Nationalists,1970-02-01
197002200001,1970,2,20,217,United States,1,North America,Connecticut,Hartford,41.763325,-72.674069,0,0.0,1,0,7,Facility/Infrastructure Attack,2,Government (General),8,Incendiary,0.0,0.0,Left-Wing Militants,1970-02-01
197002200002,1970,2,20,217,United States,1,North America,New York,New York City,40.697132,-73.931351,0,0.0,1,0,7,Facility/Infrastructure Attack,8,Educational Institution,8,Incendiary,0.0,0.0,Student Radicals,1970-02-01
197002200003,1970,2,20,217,United States,1,North America,Washington,Seattle,47.610786,-122.331306,0,0.0,1,0,3,Bombing/Explosion,8,Educational Institution,6,Explosives,0.0,0.0,Student Radicals,1970-02-01
197002210001,1970,2,21,362,West Germany (FRG),8,Western Europe,Hesse,Frankfurt,50.11797,8.644191,0,0.0,1,0,3,Bombing/Explosion,6,Airports & Aircraft,6,Explosives,0.0,0.0,"Popular Front for the Liberation of Palestine, Gen Cmd (PFLP-GC)",1970-02-01
197002210002,1970,2,21,199,Switzerland,8,Western Europe,Zurich,Zurich,47.36865,8.539182,0,0.0,1,0,3,Bombing/Explosion,6,Airports & Aircraft,6,Explosives,47.0,0.0,"Popular Front for the Liberation of Palestine, Gen Cmd (PFLP-GC)",1970-02-01
197002210003,1970,2,21,217,United States,1,North America,New York,New York City,40.697132,-73.931351,0,0.0,0,0,7,Facility/Infrastructure Attack,3,Police,8,Incendiary,0.0,0.0,Left-Wing Militants,1970-02-01
197002210004,1970,2,21,217,United States,1,North America,New York,New York City,40.697132,-73.931351,0,0.0,1,0,7,Facility/Infrastructure Attack,4,Military,8,Incendiary,0.0,0.0,Left-Wing Militants,1970-02-01
197002210005,1970,2,21,217,United States,1,North America,New York,New York City,40.697132,-73.931351,0,0.0,1,0,3,Bombing/Explosion,14,Private Citizens & Property,6,Explosives,0.0,0.0,"Weather Underground, Weathermen",1970-02-01
197002210006,1970,2,21,217,United States,1,North America,Colorado,Denver,39.758968,-104.876305,0,0.0,1,0,7,Facility/Infrastructure Attack,14,Private Citizens & Property,8,Incendiary,0.0,0.0,Black Nationalists,1970-02-01
197002220001,1970,2,22,217,United States,1,North America,New York,Ithaca,42.455233,-76.475847,0,0.0,1,0,7,Facility/Infrastructure Attack,8,Educational Institution,8,Incendiary,0.0,0.0,White supremacists/nationalists,1970-02-01
197002220002,1970,2,22,217,United States,1,North America,Wisconsin,Prairie du Sac,43.287052,-89.724361,0,0.0,0,0,3,Bombing/Explosion,21,Utilities,6,Explosives,0.0,0.0,New Year's Gang,1970-02-01
197002230001,1970,2,23,217,United States,1,North America,Nebraska,South Sioux City,42.47031,-96.413949,0,1.0,1,0,3,Bombing/Explosion,21,Utilities,6,Explosives,0.0,0.0,Strikers,1970-02-01
197002230002,1970,2,23,217,United States,1,North America,Nebraska,South Sioux City,42.47031,-96.413949,0,1.0,1,0,3,Bombing/Explosion,21,Utilities,6,Explosives,0.0,0.0,Strikers,1970-02-01
197002230003,1970,2,23,217,United States,1,North America,Nebraska,South Sioux City,42.47031,-96.413949,0,1.0,1,0,3,Bombing/Explosion,21,Utilities,6,Explosives,0.0,0.0,Strikers,1970-02-01
197002230004,1970,2,23,217,United States,1,North America,Nebraska,South Sioux City,42.47031,-96.413949,0,1.0,1,0,3,Bombing/Explosion,21,Utilities,6,Explosives,0.0,0.0,Strikers,1970-02-01
197002230005,1970,2,23,217,United States,1,North America,Arizona,Tucson,32.222232,-110.925752,0,0.0,1,0,3,Bombing/Explosion,4,Military,6,Explosives,0.0,0.0,Left-Wing Militants,1970-02-01
197002240002,1970,2,24,217,United States,1,North America,Colorado,Denver,39.758968,-104.876305,0,0.0,1,0,3,Bombing/Explosion,14,Private Citizens & Property,6,Explosives,0.0,0.0,White supremacists/nationalists,1970-02-01
197002240003,1970,2,24,217,United States,1,North America,Illinois,Champaign,40.101952,-88.227161,0,0.0,1,0,7,Facility/Infrastructure Attack,4,Military,8,Incendiary,0.0,0.0,Student Radicals,1970-02-01
197002270001,1970,2,27,217,United States,1,North America,Colorado,Boulder,40.007581,-105.265942,0,0.0,1,0,3,Bombing/Explosion,8,Educational Institution,6,Explosives,0.0,0.0,Student Radicals,1970-02-01
197002280001,1970,2,28,102,Jordan,10,Middle East & North Africa,Khalil,Hebron,31.530243,35.094162,-9,0.0,1,0,2,Armed Assault,18,Tourists,5,Firearms,,,Unknown,1970-02-01
197003000001,1970,3,0,160,Philippines,5,Southeast Asia,Metropolitian Manila,Manila,14.596051,120.978666,0,0.0,1,0,3,Bombing/Explosion,7,Government (Diplomatic),6,Explosives,0.0,0.0,Unknown,1970-03-01
197003010001,1970,3,1,98,Italy,8,Western Europe,Lazio,Rome,41.890961,12.490069,0,0.0,0,0,3,Bombing/Explosion,6,Airports & Aircraft,6,Explosives,0.0,0.0,Eritrean Liberation Front,1970-03-01
197003010005,1970,3,1,217,United States,1,North America,Colorado,Boulder,40.007581,-105.265942,0,0.0,1,0,3,Bombing/Explosion,4,Military,6,Explosives,0.0,0.0,Student Radicals,1970-03-01
197003010006,1970,3,1,217,United States,1,North America,Colorado,Colorado Springs,38.864281,-104.778412,0,0.0,1,0,7,Facility/Infrastructure Attack,4,Military,8,Incendiary,0.0,0.0,Left-Wing Militants,1970-03-01
197003010007,1970,3,1,217,United States,1,North America,Colorado,Boulder,40.007581,-105.265942,0,0.0,1,0,7,Facility/Infrastructure Attack,3,Police,8,Incendiary,0.0,0.0,Student Radicals,1970-03-01
197003010008,1970,3,1,217,United States,1,North America,Colorado,Boulder,40.014986,-105.270546,0,0.0,1,0,3,Bombing/Explosion,3,Police,6,Explosives,0.0,0.0,Left-Wing Militants,1970-03-01
197003020001,1970,3,2,217,United States,1,North America,Ohio,Cleveland,41.479561,-81.675461,0,0.0,1,0,7,Facility/Infrastructure Attack,14,Private Citizens & Property,8,Incendiary,0.0,0.0,Black Nationalists,1970-03-01
197003030001,1970,3,3,185,Spain,8,Western Europe,Unknown,Unknown,,,0,0.0,0,0,6,Hostage Taking (Kidnapping),2,Government (General),13,Unknown,0.0,0.0,1st of May Group,1970-03-01
197003030002,1970,3,3,217,United States,1,North America,Colorado,Denver,39.758968,-104.876305,1,0.0,1,0,3,Bombing/Explosion,14,Private Citizens & Property,6,Explosives,0.0,0.0,Left-Wing Militants,1970-03-01
197003030003,1970,3,3,217,United States,1,North America,Washington,Seattle,47.610786,-122.331306,0,0.0,1,0,3,Bombing/Explosion,2,Government (General),6,Explosives,0.0,0.0,Student Radicals,1970-03-01
197003040001,1970,3,4,217,United States,1,North America,California,Oakland,37.791927,-122.225906,0,0.0,0,0,3,Bombing/Explosion,4,Military,6,Explosives,0.0,0.0,Left-Wing Militants,1970-03-01
197003040002,1970,3,4,217,United States,1,North America,California,Martinez,38.019304,-122.134062,1,0.0,0,0,3,Bombing/Explosion,19,Transportation,6,Explosives,0.0,0.0,Unknown,1970-03-01
197003040003,1970,3,4,217,United States,1,North America,Colorado,Denver,39.758968,-104.876305,1,0.0,1,0,3,Bombing/Explosion,14,Private Citizens & Property,6,Explosives,0.0,0.0,Left-Wing Militants,1970-03-01
197003050001,1970,3,5,217,United States,1,North America,Washington,Seattle,47.610786,-122.331306,1,0.0,1,0,3,Bombing/Explosion,2,Government (General),6,Explosives,0.0,0.0,Left-Wing Militants,1970-03-01
197003050002,1970,3,5,217,United States,1,North America,Colorado,Denver,39.758968,-104.876305,1,0.0,1,0,3,Bombing/Explosion,14,Private Citizens & Property,6,Explosives,0.0,0.0,Left-Wing Militants,1970-03-01
197003050003,1970,3,5,217,United States,1,North America,Puerto Rico,San Juan,18.386932,-66.061127,0,0.0,1,0,1,Assassination,4,Military,5,Firearms,2.0,0.0,Armed Commandos of Liberation,1970-03-01
197003060001,1970,3,6,83,Guatemala,2,Central America & Caribbean,Guatemala,Guatemala City,14.622869,-90.529068,0,0.0,1,0,6,Hostage Taking (Kidnapping),7,Government (Diplomatic),5,Firearms,0.0,0.0,Rebel Armed Forces of Guatemala (FAR),1970-03-01
197003060003,1970,3,6,217,United States,1,North America,Michigan,Detroit,42.331685,-83.047924,0,1.0,0,0,3,Bombing/Explosion,3,Police,6,Explosives,0.0,0.0,"Weather Underground, Weathermen",1970-03-01
197003060004,1970,3,6,217,United States,1,North America,Michigan,Detroit,42.331685,-83.047924,0,1.0,0,0,3,Bombing/Explosion,3,Police,6,Explosives,0.0,0.0,"Weather Underground, Weathermen",1970-03-01
197003090001,1970,3,9,217,United States,1,North America,California,Berkeley,37.874043,-122.280022,-9,0.0,1,0,7,Facility/Infrastructure Attack,8,Educational Institution,8,Incendiary,0.0,0.0,Unknown,1970-03-01
197003090003,1970,3,9,217,United States,1,North America,Alabama,Ashville,33.83651,-86.254749,0,0.0,1,0,7,Facility/Infrastructure Attack,14,Private Citizens & Property,2,Chemical,0.0,0.0,Ku Klux Klan,1970-03-01
197003090004,1970,3,9,217,United States,1,North America,Connecticut,Bridgeport,41.18188,-73.191269,1,0.0,1,0,7,Facility/Infrastructure Attack,15,Religious Figures/Institutions,8,Incendiary,0.0,0.0,White supremacists/nationalists,1970-03-01
197003090005,1970,3,9,217,United States,1,North America,New Mexico,Albuquerque,35.084319,-106.619781,0,0.0,0,0,3,Bombing/Explosion,4,Military,6,Explosives,0.0,0.0,White supremacists/nationalists,1970-03-01
197003090006,1970,3,9,217,United States,1,North America,Maryland,Bel Air,39.53894,-76.348479,0,0.0,0,0,3,Bombing/Explosion,20,Unknown,6,Explosives,2.0,0.0,Black Nationalists,1970-03-01
197003100001,1970,3,10,362,West Germany (FRG),8,Western Europe,Bavaria,Munich,48.139126,11.580186,0,0.0,0,0,3,Bombing/Explosion,2,Government (General),6,Explosives,0.0,0.0,Unknown,1970-03-01
197003100002,1970,3,10,217,United States,1,North America,Maryland,Cambridge,38.563122,-76.078063,0,0.0,1,0,3,Bombing/Explosion,2,Government (General),6,Explosives,0.0,0.0,Left-Wing Militants,1970-03-01
197003100003,1970,3,10,217,United States,1,North America,California,San Francisco,37.755363,-122.443352,0,0.0,0,0,7,Facility/Infrastructure Attack,1,Business,8,Incendiary,0.0,0.0,Student Radicals,1970-03-01
197003110001,1970,3,11,30,Brazil,3,South America,Sao Paulo,Sao Paulo,-23.550711,-46.633475,0,0.0,1,0,6,Hostage Taking (Kidnapping),7,Government (Diplomatic),13,Unknown,0.0,0.0,Popular Revolutionary Vanguard (VPR),1970-03-01
197003110002,1970,3,11,217,United States,1,North America,Illinois,Champaign,40.102408,-88.227159,0,0.0,1,0,7,Facility/Infrastructure Attack,4,Military,8,Incendiary,0.0,0.0,Student Radicals,1970-03-01
197003120001,1970,3,12,217,United States,1,North America,New York,New York City,40.697132,-73.931351,0,1.0,1,0,3,Bombing/Explosion,1,Business,6,Explosives,0.0,0.0,Revolutionary Force 9,1970-03-01
197003120002,1970,3,12,217,United States,1,North America,New York,New York City,40.697132,-73.931351,0,1.0,1,0,3,Bombing/Explosion,1,Business,6,Explosives,0.0,0.0,Revolutionary Force 9,1970-03-01
197003120003,1970,3,12,217,United States,1,North America,Illinois,Chicago,41.842602,-87.681229,1,1.0,1,0,3,Bombing/Explosion,3,Police,6,Explosives,0.0,0.0,Black Nationalists,1970-03-01
197003120004,1970,3,12,217,United States,1,North America,Illinois,Chicago,41.842602,-87.681229,1,1.0,1,0,3,Bombing/Explosion,3,Police,6,Explosives,0.0,0.0,Black Nationalists,1970-03-01
197003120005,1970,3,12,217,United States,1,North America,New York,New York City,40.697132,-73.931351,0,1.0,1,0,3,Bombing/Explosion,1,Business,6,Explosives,0.0,0.0,Revolutionary Force 9,1970-03-01
197003130001,1970,3,13,217,United States,1,North America,Wisconsin,Appleton,44.260288,-88.397455,0,1.0,1,0,7,Facility/Infrastructure Attack,4,Military,8,Incendiary,0.0,0.0,Student Radicals,1970-03-01
197003130002,1970,3,13,217,United States,1,North America,Wisconsin,Appleton,44.268598,-88.42844,0,1.0,1,0,7,Facility/Infrastructure Attack,8,Educational Institution,8,Incendiary,0.0,0.0,Student Radicals,1970-03-01
197003140001,1970,3,14,65,Ethiopia,11,Sub-Saharan Africa,Unknown,Unknown,,,0,0.0,1,0,6,Hostage Taking (Kidnapping),10,Journalists & Media,13,Unknown,0.0,0.0,Eritrean Liberation Front,1970-03-01
197003140002,1970,3,14,60,Egypt,10,Middle East & North Africa,Alexandria,Alexandria,31.198056,29.919167,0,0.0,1,0,3,Bombing/Explosion,6,Airports & Aircraft,6,Explosives,0.0,2.0,Unknown,1970-03-01
197003140003,1970,3,14,217,United States,1,North America,New York,New York City,40.697132,-73.931351,0,0.0,0,0,3,Bombing/Explosion,4,Military,6,Explosives,0.0,0.0,Left-Wing Militants,1970-03-01
197003140004,1970,3,14,217,United States,1,North America,California,Long Beach,33.766725,-118.192399,0,0.0,1,0,4,Hijacking,4,Military,5,Firearms,0.0,0.0,Left-Wing Militants,1970-03-01
197003150001,1970,3,15,217,United States,1,North America,Puerto Rico,San Juan,18.386932,-66.061127,0,0.0,1,0,3,Bombing/Explosion,1,Business,6,Explosives,0.0,0.0,Puerto Rican Nationalists,1970-03-01
197003150002,1970,3,15,217,United States,1,North America,Montana,Billings,45.783975,-108.505794,1,0.0,1,0,3,Bombing/Explosion,3,Police,6,Explosives,0.0,0.0,Unknown,1970-03-01
197003160001,1970,3,16,217,United States,1,North America,California,San Bernardino,34.105245,-117.294124,0,0.0,1,0,7,Facility/Infrastructure Attack,2,Government (General),8,Incendiary,0.0,1.0,White supremacists/nationalists,1970-03-01
197003170002,1970,3,17,217,United States,1,North America,California,Los Angeles,34.097866,-118.407379,0,0.0,1,0,3,Bombing/Explosion,8,Educational Institution,6,Explosives,0.0,0.0,Chicano Liberation Front,1970-03-01
197003180001,1970,3,18,217,United States,1,North America,Ohio,Lockland,39.226835,-84.453309,1,0.0,1,0,3,Bombing/Explosion,21,Utilities,6,Explosives,0.0,0.0,Unknown,1970-03-01
197003200001,1970,3,20,217,United States,1,North America,Oregon,Portland,45.511795,-122.675629,0,0.0,0,0,3,Bombing/Explosion,4,Military,8,Incendiary,0.0,0.0,White supremacists/nationalists,1970-03-01
197003200002,1970,3,20,217,United States,1,North America,Michigan,Detroit,42.331685,-83.047924,1,0.0,1,0,1,Assassination,14,Private Citizens & Property,5,Firearms,1.0,0.0,White supremacists/nationalists,1970-03-01
197003210001,1970,3,21,217,United States,1,North America,District of Columbia,Washington,38.908642,-77.015381,0,0.0,0,0,3,Bombing/Explosion,2,Government (General),6,Explosives,0.0,0.0,Left-Wing Militants,1970-03-01
197003210002,1970,3,21,217,United States,1,North America,New York,New York City,40.697132,-73.931351,0,1.0,1,0,7,Facility/Infrastructure Attack,1,Business,8,Incendiary,0.0,0.0,Puerto Rican Resistance Movement,1970-03-01
197003210003,1970,3,21,217,United States,1,North America,New York,New York City,40.697132,-73.931351,0,1.0,1,0,7,Facility/Infrastructure Attack,1,Business,8,Incendiary,0.0,1.0,Puerto Rican Resistance Movement,1970-03-01
197003220001,1970,3,22,217,United States,1,North America,New York,New York City,40.697132,-73.931351,0,1.0,1,0,3,Bombing/Explosion,1,Business,6,Explosives,0.0,0.0,Black Panthers,1970-03-01
197003220002,1970,3,22,217,United States,1,North America,New York,New York City,40.697132,-73.931351,0,1.0,0,0,3,Bombing/Explosion,1,Business,6,Explosives,0.0,0.0,Black Panthers,1970-03-01
197003220003,1970,3,22,217,United States,1,North America,New York,New York City,40.697132,-73.931351,0,1.0,1,0,3,Bombing/Explosion,1,Business,6,Explosives,0.0,17.0,Black Panthers,1970-03-01
197003230001,1970,3,23,217,United States,1,North America,Florida,Orlando,28.538235,-81.377389,0,0.0,1,0,3,Bombing/Explosion,14,Private Citizens & Property,6,Explosives,0.0,0.0,Strikers,1970-03-01
197003240001,1970,3,24,160,Philippines,5,Southeast Asia,Pampanga,Angeles,15.153002,120.591942,1,0.0,1,0,9,Unknown,4,Military,13,Unknown,1.0,0.0,Unknown,1970-03-01
197003240002,1970,3,24,58,Dominican Republic,2,Central America & Caribbean,National,Santo Domingo,18.456792,-69.951164,1,0.0,1,0,6,Hostage Taking (Kidnapping),4,Military,13,Unknown,0.0,0.0,Dominican Popular Movement (MPD),1970-03-01
197003240003,1970,3,24,11,Argentina,3,South America,Corrientes,Ituzaingo,-27.583246,-56.683334,0,0.0,1,0,6,Hostage Taking (Kidnapping),7,Government (Diplomatic),13,Unknown,0.0,0.0,Argentine Liberation Front (FAL),1970-03-01
197003240004,1970,3,24,217,United States,1,North America,New York,New York City,40.697132,-73.931351,1,0.0,1,0,3,Bombing/Explosion,1,Business,6,Explosives,0.0,0.0,Unknown,1970-03-01
197003240005,1970,3,24,217,United States,1,North America,Ohio,Cleveland,41.479561,-81.675461,0,0.0,1,0,3,Bombing/Explosion,14,Private Citizens & Property,6,Explosives,0.0,0.0,White supremacists/nationalists,1970-03-01
197003240006,1970,3,24,217,United States,1,North America,California,Richmond,37.93781,-122.342709,0,0.0,1,0,3,Bombing/Explosion,3,Police,6,Explosives,0.0,0.0,Black Nationalists,1970-03-01
197003270001,1970,3,27,217,United States,1,North America,California,San Francisco,37.755363,-122.443352,0,0.0,1,0,3,Bombing/Explosion,3,Police,6,Explosives,0.0,0.0,Black Nationalists,1970-03-01
197003290001,1970,3,29,11,Argentina,3,South America,Buenos Aires,Buenos Aires,-34.61768,-58.444435,0,0.0,1,0,6,Hostage Taking (Kidnapping),7,Government (Diplomatic),13,Unknown,0.0,0.0,Argentine National Organization Movement (MANO),1970-03-01
197003290002,1970,3,29,110,Lebanon,10,Middle East & North Africa,Beirut,Beirut,33.888523,35.503513,0,0.0,1,0,3,Bombing/Explosion,7,Government (Diplomatic),6,Explosives,0.0,0.0,Popular Front for the Liberation of Palestine (PFLP),1970-03-01
197003300001,1970,3,30,217,United States,1,North America,Illinois,Biggsville,40.85122,-90.864369,0,0.0,1,0,7,Facility/Infrastructure Attack,2,Government (General),8,Incendiary,0.0,0.0,Left-Wing Militants,1970-03-01
197003300002,1970,3,30,217,United States,1,North America,Georgia,Fort Benning,32.3575,-84.95623,0,0.0,1,0,7,Facility/Infrastructure Attack,4,Military,8,Incendiary,0.0,0.0,Left-Wing Militants,1970-03-01
197003310001,1970,3,31,83,Guatemala,2,Central America & Caribbean,Guatemala,Guatemala City,14.622869,-90.529068,0,0.0,1,0,6,Hostage Taking (Kidnapping),7,Government (Diplomatic),13,Unknown,1.0,0.0,Rebel Armed Forces of Guatemala (FAR),1970-03-01
197003310002,1970,3,31,101,Japan,4,East Asia,Fukouka,Fukouka,33.580412,130.396361,0,0.0,1,0,4,Hijacking,6,Airports & Aircraft,6,Explosives,0.0,0.0,Japanese Red Army (JRA),1970-03-01
197003310003,1970,3,31,217,United States,1,North America,District of Columbia,Washington,38.908642,-77.015381,0,0.0,0,0,3,Bombing/Explosion,2,Government (General),6,Explosives,0.0,0.0,Left-Wing Militants,1970-03-01
197003310004,1970,3,31,217,United States,1,North America,Washington,Seattle,47.610786,-122.331306,0,0.0,1,0,3,Bombing/Explosion,8,Educational Institution,6,Explosives,0.0,0.0,Student Radicals,1970-03-01
197004000001,1970,4,0,65,Ethiopia,11,Sub-Saharan Africa,Unknown,Unknown,,,0,0.0,1,0,6,Hostage Taking (Kidnapping),7,Government (Diplomatic),13,Unknown,0.0,0.0,Eritrean Liberation Front,1970-04-01
197004010001,1970,4,1,217,United States,1,North America,Michigan,East Lansing,42.7375,-84.483779,0,0.0,1,0,3,Bombing/Explosion,8,Educational Institution,6,Explosives,0.0,0.0,Student Radicals,1970-04-01
197004010002,1970,4,1,217,United States,1,North America,New York,Ithaca,42.455233,-76.475847,0,0.0,1,0,7,Facility/Infrastructure Attack,8,Educational Institution,8,Incendiary,0.0,0.0,White supremacists/nationalists,1970-04-01
197004010003,1970,4,1,217,United States,1,North America,Texas,Houston,29.813822,-95.365295,0,0.0,1,0,7,Facility/Infrastructure Attack,4,Military,8,Incendiary,0.0,0.0,Student Radicals,1970-04-01
197004020001,1970,4,2,160,Philippines,5,Southeast Asia,Pampanga,Mabalacat City,15.185916,120.54187,1,0.0,1,0,9,Unknown,4,Military,13,Unknown,2.0,0.0,New People's Army (NPA),1970-04-01
197004020002,1970,4,2,217,United States,1,North America,New York,New York City,40.697132,-73.931351,0,0.0,0,0,3,Bombing/Explosion,1,Business,6,Explosives,0.0,0.0,Left-Wing Militants,1970-04-01
197004030001,1970,4,3,96,Ireland,8,Western Europe,Dublin,Dublin,53.361675,-6.245485,0,0.0,1,0,2,Armed Assault,1,Business,5,Firearms,1.0,,Saor Eire (Irish Republican Group),1970-04-01
197004040001,1970,4,4,217,United States,1,North America,New York,New York City,40.697132,-73.931351,0,1.0,0,0,3,Bombing/Explosion,1,Business,6,Explosives,0.0,0.0,Left-Wing Militants,1970-04-01
197004040002,1970,4,4,217,United States,1,North America,New York,New York City,40.697132,-73.931351,0,1.0,0,0,3,Bombing/Explosion,14,Private Citizens & Property,6,Explosives,0.0,0.0,Left-Wing Militants,1970-04-01
197004040003,1970,4,4,217,United States,1,North America,Washington,Pullman,46.731958,-117.162603,1,0.0,1,0,7,Facility/Infrastructure Attack,8,Educational Institution,8,Incendiary,0.0,0.0,Student Radicals,1970-04-01
197004050001,1970,4,5,30,Brazil,3,South America,Rio Grande do Sul,Porto Alegre,-30.034108,-51.217839,0,0.0,0,0,6,Hostage Taking (Kidnapping),7,Government (Diplomatic),13,Unknown,0.0,1.0,Popular Revolutionary Vanguard (VPR),1970-04-01
197004050003,1970,4,5,11,Argentina,3,South America,Buenos Aires,Buenos Aires,-34.61768,-58.444435,1,0.0,1,0,2,Armed Assault,4,Military,5,Firearms,,,Argentine Liberation Front (FAL),1970-04-01
197004050004,1970,4,5,217,United States,1,North America,California,Trona,35.76625,-117.370674,0,0.0,1,0,3,Bombing/Explosion,21,Utilities,6,Explosives,0.0,0.0,Strikers,1970-04-01
197004050005,1970,4,5,217,United States,1,North America,California,Trona,35.76625,-117.370674,0,0.0,1,0,7,Facility/Infrastructure Attack,1,Business,8,Incendiary,0.0,0.0,Strikers,1970-04-01
197004050006,1970,4,5,217,United States,1,North America,New York,New York City,40.697132,-73.931351,1,0.0,0,0,3,Bombing/Explosion,12,NGO,6,Explosives,0.0,0.0,Unknown,1970-04-01
197004050007,1970,4,5,217,United States,1,North America,Texas,Houston,29.813822,-95.365295,0,0.0,1,0,7,Facility/Infrastructure Attack,8,Educational Institution,8,Incendiary,0.0,0.0,Student Radicals,1970-04-01
197004080001,1970,4,8,217,United States,1,North America,Kansas,Lawrence,38.973065,-95.236534,1,0.0,1,0,3,Bombing/Explosion,1,Business,6,Explosives,0.0,0.0,Unknown,1970-04-01
197004080002,1970,4,8,217,United States,1,North America,Kansas,Baxter Springs,37.023676,-94.735504,0,0.0,1,0,3,Bombing/Explosion,14,Private Citizens & Property,6,Explosives,0.0,0.0,Strikers,1970-04-01
197004080003,1970,4,8,217,United States,1,North America,California,Los Angeles,34.097866,-118.407379,0,0.0,1,0,7,Facility/Infrastructure Attack,8,Educational Institution,8,Incendiary,0.0,0.0,Chicano Liberation Front,1970-04-01
197004090001,1970,4,9,217,United States,1,North America,Illinois,East St. Louis,38.624421,-90.150603,1,0.0,1,0,3,Bombing/Explosion,1,Business,6,Explosives,0.0,0.0,Unknown,1970-04-01
197004110001,1970,4,11,217,United States,1,North America,California,San Diego,32.715695,-117.161719,0,0.0,1,0,3,Bombing/Explosion,4,Military,6,Explosives,0.0,0.0,Left-Wing Militants,1970-04-01
197004110002,1970,4,11,217,United States,1,North America,New York,Ithaca,42.455233,-76.475847,0,0.0,1,0,7,Facility/Infrastructure Attack,8,Educational Institution,8,Incendiary,0.0,0.0,Student Radicals,1970-04-01
197004110003,1970,4,11,217,United States,1,North America,Texas,Freeport,28.949564,-95.344371,1,0.0,1,0,7,Facility/Infrastructure Attack,1,Business,8,Incendiary,0.0,5.0,Unknown,1970-04-01
197004130001,1970,4,13,217,United States,1,North America,California,Berkeley,37.874043,-122.280022,0,0.0,1,0,3,Bombing/Explosion,21,Utilities,6,Explosives,0.0,0.0,New World Liberation Front (NWLF),1970-04-01
197004130002,1970,4,13,217,United States,1,North America,Missouri,Kansas City,39.176086,-94.574127,1,1.0,1,0,3,Bombing/Explosion,8,Educational Institution,6,Explosives,0.0,0.0,Unknown,1970-04-01
197004130003,1970,4,13,217,United States,1,North America,Missouri,Kansas City,39.176086,-94.574127,1,1.0,1,0,3,Bombing/Explosion,15,Religious Figures/Institutions,6,Explosives,0.0,0.0,Unknown,1970-04-01
197004130004,1970,4,13,217,United States,1,North America,Missouri,Kansas City,39.176086,-94.574127,1,1.0,1,0,3,Bombing/Explosion,3,Police,6,Explosives,0.0,0.0,Unknown,1970-04-01
197004140002,1970,4,14,217,United States,1,North America,California,Trona,35.76625,-117.370674,0,0.0,1,0,3,Bombing/Explosion,1,Business,6,Explosives,0.0,0.0,Strikers,1970-04-01
197004140003,1970,4,14,217,United States,1,North America,California,Long Beach,33.783824,-118.11409,0,0.0,0,0,3,Bombing/Explosion,8,Educational Institution,6,Explosives,0.0,0.0,Student Radicals,1970-04-01
197004140004,1970,4,14,217,United States,1,North America,California,Los Angeles,34.097866,-118.407379,1,0.0,0,0,3,Bombing/Explosion,1,Business,6,Explosives,0.0,0.0,Unknown,1970-04-01
197004150001,1970,4,15,102,Jordan,10,Middle East & North Africa,Amman,Amman,31.950001,35.933331,0,0.0,1,0,3,Bombing/Explosion,7,Government (Diplomatic),6,Explosives,0.0,0.0,Popular Front for the Liberation of Palestine (PFLP),1970-04-01
197004150002,1970,4,15,217,United States,1,North America,California,Los Angeles,34.097866,-118.407379,0,0.0,1,0,7,Facility/Infrastructure Attack,14,Private Citizens & Property,8,Incendiary,0.0,0.0,Cuban Exiles,1970-04-01
197004150004,1970,4,15,217,United States,1,North America,California,Los Angeles,34.097866,-118.407379,0,1.0,1,0,7,Facility/Infrastructure Attack,8,Educational Institution,8,Incendiary,0.0,0.0,Chicano Liberation Front,1970-04-01
197004150005,1970,4,15,217,United States,1,North America,California,Los Angeles,34.097866,-118.407379,0,1.0,1,0,7,Facility/Infrastructure Attack,8,Educational Institution,8,Incendiary,0.0,0.0,Chicano Liberation Front,1970-04-01
197004160001,1970,4,16,217,United States,1,North America,Missouri,Kansas City,39.176086,-94.574127,1,1.0,1,0,3,Bombing/Explosion,1,Business,6,Explosives,0.0,0.0,Unknown,1970-04-01
197004160002,1970,4,16,217,United States,1,North America,Missouri,Kansas City,39.176086,-94.574127,1,1.0,1,0,3,Bombing/Explosion,14,Private Citizens & Property,6,Explosives,0.0,0.0,Unknown,1970-04-01
197004160003,1970,4,16,217,United States,1,North America,Missouri,Kansas City,39.176086,-94.574127,1,1.0,1,0,3,Bombing/Explosion,14,Private Citizens & Property,6,Explosives,0.0,0.0,Unknown,1970-04-01
197004160004,1970,4,16,217,United States,1,North America,California,Trona,35.76625,-117.370674,0,0.0,1,0,3,Bombing/Explosion,1,Business,6,Explosives,0.0,0.0,Strikers,1970-04-01
197004170001,1970,4,17,217,United States,1,North America,California,Oakland,37.791927,-122.225906,0,0.0,1,0,2,Armed Assault,3,Police,5,Firearms,0.0,2.0,Black Panthers,1970-04-01
197004190001,1970,4,19,217,United States,1,North America,Washington,Seattle,47.610786,-122.331306,0,1.0,1,0,3,Bombing/Explosion,15,Religious Figures/Institutions,6,Explosives,0.0,0.0,White supremacists/nationalists,1970-04-01
197004190002,1970,4,19,217,United States,1,North America,Washington,Seattle,47.610786,-122.331306,0,1.0,1,0,3,Bombing/Explosion,1,Business,6,Explosives,0.0,0.0,White supremacists/nationalists,1970-04-01
197004190003,1970,4,19,217,United States,1,North America,Washington,Seattle,47.610786,-122.331306,0,1.0,1,0,3,Bombing/Explosion,1,Business,6,Explosives,0.0,0.0,White supremacists/nationalists,1970-04-01
197004190004,1970,4,19,217,United States,1,North America,Washington,Seattle,47.610786,-122.331306,0,1.0,1,0,3,Bombing/Explosion,2,Government (General),6,Explosives,0.0,0.0,White supremacists/nationalists,1970-04-01
197004190005,1970,4,19,217,United States,1,North America,New York,New York City,40.697132,-73.931351,0,0.0,0,0,3,Bombing/Explosion,3,Police,6,Explosives,0.0,3.0,Black Nationalists,1970-04-01
197004200001,1970,4,20,217,United States,1,North America,Kansas,Lawrence,38.954344,-95.255796,0,0.0,1,0,7,Facility/Infrastructure Attack,8,Educational Institution,8,Incendiary,0.0,3.0,Student Radicals,1970-04-01
197004210001,1970,4,21,160,Philippines,5,Southeast Asia,Unknown,Cauayan,,,0,0.0,1,0,3,Bombing/Explosion,6,Airports & Aircraft,6,Explosives,36.0,0.0,Unknown,1970-04-01
197004210002,1970,4,21,217,United States,1,North America,California,Los Angeles,34.097866,-118.407379,0,0.0,1,0,7,Facility/Infrastructure Attack,1,Business,8,Incendiary,0.0,0.0,Left-Wing Militants,1970-04-01
197004220001,1970,4,22,217,United States,1,North America,California,Trona,35.76625,-117.370674,0,0.0,1,0,3,Bombing/Explosion,1,Business,6,Explosives,0.0,0.0,Strikers,1970-04-01
197004220002,1970,4,22,217,United States,1,North America,California,Berkeley,37.874043,-122.280022,0,1.0,1,0,7,Facility/Infrastructure Attack,8,Educational Institution,8,Incendiary,0.0,0.0,Student Radicals,1970-04-01
197004220003,1970,4,22,217,United States,1,North America,California,Berkeley,37.874043,-122.280022,0,1.0,0,0,7,Facility/Infrastructure Attack,8,Educational Institution,8,Incendiary,0.0,0.0,Student Radicals,1970-04-01
197004220004,1970,4,22,217,United States,1,North America,Wisconsin,Milwaukee,43.064388,-87.966202,0,0.0,1,0,7,Facility/Infrastructure Attack,2,Government (General),8,Incendiary,0.0,0.0,Student Radicals,1970-04-01
197004220005,1970,4,22,217,United States,1,North America,Illinois,Champaign,40.102408,-88.227159,0,0.0,0,0,7,Facility/Infrastructure Attack,3,Police,8,Incendiary,0.0,0.0,Student Radicals,1970-04-01
197004220006,1970,4,22,217,United States,1,North America,California,Redlands,34.062685,-117.163181,0,0.0,1,0,7,Facility/Infrastructure Attack,8,Educational Institution,8,Incendiary,0.0,0.0,Left-Wing Militants,1970-04-01
197004230001,1970,4,23,217,United States,1,North America,Puerto Rico,Aguada,18.379626,-67.188421,0,1.0,0,0,3,Bombing/Explosion,4,Military,6,Explosives,0.0,0.0,Armed Commandos of Liberation,1970-04-01
197004230002,1970,4,23,217,United States,1,North America,Puerto Rico,Aguada,18.379626,-67.188421,0,1.0,0,0,3,Bombing/Explosion,16,Telecommunication,6,Explosives,0.0,0.0,Armed Commandos of Liberation,1970-04-01
197004230003,1970,4,23,217,United States,1,North America,Puerto Rico,Aguada,18.379626,-67.188421,0,1.0,0,0,3,Bombing/Explosion,16,Telecommunication,6,Explosives,0.0,0.0,Armed Commandos of Liberation,1970-04-01
197004230004,1970,4,23,217,United States,1,North America,Puerto Rico,Aguada,18.379626,-67.188421,0,1.0,0,0,3,Bombing/Explosion,3,Police,6,Explosives,0.0,0.0,Armed Commandos of Liberation,1970-04-01
197004240001,1970,4,24,217,United States,1,North America,California,Palo Alto,37.424305,-122.143913,0,0.0,1,0,7,Facility/Infrastructure Attack,8,Educational Institution,8,Incendiary,0.0,0.0,Student Radicals,1970-04-01
197004240002,1970,4,24,217,United States,1,North America,Maryland,Baltimore,39.308342,-76.616104,0,0.0,1,0,2,Armed Assault,3,Police,5,Firearms,1.0,1.0,Black Panthers,1970-04-01
197004240003,1970,4,24,217,United States,1,North America,New York,New York City,40.697132,-73.931351,0,0.0,1,0,3,Bombing/Explosion,4,Military,6,Explosives,0.0,0.0,Left-Wing Militants,1970-04-01
197004240004,1970,4,24,217,United States,1,North America,New York,New York City,40.697132,-73.931351,0,0.0,0,0,1,Assassination,7,Government (Diplomatic),5,Firearms,0.0,0.0,The World United Formosans for Independence (WUFI),1970-04-01
197004250001,1970,4,25,209,Turkey,10,Middle East & North Africa,Istanbul,Istanbul,41.106178,28.689863,0,0.0,1,0,3,Bombing/Explosion,6,Airports & Aircraft,6,Explosives,0.0,0.0,Palestinians,1970-04-01
197004250003,1970,4,25,217,United States,1,North America,Pennsylvania,Philadelphia,40.008171,-75.13549,0,0.0,1,0,7,Facility/Infrastructure Attack,8,Educational Institution,8,Incendiary,0.0,0.0,Left-Wing Militants,1970-04-01
197004250004,1970,4,25,217,United States,1,North America,Michigan,East Lansing,42.7375,-84.483779,0,1.0,1,0,3,Bombing/Explosion,1,Business,6,Explosives,0.0,0.0,Left-Wing Militants,1970-04-01
197004250005,1970,4,25,217,United States,1,North America,Michigan,East Lansing,42.7375,-84.483779,0,1.0,1,0,3,Bombing/Explosion,1,Business,6,Explosives,0.0,0.0,Left-Wing Militants,1970-04-01
197004250006,1970,4,25,217,United States,1,North America,Michigan,East Lansing,42.7375,-84.483779,0,1.0,1,0,3,Bombing/Explosion,1,Business,6,Explosives,0.0,0.0,Left-Wing Militants,1970-04-01
197004260001,1970,4,26,217,United States,1,North America,Louisiana,Baton Rouge,30.443335,-91.186994,0,1.0,1,0,3,Bombing/Explosion,2,Government (General),6,Explosives,0.0,0.0,Black Nationalists,1970-04-01
197004260002,1970,4,26,217,United States,1,North America,Louisiana,Baton Rouge,30.443335,-91.186994,0,1.0,1,0,3,Bombing/Explosion,9,Food or Water Supply,6,Explosives,0.0,0.0,Black Nationalists,1970-04-01
197004260003,1970,4,26,217,United States,1,North America,Minnesota,Robbinsdale,45.031807,-93.336547,0,0.0,1,0,3,Bombing/Explosion,2,Government (General),6,Explosives,0.0,0.0,Left-Wing Militants,1970-04-01
197004270001,1970,4,27,217,United States,1,North America,Iowa,Iowa City,41.657825,-91.526534,1,0.0,1,0,3,Bombing/Explosion,1,Business,6,Explosives,0.0,2.0,Black Nationalists,1970-04-01
197004270002,1970,4,27,217,United States,1,North America,Connecticut,New Haven,41.312065,-72.928288,0,0.0,1,0,7,Facility/Infrastructure Attack,8,Educational Institution,8,Incendiary,0.0,0.0,Student Radicals,1970-04-01
197004270003,1970,4,27,217,United States,1,North America,Illinois,Evanston,42.056459,-87.675267,0,0.0,1,0,7,Facility/Infrastructure Attack,8,Educational Institution,8,Incendiary,0.0,0.0,Student Radicals,1970-04-01
197004270004,1970,4,27,217,United States,1,North America,California,Fullerton,33.882923,-117.929104,0,0.0,0,0,3,Bombing/Explosion,8,Educational Institution,6,Explosives,0.0,0.0,Student Radicals,1970-04-01
197004270005,1970,4,27,217,United States,1,North America,Iowa,Ames,42.025345,-93.620199,0,0.0,0,0,7,Facility/Infrastructure Attack,14,Private Citizens & Property,8,Incendiary,0.0,0.0,Left-Wing Militants,1970-04-01
197004270006,1970,4,27,217,United States,1,North America,Missouri,St. Charles,38.788097,-90.497479,0,0.0,1,0,3,Bombing/Explosion,14,Private Citizens & Property,6,Explosives,0.0,0.0,Unknown,1970-04-01
197004280001,1970,4,28,362,West Germany (FRG),8,Western Europe,Berlin,West Berlin,52.50153,13.401851,0,0.0,1,0,7,Facility/Infrastructure Attack,1,Business,8,Incendiary,0.0,0.0,Extraparliamentary Opposition (APO),1970-04-01
197004280002,1970,4,28,499,East Germany (GDR),9,Eastern Europe,Berlin,Berlin,52.50153,13.401851,-9,0.0,1,0,7,Facility/Infrastructure Attack,2,Government (General),8,Incendiary,,,Unknown,1970-04-01
197004290001,1970,4,29,217,United States,1,North America,New York,New York City,40.697132,-73.931351,0,0.0,0,0,3,Bombing/Explosion,3,Police,6,Explosives,0.0,0.0,Black Nationalists,1970-04-01
197004300001,1970,4,30,217,United States,1,North America,Louisiana,Baton Rouge,30.443335,-91.186994,0,0.0,0,0,3,Bombing/Explosion,1,Business,6,Explosives,0.0,0.0,Black Nationalists,1970-04-01
197005000001,1970,5,0,217,United States,1,North America,Massachusetts,Boston,42.290156,-71.04897,1,0.0,1,0,7,Facility/Infrastructure Attack,15,Religious Figures/Institutions,8,Incendiary,0.0,0.0,Black Nationalists,1970-05-01
197005000002,1970,5,0,217,United States,1,North America,Puerto Rico,Rio Piedras,18.386932,-66.061127,1,0.0,1,0,3,Bombing/Explosion,1,Business,6,Explosives,0.0,1.0,Puerto Rican Nationalists,1970-05-01
197005010002,1970,5,1,217,United States,1,North America,New York,New York City,40.697132,-73.931351,0,0.0,1,0,7,Facility/Infrastructure Attack,4,Military,8,Incendiary,0.0,0.0,Left-Wing Militants,1970-05-01
197005010003,1970,5,1,217,United States,1,North America,Indiana,Greencastle,39.640397,-86.861622,0,0.0,1,0,3,Bombing/Explosion,4,Military,6,Explosives,0.0,0.0,Student Radicals,1970-05-01
197005010004,1970,5,1,217,United States,1,North America,Connecticut,New Haven,41.316324,-72.922343,0,0.0,1,0,3,Bombing/Explosion,8,Educational Institution,6,Explosives,0.0,2.0,Student Radicals,1970-05-01
197005010005,1970,5,1,217,United States,1,North America,New York,New York City,40.697132,-73.931351,0,1.0,1,0,3,Bombing/Explosion,1,Business,6,Explosives,0.0,10.0,Armed Revolutionary Independence Movement (MIRA),1970-05-01
197005010006,1970,5,1,217,United States,1,North America,New York,New York City,40.697132,-73.931351,0,1.0,1,0,3,Bombing/Explosion,1,Business,6,Explosives,0.0,1.0,Armed Revolutionary Independence Movement (MIRA),1970-05-01
197005010007,1970,5,1,217,United States,1,North America,Illinois,Champaign,40.1142,-88.243499,0,0.0,1,0,7,Facility/Infrastructure Attack,1,Business,8,Incendiary,0.0,0.0,Revolutionary Force 26,1970-05-01
197005010008,1970,5,1,217,United States,1,North America,Illinois,Champaign,40.1142,-88.243499,0,0.0,1,0,7,Facility/Infrastructure Attack,1,Business,8,Incendiary,0.0,0.0,Revolutionary Force 26,1970-05-01
197005040001,1970,5,4,158,Paraguay,3,South America,Asuncion,Asuncion,-25.282773,-57.63561,0,0.0,1,0,1,Assassination,7,Government (Diplomatic),5,Firearms,1.0,1.0,Palestinians,1970-05-01
197005040002,1970,5,4,217,United States,1,North America,Maryland,Jennings,39.645039,-79.183128,0,0.0,1,0,7,Facility/Infrastructure Attack,2,Government (General),8,Incendiary,0.0,0.0,Strikers,1970-05-01
197005040003,1970,5,4,217,United States,1,North America,North Carolina,Chapel Hill,35.904912,-79.046913,0,0.0,1,0,3,Bombing/Explosion,4,Military,6,Explosives,0.0,0.0,Student Radicals,1970-05-01
197005040004,1970,5,4,217,United States,1,North America,Oklahoma,Norman,35.22076,-97.446599,1,0.0,1,0,7,Facility/Infrastructure Attack,2,Government (General),8,Incendiary,0.0,0.0,Left-Wing Militants,1970-05-01
197005040005,1970,5,4,217,United States,1,North America,Missouri,Maryville,40.347457,-94.872909,1,0.0,1,0,7,Facility/Infrastructure Attack,4,Military,8,Incendiary,0.0,0.0,Left-Wing Militants,1970-05-01
197005050001,1970,5,5,499,East Germany (GDR),9,Eastern Europe,Berlin,Berlin,52.50153,13.401851,0,0.0,1,0,7,Facility/Infrastructure Attack,7,Government (Diplomatic),8,Incendiary,0.0,0.0,Extraparliamentary Opposition (APO),1970-05-01
197005050002,1970,5,5,217,United States,1,North America,Idaho,Lewiston,46.404973,-117.009341,0,0.0,1,0,7,Facility/Infrastructure Attack,4,Military,8,Incendiary,0.0,0.0,Left-Wing Militants,1970-05-01
197005050004,1970,5,5,217,United States,1,North America,Florida,Coral Gables,25.720851,-80.277857,0,0.0,1,0,3,Bombing/Explosion,8,Educational Institution,6,Explosives,0.0,0.0,Black Afro Militant Movement,1970-05-01
197005050005,1970,5,5,217,United States,1,North America,Florida,Orlando,28.538235,-81.377389,0,0.0,1,0,7,Facility/Infrastructure Attack,2,Government (General),8,Incendiary,0.0,0.0,Left-Wing Militants,1970-05-01
197005050006,1970,5,5,217,United States,1,North America,New York,New York City,40.697132,-73.931351,0,0.0,1,0,3,Bombing/Explosion,1,Business,6,Explosives,0.0,2.0,Unknown,1970-05-01
197005060001,1970,5,6,217,United States,1,North America,California,Oakland,37.791927,-122.225906,1,0.0,1,0,7,Facility/Infrastructure Attack,2,Government (General),8,Incendiary,0.0,0.0,Left-Wing Militants,1970-05-01
197005060002,1970,5,6,217,United States,1,North America,Washington,Longview,46.143582,-122.925645,0,0.0,1,0,3,Bombing/Explosion,4,Military,6,Explosives,0.0,0.0,Left-Wing Militants,1970-05-01
197005060003,1970,5,6,217,United States,1,North America,Pennsylvania,Reading,40.336585,-75.927843,1,0.0,1,0,7,Facility/Infrastructure Attack,4,Military,8,Incendiary,0.0,0.0,Left-Wing Militants,1970-05-01
197005060004,1970,5,6,217,United States,1,North America,Oregon,Portland,45.511795,-122.675629,1,0.0,1,0,7,Facility/Infrastructure Attack,2,Government (General),8,Incendiary,0.0,0.0,Left-Wing Militants,1970-05-01
197005060005,1970,5,6,217,United States,1,North America,California,San Pedro,33.73787,-118.284664,0,0.0,0,0,7,Facility/Infrastructure Attack,4,Military,8,Incendiary,0.0,0.0,Left-Wing Militants,1970-05-01
197005060006,1970,5,6,217,United States,1,North America,Oregon,Portland,45.511795,-122.675629,0,0.0,1,0,7,Facility/Infrastructure Attack,2,Government (General),8,Incendiary,0.0,0.0,Left-Wing Militants,1970-05-01
197005060007,1970,5,6,217,United States,1,North America,Massachusetts,Boston,42.301631,-71.067605,1,0.0,1,0,7,Facility/Infrastructure Attack,15,Religious Figures/Institutions,8,Incendiary,0.0,0.0,Black Nationalists,1970-05-01
197005070002,1970,5,7,217,United States,1,North America,New York,New York City,40.697132,-73.931351,1,0.0,1,0,3,Bombing/Explosion,1,Business,6,Explosives,0.0,0.0,Unknown,1970-05-01
197005080001,1970,5,8,217,United States,1,North America,Connecticut,New London,41.356445,-72.096469,1,0.0,1,0,7,Facility/Infrastructure Attack,4,Military,8,Incendiary,0.0,0.0,Left-Wing Militants,1970-05-01
197005090001,1970,5,9,217,United States,1,North America,New York,New York City,40.818985,-73.595724,0,0.0,1,0,7,Facility/Infrastructure Attack,8,Educational Institution,8,Incendiary,0.0,12.0,Stop the War Coalition,1970-05-01
197005090002,1970,5,9,217,United States,1,North America,California,Los Angeles,34.097866,-118.407379,0,0.0,1,0,3,Bombing/Explosion,2,Government (General),6,Explosives,0.0,0.0,Left-Wing Militants,1970-05-01
197005090003,1970,5,9,217,United States,1,North America,California,Sacramento,38.551295,-121.471066,0,0.0,1,0,2,Armed Assault,3,Police,5,Firearms,1.0,0.0,Black Nationalists,1970-05-01
197005100001,1970,5,10,499,East Germany (GDR),9,Eastern Europe,Berlin,Berlin,52.50153,13.401851,0,0.0,1,0,7,Facility/Infrastructure Attack,1,Business,8,Incendiary,0.0,0.0,Extraparliamentary Opposition (APO),1970-05-01
197005100002,1970,5,10,217,United States,1,North America,District of Columbia,Washington,38.908642,-77.015381,0,0.0,1,0,3,Bombing/Explosion,12,NGO,6,Explosives,0.0,0.0,"Weather Underground, Weathermen",1970-05-01
197005120001,1970,5,12,199,Switzerland,8,Western Europe,Geneva,Geneva,46.198392,6.142296,0,0.0,1,0,3,Bombing/Explosion,6,Airports & Aircraft,6,Explosives,,,1st of May Group,1970-05-01
197005120002,1970,5,12,217,United States,1,North America,Texas,Houston,29.813822,-95.365295,0,0.0,1,0,3,Bombing/Explosion,16,Telecommunication,6,Explosives,0.0,0.0,Ku Klux Klan,1970-05-01
197005120003,1970,5,12,217,United States,1,North America,Michigan,Detroit,42.331685,-83.047924,0,0.0,1,0,7,Facility/Infrastructure Attack,2,Government (General),8,Incendiary,0.0,0.0,Left-Wing Militants,1970-05-01
197005130001,1970,5,13,217,United States,1,North America,Iowa,Des Moines,41.579662,-93.621506,0,0.0,1,0,3,Bombing/Explosion,3,Police,6,Explosives,0.0,2.0,Black Panthers,1970-05-01
197005130002,1970,5,13,217,United States,1,North America,Utah,Salt Lake City,40.759505,-111.888229,0,0.0,1,0,3,Bombing/Explosion,4,Military,6,Explosives,0.0,0.0,Left-Wing Militants,1970-05-01
197005130003,1970,5,13,217,United States,1,North America,North Carolina,Oxford,36.312,-78.5882,1,0.0,1,0,7,Facility/Infrastructure Attack,14,Private Citizens & Property,8,Incendiary,0.0,0.0,Black Nationalists,1970-05-01
197005130004,1970,5,13,217,United States,1,North America,Florida,Miami,25.774591,-80.214195,0,0.0,1,0,7,Facility/Infrastructure Attack,1,Business,8,Incendiary,0.0,0.0,Black Afro Militant Movement,1970-05-01
197005140001,1970,5,14,217,United States,1,North America,Massachusetts,Melrose,42.45717,-71.064049,1,0.0,1,0,7,Facility/Infrastructure Attack,4,Military,8,Incendiary,0.0,0.0,Left-Wing Militants,1970-05-01
197005140002,1970,5,14,217,United States,1,North America,New York,New York City,40.697132,-73.931351,0,0.0,1,0,3,Bombing/Explosion,8,Educational Institution,6,Explosives,0.0,0.0,Student Radicals,1970-05-01
197005140003,1970,5,14,217,United States,1,North America,California,Long Beach,33.783824,-118.11409,0,0.0,0,0,3,Bombing/Explosion,8,Educational Institution,6,Explosives,0.0,0.0,Student Radicals,1970-05-01
197005140004,1970,5,14,217,United States,1,North America,North Carolina,Oxford,36.312,-78.5882,1,0.0,0,0,7,Facility/Infrastructure Attack,1,Business,8,Incendiary,0.0,0.0,Black Nationalists,1970-05-01
197005150001,1970,5,15,362,West Germany (FRG),8,Western Europe,Berlin,West Berlin,52.50153,13.401851,-9,0.0,1,0,7,Facility/Infrastructure Attack,1,Business,8,Incendiary,,,Unknown,1970-05-01
197005150002,1970,5,15,218,Uruguay,3,South America,Montevideo,Montevideo,-34.891151,-56.187214,0,0.0,1,0,1,Assassination,4,Military,5,Firearms,0.0,0.0,Tupamaros (Uruguay),1970-05-01
197005150003,1970,5,15,362,West Germany (FRG),8,Western Europe,Berlin,West Berlin,52.50153,13.401851,-9,0.0,1,0,2,Armed Assault,1,Business,5,Firearms,,,Unknown,1970-05-01
197005150004,1970,5,15,217,United States,1,North America,Washington,Seattle,47.610786,-122.331306,0,0.0,0,0,3,Bombing/Explosion,1,Business,6,Explosives,1.0,0.0,Black Nationalists,1970-05-01
197005160001,1970,5,16,217,United States,1,North America,New York,New York City,40.697132,-73.931351,0,0.0,0,0,3,Bombing/Explosion,4,Military,6,Explosives,0.0,0.0,Cuban Action,1970-05-01
197005190001,1970,5,19,217,United States,1,North America,Missouri,Afton,38.550245,-90.332723,1,0.0,1,0,7,Facility/Infrastructure Attack,2,Government (General),8,Incendiary,0.0,0.0,Left-Wing Militants,1970-05-01
197005200001,1970,5,20,217,United States,1,North America,Florida,Quincy,30.588141,-84.580929,1,0.0,1,0,3,Bombing/Explosion,21,Utilities,6,Explosives,0.0,0.0,Unknown,1970-05-01
197005200002,1970,5,20,217,United States,1,North America,Pennsylvania,Carlisle,40.20119,-77.189169,1,0.0,0,0,7,Facility/Infrastructure Attack,2,Government (General),8,Incendiary,0.0,0.0,Left-Wing Militants,1970-05-01
197005200003,1970,5,20,217,United States,1,North America,Florida,Miami,25.774591,-80.214195,0,0.0,1,0,7,Facility/Infrastructure Attack,8,Educational Institution,8,Incendiary,0.0,0.0,Black Afro Militant Movement,1970-05-01
197005210001,1970,5,21,217,United States,1,North America,California,Trona,35.76625,-117.370674,0,0.0,1,0,3,Bombing/Explosion,14,Private Citizens & Property,6,Explosives,0.0,0.0,Strikers,1970-05-01
197005220001,1970,5,22,217,United States,1,North America,New York,New York City,40.697132,-73.931351,0,0.0,1,0,8,Unarmed Assault,17,Terrorists/Non-State Militia,9,Melee,0.0,3.0,Jewish Defense League (JDL),1970-05-01
197005220002,1970,5,22,217,United States,1,North America,Minnesota,St. Paul,44.946604,-93.136446,0,0.0,1,0,2,Armed Assault,3,Police,5,Firearms,1.0,0.0,Black Nationalists,1970-05-01
197005220003,1970,5,22,217,United States,1,North America,Iowa,Ames,42.025345,-93.620199,0,0.0,1,0,3,Bombing/Explosion,3,Police,6,Explosives,0.0,10.0,Black Panthers,1970-05-01
197005250001,1970,5,25,217,United States,1,North America,North Carolina,Oxford,36.312,-78.5882,1,0.0,1,0,7,Facility/Infrastructure Attack,1,Business,8,Incendiary,0.0,0.0,Black Nationalists,1970-05-01
197005260001,1970,5,26,217,United States,1,North America,North Carolina,Oxford,36.312,-78.5882,0,1.0,1,0,7,Facility/Infrastructure Attack,1,Business,8,Incendiary,0.0,0.0,Black Nationalists,1970-05-01
197005260002,1970,5,26,217,United States,1,North America,North Carolina,Oxford,36.312,-78.5882,0,1.0,1,0,7,Facility/Infrastructure Attack,1,Business,8,Incendiary,0.0,0.0,Black Nationalists,1970-05-01
197005270001,1970,5,27,217,United States,1,North America,California,Los Angeles,34.097866,-118.407379,0,0.0,1,0,3,Bombing/Explosion,2,Government (General),6,Explosives,0.0,0.0,Left-Wing Militants,1970-05-01
197005270002,1970,5,27,217,United States,1,North America,Massachusetts,Boston,42.301631,-71.067605,1,1.0,1,0,7,Facility/Infrastructure Attack,15,Religious Figures/Institutions,8,Incendiary,0.0,0.0,Black Nationalists,1970-05-01
197005270003,1970,5,27,217,United States,1,North America,Massachusetts,Boston,42.301631,-71.067605,1,1.0,1,0,7,Facility/Infrastructure Attack,15,Religious Figures/Institutions,8,Incendiary,0.0,0.0,Black Nationalists,1970-05-01
197005280001,1970,5,28,217,United States,1,North America,California,Sacramento,38.579065,-121.491014,0,0.0,1,0,2,Armed Assault,3,Police,5,Firearms,1.0,0.0,Black Panthers,1970-05-01
197005280002,1970,5,28,217,United States,1,North America,Arizona,Phoenix,33.44826,-112.075774,0,0.0,0,0,3,Bombing/Explosion,2,Government (General),6,Explosives,0.0,0.0,Left-Wing Militants,1970-05-01
197005280003,1970,5,28,217,United States,1,North America,New York,New York City,40.697132,-73.931351,0,0.0,1,0,3,Bombing/Explosion,8,Educational Institution,6,Explosives,0.0,0.0,Student Radicals,1970-05-01
197005280004,1970,5,28,217,United States,1,North America,California,Fullerton,33.882923,-117.929104,1,0.0,1,0,7,Facility/Infrastructure Attack,8,Educational Institution,8,Incendiary,0.0,0.0,Right-wing extremists,1970-05-01
197005290001,1970,5,29,11,Argentina,3,South America,Buenos Aires,Buenos Aires,-34.61768,-58.444435,0,0.0,1,0,6,Hostage Taking (Kidnapping),2,Government (General),13,Unknown,1.0,0.0,Montoneros (Argentina),1970-05-01
197005290002,1970,5,29,218,Uruguay,3,South America,Montevideo,Montevideo,-34.891151,-56.187214,1,0.0,1,0,2,Armed Assault,4,Military,5,Firearms,0.0,0.0,Tupamaros (Uruguay),1970-05-01
197005290004,1970,5,29,217,United States,1,North America,California,Oakland,37.791927,-122.225906,0,0.0,0,0,3,Bombing/Explosion,14,Private Citizens & Property,6,Explosives,0.0,0.0,Black Nationalists,1970-05-01
197005290005,1970,5,29,217,United States,1,North America,California,San Diego,32.715695,-117.161719,0,0.0,1,0,7,Facility/Infrastructure Attack,4,Military,11,Sabotage Equipment,0.0,0.0,Left-Wing Militants,1970-05-01
197005300001,1970,5,30,217,United States,1,North America,New York,New York City,40.697132,-73.931351,0,0.0,1,0,3,Bombing/Explosion,1,Business,6,Explosives,0.0,0.0,Left-Wing Militants,1970-05-01
197006010001,1970,6,1,11,Argentina,3,South America,Unknown,Unknown,,,0,0.0,1,0,1,Assassination,2,Government (General),5,Firearms,1.0,0.0,Montoneros (Argentina),1970-06-01
197006020001,1970,6,2,160,Philippines,5,Southeast Asia,Capiz,Roxas,11.586558,122.753716,0,0.0,1,0,3,Bombing/Explosion,6,Airports & Aircraft,6,Explosives,1.0,12.0,Unknown,1970-06-01
197006020002,1970,6,2,217,United States,1,North America,Louisiana,Baton Rouge,30.443335,-91.186994,0,0.0,1,0,3,Bombing/Explosion,21,Utilities,6,Explosives,0.0,0.0,Unknown,1970-06-01
197006020003,1970,6,2,217,United States,1,North America,Illinois,Joliet,41.524935,-88.084594,1,0.0,0,0,1,Assassination,14,Private Citizens & Property,6,Explosives,0.0,1.0,Unknown,1970-06-01
197006030001,1970,6,3,217,United States,1,North America,Oregon,Portland,45.511795,-122.675629,0,0.0,1,0,7,Facility/Infrastructure Attack,2,Government (General),8,Incendiary,0.0,0.0,Left-Wing Militants,1970-06-01
197006040001,1970,6,4,217,United States,1,North America,California,Oakland,37.791927,-122.225906,0,0.0,1,0,3,Bombing/Explosion,3,Police,6,Explosives,0.0,0.0,Black Nationalists,1970-06-01
197006050001,1970,6,5,217,United States,1,North America,California,Los Angeles,34.097866,-118.407379,0,0.0,1,0,3,Bombing/Explosion,4,Military,6,Explosives,0.0,0.0,Student Radicals,1970-06-01
197006060001,1970,6,6,160,Philippines,5,Southeast Asia,Metropolitan Manila,Quezon City,14.67428,121.057495,0,0.0,1,0,3,Bombing/Explosion,7,Government (Diplomatic),6,Explosives,0.0,0.0,Kabataang Makabayan (KM),1970-06-01
197006060002,1970,6,6,362,West Germany (FRG),8,Western Europe,Berlin,West Berlin,52.50153,13.401851,0,0.0,1,0,2,Armed Assault,1,Business,5,Firearms,,,Extraparliamentary Opposition (APO),1970-06-01
197006060003,1970,6,6,362,West Germany (FRG),8,Western Europe,Berlin,West Berlin,52.50153,13.401851,0,0.0,1,0,2,Armed Assault,2,Government (General),5,Firearms,,,Extraparliamentary Opposition (APO),1970-06-01
197006060004,1970,6,6,217,United States,1,North America,New York,New York City,40.697132,-73.931351,0,0.0,1,0,7,Facility/Infrastructure Attack,1,Business,2,Chemical,0.0,0.0,Unknown,1970-06-01
197006060005,1970,6,6,217,United States,1,North America,California,Berkeley,37.874043,-122.280022,0,0.0,0,0,3,Bombing/Explosion,3,Police,6,Explosives,0.0,0.0,Black Nationalists,1970-06-01
197006070001,1970,6,7,102,Jordan,10,Middle East & North Africa,Amman,Amman,31.950001,35.933331,1,0.0,0,0,9,Unknown,4,Military,13,Unknown,0.0,1.0,Unknown,1970-06-01
197006070002,1970,6,7,102,Jordan,10,Middle East & North Africa,Amman,Amman,31.950001,35.933331,0,0.0,1,0,6,Hostage Taking (Kidnapping),7,Government (Diplomatic),13,Unknown,,0.0,Popular Front for the Liberation of Palestine (PFLP),1970-06-01
197006070003,1970,6,7,217,United States,1,North America,California,Los Angeles,33.96307,-118.232573,1,0.0,1,0,3,Bombing/Explosion,3,Police,6,Explosives,0.0,0.0,Black Nationalists,1970-06-01
197006080001,1970,6,8,217,United States,1,North America,Illinois,Chicago,41.842602,-87.681229,0,0.0,1,0,3,Bombing/Explosion,2,Government (General),6,Explosives,0.0,0.0,"Weather Underground, Weathermen",1970-06-01
197006080002,1970,6,8,217,United States,1,North America,California,Oakland,37.791927,-122.225906,0,0.0,1,0,3,Bombing/Explosion,4,Military,6,Explosives,0.0,0.0,Left-Wing Militants,1970-06-01
197006090001,1970,6,9,222,Venezuela,3,South America,Lara,Barquisimeto,10.063506,-69.334722,0,0.0,1,0,6,Hostage Taking (Kidnapping),1,Business,13,Unknown,0.0,0.0,Armed Forces of National Liberation- Venezuela (FALN),1970-06-01
197006090002,1970,6,9,94,Iran,10,Middle East & North Africa,Tehran,Tehran,35.724533,51.40519,0,0.0,1,0,3,Bombing/Explosion,6,Airports & Aircraft,6,Explosives,,,Popular Front for the Liberation of Palestine (PFLP),1970-06-01
197006090003,1970,6,9,217,United States,1,North America,New York,New York City,40.697132,-73.931351,0,0.0,1,0,3,Bombing/Explosion,3,Police,6,Explosives,,,"Weather Underground, Weathermen",1970-06-01
197006090004,1970,6,9,102,Jordan,10,Middle East & North Africa,Amman,Amman,31.950001,35.933331,0,1.0,1,0,5,Hostage Taking (Barricade Incident),1,Business,5,Firearms,0.0,0.0,Popular Front for the Liberation of Palestine (PFLP),1970-06-01
197006090005,1970,6,9,102,Jordan,10,Middle East & North Africa,Amman,Amman,31.950001,35.933331,0,1.0,1,0,5,Hostage Taking (Barricade Incident),1,Business,5,Firearms,0.0,0.0,Popular Front for the Liberation of Palestine (PFLP),1970-06-01
197006090007,1970,6,9,217,United States,1,North America,Illinois,Galesburg,40.946915,-90.364659,0,0.0,1,0,7,Facility/Infrastructure Attack,2,Government (General),8,Incendiary,0.0,0.0,Left-Wing Militants,1970-06-01
197006090008,1970,6,9,217,United States,1,North America,New Jersey,Newark,40.73197,-74.174184,0,0.0,0,0,1,Assassination,14,Private Citizens & Property,5,Firearms,0.0,1.0,Black Nationalists,1970-06-01
197006100001,1970,6,10,102,Jordan,10,Middle East & North Africa,Amman,Amman,31.950001,35.933331,1,0.0,1,0,1,Assassination,4,Military,13,Unknown,1.0,0.0,Popular Front for the Liberation of Palestine (PFLP),1970-06-01
197006110001,1970,6,11,30,Brazil,3,South America,Rio de Janeiro,Rio de Janeiro,-22.908278,-43.197026,0,0.0,1,0,6,Hostage Taking (Kidnapping),7,Government (Diplomatic),13,Unknown,1.0,0.0,Popular Revolutionary Vanguard (VPR),1970-06-01
197006110002,1970,6,11,94,Iran,10,Middle East & North Africa,Tehran,Tehran,35.724533,51.40519,0,0.0,1,0,3,Bombing/Explosion,6,Airports & Aircraft,6,Explosives,,,Unknown,1970-06-01
197006110003,1970,6,11,217,United States,1,North America,Nebraska,Omaha,41.260675,-95.940469,0,0.0,1,0,3,Bombing/Explosion,3,Police,6,Explosives,0.0,0.0,Black Panthers,1970-06-01
197006120001,1970,6,12,218,Uruguay,3,South America,Montevideo,Montevideo,-34.891151,-56.187214,0,0.0,1,0,9,Unknown,7,Government (Diplomatic),13,Unknown,0.0,0.0,Tupamaros (Uruguay),1970-06-01
197006120002,1970,6,12,217,United States,1,North America,Illinois,Cairo,37.005322,-89.176156,0,0.0,0,0,3,Bombing/Explosion,2,Government (General),6,Explosives,0.0,0.0,Black Nationalists,1970-06-01
197006120003,1970,6,12,217,United States,1,North America,Illinois,Cairo,37.005105,-89.176269,0,0.0,1,0,2,Armed Assault,3,Police,5,Firearms,0.0,1.0,Black Nationalists,1970-06-01
197006130001,1970,6,13,217,United States,1,North America,Iowa,Des Moines,41.579662,-93.621506,0,0.0,1,0,3,Bombing/Explosion,1,Business,6,Explosives,0.0,20.0,Black Panthers,1970-06-01
197006130002,1970,6,13,217,United States,1,North America,Missouri,Kansas City,39.176086,-94.574127,1,0.0,1,0,3,Bombing/Explosion,1,Business,6,Explosives,0.0,0.0,Black Nationalists,1970-06-01
197006140001,1970,6,14,362,West Germany (FRG),8,Western Europe,Berlin,West Berlin,52.50153,13.401851,-9,0.0,1,0,7,Facility/Infrastructure Attack,2,Government (General),8,Incendiary,,,Unknown,1970-06-01
197006140002,1970,6,14,362,West Germany (FRG),8,Western Europe,Berlin,West Berlin,52.50153,13.401851,-9,0.0,1,0,7,Facility/Infrastructure Attack,2,Government (General),8,Incendiary,,,Unknown,1970-06-01
197006150001,1970,6,15,217,United States,1,North America,California,Manhattan Beach,33.887157,-118.410843,1,0.0,1,0,3,Bombing/Explosion,3,Police,6,Explosives,0.0,0.0,Black Nationalists,1970-06-01
197006170001,1970,6,17,217,United States,1,North America,California,Emeryville,37.831455,-122.285164,0,0.0,1,0,3,Bombing/Explosion,3,Police,6,Explosives,0.0,3.0,Black Nationalists,1970-06-01
197006180001,1970,6,18,217,United States,1,North America,New York,New York City,40.697132,-73.931351,0,0.0,1,0,7,Facility/Infrastructure Attack,8,Educational Institution,8,Incendiary,0.0,0.0,Student Radicals,1970-06-01
197006180002,1970,6,18,217,United States,1,North America,New York,New York City,40.697132,-73.931351,0,0.0,1,0,7,Facility/Infrastructure Attack,13,Other,8,Incendiary,0.0,0.0,Black Nationalists,1970-06-01
197006190001,1970,6,19,217,United States,1,North America,California,Berkeley,37.874043,-122.280022,-9,0.0,1,0,3,Bombing/Explosion,1,Business,6,Explosives,,,Unknown,1970-06-01
197006190002,1970,6,19,217,United States,1,North America,California,Berkeley,37.874043,-122.280022,-9,0.0,1,0,3,Bombing/Explosion,1,Business,6,Explosives,0.0,0.0,Unknown,1970-06-01
197006190003,1970,6,19,217,United States,1,North America,Illinois,Chicago,41.842602,-87.681229,0,0.0,1,0,2,Armed Assault,3,Police,5,Firearms,1.0,0.0,Black Nationalists,1970-06-01
197006190004,1970,6,19,217,United States,1,North America,California,San Francisco,37.755363,-122.443352,0,0.0,1,0,2,Armed Assault,3,Police,5,Firearms,1.0,0.0,Black Nationalists,1970-06-01
197006210001,1970,6,21,217,United States,1,North America,Iowa,Des Moines,41.579662,-93.621506,0,0.0,0,0,3,Bombing/Explosion,3,Police,6,Explosives,0.0,0.0,Black Panthers,1970-06-01
197006230001,1970,6,23,362,West Germany (FRG),8,Western Europe,Berlin,West Berlin,52.50153,13.401851,-9,0.0,1,0,7,Facility/Infrastructure Attack,2,Government (General),8,Incendiary,,,Unknown,1970-06-01
197006230003,1970,6,23,217,United States,1,North America,California,San Francisco,37.755363,-122.443352,0,0.0,0,0,3,Bombing/Explosion,4,Military,6,Explosives,0.0,0.0,Left-Wing Militants,1970-06-01
197006230004,1970,6,23,217,United States,1,North America,New York,New York City,40.697132,-73.931351,0,0.0,1,0,3,Bombing/Explosion,1,Business,6,Explosives,0.0,0.0,Jewish Defense League (JDL),1970-06-01
197006250001,1970,6,25,217,United States,1,North America,Texas,Longview,32.50064,-94.741075,0,0.0,1,0,3,Bombing/Explosion,14,Private Citizens & Property,6,Explosives,0.0,0.0,White supremacists/nationalists,1970-06-01
197006260001,1970,6,26,603,United Kingdom,8,Western Europe,Northern Ireland,Londonderry,55.011562,-7.312045,0,0.0,0,0,2,Armed Assault,17,Terrorists/Non-State Militia,8,Incendiary,5.0,,Irish Republican Army (IRA),1970-06-01
197006270001,1970,6,27,603,United Kingdom,8,Western Europe,Northern Ireland,Londonderry,55.011562,-7.312045,0,0.0,1,0,2,Armed Assault,14,Private Citizens & Property,5,Firearms,3.0,,Irish Republican Army (IRA),1970-06-01
197006270002,1970,6,27,603,United Kingdom,8,Western Europe,Northern Ireland,Belfast,54.607712,-5.95621,0,0.0,1,0,2,Armed Assault,14,Private Citizens & Property,5,Firearms,1.0,,Irish Republican Army (IRA),1970-06-01
197006270003,1970,6,27,603,United Kingdom,8,Western Europe,Northern Ireland,Belfast,54.607712,-5.95621,0,0.0,1,0,2,Armed Assault,14,Private Citizens & Property,5,Firearms,1.0,,Irish Republican Army (IRA),1970-06-01
197006270004,1970,6,27,603,United Kingdom,8,Western Europe,Northern Ireland,Belfast,54.607712,-5.95621,0,0.0,1,0,2,Armed Assault,15,Religious Figures/Institutions,5,Firearms,3.0,1.0,Ulster Volunteer Force (UVF),1970-06-01
197006280001,1970,6,28,217,United States,1,North America,Michigan,Detroit,42.331685,-83.047924,0,0.0,0,0,2,Armed Assault,3,Police,5,Firearms,0.0,3.0,National Committee to Combat Fascism,1970-06-01
197006290001,1970,6,29,217,United States,1,North America,Iowa,Des Moines,41.579662,-93.621506,0,0.0,1,0,3,Bombing/Explosion,8,Educational Institution,6,Explosives,0.0,0.0,Black Panthers,1970-06-01
197006290002,1970,6,29,217,United States,1,North America,Wisconsin,Whitefish Bay,43.118461,-87.902289,0,0.0,0,0,3,Bombing/Explosion,1,Business,6,Explosives,0.0,0.0,Left-Wing Militants,1970-06-01
197006300001,1970,6,30,217,United States,1,North America,New Jersey,Plainfield,40.617623,-74.417061,0,0.0,1,0,2,Armed Assault,3,Police,5,Firearms,1.0,1.0,Black Nationalists,1970-06-01
197006300002,1970,6,30,217,United States,1,North America,New York,New York City,40.697132,-73.931351,0,1.0,1,0,7,Facility/Infrastructure Attack,1,Business,8,Incendiary,0.0,0.0,Unknown,1970-06-01
197006300003,1970,6,30,217,United States,1,North America,New York,New York City,40.697132,-73.931351,0,1.0,1,0,7,Facility/Infrastructure Attack,1,Business,8,Incendiary,0.0,0.0,Unknown,1970-06-01
197006300004,1970,6,30,217,United States,1,North America,New York,New York City,40.697132,-73.931351,0,1.0,1,0,7,Facility/Infrastructure Attack,1,Business,8,Incendiary,0.0,0.0,Unknown,1970-06-01
197006300005,1970,6,30,217,United States,1,North America,New York,New York City,40.697132,-73.931351,0,1.0,1,0,7,Facility/Infrastructure Attack,1,Business,8,Incendiary,0.0,0.0,Unknown,1970-06-01
197007000001,1970,7,0,217,United States,1,North America,Wisconsin,Wauwatosa,43.074701,-88.008394,0,0.0,0,0,3,Bombing/Explosion,1,Business,6,Explosives,0.0,0.0,Left-Wing Militants,1970-07-01
197007000002,1970,7,0,217,United States,1,North America,Massachusetts,Boston,42.290156,-71.04897,1,0.0,1,0,7,Facility/Infrastructure Attack,15,Religious Figures/Institutions,8,Incendiary,0.0,0.0,Black Nationalists,1970-07-01
197007010003,1970,7,1,30,Brazil,3,South America,Rio de Janeiro,Rio de Janeiro,-22.908278,-43.197026,-9,0.0,0,0,4,Hijacking,6,Airports & Aircraft,13,Unknown,0.0,0.0,Unknown,1970-07-01
197007010004,1970,7,1,217,United States,1,North America,District of Columbia,Washington,38.908642,-77.015381,0,1.0,1,0,3,Bombing/Explosion,14,Private Citizens & Property,6,Explosives,0.0,0.0,Revolutionary Force Seven,1970-07-01
197007010005,1970,7,1,217,United States,1,North America,California,Berkeley,37.874043,-122.280022,0,0.0,1,0,3,Bombing/Explosion,8,Educational Institution,6,Explosives,0.0,0.0,Student Radicals,1970-07-01
197007020001,1970,7,2,217,United States,1,North America,District of Columbia,Washington,38.908642,-77.015381,0,1.0,1,0,3,Bombing/Explosion,7,Government (Diplomatic),6,Explosives,0.0,0.0,Revolutionary Force Seven,1970-07-01
197007020002,1970,7,2,217,United States,1,North America,District of Columbia,Washington,38.908642,-77.015381,0,1.0,1,0,3,Bombing/Explosion,7,Government (Diplomatic),6,Explosives,0.0,0.0,Revolutionary Force Seven,1970-07-01
197007020003,1970,7,2,217,United States,1,North America,District of Columbia,Washington,38.908642,-77.015381,0,1.0,1,0,3,Bombing/Explosion,7,Government (Diplomatic),6,Explosives,0.0,0.0,Revolutionary Force Seven,1970-07-01
197007020004,1970,7,2,217,United States,1,North America,District of Columbia,Washington,38.908642,-77.015381,0,1.0,1,0,3,Bombing/Explosion,7,Government (Diplomatic),6,Explosives,0.0,0.0,Revolutionary Force Seven,1970-07-01
197007020005,1970,7,2,217,United States,1,North America,Nebraska,Omaha,41.260675,-95.940469,0,0.0,1,0,3,Bombing/Explosion,1,Business,6,Explosives,0.0,0.0,Black Panthers,1970-07-01
197007020006,1970,7,2,217,United States,1,North America,California,Compton,33.895285,-118.224329,0,0.0,0,0,3,Bombing/Explosion,3,Police,6,Explosives,1.0,0.0,Black Nationalists,1970-07-01
197007030001,1970,7,3,217,United States,1,North America,New York,New York City,40.697132,-73.931351,1,0.0,0,0,3,Bombing/Explosion,14,Private Citizens & Property,6,Explosives,0.0,0.0,White supremacists/nationalists,1970-07-01
197007030002,1970,7,3,217,United States,1,North America,Washington,Seattle,47.610786,-122.331306,0,0.0,1,0,3,Bombing/Explosion,1,Business,6,Explosives,0.0,0.0,Seattle Liberation Front,1970-07-01
197007040001,1970,7,4,217,United States,1,North America,New York,New York City,40.697132,-73.931351,0,0.0,1,0,3,Bombing/Explosion,1,Business,6,Explosives,0.0,0.0,Unknown,1970-07-01
197007040002,1970,7,4,217,United States,1,North America,New York,New York City,40.697132,-73.931351,0,0.0,1,0,7,Facility/Infrastructure Attack,4,Military,8,Incendiary,0.0,0.0,Left-Wing Militants,1970-07-01
197007040003,1970,7,4,217,United States,1,North America,Texas,Longview,32.50064,-94.741075,0,0.0,1,0,3,Bombing/Explosion,8,Educational Institution,6,Explosives,0.0,0.0,White supremacists/nationalists,1970-07-01
197007040004,1970,7,4,217,United States,1,North America,Ohio,Akron,41.084195,-81.514059,1,0.0,1,0,3,Bombing/Explosion,14,Private Citizens & Property,6,Explosives,0.0,0.0,Unknown,1970-07-01
197007040005,1970,7,4,217,United States,1,North America,New York,Long Beach,40.5894,-73.666354,1,0.0,1,0,3,Bombing/Explosion,14,Private Citizens & Property,6,Explosives,0.0,0.0,Unknown,1970-07-01
197007040006,1970,7,4,217,United States,1,North America,California,San Francisco,37.755363,-122.443352,0,0.0,1,0,1,Assassination,14,Private Citizens & Property,5,Firearms,0.0,1.0,Strikers,1970-07-01
197007050001,1970,7,5,217,United States,1,North America,New York,New York City,40.697132,-73.931351,0,0.0,0,0,3,Bombing/Explosion,3,Police,6,Explosives,0.0,0.0,Black Nationalists,1970-07-01
197007070001,1970,7,7,217,United States,1,North America,New York,New York City,40.697132,-73.931351,0,0.0,1,0,3,Bombing/Explosion,14,Private Citizens & Property,6,Explosives,0.0,0.0,"Weather Underground, Weathermen",1970-07-01
197007070002,1970,7,7,217,United States,1,North America,New York,New York City,40.697132,-73.931351,0,0.0,0,0,3,Bombing/Explosion,7,Government (Diplomatic),6,Explosives,0.0,0.0,Unknown,1970-07-01
197007070003,1970,7,7,217,United States,1,North America,New York,New York City,40.697132,-73.931351,-9,0.0,1,0,3,Bombing/Explosion,1,Business,6,Explosives,0.0,0.0,Unknown,1970-07-01
197007070004,1970,7,7,217,United States,1,North America,New York,New York City,40.697132,-73.931351,0,0.0,1,0,3,Bombing/Explosion,7,Government (Diplomatic),6,Explosives,0.0,0.0,Unknown,1970-07-01
197007080001,1970,7,8,217,United States,1,North America,Alabama,Oneonta,33.948315,-86.472939,1,0.0,1,0,3,Bombing/Explosion,1,Business,6,Explosives,0.0,0.0,Unknown,1970-07-01
197007080002,1970,7,8,217,United States,1,North America,California,Petaluma,38.232471,-122.644448,0,0.0,1,0,7,Facility/Infrastructure Attack,10,Journalists & Media,8,Incendiary,0.0,0.0,Strikers,1970-07-01
197007090001,1970,7,9,362,West Germany (FRG),8,Western Europe,Bavaria,Munich,48.139126,11.580186,-9,0.0,1,0,7,Facility/Infrastructure Attack,2,Government (General),8,Incendiary,,,Unknown,1970-07-01
197007090002,1970,7,9,217,United States,1,North America,Illinois,Des Plaines,42.039274,-87.859977,0,0.0,1,0,7,Facility/Infrastructure Attack,2,Government (General),8,Incendiary,0.0,0.0,Left-Wing Militants,1970-07-01
197007100001,1970,7,10,45,Colombia,3,South America,Caldas,Manizales,5.059097,-75.50596,-9,0.0,1,0,6,Hostage Taking (Kidnapping),2,Government (General),13,Unknown,,,Unknown,1970-07-01
197007110001,1970,7,11,83,Guatemala,2,Central America & Caribbean,Unknown,Unknown,,,0,0.0,1,0,6,Hostage Taking (Kidnapping),1,Business,13,Unknown,,,Rebel Armed Forces of Guatemala (FAR),1970-07-01
197007110002,1970,7,11,217,United States,1,North America,Massachusetts,New Bedford,41.637675,-70.930869,1,0.0,1,0,2,Armed Assault,14,Private Citizens & Property,5,Firearms,1.0,3.0,White supremacists/nationalists,1970-07-01
197007120001,1970,7,12,217,United States,1,North America,California,Palo Alto,37.424305,-122.143913,-9,0.0,0,0,3,Bombing/Explosion,1,Business,6,Explosives,0.0,0.0,Unknown,1970-07-01
197007140001,1970,7,14,217,United States,1,North America,Illinois,Chicago,41.842602,-87.681229,0,0.0,1,0,7,Facility/Infrastructure Attack,12,NGO,8,Incendiary,0.0,0.0,Black Nationalists,1970-07-01
197007140002,1970,7,14,217,United States,1,North America,New York,New York City,40.697132,-73.931351,1,0.0,1,0,7,Facility/Infrastructure Attack,4,Military,8,Incendiary,0.0,0.0,Left-Wing Militants,1970-07-01
197007160001,1970,7,16,217,United States,1,North America,Illinois,Chicago,41.842602,-87.681229,0,0.0,1,0,7,Facility/Infrastructure Attack,12,NGO,8,Incendiary,0.0,0.0,White supremacists/nationalists,1970-07-01
197007160002,1970,7,16,217,United States,1,North America,New York,New York City,40.697132,-73.931351,1,0.0,1,0,7,Facility/Infrastructure Attack,4,Military,8,Incendiary,0.0,0.0,Left-Wing Militants,1970-07-01
197007160003,1970,7,16,217,United States,1,North America,Minnesota,St. Paul,44.943829,-93.093326,1,0.0,1,0,7,Facility/Infrastructure Attack,2,Government (General),8,Incendiary,0.0,0.0,Left-Wing Militants,1970-07-01
197007170001,1970,7,17,217,United States,1,North America,Illinois,Chicago,41.842602,-87.681229,0,0.0,1,0,2,Armed Assault,3,Police,5,Firearms,2.0,0.0,Black Nationalists,1970-07-01
197007180001,1970,7,18,217,United States,1,North America,New York,New York City,40.697132,-73.931351,0,0.0,1,0,3,Bombing/Explosion,1,Business,6,Explosives,0.0,0.0,Left-Wing Militants,1970-07-01
197007200001,1970,7,20,217,United States,1,North America,New York,New York City,40.697132,-73.931351,0,0.0,1,0,7,Facility/Infrastructure Attack,12,NGO,8,Incendiary,0.0,0.0,Black Nationalists,1970-07-01
197007210001,1970,7,21,26,Bolivia,3,South America,Unknown,Unknown,,,0,0.0,1,0,6,Hostage Taking (Kidnapping),1,Business,13,Unknown,0.0,0.0,Ejercito de Liberacion Nacional (Bolivia),1970-07-01
197007210002,1970,7,21,217,United States,1,North America,California,San Diego,32.715695,-117.161719,-9,0.0,1,0,3,Bombing/Explosion,1,Business,6,Explosives,0.0,0.0,Unknown,1970-07-01
197007210003,1970,7,21,217,United States,1,North America,New York,New York City,40.697132,-73.931351,0,0.0,1,0,3,Bombing/Explosion,3,Police,6,Explosives,0.0,0.0,Left-Wing Militants,1970-07-01
197007210004,1970,7,21,217,United States,1,North America,Wisconsin,Milwaukee,43.064388,-87.966202,1,0.0,1,0,3,Bombing/Explosion,1,Business,6,Explosives,0.0,0.0,Left-Wing Militants,1970-07-01
197007220001,1970,7,22,78,Greece,8,Western Europe,Attica,Athens,37.99749,23.762728,-9,0.0,1,0,4,Hijacking,6,Airports & Aircraft,5,Firearms,0.0,0.0,Arabs,1970-07-01
197007220002,1970,7,22,217,United States,1,North America,Wisconsin,Milwaukee,43.064388,-87.966202,1,0.0,1,0,3,Bombing/Explosion,21,Utilities,6,Explosives,0.0,0.0,Left-Wing Militants,1970-07-01
197007220003,1970,7,22,217,United States,1,North America,New Jersey,Camden,39.933449,-75.106743,1,0.0,1,0,7,Facility/Infrastructure Attack,4,Military,8,Incendiary,0.0,0.0,Left-Wing Militants,1970-07-01
197007230001,1970,7,23,145,Nicaragua,2,Central America & Caribbean,Managua,Managua,12.103822,-86.267014,0,0.0,1,0,6,Hostage Taking (Kidnapping),1,Business,13,Unknown,0.0,0.0,Sandinista National Liberation Front (FSLN),1970-07-01
197007230002,1970,7,23,217,United States,1,North America,California,Los Angeles,34.097866,-118.407379,1,0.0,1,0,3,Bombing/Explosion,2,Government (General),6,Explosives,0.0,0.0,Left-Wing Militants,1970-07-01
197007240001,1970,7,24,30,Brazil,3,South America,Pernambuco,Recife,-8.048021,-34.876338,-9,0.0,0,0,6,Hostage Taking (Kidnapping),7,Government (Diplomatic),13,Unknown,0.0,0.0,Unknown,1970-07-01
197007240002,1970,7,24,217,United States,1,North America,New York,New York City,40.697132,-73.931351,0,0.0,0,0,7,Facility/Infrastructure Attack,12,NGO,8,Incendiary,0.0,0.0,Jewish Defense League (JDL),1970-07-01
197007260001,1970,7,26,217,United States,1,North America,Missouri,St. Louis,38.62774,-90.199514,-9,0.0,1,0,1,Assassination,1,Business,6,Explosives,1.0,0.0,Unknown,1970-07-01
197007260002,1970,7,26,217,United States,1,North America,Wisconsin,Sparta,43.939135,-90.820369,1,0.0,1,0,3,Bombing/Explosion,4,Military,6,Explosives,0.0,0.0,American Servicemen's Union (ASU),1970-07-01
197007270001,1970,7,27,217,United States,1,North America,New York,New York City,40.697132,-73.931351,0,0.0,1,0,3,Bombing/Explosion,1,Business,6,Explosives,0.0,0.0,"Weather Underground, Weathermen",1970-07-01
197007270002,1970,7,26,217,United States,1,North America,Wisconsin,Sparta,43.939135,-90.820369,0,0.0,1,0,3,Bombing/Explosion,21,Utilities,6,Explosives,0.0,0.0,American Servicemen's Union (ASU),1970-07-01
197007270003,1970,7,26,217,United States,1,North America,Wisconsin,Sparta,43.939135,-90.820369,0,0.0,1,0,3,Bombing/Explosion,16,Telecommunication,6,Explosives,0.0,0.0,American Servicemen's Union (ASU),1970-07-01
197007270004,1970,7,27,217,United States,1,North America,California,San Francisco,37.755363,-122.443352,0,1.0,1,0,3,Bombing/Explosion,4,Military,6,Explosives,0.0,0.0,Left-Wing Militants,1970-07-01
197007270005,1970,7,27,217,United States,1,North America,California,San Francisco,37.755363,-122.443352,0,1.0,1,0,3,Bombing/Explosion,4,Military,6,Explosives,0.0,0.0,Left-Wing Militants,1970-07-01
197007280001,1970,7,28,218,Uruguay,3,South America,Montevideo,Montevideo,-34.891151,-56.187214,0,0.0,1,0,6,Hostage Taking (Kidnapping),2,Government (General),13,Unknown,0.0,0.0,Tupamaros (Uruguay),1970-07-01
197007280002,1970,7,28,217,United States,1,North America,Texas,Houston,29.813822,-95.365295,-9,0.0,1,0,3,Bombing/Explosion,1,Business,6,Explosives,0.0,0.0,Unknown,1970-07-01
197007280003,1970,7,28,185,Spain,8,Western Europe,Navarre,Pamplona,42.815372,-1.653616,0,0.0,1,0,3,Bombing/Explosion,10,Journalists & Media,6,Explosives,,,GAC,1970-07-01
197007300001,1970,7,30,217,United States,1,North America,California,Alameda,37.774422,-122.275475,0,0.0,1,0,3,Bombing/Explosion,2,Government (General),6,Explosives,0.0,0.0,"Weather Underground, Weathermen",1970-07-01
197007300002,1970,7,30,217,United States,1,North America,Illinois,Chicago,41.842602,-87.681229,0,0.0,0,0,3,Bombing/Explosion,21,Utilities,6,Explosives,0.0,0.0,Black Panthers,1970-07-01
197007310001,1970,7,31,218,Uruguay,3,South America,Montevideo,Montevideo,-34.891151,-56.187214,0,0.0,1,0,6,Hostage Taking (Kidnapping),7,Government (Diplomatic),13,Unknown,,,Tupamaros (Uruguay),1970-07-01
197007310002,1970,7,31,218,Uruguay,3,South America,Montevideo,Montevideo,-34.891151,-56.187214,0,0.0,1,0,6,Hostage Taking (Kidnapping),7,Government (Diplomatic),13,Unknown,0.0,0.0,Tupamaros (Uruguay),1970-07-01
197007310003,1970,7,31,218,Uruguay,3,South America,Montevideo,Montevideo,-34.891151,-56.187214,0,0.0,1,0,6,Hostage Taking (Kidnapping),2,Government (General),13,Unknown,1.0,0.0,Tupamaros (Uruguay),1970-07-01
197007310004,1970,7,31,11,Argentina,3,South America,Buenos Aires,Garin,-34.422436,-58.737755,0,0.0,1,0,2,Armed Assault,14,Private Citizens & Property,5,Firearms,0.0,0.0,Revolutionary Armed Forces- Argentina (FAR-A),1970-07-01
197007310006,1970,7,31,217,United States,1,North America,North Carolina,Charlotte,35.2225,-80.837539,1,0.0,1,0,2,Armed Assault,14,Private Citizens & Property,5,Firearms,0.0,0.0,White supremacists/nationalists,1970-07-01
197008000001,1970,8,0,142,Netherlands,8,Western Europe,North Holland,Amsterdam,52.370216,4.895168,-9,0.0,1,0,2,Armed Assault,7,Government (Diplomatic),5,Firearms,,,South Moluccans,1970-08-01
197008010001,1970,8,1,217,United States,1,North America,New York,New York City,40.697132,-73.931351,0,0.0,1,0,3,Bombing/Explosion,1,Business,6,Explosives,0.0,0.0,"Weather Underground, Weathermen",1970-08-01
197008010002,1970,8,1,21,Belgium,8,Western Europe,Brussels,Brussels,50.836426,4.367415,0,0.0,0,0,3,Bombing/Explosion,7,Government (Diplomatic),6,Explosives,0.0,0.0,Croatian Nationalists,1970-08-01
197008020001,1970,8,2,217,United States,1,North America,California,Berkeley,37.874043,-122.280022,0,0.0,1,0,3,Bombing/Explosion,3,Police,6,Explosives,0.0,0.0,Black Nationalists,1970-08-01
197008050001,1970,8,5,217,United States,1,North America,Wisconsin,Milwaukee,43.064388,-87.966202,1,0.0,1,0,3,Bombing/Explosion,1,Business,6,Explosives,0.0,0.0,Left-Wing Militants,1970-08-01
197008060001,1970,8,6,11,Argentina,3,South America,Tucuman,San Miguel de Tucuman,-26.808285,-65.21759,-9,0.0,1,0,1,Assassination,3,Police,5,Firearms,1.0,0.0,Unknown,1970-08-01
197008060002,1970,8,6,217,United States,1,North America,California,Placentia,33.871124,-117.861401,-9,0.0,1,0,3,Bombing/Explosion,1,Business,6,Explosives,0.0,0.0,Unknown,1970-08-01
197008060004,1970,8,6,217,United States,1,North America,California,San Jose,37.338475,-121.885794,0,0.0,1,0,2,Armed Assault,3,Police,5,Firearms,1.0,0.0,Black Nationalists,1970-08-01
197008070001,1970,8,7,499,East Germany (GDR),9,Eastern Europe,Berlin,Berlin,52.50153,13.401851,0,0.0,1,0,3,Bombing/Explosion,2,Government (General),6,Explosives,,,SFT,1970-08-01
197008070002,1970,8,7,217,United States,1,North America,Maryland,Dundalk,39.26931,-76.503519,0,0.0,1,0,7,Facility/Infrastructure Attack,2,Government (General),8,Incendiary,0.0,0.0,Left-Wing Militants,1970-08-01
197008070003,1970,8,7,217,United States,1,North America,California,San Rafael,37.97457,-122.532474,0,0.0,1,0,6,Hostage Taking (Kidnapping),2,Government (General),5,Firearms,4.0,2.0,Jonathan Jackson Brigade,1970-08-01
197008090001,1970,8,9,11,Argentina,3,South America,Santa Fe,Santa Fe,-31.632368,-60.699359,0,0.0,1,0,2,Armed Assault,1,Business,5,Firearms,,,Peronist Armed Forces (FAP),1970-08-01
197008100001,1970,8,10,217,United States,1,North America,Oregon,Portland,45.511795,-122.675629,0,0.0,1,0,7,Facility/Infrastructure Attack,2,Government (General),8,Incendiary,0.0,0.0,White Panther Party,1970-08-01
197008110001,1970,8,11,603,United Kingdom,8,Western Europe,Northern Ireland,Crossmaglen,54.077313,-6.608787,0,0.0,1,0,3,Bombing/Explosion,3,Police,6,Explosives,2.0,,Irish Republican Army (IRA),1970-08-01
197008120001,1970,8,12,499,East Germany (GDR),9,Eastern Europe,Berlin,Berlin,52.50153,13.401851,0,0.0,1,0,3,Bombing/Explosion,3,Police,6,Explosives,,,Unknown,1970-08-01
197008140001,1970,8,14,499,East Germany (GDR),9,Eastern Europe,Berlin,Berlin,52.50153,13.401851,0,0.0,1,0,3,Bombing/Explosion,3,Police,6,Explosives,,,Unknown,1970-08-01
197008150001,1970,8,15,217,United States,1,North America,Mississippi,West Point,33.60651,-88.650419,1,0.0,1,0,1,Assassination,14,Private Citizens & Property,5,Firearms,1.0,0.0,White supremacists/nationalists,1970-08-01
197008170001,1970,8,17,217,United States,1,North America,Nebraska,Omaha,41.260675,-95.940469,0,0.0,1,0,3,Bombing/Explosion,14,Private Citizens & Property,6,Explosives,1.0,7.0,Black Panthers,1970-08-01
197008170002,1970,8,17,217,United States,1,North America,Minnesota,Minneapolis,44.964985,-93.260193,0,0.0,1,0,3,Bombing/Explosion,4,Military,6,Explosives,0.0,1.0,Left-Wing Militants,1970-08-01
197008180001,1970,8,18,217,United States,1,North America,New York,New York City,40.697132,-73.931351,0,0.0,0,0,7,Facility/Infrastructure Attack,12,NGO,8,Incendiary,0.0,0.0,Jewish Defense League (JDL),1970-08-01
197008190001,1970,8,19,218,Uruguay,3,South America,Montevideo,Montevideo,-34.891151,-56.187214,0,0.0,1,0,6,Hostage Taking (Kidnapping),2,Government (General),13,Unknown,0.0,0.0,Tupamaros (Uruguay),1970-08-01
197008200001,1970,8,20,217,United States,1,North America,District of Columbia,Washington,38.908642,-77.015381,0,0.0,1,0,3,Bombing/Explosion,7,Government (Diplomatic),6,Explosives,0.0,0.0,Revolutionary Action Party,1970-08-01
197008200002,1970,8,20,217,United States,1,North America,Maryland,Reisterstown,39.464791,-76.829198,0,0.0,1,0,7,Facility/Infrastructure Attack,2,Government (General),8,Incendiary,0.0,0.0,Left-Wing Militants,1970-08-01
197008200003,1970,8,20,217,United States,1,North America,California,Berkeley,37.874043,-122.280022,0,0.0,1,0,2,Armed Assault,3,Police,5,Firearms,1.0,0.0,Black Nationalists,1970-08-01
197008210001,1970,8,21,218,Uruguay,3,South America,Montevideo,Montevideo,-34.891151,-56.187214,0,0.0,1,0,5,Hostage Taking (Barricade Incident),16,Telecommunication,5,Firearms,0.0,0.0,Tupamaros (Uruguay),1970-08-01
197008210002,1970,8,21,217,United States,1,North America,Oregon,Eugene,44.04483,-123.072606,0,0.0,1,0,7,Facility/Infrastructure Attack,8,Educational Institution,8,Incendiary,0.0,0.0,Student Radicals,1970-08-01
197008220001,1970,8,22,217,United States,1,North America,Minnesota,St. Paul,44.943829,-93.093326,0,0.0,0,0,3,Bombing/Explosion,3,Police,6,Explosives,0.0,1.0,Black Panthers,1970-08-01
197008220002,1970,8,22,217,United States,1,North America,Maryland,Baltimore,39.308342,-76.616104,0,0.0,1,0,7,Facility/Infrastructure Attack,4,Military,8,Incendiary,0.0,0.0,Left-Wing Militants,1970-08-01
197008240001,1970,8,24,217,United States,1,North America,Wisconsin,Madison,43.07295,-89.386694,1,0.0,1,0,3,Bombing/Explosion,4,Military,6,Explosives,1.0,4.0,New Year's Gang,1970-08-01
197008250001,1970,8,25,130,Mexico,1,North America,Federal,Mexico city,19.371887,-99.086624,-9,0.0,1,0,6,Hostage Taking (Kidnapping),7,Government (Diplomatic),13,Unknown,0.0,0.0,Unknown,1970-08-01
197008250002,1970,8,25,217,United States,1,North America,Massachusetts,Burlington,42.505832,-71.19376,0,0.0,1,0,7,Facility/Infrastructure Attack,3,Police,8,Incendiary,0.0,0.0,Left-Wing Militants,1970-08-01
197008270001,1970,8,27,499,East Germany (GDR),9,Eastern Europe,Berlin,Berlin,52.50153,13.401851,-9,0.0,1,0,3,Bombing/Explosion,1,Business,6,Explosives,,,Unknown,1970-08-01
197008270002,1970,8,27,217,United States,1,North America,Massachusetts,Cambridge,42.377003,-71.11666,0,0.0,0,0,7,Facility/Infrastructure Attack,8,Educational Institution,8,Incendiary,0.0,0.0,Student Radicals,1970-08-01
197008280001,1970,8,28,217,United States,1,North America,North Carolina,Rocky Mount,35.948199,-77.795207,0,0.0,1,0,3,Bombing/Explosion,8,Educational Institution,6,Explosives,0.0,0.0,White supremacists/nationalists,1970-08-01
197008280002,1970,8,28,217,United States,1,North America,California,Walnut Creek,37.90118,-122.061628,1,0.0,1,0,7,Facility/Infrastructure Attack,4,Military,8,Incendiary,0.0,0.0,Left-Wing Militants,1970-08-01
197008290001,1970,8,29,217,United States,1,North America,District of Columbia,Washington,38.908642,-77.015381,0,0.0,1,0,3,Bombing/Explosion,7,Government (Diplomatic),6,Explosives,0.0,0.0,Revolutionary Action Party,1970-08-01
197008290002,1970,8,29,217,United States,1,North America,California,Berkeley,37.874043,-122.280022,-9,0.0,1,0,7,Facility/Infrastructure Attack,1,Business,8,Incendiary,0.0,0.0,Unknown,1970-08-01
197008290003,1970,8,29,217,United States,1,North America,California,Walnut Creek,37.90118,-122.061628,1,0.0,1,0,7,Facility/Infrastructure Attack,2,Government (General),8,Incendiary,0.0,0.0,Left-Wing Militants,1970-08-01
197008290004,1970,8,29,217,United States,1,North America,California,Santa Fe Springs,33.946154,-118.082952,1,0.0,0,0,3,Bombing/Explosion,2,Government (General),6,Explosives,0.0,0.0,Left-Wing Militants,1970-08-01
197008300001,1970,8,30,217,United States,1,North America,District of Columbia,Washington,38.908642,-77.015381,0,0.0,1,0,3,Bombing/Explosion,7,Government (Diplomatic),6,Explosives,0.0,0.0,Revolutionary Action Party,1970-08-01
197008300002,1970,8,30,217,United States,1,North America,Georgia,Athens,33.948005,-83.377322,0,0.0,0,0,7,Facility/Infrastructure Attack,8,Educational Institution,8,Incendiary,0.0,0.0,Student Radicals,1970-08-01
197008310001,1970,8,31,209,Turkey,10,Middle East & North Africa,Ankara,Ankara,39.930771,32.76754,1,0.0,1,0,3,Bombing/Explosion,4,Military,6,Explosives,0.0,0.0,Turkish People's Liberation Army,1970-08-01
197009000001,1970,9,0,102,Jordan,10,Middle East & North Africa,Amman,Amman,31.950001,35.933331,1,0.0,1,0,6,Hostage Taking (Kidnapping),4,Military,13,Unknown,0.0,0.0,Palestinians,1970-09-01
197009000002,1970,9,0,218,Uruguay,3,South America,Montevideo,Montevideo,-34.891151,-56.187214,0,0.0,1,0,7,Facility/Infrastructure Attack,1,Business,8,Incendiary,2.0,0.0,Tupamaros (Uruguay),1970-09-01
197009010002,1970,9,1,217,United States,1,North America,Pennsylvania,Philadelphia,40.008171,-75.13549,1,0.0,1,0,2,Armed Assault,1,Business,5,Firearms,0.0,0.0,"Weather Underground, Weathermen",1970-09-01
197009020001,1970,9,2,78,Greece,8,Western Europe,Attica,Athens,37.99749,23.762728,0,0.0,1,0,3,Bombing/Explosion,7,Government (Diplomatic),6,Explosives,2.0,0.0,Unknown,1970-09-01
197009020002,1970,9,2,217,United States,1,North America,California,San Francisco,37.755363,-122.443352,1,0.0,1,0,3,Bombing/Explosion,3,Police,6,Explosives,0.0,0.0,Black Nationalists,1970-09-01
197009020003,1970,9,2,217,United States,1,North America,California,Milpitas,37.432805,-121.897259,1,1.0,1,0,3,Bombing/Explosion,1,Business,6,Explosives,0.0,0.0,Left-Wing Militants,1970-09-01
197009030001,1970,9,3,217,United States,1,North America,California,Fremont,37.548148,-121.988566,1,1.0,0,0,3,Bombing/Explosion,1,Business,6,Explosives,0.0,0.0,Left-Wing Militants,1970-09-01
197009030002,1970,9,3,217,United States,1,North America,Tennessee,Memphis,35.14968,-90.048929,0,0.0,1,0,3,Bombing/Explosion,14,Private Citizens & Property,6,Explosives,0.0,0.0,Unknown,1970-09-01
197009040001,1970,9,4,217,United States,1,North America,Minnesota,St. Paul,44.943829,-93.093326,0,0.0,1,0,3,Bombing/Explosion,1,Business,6,Explosives,0.0,0.0,Unknown,1970-09-01
197009040002,1970,9,4,218,Uruguay,3,South America,Montevideo,Montevideo,-34.891151,-56.187214,0,0.0,1,0,1,Assassination,2,Government (General),6,Explosives,0.0,0.0,Tupamaros (Uruguay),1970-09-01
197009040003,1970,9,4,603,United Kingdom,8,Western Europe,Northern Ireland,Belfast,54.607712,-5.95621,0,0.0,0,0,3,Bombing/Explosion,17,Terrorists/Non-State Militia,6,Explosives,1.0,,Irish Republican Army (IRA),1970-09-01
197009040004,1970,9,4,217,United States,1,North America,Wisconsin,Milwaukee,43.064388,-87.966202,0,0.0,0,0,3,Bombing/Explosion,1,Business,6,Explosives,0.0,0.0,Left-Wing Militants,1970-09-01
197009040005,1970,9,4,217,United States,1,North America,California,Santa Ana,33.745573,-117.867834,1,1.0,0,0,3,Bombing/Explosion,2,Government (General),6,Explosives,0.0,0.0,Left-Wing Militants,1970-09-01
197009050001,1970,9,5,217,United States,1,North America,Iowa,DeWitt,41.82277,-90.538969,1,0.0,1,0,3,Bombing/Explosion,3,Police,6,Explosives,0.0,2.0,Black Nationalists,1970-09-01
197009050002,1970,9,5,217,United States,1,North America,California,Los Angeles,34.097866,-118.407379,1,1.0,0,0,3,Bombing/Explosion,2,Government (General),6,Explosives,0.0,0.0,Left-Wing Militants,1970-09-01
197009060001,1970,9,6,362,West Germany (FRG),8,Western Europe,Hesse,Frankfurt,50.11797,8.644191,0,1.0,1,0,4,Hijacking,6,Airports & Aircraft,6,Explosives,0.0,0.0,Popular Front for the Liberation of Palestine (PFLP),1970-09-01
197009060002,1970,9,6,199,Switzerland,8,Western Europe,Zurich,Zurich,47.36865,8.539182,0,1.0,1,0,4,Hijacking,6,Airports & Aircraft,13,Unknown,0.0,0.0,Popular Front for the Liberation of Palestine (PFLP),1970-09-01
197009060003,1970,9,6,142,Netherlands,8,Western Europe,North Holland,Amsterdam,52.370216,4.895168,0,1.0,1,0,4,Hijacking,6,Airports & Aircraft,5,Firearms,0.0,0.0,Popular Front for the Liberation of Palestine (PFLP),1970-09-01
197009060004,1970,9,6,142,Netherlands,8,Western Europe,North Holland,Amsterdam,52.370216,4.895168,0,1.0,0,0,4,Hijacking,6,Airports & Aircraft,5,Firearms,1.0,0.0,Popular Front for the Liberation of Palestine (PFLP),1970-09-01
197009060006,1970,9,6,217,United States,1,North America,Massachusetts,Fitchburg,42.58176,-71.792259,1,0.0,0,0,3,Bombing/Explosion,3,Police,6,Explosives,0.0,0.0,Unknown,1970-09-01
197009090001,1970,9,9,499,East Germany (GDR),9,Eastern Europe,Berlin,Berlin,52.50153,13.401851,0,0.0,1,0,3,Bombing/Explosion,14,Private Citizens & Property,6,Explosives,0.0,0.0,Extraparliamentary Opposition (APO),1970-09-01
197009090002,1970,9,9,11,Argentina,3,South America,Cordoba,Cordoba,-31.399301,-64.182129,0,0.0,1,0,3,Bombing/Explosion,7,Government (Diplomatic),6,Explosives,0.0,0.0,Ejercito Revolucionaria del Pueblo (ERP) (Argentina),1970-09-01
197009090003,1970,9,9,217,United States,1,North America,Wisconsin,Madison,43.07295,-89.386694,0,0.0,0,0,7,Facility/Infrastructure Attack,10,Journalists & Media,8,Incendiary,0.0,0.0,Right-wing extremists,1970-09-01
197009100002,1970,9,10,217,United States,1,North America,Florida,Gainesville,29.647665,-82.348458,0,0.0,1,0,7,Facility/Infrastructure Attack,8,Educational Institution,8,Incendiary,0.0,0.0,Student Radicals,1970-09-01
197009110001,1970,9,11,102,Jordan,10,Middle East & North Africa,Amman,Amman,31.950001,35.933331,0,0.0,1,0,6,Hostage Taking (Kidnapping),7,Government (Diplomatic),13,Unknown,0.0,0.0,Palestine Liberation Organization (PLO),1970-09-01
197009110003,1970,9,11,218,Uruguay,3,South America,Montevideo,Montevideo,-34.891151,-56.187214,0,0.0,1,0,3,Bombing/Explosion,1,Business,6,Explosives,0.0,0.0,Tupamaros (Uruguay),1970-09-01
197009120001,1970,9,12,11,Argentina,3,South America,Buenos Aires,Buenos Aires,-34.61768,-58.444435,-9,0.0,1,0,6,Hostage Taking (Kidnapping),10,Journalists & Media,13,Unknown,,,Unknown,1970-09-01
197009120002,1970,9,12,603,United Kingdom,8,Western Europe,England,London,51.504387,-0.140041,0,0.0,1,0,6,Hostage Taking (Kidnapping),7,Government (Diplomatic),13,Unknown,0.0,0.0,Jewish Defense League (JDL),1970-09-01
197009140001,1970,9,14,218,Uruguay,3,South America,Montevideo,Montevideo,-34.891151,-56.187214,0,0.0,1,0,7,Facility/Infrastructure Attack,1,Business,8,Incendiary,0.0,0.0,Tupamaros (Uruguay),1970-09-01
197009160001,1970,9,16,218,Uruguay,3,South America,Montevideo,Montevideo,-34.891151,-56.187214,0,0.0,1,0,7,Facility/Infrastructure Attack,1,Business,8,Incendiary,0.0,0.0,Tupamaros (Uruguay),1970-09-01
197009180001,1970,9,18,11,Argentina,3,South America,Santa Fe,Rosario,-32.951052,-60.666365,0,0.0,1,0,2,Armed Assault,3,Police,5,Firearms,0.0,2.0,Ejercito Revolucionaria del Pueblo (ERP) (Argentina),1970-09-01
197009180002,1970,9,18,217,United States,1,North America,Ohio,Toledo,41.67086,-83.543846,0,0.0,1,0,2,Armed Assault,3,Police,5,Firearms,1.0,1.0,Black Panthers,1970-09-01
197009200001,1970,9,20,217,United States,1,North America,Massachusetts,Newburyport,42.811978,-70.872638,-9,0.0,1,0,3,Bombing/Explosion,4,Military,6,Explosives,0.0,0.0,"Weather Underground, Weathermen",1970-09-01
197009230001,1970,9,23,217,United States,1,North America,Massachusetts,Brighton,42.350097,-71.156442,0,0.0,1,0,2,Armed Assault,3,Police,5,Firearms,1.0,0.0,"Weather Underground, Weathermen",1970-09-01
197009230002,1970,9,23,218,Uruguay,3,South America,Montevideo,Montevideo,-34.891151,-56.187214,0,0.0,1,0,7,Facility/Infrastructure Attack,1,Business,8,Incendiary,0.0,0.0,Tupamaros (Uruguay),1970-09-01
197009240001,1970,9,24,217,United States,1,North America,New York,New York City,40.697132,-73.931351,0,0.0,1,0,3,Bombing/Explosion,2,Government (General),6,Explosives,0.0,0.0,Unknown,1970-09-01
197009240002,1970,9,24,499,East Germany (GDR),9,Eastern Europe,Berlin,Berlin,52.50153,13.401851,0,0.0,1,0,3,Bombing/Explosion,7,Government (Diplomatic),6,Explosives,,,Unknown,1970-09-01
197009250001,1970,9,25,217,United States,1,North America,New York,New York City,40.697132,-73.931351,0,0.0,1,0,3,Bombing/Explosion,4,Military,6,Explosives,0.0,0.0,"Weather Underground, Weathermen",1970-09-01
197009260001,1970,9,26,218,Uruguay,3,South America,Montevideo,Montevideo,-34.891151,-56.187214,0,0.0,0,0,6,Hostage Taking (Kidnapping),3,Police,13,Unknown,0.0,0.0,Tupamaros (Uruguay),1970-09-01
197009260002,1970,9,26,217,United States,1,North America,New York,New York City,40.697132,-73.931351,0,0.0,1,0,3,Bombing/Explosion,7,Government (Diplomatic),6,Explosives,0.0,0.0,Unknown,1970-09-01
197009270001,1970,9,27,217,United States,1,North America,New York,New York City,40.697132,-73.931351,0,0.0,0,0,4,Hijacking,6,Airports & Aircraft,6,Explosives,0.0,0.0,Jewish Defense League (JDL),1970-09-01
197009300001,1970,9,30,603,United Kingdom,8,Western Europe,Northern Ireland,Belfast,54.607712,-5.95621,0,0.0,1,0,2,Armed Assault,14,Private Citizens & Property,5,Firearms,1.0,,Protestant extremists,1970-09-01
197010000001,1970,10,0,94,Iran,10,Middle East & North Africa,Tehran,Tehran,35.724533,51.40519,0,0.0,1,0,2,Armed Assault,1,Business,5,Firearms,,,Siah KAL,1970-10-01
197010010001,1970,10,1,217,United States,1,North America,Maryland,Baltimore,39.308342,-76.616104,0,0.0,1,0,7,Facility/Infrastructure Attack,14,Private Citizens & Property,8,Incendiary,0.0,0.0,White supremacists/nationalists,1970-10-01
197010020002,1970,10,2,209,Turkey,10,Middle East & North Africa,Izmir,Izmir,38.395649,27.135641,1,0.0,1,0,3,Bombing/Explosion,4,Military,6,Explosives,0.0,0.0,Turkish People's Liberation Front (TPLF)(THKP-C),1970-10-01
197010020003,1970,10,2,217,United States,1,North America,Oregon,Eugene,44.04483,-123.072606,0,0.0,1,0,3,Bombing/Explosion,8,Educational Institution,6,Explosives,0.0,0.0,Student Radicals,1970-10-01
197010020004,1970,10,2,217,United States,1,North America,Maryland,Glen Burnie,39.162608,-76.624689,0,0.0,1,0,7,Facility/Infrastructure Attack,9,Food or Water Supply,8,Incendiary,0.0,0.0,Neo-Nazi extremists,1970-10-01
197010030001,1970,10,3,209,Turkey,10,Middle East & North Africa,Ankara,Ankara,39.930771,32.76754,0,0.0,1,0,3,Bombing/Explosion,7,Government (Diplomatic),6,Explosives,,,Unknown,1970-10-01
197010030002,1970,10,3,209,Turkey,10,Middle East & North Africa,Ankara,Ankara,39.930771,32.76754,0,0.0,1,0,3,Bombing/Explosion,1,Business,6,Explosives,0.0,0.0,Turkish People's Liberation Army,1970-10-01
197010050001,1970,10,5,38,Canada,1,North America,Quebec,Quebec,46.803137,-71.241298,0,0.0,1,0,6,Hostage Taking (Kidnapping),2,Government (General),13,Unknown,0.0,0.0,Front de Liberation du Quebec (FLQ),1970-10-01
197010050002,1970,10,5,217,United States,1,North America,Illinois,Chicago,41.842602,-87.681229,0,0.0,1,0,3,Bombing/Explosion,14,Private Citizens & Property,6,Explosives,0.0,0.0,"Weather Underground, Weathermen",1970-10-01
197010050003,1970,10,5,217,United States,1,North America,West Virginia,Bluefield,37.264891,-81.240268,1,0.0,1,0,3,Bombing/Explosion,8,Educational Institution,6,Explosives,0.0,0.0,Student Radicals,1970-10-01
197010060001,1970,10,6,209,Turkey,10,Middle East & North Africa,Ankara,Ankara,39.930771,32.76754,1,0.0,0,0,2,Armed Assault,4,Military,8,Incendiary,0.0,0.0,Turkish People's Liberation Army,1970-10-01
197010060002,1970,10,6,217,United States,1,North America,New York,New York City,40.697132,-73.931351,0,0.0,1,0,3,Bombing/Explosion,17,Terrorists/Non-State Militia,6,Explosives,0.0,0.0,Unknown,1970-10-01
197010080001,1970,10,8,217,United States,1,North America,Washington,Seattle,47.610786,-122.331306,1,0.0,1,0,3,Bombing/Explosion,4,Military,6,Explosives,0.0,0.0,Quartermoon Society,1970-10-01
197010080002,1970,10,8,217,United States,1,North America,California,Santa Barbara,34.419255,-119.698869,1,0.0,1,0,3,Bombing/Explosion,4,Military,6,Explosives,0.0,0.0,"Weather Underground, Weathermen",1970-10-01
197010080003,1970,10,8,217,United States,1,North America,California,San Rafael,37.97457,-122.532474,0,0.0,1,0,3,Bombing/Explosion,2,Government (General),6,Explosives,0.0,0.0,"Weather Underground, Weathermen",1970-10-01
197010080004,1970,10,8,217,United States,1,North America,California,Berkeley,37.874043,-122.280022,0,0.0,0,0,3,Bombing/Explosion,8,Educational Institution,6,Explosives,0.0,0.0,"Weather Underground, Weathermen",1970-10-01
197010080005,1970,10,8,218,Uruguay,3,South America,Montevideo,Montevideo,-34.891151,-56.187214,0,0.0,1,0,7,Facility/Infrastructure Attack,1,Business,8,Incendiary,0.0,0.0,Tupamaros (Uruguay),1970-10-01
197010080006,1970,10,8,362,West Germany (FRG),8,Western Europe,Baden-Wurttemberg,Stuttgart,48.777106,9.180769,0,0.0,1,0,3,Bombing/Explosion,7,Government (Diplomatic),6,Explosives,0.0,0.0,Students for a Democratic Society (SDS) (German),1970-10-01
197010090001,1970,10,9,217,United States,1,North America,Texas,Houston,29.813822,-95.365295,0,0.0,1,0,3,Bombing/Explosion,16,Telecommunication,6,Explosives,0.0,0.0,Ku Klux Klan,1970-10-01
197010100001,1970,10,10,38,Canada,1,North America,Quebec,Saint-Lambert,46.803137,-71.241298,0,0.0,1,0,6,Hostage Taking (Kidnapping),2,Government (General),5,Firearms,1.0,0.0,Front de Liberation du Quebec (FLQ),1970-10-01
197010100002,1970,10,10,94,Iran,10,Middle East & North Africa,Tehran,Tehran,35.724533,51.40519,-9,0.0,1,0,4,Hijacking,6,Airports & Aircraft,13,Unknown,0.0,1.0,Iranians,1970-10-01
197010100003,1970,10,10,217,United States,1,North America,New York,New York City,40.697132,-73.931351,0,0.0,1,0,3,Bombing/Explosion,2,Government (General),6,Explosives,0.0,0.0,"Weather Underground, Weathermen",1970-10-01
197010140001,1970,10,14,217,United States,1,North America,Massachusetts,Cambridge,42.36679,-71.106019,0,0.0,1,0,3,Bombing/Explosion,8,Educational Institution,6,Explosives,0.0,0.0,"Weather Underground, Weathermen",1970-10-01
197010140002,1970,10,14,362,West Germany (FRG),8,Western Europe,Bavaria,Munich,48.139126,11.580186,0,0.0,1,0,3,Bombing/Explosion,3,Police,6,Explosives,,,Unknown,1970-10-01
197010150001,1970,10,15,217,United States,1,North America,Massachusetts,Cambridge,42.36679,-71.106019,0,0.0,1,0,3,Bombing/Explosion,8,Educational Institution,6,Explosives,0.0,0.0,"Weather Underground, Weathermen",1970-10-01
197010150002,1970,10,15,218,Uruguay,3,South America,Montevideo,Montevideo,-34.891151,-56.187214,0,0.0,1,0,7,Facility/Infrastructure Attack,10,Journalists & Media,8,Incendiary,0.0,0.0,Tupamaros (Uruguay),1970-10-01
197010150003,1970,10,15,218,Uruguay,3,South America,Montevideo,Montevideo,-34.891151,-56.187214,0,0.0,1,0,7,Facility/Infrastructure Attack,1,Business,8,Incendiary,0.0,0.0,Tupamaros (Uruguay),1970-10-01
197010150004,1970,10,15,218,Uruguay,3,South America,Montevideo,Montevideo,-34.891151,-56.187214,0,0.0,1,0,7,Facility/Infrastructure Attack,6,Airports & Aircraft,8,Incendiary,0.0,0.0,Tupamaros (Uruguay),1970-10-01
197010150005,1970,10,15,218,Uruguay,3,South America,Montevideo,Montevideo,-34.891151,-56.187214,0,0.0,1,0,7,Facility/Infrastructure Attack,1,Business,8,Incendiary,0.0,0.0,Tupamaros (Uruguay),1970-10-01
197010150006,1970,10,15,217,United States,1,North America,Missouri,Kansas City,39.176086,-94.574127,0,0.0,1,0,3,Bombing/Explosion,3,Police,6,Explosives,0.0,2.0,Black Nationalists,1970-10-01
197010160001,1970,10,16,11,Argentina,3,South America,Buenos Aires,Buenos Aires,-34.61768,-58.444435,-9,0.0,1,0,7,Facility/Infrastructure Attack,2,Government (General),8,Incendiary,,,Unknown,1970-10-01
197010170001,1970,10,17,362,West Germany (FRG),8,Western Europe,Bavaria,Munich,48.139126,11.580186,0,0.0,1,0,3,Bombing/Explosion,3,Police,6,Explosives,,,Unknown,1970-10-01
197010180001,1970,10,18,217,United States,1,North America,California,Irvine,33.683734,-117.794609,0,0.0,1,0,3,Bombing/Explosion,8,Educational Institution,6,Explosives,0.0,0.0,Unknown,1970-10-01
197010190001,1970,10,19,217,United States,1,North America,California,Irvine,33.683734,-117.794609,0,0.0,1,0,3,Bombing/Explosion,8,Educational Institution,6,Explosives,0.0,0.0,Unknown,1970-10-01
197010200001,1970,10,20,11,Argentina,3,South America,Buenos Aires,Buenos Aires,-34.61768,-58.444435,0,0.0,1,0,3,Bombing/Explosion,7,Government (Diplomatic),6,Explosives,0.0,0.0,Unknown,1970-10-01
197010200002,1970,10,20,217,United States,1,North America,Illinois,Cairo,37.005105,-89.176269,0,0.0,1,0,7,Facility/Infrastructure Attack,2,Government (General),8,Incendiary,0.0,0.0,Black Nationalists,1970-10-01
197010210001,1970,10,21,14,Australia,12,Australasia & Oceania,Victoria,Melbourne,-37.813187,144.96298,0,0.0,1,0,3,Bombing/Explosion,7,Government (Diplomatic),6,Explosives,0.0,0.0,Croatian Nationalists,1970-10-01
197010210003,1970,10,21,217,United States,1,North America,Illinois,Cairo,37.005105,-89.176269,0,0.0,1,0,2,Armed Assault,3,Police,5,Firearms,0.0,0.0,Black Nationalists,1970-10-01
197010220001,1970,10,22,217,United States,1,North America,California,San Francisco,37.755363,-122.443352,0,0.0,1,0,3,Bombing/Explosion,15,Religious Figures/Institutions,6,Explosives,0.0,0.0,Black Liberation Army,1970-10-01
197010240001,1970,10,24,217,United States,1,North America,Michigan,Detroit,42.331685,-83.047924,0,0.0,1,0,2,Armed Assault,3,Police,5,Firearms,1.0,0.0,National Committee to Combat Fascism,1970-10-01
197010240002,1970,10,24,98,Italy,8,Western Europe,Lazio,Rome,41.890961,12.490069,0,0.0,0,0,8,Unarmed Assault,8,Educational Institution,2,Chemical,0.0,0.0,Unknown,1970-10-01
197010240003,1970,10,24,217,United States,1,North America,Illinois,Cairo,37.005105,-89.176269,0,1.0,1,0,7,Facility/Infrastructure Attack,1,Business,8,Incendiary,0.0,0.0,Black Nationalists,1970-10-01
197010240004,1970,10,24,217,United States,1,North America,Illinois,Cairo,37.005105,-89.176269,0,1.0,1,0,2,Armed Assault,3,Police,5,Firearms,0.0,2.0,Black Panthers,1970-10-01
197010250001,1970,10,25,217,United States,1,North America,District of Columbia,Washington,38.908642,-77.015381,1,0.0,1,0,3,Bombing/Explosion,2,Government (General),6,Explosives,0.0,1.0,Unknown,1970-10-01
197010260001,1970,10,26,217,United States,1,North America,California,Irvine,33.683734,-117.794609,-9,0.0,1,0,7,Facility/Infrastructure Attack,1,Business,8,Incendiary,0.0,0.0,Unknown,1970-10-01
197010270001,1970,10,27,11,Argentina,3,South America,Buenos Aires,Buenos Aires,-34.61768,-58.444435,-9,0.0,1,0,1,Assassination,14,Private Citizens & Property,13,Unknown,1.0,0.0,Unknown,1970-10-01
197010270002,1970,10,27,209,Turkey,10,Middle East & North Africa,Ankara,Ankara,39.930771,32.76754,1,0.0,1,0,3,Bombing/Explosion,4,Military,6,Explosives,0.0,0.0,Turkish People's Liberation Army,1970-10-01
197010270003,1970,10,27,603,United Kingdom,8,Western Europe,England,London,51.504387,-0.140041,0,0.0,1,0,7,Facility/Infrastructure Attack,6,Airports & Aircraft,8,Incendiary,0.0,0.0,1st of May Group,1970-10-01
197010280001,1970,10,28,217,United States,1,North America,Florida,Stuart,27.19999,-80.255359,1,0.0,1,0,7,Facility/Infrastructure Attack,2,Government (General),8,Incendiary,0.0,0.0,Left-Wing Militants,1970-10-01
197010280002,1970,10,28,217,United States,1,North America,Wisconsin,Whitefish Bay,43.111261,-87.898632,0,0.0,1,0,3,Bombing/Explosion,3,Police,6,Explosives,0.0,0.0,Left-Wing Militants,1970-10-01
197010290001,1970,10,29,217,United States,1,North America,California,El Toro,33.62905,-117.691249,0,0.0,0,0,7,Facility/Infrastructure Attack,4,Military,8,Incendiary,0.0,0.0,Left-Wing Militants,1970-10-01
197010300001,1970,10,30,217,United States,1,North America,New York,New York City,40.697132,-73.931351,0,1.0,1,0,3,Bombing/Explosion,4,Military,6,Explosives,0.0,0.0,Left-Wing Militants,1970-10-01
197010300002,1970,10,30,217,United States,1,North America,New York,New York City,40.697132,-73.931351,0,1.0,1,0,3,Bombing/Explosion,3,Police,6,Explosives,0.0,0.0,Left-Wing Militants,1970-10-01
197010300003,1970,10,30,217,United States,1,North America,New York,New York City,40.697132,-73.931351,0,1.0,1,0,3,Bombing/Explosion,4,Military,6,Explosives,0.0,0.0,Left-Wing Militants,1970-10-01
197010300004,1970,10,30,217,United States,1,North America,New York,New York City,40.697132,-73.931351,1,0.0,0,0,3,Bombing/Explosion,20,Unknown,6,Explosives,0.0,0.0,Left-Wing Militants,1970-10-01
197011000001,1970,11,0,94,Iran,10,Middle East & North Africa,Tehran,Tehran,35.724533,51.40519,-9,0.0,0,0,6,Hostage Taking (Kidnapping),7,Government (Diplomatic),13,Unknown,0.0,0.0,Unknown,1970-11-01
197011010001,1970,11,1,153,Pakistan,6,South Asia,Sindh,Karachi,24.891115,67.143311,0,0.0,1,0,1,Assassination,7,Government (Diplomatic),10,"Vehicle (not to include vehicle-borne explosives, i.e., car or truck bombs)",4.0,20.0,Unknown,1970-11-01
197011010002,1970,11,1,217,United States,1,North America,California,Fresno,36.740685,-119.785734,0,0.0,1,0,3,Bombing/Explosion,10,Journalists & Media,6,Explosives,0.0,0.0,Unknown,1970-11-01
197011010003,1970,11,1,217,United States,1,North America,California,Fresno,36.740685,-119.785734,1,0.0,1,0,3,Bombing/Explosion,4,Military,6,Explosives,0.0,0.0,Unknown,1970-11-01
197011010004,1970,11,1,217,United States,1,North America,Pennsylvania,New Castle,41.001845,-80.34724,1,0.0,1,0,2,Armed Assault,14,Private Citizens & Property,5,Firearms,1.0,0.0,White supremacists/nationalists,1970-11-01
197011010005,1970,11,1,217,United States,1,North America,Michigan,Ann Arbor,42.278044,-83.738224,1,0.0,1,0,7,Facility/Infrastructure Attack,4,Military,8,Incendiary,0.0,0.0,Student Radicals,1970-11-01
197011020001,1970,11,2,11,Argentina,3,South America,Buenos Aires,Buenos Aires,-34.61768,-58.444435,0,0.0,1,0,2,Armed Assault,14,Private Citizens & Property,5,Firearms,0.0,0.0,Montoneros (Argentina),1970-11-01
197011020002,1970,11,2,11,Argentina,3,South America,Buenos Aires,Ensenada,-34.864823,-57.908519,0,0.0,1,0,2,Armed Assault,14,Private Citizens & Property,5,Firearms,0.0,0.0,Montoneros (Argentina),1970-11-01
197011070001,1970,11,7,499,East Germany (GDR),9,Eastern Europe,Berlin,Berlin,52.50153,13.401851,0,0.0,1,0,3,Bombing/Explosion,15,Religious Figures/Institutions,6,Explosives,,,Unknown,1970-11-01
197011070002,1970,11,7,217,United States,1,North America,Illinois,Cairo,37.005105,-89.176269,0,0.0,1,0,7,Facility/Infrastructure Attack,1,Business,8,Incendiary,0.0,0.0,Black Nationalists,1970-11-01
197011070003,1970,11,7,217,United States,1,North America,Minnesota,Minneapolis,44.964985,-93.260193,0,0.0,1,0,7,Facility/Infrastructure Attack,4,Military,8,Incendiary,0.0,0.0,Student Radicals,1970-11-01
197011080001,1970,11,8,217,United States,1,North America,Illinois,Cairo,37.005105,-89.176269,1,0.0,1,0,2,Armed Assault,14,Private Citizens & Property,5,Firearms,1.0,0.0,White supremacists/nationalists,1970-11-01
197011090001,1970,11,9,362,West Germany (FRG),8,Western Europe,Hesse,Frankfurt,50.11797,8.644191,1,0.0,1,0,2,Armed Assault,4,Military,8,Incendiary,0.0,0.0,Baader-Meinhof Group,1970-11-01
197011100001,1970,11,10,209,Turkey,10,Middle East & North Africa,Ankara,Ankara,39.930771,32.76754,-9,0.0,1,0,7,Facility/Infrastructure Attack,6,Airports & Aircraft,8,Incendiary,0.0,0.0,Unknown,1970-11-01
197011120002,1970,11,12,217,United States,1,North America,Illinois,Chicago,41.842602,-87.681229,0,0.0,1,0,7,Facility/Infrastructure Attack,2,Government (General),8,Incendiary,0.0,0.0,Left-Wing Militants,1970-11-01
197011140001,1970,11,14,217,United States,1,North America,Puerto Rico,San Juan,18.386932,-66.061127,0,0.0,1,0,3,Bombing/Explosion,1,Business,6,Explosives,0.0,0.0,Armed Commandos of Liberation,1970-11-01
197011140002,1970,11,14,217,United States,1,North America,Puerto Rico,San Juan,18.386932,-66.061127,0,0.0,1,0,3,Bombing/Explosion,1,Business,6,Explosives,0.0,0.0,Armed Commandos of Liberation,1970-11-01
197011140003,1970,11,14,217,United States,1,North America,Puerto Rico,San Juan,18.386932,-66.061127,0,0.0,1,0,3,Bombing/Explosion,1,Business,6,Explosives,0.0,0.0,Armed Commandos of Liberation,1970-11-01
197011140004,1970,11,14,217,United States,1,North America,Puerto Rico,San Juan,18.386932,-66.061127,0,0.0,1,0,3,Bombing/Explosion,1,Business,6,Explosives,0.0,0.0,Armed Commandos of Liberation,1970-11-01
197011150001,1970,11,15,11,Argentina,3,South America,Buenos Aires,Buenos Aires,-34.61768,-58.444435,0,0.0,1,0,1,Assassination,3,Police,5,Firearms,1.0,0.0,Argentine Liberation Front (FAL),1970-11-01
197011150002,1970,11,15,217,United States,1,North America,Florida,St. Petersburg,27.771185,-82.639319,0,0.0,1,0,8,Unarmed Assault,3,Police,9,Melee,0.0,2.0,Black Nationalists,1970-11-01
197011160002,1970,11,16,603,United Kingdom,8,Western Europe,Northern Ireland,Belfast,54.607712,-5.95621,0,0.0,1,0,2,Armed Assault,14,Private Citizens & Property,5,Firearms,2.0,,Irish Republican Army (IRA),1970-11-01
197011180001,1970,11,18,217,United States,1,North America,Florida,St. Petersburg,27.807403,-82.689767,0,0.0,1,0,7,Facility/Infrastructure Attack,3,Police,8,Incendiary,0.0,0.0,Left-Wing Militants,1970-11-01
197011200001,1970,11,20,11,Argentina,3,South America,Buenos Aires,Buenos Aires,-34.61768,-58.444435,0,0.0,1,0,3,Bombing/Explosion,2,Government (General),6,Explosives,0.0,0.0,Peronist Armed Forces (FAP),1970-11-01
197011200002,1970,11,20,11,Argentina,3,South America,Buenos Aires,Buenos Aires,-34.61768,-58.444435,0,0.0,1,0,3,Bombing/Explosion,2,Government (General),6,Explosives,0.0,0.0,Peronist Armed Forces (FAP),1970-11-01
197011200003,1970,11,20,11,Argentina,3,South America,Buenos Aires,Buenos Aires,-34.61768,-58.444435,0,0.0,1,0,2,Armed Assault,4,Military,5,Firearms,0.0,0.0,Peronist Armed Forces (FAP),1970-11-01
197011210001,1970,11,21,209,Turkey,10,Middle East & North Africa,Ankara,Ankara,39.930771,32.76754,0,0.0,1,0,3,Bombing/Explosion,7,Government (Diplomatic),6,Explosives,0.0,0.0,Turkish People's Liberation Army,1970-11-01
197011210002,1970,11,21,218,Uruguay,3,South America,Montevideo,Montevideo,-34.891151,-56.187214,0,0.0,1,0,2,Armed Assault,1,Business,5,Firearms,,,Tupamaros (Uruguay),1970-11-01
197011210003,1970,11,21,217,United States,1,North America,Oregon,Portland,45.511795,-122.675629,0,0.0,1,0,3,Bombing/Explosion,2,Government (General),6,Explosives,0.0,1.0,Left-Wing Militants,1970-11-01
197011210004,1970,11,21,217,United States,1,North America,Tennessee,Chattanooga,35.04644,-85.309464,0,0.0,1,0,3,Bombing/Explosion,14,Private Citizens & Property,6,Explosives,0.0,0.0,Strikers,1970-11-01
197011220001,1970,11,22,160,Philippines,5,Southeast Asia,Metropolitian Manila,Manila,14.596051,120.978666,0,0.0,1,0,3,Bombing/Explosion,7,Government (Diplomatic),6,Explosives,0.0,0.0,Unknown,1970-11-01
197011220002,1970,11,22,217,United States,1,North America,Florida,St. Petersburg,27.771185,-82.639319,1,0.0,0,0,3,Bombing/Explosion,20,Unknown,6,Explosives,0.0,0.0,Left-Wing Militants,1970-11-01
197011230001,1970,11,23,217,United States,1,North America,Puerto Rico,San Juan,18.386932,-66.061127,0,0.0,1,0,3,Bombing/Explosion,7,Government (Diplomatic),6,Explosives,0.0,0.0,Armed Commandos of Liberation,1970-11-01
197011230002,1970,11,23,209,Turkey,10,Middle East & North Africa,Ankara,Ankara,39.930771,32.76754,0,0.0,1,0,3,Bombing/Explosion,7,Government (Diplomatic),6,Explosives,,,Unknown,1970-11-01
197011250001,1970,11,25,217,United States,1,North America,New York,New York City,40.697132,-73.931351,0,0.0,1,0,3,Bombing/Explosion,6,Airports & Aircraft,6,Explosives,0.0,0.0,Jewish Defense League (JDL),1970-11-01
197011250002,1970,11,25,217,United States,1,North America,New York,New York City,40.697132,-73.931351,0,0.0,1,0,3,Bombing/Explosion,18,Tourists,6,Explosives,0.0,0.0,Jewish Defense League (JDL),1970-11-01
197011250004,1970,11,25,217,United States,1,North America,California,Berkeley,37.874043,-122.280022,0,0.0,0,0,3,Bombing/Explosion,8,Educational Institution,6,Explosives,0.0,0.0,Student Radicals,1970-11-01
197011250005,1970,11,25,217,United States,1,North America,Puerto Rico,San Juan,18.386932,-66.061127,0,0.0,0,0,3,Bombing/Explosion,4,Military,6,Explosives,0.0,0.0,Armed Commandos of Liberation,1970-11-01
197011280001,1970,11,28,218,Uruguay,3,South America,Montevideo,Montevideo,-34.891151,-56.187214,0,0.0,1,0,7,Facility/Infrastructure Attack,1,Business,8,Incendiary,0.0,0.0,Tupamaros (Uruguay),1970-11-01
197011290001,1970,11,29,362,West Germany (FRG),8,Western Europe,Hesse,Frankfurt,50.11797,8.644191,1,0.0,1,0,2,Armed Assault,4,Military,8,Incendiary,0.0,0.0,Unknown,1970-11-01
197011290002,1970,11,29,218,Uruguay,3,South America,Montevideo,Montevideo,-34.891151,-56.187214,0,0.0,1,0,2,Armed Assault,1,Business,5,Firearms,0.0,0.0,Tupamaros (Uruguay),1970-11-01
197012010001,1970,12,1,185,Spain,8,Western Europe,Gipuzcoa,Donostia-San Sebastian,43.291618,-1.977903,0,0.0,1,0,6,Hostage Taking (Kidnapping),7,Government (Diplomatic),13,Unknown,0.0,0.0,Basque Fatherland and Freedom (ETA),1970-12-01
197012010002,1970,12,1,218,Uruguay,3,South America,Montevideo,Montevideo,-34.891151,-56.187214,0,0.0,1,0,3,Bombing/Explosion,1,Business,6,Explosives,0.0,0.0,Tupamaros (Uruguay),1970-12-01
197012010003,1970,12,1,218,Uruguay,3,South America,Montevideo,Montevideo,-34.891151,-56.187214,0,0.0,1,0,3,Bombing/Explosion,1,Business,6,Explosives,0.0,0.0,Tupamaros (Uruguay),1970-12-01
197012010004,1970,12,1,217,United States,1,North America,Oregon,Eugene,44.04483,-123.072606,0,0.0,1,0,3,Bombing/Explosion,8,Educational Institution,6,Explosives,0.0,0.0,Student Radicals,1970-12-01
197012070001,1970,12,7,30,Brazil,3,South America,Rio de Janeiro,Rio de Janeiro,-22.908278,-43.197026,0,0.0,1,0,6,Hostage Taking (Kidnapping),7,Government (Diplomatic),13,Unknown,1.0,0.0,Popular Revolutionary Vanguard (VPR),1970-12-01
197012110001,1970,12,11,217,United States,1,North America,Kansas,Lawrence,38.973065,-95.236534,0,0.0,1,0,3,Bombing/Explosion,8,Educational Institution,6,Explosives,0.0,3.0,Unknown,1970-12-01
197012110002,1970,12,11,218,Uruguay,3,South America,Montevideo,Montevideo,-34.891151,-56.187214,0,0.0,1,0,3,Bombing/Explosion,1,Business,6,Explosives,0.0,0.0,Tupamaros (Uruguay),1970-12-01
197012130001,1970,12,13,218,Uruguay,3,South America,Montevideo,Montevideo,-34.891151,-56.187214,0,0.0,1,0,3,Bombing/Explosion,1,Business,6,Explosives,0.0,0.0,Tupamaros (Uruguay),1970-12-01
197012140001,1970,12,14,217,United States,1,North America,New York,New York City,40.697132,-73.931351,0,0.0,1,0,3,Bombing/Explosion,1,Business,6,Explosives,0.0,0.0,Armed Revolutionary Independence Movement (MIRA),1970-12-01
197012140002,1970,12,14,217,United States,1,North America,Connecticut,Bridgeport,41.18188,-73.191269,0,0.0,1,0,7,Facility/Infrastructure Attack,12,NGO,8,Incendiary,0.0,0.0,Armed Revolutionary Independence Movement (MIRA),1970-12-01
197012150001,1970,12,15,217,United States,1,North America,California,Isla Vista,34.41217,-119.85704,-9,0.0,1,0,3,Bombing/Explosion,1,Business,6,Explosives,0.0,0.0,Unknown,1970-12-01
197012150002,1970,12,15,217,United States,1,North America,Connecticut,Storrs,41.807741,-72.25398,0,0.0,1,0,7,Facility/Infrastructure Attack,4,Military,8,Incendiary,0.0,0.0,Student Radicals,1970-12-01
197012160001,1970,12,16,218,Uruguay,3,South America,Montevideo,Montevideo,-34.891151,-56.187214,0,0.0,1,0,3,Bombing/Explosion,8,Educational Institution,6,Explosives,0.0,0.0,Tupamaros (Uruguay),1970-12-01
197012160002,1970,12,16,218,Uruguay,3,South America,Montevideo,Montevideo,-34.891151,-56.187214,0,0.0,1,0,1,Assassination,10,Journalists & Media,5,Firearms,0.0,0.0,Tupamaros (Uruguay),1970-12-01
197012160003,1970,12,16,217,United States,1,North America,Florida,Hollywood,26.011201,-80.14949,0,0.0,1,0,7,Facility/Infrastructure Attack,2,Government (General),8,Incendiary,0.0,0.0,Left-Wing Militants,1970-12-01
197012170001,1970,12,17,218,Uruguay,3,South America,Montevideo,Montevideo,-34.891151,-56.187214,0,0.0,1,0,3,Bombing/Explosion,1,Business,6,Explosives,0.0,0.0,Tupamaros (Uruguay),1970-12-01
197012180001,1970,12,18,217,United States,1,North America,California,San Mateo,37.54703,-122.314834,0,0.0,1,0,3,Bombing/Explosion,2,Government (General),6,Explosives,0.0,0.0,Left-Wing Militants,1970-12-01
197012220001,1970,12,22,217,United States,1,North America,Wisconsin,Whitefish Bay,43.113655,-87.900289,0,0.0,1,0,3,Bombing/Explosion,4,Military,6,Explosives,0.0,0.0,Left-Wing Militants,1970-12-01
197012230001,1970,12,23,603,United Kingdom,8,Western Europe,Northern Ireland,Belfast,54.607712,-5.95621,0,0.0,1,0,2,Armed Assault,14,Private Citizens & Property,5,Firearms,1.0,,Irish Republican Extremists,1970-12-01
197012240001,1970,12,24,209,Turkey,10,Middle East & North Africa,Ankara,Ankara,39.930771,32.76754,1,0.0,0,0,3,Bombing/Explosion,4,Military,6,Explosives,0.0,0.0,Turkish People's Liberation Army,1970-12-01
197012270001,1970,12,27,217,United States,1,North America,Georgia,College Park,33.655968,-84.448957,0,0.0,1,0,3,Bombing/Explosion,4,Military,6,Explosives,0.0,1.0,Left-Wing Militants,1970-12-01
197012290001,1970,12,29,209,Turkey,10,Middle East & North Africa,Ankara,Ankara,39.930771,32.76754,0,0.0,0,0,2,Armed Assault,3,Police,5,Firearms,0.0,1.0,Turkish People's Liberation Army,1970-12-01
197012290002,1970,12,29,11,Argentina,3,South America,Cordoba,Cordoba,-31.399301,-64.182129,0,0.0,1,0,2,Armed Assault,1,Business,5,Firearms,0.0,0.0,Revolutionary Armed Forces- Argentina (FAR-A),1970-12-01
197012300001,1970,12,30,185,Spain,8,Western Europe,Burgos,Berberana,42.919882,-3.060073,0,0.0,1,0,3,Bombing/Explosion,16,Telecommunication,6,Explosives,0.0,0.0,GAC,1970-12-01
197012310001,1970,12,31,362,West Germany (FRG),8,Western Europe,Baden-Wurttemberg,Wiesloch,49.294642,8.69774,0,0.0,1,0,2,Armed Assault,1,Business,5,Firearms,,,Socialist Patients' Collective (SPK),1970-12-01
197012310002,1970,12,31,217,United States,1,North America,California,El Monte,34.06857,-118.027606,1,0.0,1,0,3,Bombing/Explosion,2,Government (General),6,Explosives,0.0,0.0,Left-Wing Militants,1970-12-01
197101010001,1971,1,1,217,United States,1,North America,North Carolina,Mount Gilead,35.214905,-80.001234,0,0.0,1,0,7,Facility/Infrastructure Attack,14,Private Citizens & Property,8,Incendiary,0.0,0.0,White supremacists/nationalists,1971-01-01
197101040001,1971,1,4,362,West Germany (FRG),8,Western Europe,Bavaria,Munich,48.139126,11.580186,0,0.0,1,0,3,Bombing/Explosion,3,Police,6,Explosives,,,Unknown,1971-01-01
197101050001,1971,1,5,217,United States,1,North America,California,Claremont,34.0961,-117.716404,0,0.0,1,0,7,Facility/Infrastructure Attack,4,Military,8,Incendiary,0.0,0.0,Student Radicals,1971-01-01
197101050002,1971,1,5,217,United States,1,North America,California,Oxnard,34.20034,-119.180439,0,0.0,1,0,3,Bombing/Explosion,4,Military,6,Explosives,0.0,0.0,Left-Wing Militants,1971-01-01
197101060001,1971,1,6,217,United States,1,North America,California,Pomona,34.05483,-117.750034,0,0.0,1,0,7,Facility/Infrastructure Attack,12,NGO,8,Incendiary,0.0,0.0,Black Nationalists,1971-01-01
197101070001,1971,1,7,209,Turkey,10,Middle East & North Africa,Malatya,Malatya,38.355879,38.296474,1,0.0,1,0,3,Bombing/Explosion,4,Military,6,Explosives,0.0,0.0,Turkish People's Liberation Army,1971-01-01
197101080001,1971,1,8,218,Uruguay,3,South America,Montevideo,Montevideo,-34.891151,-56.187214,0,0.0,1,0,6,Hostage Taking (Kidnapping),7,Government (Diplomatic),13,Unknown,0.0,0.0,Tupamaros (Uruguay),1971-01-01
197101080002,1971,1,8,362,West Germany (FRG),8,Western Europe,Bavaria,Munich,48.139126,11.580186,0,0.0,1,0,3,Bombing/Explosion,3,Police,6,Explosives,,,Unknown,1971-01-01
197101080004,1971,1,8,217,United States,1,North America,District of Columbia,Washington,38.908642,-77.015381,0,0.0,1,0,3,Bombing/Explosion,7,Government (Diplomatic),6,Explosives,0.0,0.0,Jewish Defense League (JDL),1971-01-01
197101090001,1971,1,9,217,United States,1,North America,California,Pomona,34.038254,-117.752109,0,1.0,1,0,7,Facility/Infrastructure Attack,8,Educational Institution,8,Incendiary,0.0,0.0,Black Nationalists,1971-01-01
197101090002,1971,1,9,217,United States,1,North America,California,Pomona,34.055103,-117.749991,0,1.0,1,0,7,Facility/Infrastructure Attack,8,Educational Institution,8,Incendiary,0.0,0.0,Black Nationalists,1971-01-01
197101110001,1971,1,11,218,Uruguay,3,South America,Montevideo,Montevideo,-34.891151,-56.187214,0,0.0,1,0,1,Assassination,3,Police,5,Firearms,1.0,0.0,Tupamaros (Uruguay),1971-01-01
197101110002,1971,1,11,209,Turkey,10,Middle East & North Africa,Ankara,Ankara,39.930771,32.76754,0,0.0,1,0,2,Armed Assault,1,Business,5,Firearms,,,Turkish People's Liberation Army,1971-01-01
197101110003,1971,1,11,217,United States,1,North America,California,Pomona,34.055103,-117.749991,0,0.0,1,0,7,Facility/Infrastructure Attack,8,Educational Institution,8,Incendiary,0.0,0.0,Black Nationalists,1971-01-01
197101120001,1971,1,12,217,United States,1,North America,California,Rolling Hills Estates,33.78359,-118.353879,1,0.0,1,0,7,Facility/Infrastructure Attack,2,Government (General),8,Incendiary,0.0,0.0,Left-Wing Militants,1971-01-01
197101130001,1971,1,13,217,United States,1,North America,California,San Francisco,37.755363,-122.443352,0,0.0,1,0,2,Armed Assault,3,Police,5,Firearms,1.0,0.0,Black Liberation Army,1971-01-01
197101130002,1971,1,13,362,West Germany (FRG),8,Western Europe,Bavaria,Munich,48.139126,11.580186,-9,0.0,1,0,7,Facility/Infrastructure Attack,3,Police,8,Incendiary,,,Unknown,1971-01-01
197101150001,1971,1,15,230,Zambia,11,Sub-Saharan Africa,Unknown,Unknown,,,0,0.0,1,0,6,Hostage Taking (Kidnapping),2,Government (General),13,Unknown,1.0,0.0,Revolutionary Committee of Mozambique (COREMO),1971-01-01
197101150004,1971,1,15,217,United States,1,North America,New York,New York City,40.697132,-73.931351,0,1.0,1,0,3,Bombing/Explosion,4,Military,6,Explosives,0.0,2.0,Left-Wing Militants,1971-01-01
197101150005,1971,1,15,217,United States,1,North America,New York,New York City,40.697132,-73.931351,0,1.0,1,0,3,Bombing/Explosion,4,Military,6,Explosives,0.0,0.0,Left-Wing Militants,1971-01-01
197101160001,1971,1,16,362,West Germany (FRG),8,Western Europe,Bavaria,Munich,48.139126,11.580186,0,0.0,1,0,3,Bombing/Explosion,7,Government (Diplomatic),6,Explosives,,,Unknown,1971-01-01
197101170002,1971,1,17,217,United States,1,North America,New York,New York City,40.697132,-73.931351,-9,0.0,1,0,7,Facility/Infrastructure Attack,7,Government (Diplomatic),8,Incendiary,0.0,0.0,Unknown,1971-01-01
197101190001,1971,1,19,217,United States,1,North America,California,San Francisco,37.755363,-122.443352,0,0.0,1,0,3,Bombing/Explosion,3,Police,6,Explosives,0.0,0.0,Black Nationalists,1971-01-01
197101190002,1971,1,19,217,United States,1,North America,California,San Francisco,37.755363,-122.443352,0,0.0,0,0,3,Bombing/Explosion,2,Government (General),6,Explosives,0.0,0.0,Left-Wing Militants,1971-01-01
197101190003,1971,1,19,217,United States,1,North America,Ohio,Cleveland,41.479561,-81.675461,0,0.0,1,0,7,Facility/Infrastructure Attack,14,Private Citizens & Property,8,Incendiary,0.0,0.0,Strikers,1971-01-01
197101210001,1971,1,21,83,Guatemala,2,Central America & Caribbean,Unknown,Unknown,,,-9,0.0,1,0,2,Armed Assault,8,Educational Institution,5,Firearms,,,Unknown,1971-01-01
197101220001,1971,1,22,209,Turkey,10,Middle East & North Africa,Ankara,Ankara,39.930771,32.76754,0,0.0,0,0,3,Bombing/Explosion,7,Government (Diplomatic),6,Explosives,0.0,0.0,Turkish People's Liberation Army,1971-01-01
197101220002,1971,1,22,209,Turkey,10,Middle East & North Africa,Ankara,Ankara,39.930771,32.76754,1,0.0,1,0,3,Bombing/Explosion,4,Military,6,Explosives,0.0,0.0,Unknown,1971-01-01
197101220003,1971,1,22,65,Ethiopia,11,Sub-Saharan Africa,Amhara,Bahar Dar,11.583513,37.397019,0,0.0,1,0,4,Hijacking,6,Airports & Aircraft,13,Unknown,0.0,0.0,Eritrean Liberation Front,1971-01-01
197101240001,1971,1,24,11,Argentina,3,South America,Buenos Aires,Banfield,-34.68631,-58.528473,0,0.0,1,0,2,Armed Assault,1,Business,5,Firearms,0.0,0.0,Peronist Armed Forces (FAP),1971-01-01
197101240002,1971,1,24,217,United States,1,North America,New York,New York City,40.697132,-73.931351,1,0.0,1,0,2,Armed Assault,3,Police,9,Melee,1.0,1.0,Black Liberation Army,1971-01-01
197101250001,1971,1,25,209,Turkey,10,Middle East & North Africa,Ankara,Ankara,39.930771,32.76754,0,0.0,1,0,7,Facility/Infrastructure Attack,7,Government (Diplomatic),8,Incendiary,0.0,0.0,Turkish People's Liberation Army,1971-01-01
197101250002,1971,1,25,209,Turkey,10,Middle East & North Africa,Ankara,Ankara,39.930771,32.76754,0,0.0,1,0,3,Bombing/Explosion,4,Military,6,Explosives,,,Turkish People's Liberation Army,1971-01-01
197101260001,1971,1,26,217,United States,1,North America,Florida,West Palm Beach,26.714388,-80.052689,0,0.0,1,0,3,Bombing/Explosion,8,Educational Institution,6,Explosives,0.0,0.0,Black Nationalists,1971-01-01
197101270001,1971,1,27,218,Uruguay,3,South America,Montevideo,Montevideo,-34.891151,-56.187214,0,0.0,1,0,2,Armed Assault,8,Educational Institution,5,Firearms,0.0,0.0,Tupamaros (Uruguay),1971-01-01
197101270002,1971,1,27,218,Uruguay,3,South America,Montevideo,Montevideo,-34.891151,-56.187214,0,0.0,1,0,2,Armed Assault,10,Journalists & Media,5,Firearms,0.0,0.0,Tupamaros (Uruguay),1971-01-01
197101270003,1971,1,27,218,Uruguay,3,South America,Montevideo,Montevideo,-34.891151,-56.187214,0,0.0,1,0,2,Armed Assault,8,Educational Institution,5,Firearms,0.0,0.0,Tupamaros (Uruguay),1971-01-01
197101270004,1971,1,27,603,United Kingdom,8,Western Europe,Northern Ireland,Belfast,54.607712,-5.95621,0,0.0,1,0,1,Assassination,14,Private Citizens & Property,5,Firearms,1.0,,Irish Republican Army (IRA),1971-01-01
197101280001,1971,1,28,58,Dominican Republic,2,Central America & Caribbean,National,Santo Domingo,18.456792,-69.951164,0,0.0,1,0,2,Armed Assault,8,Educational Institution,5,Firearms,0.0,0.0,Tony El Pelou Band,1971-01-01
197101280002,1971,1,28,58,Dominican Republic,2,Central America & Caribbean,National,Santo Domingo,18.456792,-69.951164,0,0.0,1,0,2,Armed Assault,10,Journalists & Media,5,Firearms,0.0,0.0,Tony El Pelou Band,1971-01-01
197101290001,1971,1,29,362,West Germany (FRG),8,Western Europe,Bavaria,Munich,48.139126,11.580186,0,0.0,0,0,3,Bombing/Explosion,2,Government (General),6,Explosives,0.0,0.0,Unknown,1971-01-01
197101290002,1971,1,29,209,Turkey,10,Middle East & North Africa,Ankara,Ankara,39.930771,32.76754,0,0.0,1,0,3,Bombing/Explosion,2,Government (General),6,Explosives,,,Turkish People's Liberation Army,1971-01-01
197101290003,1971,1,29,217,United States,1,North America,California,Los Angeles,34.097866,-118.407379,0,0.0,1,0,3,Bombing/Explosion,2,Government (General),6,Explosives,1.0,0.0,Chicano Liberation Front,1971-01-01
197101290004,1971,1,29,11,Argentina,3,South America,Cordoba,Cordoba,-31.399301,-64.182129,0,0.0,1,0,3,Bombing/Explosion,1,Business,6,Explosives,,,Revolutionary Armed Forces- Argentina (FAR-A),1971-01-01
197102020001,1971,2,2,209,Turkey,10,Middle East & North Africa,Izmir,Izmir,38.395649,27.135641,0,0.0,1,0,3,Bombing/Explosion,2,Government (General),6,Explosives,,,Turkish People's Liberation Army,1971-02-01
197102020002,1971,2,2,209,Turkey,10,Middle East & North Africa,Izmir,Izmir,38.395649,27.135641,1,0.0,1,0,3,Bombing/Explosion,4,Military,6,Explosives,0.0,0.0,Turkish People's Liberation Army,1971-02-01
197102030001,1971,2,3,218,Uruguay,3,South America,Montevideo,Montevideo,-34.891151,-56.187214,0,0.0,1,0,6,Hostage Taking (Kidnapping),1,Business,13,Unknown,,,Tupamaros (Uruguay),1971-02-01
197102040001,1971,2,4,217,United States,1,North America,California,Oakland,37.791927,-122.225906,1,0.0,1,0,3,Bombing/Explosion,4,Military,6,Explosives,,,BAY Bombers,1971-02-01
197102040002,1971,2,4,217,United States,1,North America,North Carolina,Charlotte,35.2225,-80.837539,0,0.0,1,0,7,Facility/Infrastructure Attack,2,Government (General),8,Incendiary,0.0,0.0,White supremacists/nationalists,1971-02-01
197102050001,1971,2,5,217,United States,1,North America,California,Santa Barbara,34.419255,-119.698869,1,0.0,1,0,7,Facility/Infrastructure Attack,4,Military,8,Incendiary,0.0,0.0,Unknown,1971-02-01
197102060001,1971,2,6,362,West Germany (FRG),8,Western Europe,Hesse,Frankfurt,50.11797,8.644191,0,0.0,1,0,3,Bombing/Explosion,8,Educational Institution,6,Explosives,,,Unknown,1971-02-01
197102060002,1971,2,6,603,United Kingdom,8,Western Europe,Northern Ireland,Belfast,54.607712,-5.95621,1,0.0,1,0,1,Assassination,4,Military,5,Firearms,1.0,,Irish Republican Army (IRA),1971-02-01
197102070001,1971,2,7,603,United Kingdom,8,Western Europe,Northern Ireland,Nutt's Corner,54.63797,-6.14485,0,0.0,1,0,1,Assassination,14,Private Citizens & Property,5,Firearms,1.0,,Irish Republican Extremists,1971-02-01
197102080001,1971,2,8,209,Turkey,10,Middle East & North Africa,Ankara,Ankara,39.930771,32.76754,1,0.0,1,0,3,Bombing/Explosion,4,Military,6,Explosives,0.0,0.0,Turkish People's Liberation Army,1971-02-01
197102080002,1971,2,8,94,Iran,10,Middle East & North Africa,Gilan,Unknown,37.146795,49.536102,-9,0.0,1,0,2,Armed Assault,3,Police,5,Firearms,,,Unknown,1971-02-01
197102090001,1971,2,9,603,United Kingdom,8,Western Europe,Northern Ireland,Trillick,54.452223,-7.486124,0,0.0,1,0,3,Bombing/Explosion,4,Military,6,Explosives,5.0,,Irish Republican Army (IRA),1971-02-01
197102090002,1971,2,9,217,United States,1,North America,Florida,West Palm Beach,26.714388,-80.052689,0,0.0,0,0,3,Bombing/Explosion,8,Educational Institution,6,Explosives,0.0,0.0,Black Nationalists,1971-02-01
197102100001,1971,2,10,209,Turkey,10,Middle East & North Africa,Ankara,Ankara,39.930771,32.76754,0,0.0,1,0,3,Bombing/Explosion,14,Private Citizens & Property,6,Explosives,0.0,0.0,Turkish People's Liberation Army,1971-02-01
197102100002,1971,2,10,198,Sweden,8,Western Europe,Vastra Gotaland,Gothenburg,57.696994,11.9865,-9,0.0,1,0,2,Armed Assault,7,Government (Diplomatic),5,Firearms,0.0,0.0,Croatian Nationalists,1971-02-01
197102100003,1971,2,10,217,United States,1,North America,Ohio,Akron,41.084195,-81.514059,0,0.0,0,0,3,Bombing/Explosion,14,Private Citizens & Property,6,Explosives,0.0,0.0,Neo-Nazi extremists,1971-02-01
197102110001,1971,2,11,222,Venezuela,3,South America,Caracas,Caracas,10.482834,-66.962128,0,0.0,1,0,6,Hostage Taking (Kidnapping),1,Business,13,Unknown,0.0,0.0,Movement of the Revolutionary Left (MIR) (Venezuela),1971-02-01
197102110002,1971,2,11,209,Turkey,10,Middle East & North Africa,Ankara,Ankara,39.930771,32.76754,0,0.0,1,0,3,Bombing/Explosion,7,Government (Diplomatic),6,Explosives,,,Unknown,1971-02-01
197102120001,1971,2,12,160,Philippines,5,Southeast Asia,Metropolitian Manila,Manila,14.596051,120.978666,0,0.0,1,0,3,Bombing/Explosion,7,Government (Diplomatic),6,Explosives,,,Unknown,1971-02-01
197102120002,1971,2,12,209,Turkey,10,Middle East & North Africa,Ankara,Ankara,39.930771,32.76754,-9,0.0,1,0,3,Bombing/Explosion,14,Private Citizens & Property,6,Explosives,0.0,0.0,Unknown,1971-02-01
197102120003,1971,2,12,217,United States,1,North America,California,Santa Cruz,36.974025,-122.030954,0,0.0,1,0,7,Facility/Infrastructure Attack,4,Military,8,Incendiary,0.0,0.0,Unknown,1971-02-01
197102130001,1971,2,13,217,United States,1,North America,Georgia,Atlanta,33.74502,-84.391669,0,0.0,1,0,3,Bombing/Explosion,4,Military,6,Explosives,0.0,0.0,Left-Wing Militants,1971-02-01
197102140001,1971,2,14,217,United States,1,North America,Pennsylvania,Bristol,40.097625,-74.857269,0,0.0,1,0,7,Facility/Infrastructure Attack,2,Government (General),8,Incendiary,0.0,0.0,Left-Wing Militants,1971-02-01
197102150001,1971,2,15,209,Turkey,10,Middle East & North Africa,Ankara,Ankara,39.930771,32.76754,1,0.0,1,0,6,Hostage Taking (Kidnapping),4,Military,13,Unknown,0.0,0.0,Turkish People's Liberation Army,1971-02-01
197102150002,1971,2,15,603,United Kingdom,8,Western Europe,Northern Ireland,Belfast,54.607712,-5.95621,1,0.0,1,0,1,Assassination,4,Military,5,Firearms,1.0,,Irish Republican Army (IRA),1971-02-01
197102160001,1971,2,16,217,United States,1,North America,Puerto Rico,Carolina,18.442164,-66.026298,0,1.0,1,0,3,Bombing/Explosion,1,Business,6,Explosives,0.0,0.0,Puerto Rican Nationalists,1971-02-01
197102160002,1971,2,16,217,United States,1,North America,Puerto Rico,Carolina,18.442164,-66.026298,0,1.0,1,0,3,Bombing/Explosion,1,Business,6,Explosives,0.0,0.0,Puerto Rican Nationalists,1971-02-01
197102160003,1971,2,16,217,United States,1,North America,Puerto Rico,San Juan,18.386932,-66.061127,0,0.0,0,0,3,Bombing/Explosion,4,Military,6,Explosives,0.0,0.0,Puerto Rican Nationalists,1971-02-01
197102160004,1971,2,16,217,United States,1,North America,Puerto Rico,San Juan,18.386932,-66.061127,0,1.0,0,0,7,Facility/Infrastructure Attack,1,Business,8,Incendiary,0.0,0.0,Puerto Rican Nationalists,1971-02-01
197102160005,1971,2,16,217,United States,1,North America,Puerto Rico,Rio Piedras,18.386932,-66.061127,0,1.0,0,0,7,Facility/Infrastructure Attack,1,Business,8,Incendiary,0.0,0.0,Puerto Rican Nationalists,1971-02-01
197102170001,1971,2,17,209,Turkey,10,Middle East & North Africa,Ankara,Ankara,39.930771,32.76754,1,0.0,1,0,3,Bombing/Explosion,4,Military,6,Explosives,0.0,0.0,Turkish People's Liberation Army,1971-02-01
197102170002,1971,2,17,209,Turkey,10,Middle East & North Africa,Istanbul,Istanbul,41.106178,28.689863,0,0.0,1,0,3,Bombing/Explosion,8,Educational Institution,6,Explosives,,,Unknown,1971-02-01
197102190001,1971,2,19,209,Turkey,10,Middle East & North Africa,Istanbul,Istanbul,41.106178,28.689863,1,0.0,1,0,3,Bombing/Explosion,4,Military,6,Explosives,0.0,0.0,Turkish People's Liberation Army,1971-02-01
197102200001,1971,2,20,49,Costa Rica,2,Central America & Caribbean,San Jose,San Jose,9.933333,-84.083333,-9,0.0,1,0,6,Hostage Taking (Kidnapping),14,Private Citizens & Property,13,Unknown,,,Unknown,1971-02-01
197102200002,1971,2,20,209,Turkey,10,Middle East & North Africa,Ankara,Ankara,39.930771,32.76754,0,0.0,0,0,3,Bombing/Explosion,7,Government (Diplomatic),6,Explosives,0.0,0.0,Turkish People's Liberation Army,1971-02-01
197102200003,1971,2,20,217,United States,1,North America,Florida,Miami,25.774591,-80.214195,1,0.0,1,0,2,Armed Assault,3,Police,5,Firearms,1.0,0.0,Black Afro Militant Movement,1971-02-01
197102210001,1971,2,21,222,Venezuela,3,South America,Caracas,Caracas,10.482834,-66.962128,0,0.0,1,0,6,Hostage Taking (Kidnapping),1,Business,13,Unknown,0.0,0.0,Armed Forces of National Liberation- Venezuela (FALN),1971-02-01
197102210002,1971,2,21,209,Turkey,10,Middle East & North Africa,Ankara,ANkara,39.930771,32.76754,-9,0.0,1,0,2,Armed Assault,7,Government (Diplomatic),8,Incendiary,0.0,0.0,Unknown,1971-02-01
197102220001,1971,2,22,217,United States,1,North America,California,Los Angeles,34.097866,-118.407379,0,0.0,1,0,3,Bombing/Explosion,1,Business,6,Explosives,0.0,0.0,Chicano Liberation Front,1971-02-01
197102260001,1971,2,26,603,United Kingdom,8,Western Europe,Northern Ireland,Belfast,54.607712,-5.95621,0,0.0,1,0,1,Assassination,3,Police,5,Firearms,2.0,,Irish Republican Army (IRA),1971-02-01
197102260002,1971,2,26,217,United States,1,North America,Hawaii,Honolulu,21.3,-157.818968,0,0.0,1,0,7,Facility/Infrastructure Attack,4,Military,8,Incendiary,0.0,0.0,Student Radicals,1971-02-01
197102270001,1971,2,27,217,United States,1,North America,California,Berkeley,37.874043,-122.280022,-9,0.0,1,0,3,Bombing/Explosion,1,Business,6,Explosives,0.0,0.0,Unknown,1971-02-01
197102270002,1971,2,27,217,United States,1,North America,Puerto Rico,Rio Piedras,18.386932,-66.061127,0,0.0,0,0,3,Bombing/Explosion,2,Government (General),6,Explosives,0.0,0.0,Puerto Rican Nationalists,1971-02-01
197103000001,1971,3,0,160,Philippines,5,Southeast Asia,Pampanga,Angeles,15.153002,120.591942,-9,0.0,1,0,3,Bombing/Explosion,1,Business,6,Explosives,,,Unknown,1971-03-01
197103000002,1971,3,0,160,Philippines,5,Southeast Asia,Unknown,Tarlas,,,1,0.0,1,0,3,Bombing/Explosion,4,Military,6,Explosives,0.0,0.0,New People's Army (NPA),1971-03-01
197103010001,1971,3,1,222,Venezuela,3,South America,Caracas,Caracas,10.482834,-66.962128,0,0.0,1,0,6,Hostage Taking (Kidnapping),1,Business,13,Unknown,0.0,0.0,Armed Forces of National Liberation- Venezuela (FALN),1971-03-01
197103010002,1971,3,1,217,United States,1,North America,California,Vernon,34.097866,-118.407379,0,0.0,0,0,3,Bombing/Explosion,1,Business,6,Explosives,0.0,0.0,Chicano Liberation Front,1971-03-01
197103010003,1971,3,1,217,United States,1,North America,District of Columbia,Washington,38.908642,-77.015381,0,0.0,1,0,3,Bombing/Explosion,2,Government (General),6,Explosives,0.0,0.0,"Weather Underground, Weathermen",1971-03-01
197103010004,1971,3,1,217,United States,1,North America,New York,New York City,40.697132,-73.931351,0,0.0,1,0,3,Bombing/Explosion,8,Educational Institution,6,Explosives,0.0,0.0,Puerto Rican Resistance Movement,1971-03-01
197103020001,1971,3,2,217,United States,1,North America,New York,New York City,40.697132,-73.931351,-9,0.0,1,0,7,Facility/Infrastructure Attack,7,Government (Diplomatic),8,Incendiary,0.0,0.0,Unknown,1971-03-01
197103030001,1971,3,3,217,United States,1,North America,California,Santa Barbara,34.419255,-119.698869,0,0.0,1,0,3,Bombing/Explosion,21,Utilities,6,Explosives,0.0,0.0,Unknown,1971-03-01
197103030002,1971,3,3,217,United States,1,North America,California,Berkeley,37.874043,-122.280022,-9,0.0,1,0,3,Bombing/Explosion,1,Business,6,Explosives,0.0,0.0,Unknown,1971-03-01
197103040001,1971,3,4,209,Turkey,10,Middle East & North Africa,Ankara,Ankara,39.930771,32.76754,1,0.0,1,0,6,Hostage Taking (Kidnapping),4,Military,13,Unknown,0.0,0.0,Turkish People's Liberation Army,1971-03-01
197103050001,1971,3,5,217,United States,1,North America,Hawaii,Honolulu,21.3,-157.818968,0,0.0,1,0,7,Facility/Infrastructure Attack,8,Educational Institution,8,Incendiary,0.0,0.0,Student Radicals,1971-03-01
197103060001,1971,3,6,217,United States,1,North America,Texas,Texarkana,33.42558,-94.048254,0,1.0,1,0,7,Facility/Infrastructure Attack,15,Religious Figures/Institutions,8,Incendiary,0.0,0.0,Unknown,1971-03-01
197103060002,1971,3,6,217,United States,1,North America,Texas,Texarkana,33.42558,-94.048254,0,1.0,1,0,7,Facility/Infrastructure Attack,15,Religious Figures/Institutions,8,Incendiary,0.0,0.0,Unknown,1971-03-01
197103070001,1971,3,7,217,United States,1,North America,Texas,Texarkana,33.42558,-94.048254,0,1.0,0,0,7,Facility/Infrastructure Attack,15,Religious Figures/Institutions,8,Incendiary,0.0,0.0,Unknown,1971-03-01
197103070002,1971,3,7,217,United States,1,North America,Texas,Texarkana,33.42558,-94.048254,0,1.0,1,0,7,Facility/Infrastructure Attack,15,Religious Figures/Institutions,8,Incendiary,0.0,0.0,Unknown,1971-03-01
197103080003,1971,3,8,603,United Kingdom,8,Western Europe,Northern Ireland,Belfast,54.607712,-5.95621,1,0.0,1,0,1,Assassination,17,Terrorists/Non-State Militia,5,Firearms,1.0,,Official Irish Republican Army (OIRA),1971-03-01
197103080004,1971,3,8,217,United States,1,North America,Missouri,St. Louis,38.62774,-90.199514,0,0.0,1,0,3,Bombing/Explosion,2,Government (General),6,Explosives,0.0,0.0,Unknown,1971-03-01
197103080005,1971,3,8,217,United States,1,North America,Missouri,St. Louis,38.62774,-90.199514,1,0.0,1,0,3,Bombing/Explosion,4,Military,6,Explosives,0.0,10.0,Unknown,1971-03-01
197103090001,1971,3,9,217,United States,1,North America,Colorado,Fort Lupton,40.079609,-104.812912,0,0.0,1,0,3,Bombing/Explosion,3,Police,6,Explosives,0.0,0.0,Unknown,1971-03-01
197103090002,1971,3,9,362,West Germany (FRG),8,Western Europe,Bavaria,Munich,48.139126,11.580186,0,0.0,1,0,2,Armed Assault,1,Business,5,Firearms,,,Baader-Meinhof Group,1971-03-01
197103100001,1971,3,10,218,Uruguay,3,South America,Montevideo,Montevideo,-34.891151,-56.187214,0,0.0,1,0,6,Hostage Taking (Kidnapping),2,Government (General),13,Unknown,,,Tupamaros (Uruguay),1971-03-01
197103100002,1971,3,10,362,West Germany (FRG),8,Western Europe,Baden-Wurttemberg,Heidelberg,49.4019,8.680285,0,0.0,1,0,3,Bombing/Explosion,2,Government (General),6,Explosives,,,Socialist Patients' Collective (SPK),1971-03-01
197103100003,1971,3,10,603,United Kingdom,8,Western Europe,Northern Ireland,Belfast,54.607712,-5.95621,0,0.0,1,0,1,Assassination,4,Military,5,Firearms,1.0,,Irish Republican Army (IRA),1971-03-01
197103110001,1971,3,11,217,United States,1,North America,Texas,Houston,29.813822,-95.365295,0,0.0,1,0,3,Bombing/Explosion,14,Private Citizens & Property,6,Explosives,0.0,0.0,Ku Klux Klan,1971-03-01
197103120001,1971,3,12,217,United States,1,North America,Oregon,Portland,45.511795,-122.675629,0,0.0,1,0,3,Bombing/Explosion,3,Police,6,Explosives,0.0,0.0,Left-Wing Militants,1971-03-01
197103140001,1971,3,14,209,Turkey,10,Middle East & North Africa,Istanbul,Istanbul,41.106178,28.689863,0,0.0,1,0,3,Bombing/Explosion,1,Business,6,Explosives,,,Turkish People's Liberation Army,1971-03-01
197103140002,1971,3,14,209,Turkey,10,Middle East & North Africa,Istanbul,Istanbul,41.106178,28.689863,0,0.0,1,0,3,Bombing/Explosion,10,Journalists & Media,6,Explosives,,,Turkish People's Liberation Army,1971-03-01
197103150001,1971,3,15,142,Netherlands,8,Western Europe,South Holland,Rotterdam,51.924216,4.481776,0,0.0,1,0,3,Bombing/Explosion,21,Utilities,6,Explosives,0.0,0.0,Popular Front for the Liberation of Palestine (PFLP),1971-03-01
197103150002,1971,3,15,218,Uruguay,3,South America,Montevideo,Montevideo,-34.891151,-56.187214,0,0.0,1,0,2,Armed Assault,10,Journalists & Media,5,Firearms,0.0,0.0,Tupamaros (Uruguay),1971-03-01
197103150003,1971,3,15,217,United States,1,North America,California,San Mateo,37.54703,-122.314834,1,0.0,1,0,7,Facility/Infrastructure Attack,2,Government (General),8,Incendiary,0.0,0.0,Left-Wing Militants,1971-03-01
197103160001,1971,3,16,217,United States,1,North America,California,San Francisco,37.755363,-122.443352,0,0.0,0,0,3,Bombing/Explosion,2,Government (General),6,Explosives,0.0,0.0,"Weather Underground, Weathermen",1971-03-01
197103170001,1971,3,17,217,United States,1,North America,New York,Ithaca,42.455233,-76.475847,0,0.0,1,0,7,Facility/Infrastructure Attack,4,Military,8,Incendiary,0.0,0.0,Student Radicals,1971-03-01
197103180001,1971,3,18,185,Spain,8,Western Europe,Santa Cruz de Tenerife,San Andres,28.505025,-16.192648,0,0.0,1,0,3,Bombing/Explosion,1,Business,6,Explosives,0.0,0.0,Catalan Liberation Front (FAC),1971-03-01
197103180002,1971,3,18,217,United States,1,North America,Florida,Jacksonville,30.33138,-81.655799,0,0.0,1,0,3,Bombing/Explosion,4,Military,6,Explosives,0.0,0.0,Left-Wing Militants,1971-03-01
197103190001,1971,3,19,362,West Germany (FRG),8,Western Europe,Berlin,West Berlin,52.50153,13.401851,0,0.0,1,0,7,Facility/Infrastructure Attack,1,Business,8,Incendiary,,,Black Cells,1971-03-01
197103190002,1971,3,19,217,United States,1,North America,New York,New York City,40.697132,-73.931351,0,0.0,1,0,7,Facility/Infrastructure Attack,1,Business,8,Incendiary,0.0,0.0,Armed Revolutionary Independence Movement (MIRA),1971-03-01
197103210001,1971,3,21,217,United States,1,North America,Massachusetts,Medford,42.407484,-71.119023,0,0.0,1,0,7,Facility/Infrastructure Attack,8,Educational Institution,8,Incendiary,0.0,0.0,Student Radicals,1971-03-01
197103230001,1971,3,23,217,United States,1,North America,California,Mill Valley,37.906032,-122.548169,0,0.0,1,0,3,Bombing/Explosion,1,Business,6,Explosives,0.0,0.0,"Weather Underground, Weathermen",1971-03-01
197103230002,1971,3,23,217,United States,1,North America,Michigan,Detroit,42.359139,-83.066546,1,0.0,1,0,3,Bombing/Explosion,8,Educational Institution,6,Explosives,0.0,0.0,Student Radicals,1971-03-01
197103230003,1971,3,23,217,United States,1,North America,California,Thousand Oaks,34.225529,-118.878911,0,0.0,1,0,7,Facility/Infrastructure Attack,1,Business,8,Incendiary,0.0,0.0,Left-Wing Militants,1971-03-01
197103250001,1971,3,25,98,Italy,8,Western Europe,Lombardy,Milan,45.469212,9.174508,0,0.0,1,0,3,Bombing/Explosion,7,Government (Diplomatic),6,Explosives,0.0,0.0,Unknown,1971-03-01
197103270001,1971,3,27,209,Turkey,10,Middle East & North Africa,Ankara,Ankara,39.930771,32.76754,-9,0.0,1,0,2,Armed Assault,14,Private Citizens & Property,8,Incendiary,0.0,0.0,Unknown,1971-03-01
197103270002,1971,3,27,217,United States,1,North America,Maryland,Baltimore,39.308342,-76.616104,0,0.0,1,0,3,Bombing/Explosion,21,Utilities,6,Explosives,0.0,0.0,Unknown,1971-03-01
197103280001,1971,3,28,11,Argentina,3,South America,Cordoba,Cordoba,-31.399301,-64.182129,0,0.0,1,0,3,Bombing/Explosion,10,Journalists & Media,6,Explosives,0.0,0.0,Ejercito Revolucionaria del Pueblo (ERP) (Argentina),1971-03-01
197103300001,1971,3,30,209,Turkey,10,Middle East & North Africa,Izmir,Izmir,38.395649,27.135641,0,0.0,1,0,3,Bombing/Explosion,8,Educational Institution,6,Explosives,,,Unknown,1971-03-01
197103300002,1971,3,30,217,United States,1,North America,California,San Francisco,37.755363,-122.443352,0,0.0,0,0,3,Bombing/Explosion,3,Police,6,Explosives,0.0,0.0,Black Liberation Army,1971-03-01
197103300003,1971,3,30,217,United States,1,North America,New York,New York City,40.697132,-73.931351,0,0.0,1,0,3,Bombing/Explosion,14,Private Citizens & Property,6,Explosives,0.0,0.0,Secret Cuban Government,1971-03-01
197103300005,1971,3,30,160,Philippines,5,Southeast Asia,Metropolitian Manila,Manila,14.596051,120.978666,-9,0.0,1,0,4,Hijacking,6,Airports & Aircraft,5,Firearms,0.0,0.0,Students,1971-03-01
197103300006,1971,3,30,217,United States,1,North America,New York,New York City,40.697132,-73.931351,0,0.0,1,0,3,Bombing/Explosion,14,Private Citizens & Property,6,Explosives,0.0,0.0,Jewish Defense League (JDL),1971-03-01
197103310001,1971,3,31,217,United States,1,North America,Colorado,Denver,39.758968,-104.876305,1,0.0,1,0,7,Facility/Infrastructure Attack,4,Military,8,Incendiary,0.0,0.0,Left-Wing Militants,1971-03-01
197104000001,1971,4,0,94,Iran,10,Middle East & North Africa,Gilan,Bandar Anzali,37.474249,49.458725,1,0.0,1,0,9,Unknown,4,Military,13,Unknown,3.0,0.0,Unknown,1971-04-01
197104000002,1971,4,0,94,Iran,10,Middle East & North Africa,Esfahan,Isfahan,32.65246,51.67462,1,0.0,1,0,3,Bombing/Explosion,4,Military,6,Explosives,,,Unknown,1971-04-01
197104000003,1971,4,0,94,Iran,10,Middle East & North Africa,Tehran,Tehran,35.724533,51.40519,-9,0.0,1,0,2,Armed Assault,3,Police,5,Firearms,,,Unknown,1971-04-01
197104010001,1971,4,1,217,United States,1,North America,California,Los Angeles,34.097866,-118.407379,0,0.0,1,0,3,Bombing/Explosion,2,Government (General),6,Explosives,,,Unknown,1971-04-01
197104020001,1971,4,2,102,Jordan,10,Middle East & North Africa,Unknown,Unknown,,,0,0.0,1,0,3,Bombing/Explosion,21,Utilities,6,Explosives,0.0,0.0,Popular Front for the Liberation of Palestine (PFLP),1971-04-01
197104020002,1971,4,2,185,Spain,8,Western Europe,Madrid,Madrid,40.465595,-3.696263,0,0.0,1,0,3,Bombing/Explosion,10,Journalists & Media,6,Explosives,0.0,0.0,Catalan Liberation Front (FAC),1971-04-01
197104020003,1971,4,2,217,United States,1,North America,California,Riverside,33.953349,-117.396156,0,0.0,1,0,2,Armed Assault,3,Police,5,Firearms,2.0,0.0,Black Nationalists,1971-04-01
197104030001,1971,4,3,185,Spain,8,Western Europe,Barcelona,Barcelona,41.400635,2.150913,0,0.0,1,0,3,Bombing/Explosion,8,Educational Institution,6,Explosives,0.0,0.0,Catalan Liberation Front (FAC),1971-04-01
197104030002,1971,4,3,217,United States,1,North America,California,Los Angeles,34.097866,-118.407379,-9,0.0,1,0,7,Facility/Infrastructure Attack,1,Business,8,Incendiary,0.0,0.0,Unknown,1971-04-01
197104030003,1971,4,3,217,United States,1,North America,Michigan,Ypsilanti,42.24088,-83.613089,0,0.0,1,0,6,Hostage Taking (Kidnapping),14,Private Citizens & Property,5,Firearms,0.0,1.0,Ku Klux Klan,1971-04-01
197104030004,1971,4,3,217,United States,1,North America,Georgia,Sylvester,31.530345,-83.835349,0,0.0,1,0,7,Facility/Infrastructure Attack,2,Government (General),8,Incendiary,0.0,0.0,Left-Wing Militants,1971-04-01
197104050001,1971,4,5,217,United States,1,North America,California,Ben Lomond,37.089185,-122.086756,0,0.0,1,0,3,Bombing/Explosion,1,Business,6,Explosives,0.0,0.0,Left-Wing Militants,1971-04-01
197104050002,1971,4,5,217,United States,1,North America,Puerto Rico,San Juan,18.386932,-66.061127,0,1.0,1,0,7,Facility/Infrastructure Attack,1,Business,8,Incendiary,0.0,0.0,Unknown,1971-04-01
197104050003,1971,4,5,217,United States,1,North America,Puerto Rico,San Juan,18.386932,-66.061127,0,1.0,1,0,7,Facility/Infrastructure Attack,1,Business,8,Incendiary,0.0,0.0,Unknown,1971-04-01
197104060001,1971,4,6,209,Turkey,10,Middle East & North Africa,Ankara,Ankara,39.930771,32.76754,0,0.0,0,0,3,Bombing/Explosion,2,Government (General),6,Explosives,0.0,0.0,RYF,1971-04-01
197104060002,1971,4,6,209,Turkey,10,Middle East & North Africa,Ankara,Ankara,39.930771,32.76754,1,0.0,1,0,3,Bombing/Explosion,4,Military,6,Explosives,,,Turkish People's Liberation Army,1971-04-01
197104060003,1971,4,6,209,Turkey,10,Middle East & North Africa,Ankara,Ankara,39.930771,32.76754,1,0.0,1,0,3,Bombing/Explosion,4,Military,6,Explosives,0.0,0.0,Turkish People's Liberation Army,1971-04-01
197104060004,1971,4,6,217,United States,1,North America,California,Los Angeles,34.097866,-118.407379,-9,0.0,1,0,3,Bombing/Explosion,1,Business,6,Explosives,0.0,0.0,Unknown,1971-04-01
197104060005,1971,4,6,217,United States,1,North America,California,San Jose,37.338475,-121.885794,-9,0.0,1,0,3,Bombing/Explosion,1,Business,6,Explosives,0.0,0.0,Unknown,1971-04-01
197104070001,1971,4,7,94,Iran,10,Middle East & North Africa,Tehran,Tehran,35.724533,51.40519,1,0.0,1,0,1,Assassination,4,Military,5,Firearms,1.0,0.0,Unknown,1971-04-01
197104070002,1971,4,7,198,Sweden,8,Western Europe,Stockholm,Stockholm,59.332788,18.064488,0,0.0,1,0,1,Assassination,7,Government (Diplomatic),13,Unknown,1.0,2.0,Croatian Nationalists,1971-04-01
197104080001,1971,4,8,217,United States,1,North America,California,Fresno,36.736419,-119.789196,0,0.0,1,0,3,Bombing/Explosion,2,Government (General),6,Explosives,0.0,0.0,Chicano Liberation Front,1971-04-01
197104110001,1971,4,11,209,Turkey,10,Middle East & North Africa,Ankara,Ankara,39.930771,32.76754,0,0.0,1,0,3,Bombing/Explosion,4,Military,6,Explosives,,,RYF,1971-04-01
197104110002,1971,4,11,11,Argentina,3,South America,Buenos Aires,La Plata,-34.921295,-57.954333,0,0.0,1,0,2,Armed Assault,3,Police,5,Firearms,3.0,0.0,Peronist Armed Forces (FAP),1971-04-01
197104120001,1971,4,12,217,United States,1,North America,New York,New York City,40.697132,-73.931351,0,0.0,1,0,3,Bombing/Explosion,7,Government (Diplomatic),6,Explosives,0.0,0.0,Black Revolutionary Assault Team,1971-04-01
197104140001,1971,4,14,217,United States,1,North America,California,Palo Alto,37.424305,-122.143913,0,0.0,1,0,7,Facility/Infrastructure Attack,8,Educational Institution,8,Incendiary,0.0,0.0,Student Radicals,1971-04-01
197104140002,1971,4,14,217,United States,1,North America,Puerto Rico,San Juan,18.386932,-66.061127,0,0.0,0,0,3,Bombing/Explosion,1,Business,6,Explosives,0.0,0.0,Puerto Rican Nationalists,1971-04-01
197104150001,1971,4,15,217,United States,1,North America,California,Los Angeles,34.097866,-118.407379,0,0.0,1,0,3,Bombing/Explosion,2,Government (General),6,Explosives,0.0,0.0,Left-Wing Militants,1971-04-01
197104170001,1971,4,17,217,United States,1,North America,New York,New York City,40.697132,-73.931351,0,0.0,1,0,1,Assassination,22,Violent Political Party,5,Firearms,1.0,0.0,Black Panthers,1971-04-01
197104190001,1971,4,19,217,United States,1,North America,New York,New York City,40.697132,-73.931351,0,0.0,0,0,2,Armed Assault,3,Police,5,Firearms,0.0,2.0,Black Panthers,1971-04-01
197104190002,1971,4,19,185,Spain,8,Western Europe,Barcelona,Barcelona,41.400635,2.150913,0,0.0,1,0,3,Bombing/Explosion,19,Transportation,6,Explosives,0.0,0.0,Catalan Liberation Front (FAC),1971-04-01
197104190003,1971,4,19,217,United States,1,North America,New York,New York City,40.697132,-73.931351,0,0.0,1,0,3,Bombing/Explosion,18,Tourists,6,Explosives,0.0,0.0,Unknown,1971-04-01
197104190004,1971,4,19,217,United States,1,North America,Puerto Rico,San Juan,18.386932,-66.061127,0,0.0,1,0,3,Bombing/Explosion,1,Business,6,Explosives,3.0,0.0,Armed Commandos of Liberation,1971-04-01
197104200001,1971,4,20,217,United States,1,North America,California,Fresno,36.740685,-119.785734,0,0.0,1,0,3,Bombing/Explosion,4,Military,6,Explosives,0.0,0.0,Left-Wing Militants,1971-04-01
197104200002,1971,4,20,217,United States,1,North America,California,Berkeley,37.874043,-122.280022,0,0.0,1,0,3,Bombing/Explosion,1,Business,6,Explosives,0.0,0.0,Left-Wing Militants,1971-04-01
197104200003,1971,4,20,217,United States,1,North America,Minnesota,Richfield,44.883175,-93.283006,1,0.0,1,0,7,Facility/Infrastructure Attack,2,Government (General),8,Incendiary,0.0,0.0,Left-Wing Militants,1971-04-01
197104220001,1971,4,22,217,United States,1,North America,New York,New York City,40.697132,-73.931351,0,0.0,1,0,3,Bombing/Explosion,1,Business,6,Explosives,0.0,0.0,Jewish Defense League (JDL),1971-04-01
197104230001,1971,4,23,217,United States,1,North America,California,Fresno,36.740685,-119.785734,0,0.0,1,0,3,Bombing/Explosion,2,Government (General),6,Explosives,0.0,0.0,Chicano Liberation Front,1971-04-01
197104230002,1971,4,23,217,United States,1,North America,California,Palo Alto,37.424305,-122.143913,0,0.0,1,0,3,Bombing/Explosion,8,Educational Institution,6,Explosives,0.0,0.0,Unknown,1971-04-01
197104230003,1971,4,23,217,United States,1,North America,California,Los Gatos,37.235807,-121.962416,0,0.0,1,0,7,Facility/Infrastructure Attack,2,Government (General),8,Incendiary,0.0,0.0,Left-Wing Militants,1971-04-01
197104230004,1971,4,23,217,United States,1,North America,California,Mill Valley,37.906032,-122.545048,0,0.0,1,0,3,Bombing/Explosion,1,Business,6,Explosives,0.0,0.0,"Weather Underground, Weathermen",1971-04-01
197104230005,1971,4,23,217,United States,1,North America,California,Palo Alto,37.424305,-122.143913,0,0.0,1,0,2,Armed Assault,21,Utilities,5,Firearms,0.0,0.0,Student Radicals,1971-04-01
197104240001,1971,4,24,217,United States,1,North America,Ohio,Youngstown,41.0981,-80.650789,1,0.0,1,0,3,Bombing/Explosion,4,Military,6,Explosives,0.0,0.0,Left-Wing Militants,1971-04-01
197104250001,1971,4,25,217,United States,1,North America,California,Claremont,34.0961,-117.716404,0,1.0,1,0,7,Facility/Infrastructure Attack,4,Military,8,Incendiary,0.0,0.0,Student Radicals,1971-04-01
197104250002,1971,4,25,217,United States,1,North America,California,Claremont,34.097718,-117.70945,0,1.0,1,0,7,Facility/Infrastructure Attack,8,Educational Institution,8,Incendiary,0.0,0.0,Student Radicals,1971-04-01
197104260001,1971,4,26,217,United States,1,North America,California,Claremont,34.106067,-117.716404,1,0.0,1,0,7,Facility/Infrastructure Attack,8,Educational Institution,8,Incendiary,0.0,0.0,Student Radicals,1971-04-01
197104270001,1971,4,27,217,United States,1,North America,California,Mill Valley,37.906032,-122.545048,0,0.0,1,0,3,Bombing/Explosion,8,Educational Institution,6,Explosives,0.0,0.0,Left-wing extremists,1971-04-01
197104270002,1971,4,27,217,United States,1,North America,California,Los Angeles,34.097866,-118.407379,1,0.0,1,0,3,Bombing/Explosion,1,Business,6,Explosives,0.0,0.0,Left-Wing Militants,1971-04-01
197104280001,1971,4,28,217,United States,1,North America,California,Oakland,37.791927,-122.225906,0,0.0,1,0,3,Bombing/Explosion,1,Business,6,Explosives,0.0,0.0,Left-Wing Militants,1971-04-01
197104280002,1971,4,28,217,United States,1,North America,California,Los Angeles,34.097866,-118.407379,0,0.0,1,0,3,Bombing/Explosion,1,Business,6,Explosives,0.0,0.0,Chicano Liberation Front,1971-04-01
197104290001,1971,4,29,11,Argentina,3,South America,Buenos Aires,Pilar,-34.458721,-58.90725,1,0.0,1,0,2,Armed Assault,4,Military,5,Firearms,1.0,0.0,Revolutionary Armed Forces- Argentina (FAR-A),1971-04-01
197104290002,1971,4,29,217,United States,1,North America,California,Montebello,34.097866,-118.407379,0,1.0,1,0,3,Bombing/Explosion,1,Business,6,Explosives,0.0,0.0,Chicano Liberation Front,1971-04-01
197104290003,1971,4,29,217,United States,1,North America,California,Los Angeles,34.097866,-118.407379,0,1.0,1,0,3,Bombing/Explosion,1,Business,6,Explosives,0.0,0.0,Chicano Liberation Front,1971-04-01
197104290004,1971,4,29,217,United States,1,North America,California,Los Gatos,37.235807,-121.962416,0,0.0,1,0,7,Facility/Infrastructure Attack,1,Business,8,Incendiary,0.0,0.0,Left-Wing Militants,1971-04-01
197104290005,1971,4,29,217,United States,1,North America,California,Berkeley,37.874043,-122.280022,0,0.0,1,0,1,Assassination,4,Military,9,Melee,1.0,0.0,Left-Wing Militants,1971-04-01
197104300001,1971,4,30,217,United States,1,North America,California,San Jose,37.338475,-121.885794,0,0.0,1,0,7,Facility/Infrastructure Attack,4,Military,8,Incendiary,0.0,0.0,Left-Wing Militants,1971-04-01
197104300002,1971,4,30,217,United States,1,North America,Massachusetts,Braintree,42.206391,-71.004817,0,0.0,0,0,3,Bombing/Explosion,2,Government (General),6,Explosives,0.0,0.0,Left-Wing Militants,1971-04-01
197105010001,1971,5,1,217,United States,1,North America,California,Santa Cruz,36.974025,-122.030954,0,0.0,1,0,3,Bombing/Explosion,1,Business,6,Explosives,0.0,0.0,People's Revolutionary Party,1971-05-01
197105020001,1971,5,2,185,Spain,8,Western Europe,Navarre,Pamplona,42.815372,-1.653616,0,0.0,1,0,3,Bombing/Explosion,10,Journalists & Media,6,Explosives,,,GAC,1971-05-01
197105040001,1971,5,4,26,Bolivia,3,South America,La Paz,La Paz,-16.509317,-68.10434,0,0.0,1,0,6,Hostage Taking (Kidnapping),1,Business,13,Unknown,,,Ejercito de Liberacion Nacional (Bolivia),1971-05-01
197105040002,1971,5,4,209,Turkey,10,Middle East & North Africa,Ankara,Ankara,39.930771,32.76754,1,0.0,1,0,3,Bombing/Explosion,4,Military,6,Explosives,0.0,0.0,Turkish People's Liberation Army,1971-05-01
197105040003,1971,5,4,217,United States,1,North America,California,Chico,39.728352,-121.841985,0,0.0,0,0,7,Facility/Infrastructure Attack,4,Military,8,Incendiary,0.0,0.0,Left-Wing Militants,1971-05-01
197105040004,1971,5,4,217,United States,1,North America,California,Fresno,36.740685,-119.785734,1,0.0,1,0,3,Bombing/Explosion,16,Telecommunication,6,Explosives,0.0,0.0,Chicano Radicals,1971-05-01
197105040005,1971,5,4,217,United States,1,North America,California,San Bruno,37.625511,-122.432556,0,0.0,0,0,7,Facility/Infrastructure Attack,1,Business,8,Incendiary,0.0,0.0,Left-Wing Militants,1971-05-01
197105050001,1971,5,5,94,Iran,10,Middle East & North Africa,Tehran,Tehran,35.724533,51.40519,0,0.0,1,0,3,Bombing/Explosion,7,Government (Diplomatic),6,Explosives,,,Unknown,1971-05-01
197105050002,1971,5,5,185,Spain,8,Western Europe,Barcelona,Barcelona,41.400635,2.150913,0,0.0,1,0,3,Bombing/Explosion,2,Government (General),6,Explosives,,,Catalan Liberation Front (FAC),1971-05-01
197105050003,1971,5,5,217,United States,1,North America,California,Chico,39.728352,-121.837348,-9,0.0,1,0,3,Bombing/Explosion,1,Business,6,Explosives,,,Unknown,1971-05-01
197105050004,1971,5,5,217,United States,1,North America,California,Chico,39.728352,-121.837348,0,0.0,1,0,7,Facility/Infrastructure Attack,1,Business,8,Incendiary,0.0,0.0,Left-Wing Militants,1971-05-01
197105050005,1971,5,5,217,United States,1,North America,Arizona,Tempe,33.42551,-111.937419,1,0.0,0,0,7,Facility/Infrastructure Attack,8,Educational Institution,8,Incendiary,0.0,0.0,Left-Wing Militants,1971-05-01
197105050006,1971,5,5,217,United States,1,North America,Kansas,Kansas City,39.113789,-94.765358,1,0.0,1,0,7,Facility/Infrastructure Attack,4,Military,8,Incendiary,0.0,0.0,Left-Wing Militants,1971-05-01
197105050007,1971,5,5,217,United States,1,North America,California,Riverside,33.973705,-117.328064,1,0.0,0,0,3,Bombing/Explosion,8,Educational Institution,6,Explosives,0.0,0.0,Student Radicals,1971-05-01
197105060001,1971,5,6,362,West Germany (FRG),8,Western Europe,Berlin,West Berlin,52.50153,13.401851,-9,0.0,1,0,3,Bombing/Explosion,1,Business,6,Explosives,,,Unknown,1971-05-01
197105060002,1971,5,6,222,Venezuela,3,South America,Caracas,Caracas,10.482834,-66.962128,0,0.0,1,0,3,Bombing/Explosion,4,Military,6,Explosives,0.0,0.0,Unknown,1971-05-01
197105060003,1971,5,6,217,United States,1,North America,California,Cupertino,37.32236,-122.032133,0,0.0,1,0,3,Bombing/Explosion,21,Utilities,6,Explosives,0.0,0.0,Left-Wing Militants,1971-05-01
197105060004,1971,5,6,217,United States,1,North America,California,East Los Angeles,34.022442,-118.166974,0,0.0,1,0,3,Bombing/Explosion,21,Utilities,6,Explosives,0.0,0.0,Chicano Liberation Front,1971-05-01
197105060005,1971,5,6,217,United States,1,North America,California,Burlingame,37.577883,-122.34811,1,0.0,1,0,7,Facility/Infrastructure Attack,4,Military,8,Incendiary,0.0,0.0,Left-Wing Militants,1971-05-01
197105060006,1971,5,6,217,United States,1,North America,Nevada,Hawthorne,38.525255,-118.624627,1,0.0,1,0,3,Bombing/Explosion,4,Military,6,Explosives,1.0,1.0,Left-Wing Militants,1971-05-01
197105070001,1971,5,7,217,United States,1,North America,Iowa,Iowa City,41.657825,-91.526534,0,0.0,1,0,3,Bombing/Explosion,2,Government (General),6,Explosives,0.0,0.0,Students for a Democratic Society,1971-05-01
197105080001,1971,5,8,185,Spain,8,Western Europe,Gipuzcoa,Donostia-San Sebastian,43.291618,-1.977903,0,0.0,0,0,6,Hostage Taking (Kidnapping),7,Government (Diplomatic),13,Unknown,,,Basque Fatherland and Freedom (ETA),1971-05-01
197105080002,1971,5,8,603,United Kingdom,8,Western Europe,Northern Ireland,Belfast,54.607712,-5.95621,-9,0.0,1,0,7,Facility/Infrastructure Attack,1,Business,8,Incendiary,1.0,,Protestant extremists,1971-05-01
197105080003,1971,5,8,217,United States,1,North America,California,Los Angeles,34.097866,-118.407379,0,0.0,1,0,3,Bombing/Explosion,2,Government (General),6,Explosives,0.0,0.0,Chicano Liberation Front,1971-05-01
197105090001,1971,5,9,217,United States,1,North America,California,Berkeley,37.874043,-122.280022,-9,0.0,1,0,3,Bombing/Explosion,1,Business,6,Explosives,0.0,0.0,Unknown,1971-05-01
197105090002,1971,5,9,217,United States,1,North America,North Carolina,Greensboro,36.068994,-79.794704,0,0.0,0,0,3,Bombing/Explosion,8,Educational Institution,6,Explosives,0.0,0.0,Regulators,1971-05-01
197105090003,1971,5,9,217,United States,1,North America,California,Altadena,34.186531,-118.145775,1,0.0,1,0,7,Facility/Infrastructure Attack,1,Business,8,Incendiary,0.0,0.0,Chicano Liberation Front,1971-05-01
197105110001,1971,5,11,58,Dominican Republic,2,Central America & Caribbean,National,Santo Domingo,18.456792,-69.951164,0,0.0,0,0,1,Assassination,2,Government (General),6,Explosives,0.0,0.0,Unknown,1971-05-01
197105110002,1971,5,11,217,United States,1,North America,California,Los Angeles,34.097866,-118.407379,-9,0.0,1,0,3,Bombing/Explosion,1,Business,6,Explosives,0.0,0.0,Unknown,1971-05-01
197105110003,1971,5,11,217,United States,1,North America,California,Los Angeles,34.097866,-118.407379,0,1.0,1,0,7,Facility/Infrastructure Attack,1,Business,8,Incendiary,0.0,0.0,Chicano Liberation Front,1971-05-01
197105110004,1971,5,11,217,United States,1,North America,California,Los Angeles,34.250636,-118.61481,0,1.0,1,0,7,Facility/Infrastructure Attack,1,Business,8,Incendiary,0.0,0.0,Left-Wing Militants,1971-05-01
197105110005,1971,5,11,217,United States,1,North America,Maryland,Baltimore,39.308342,-76.616104,0,0.0,1,0,7,Facility/Infrastructure Attack,4,Military,2,Chemical,0.0,0.0,Left-Wing Militants,1971-05-01
197105120001,1971,5,12,26,Bolivia,3,South America,Unknown,Unknown,,,-9,0.0,1,0,6,Hostage Taking (Kidnapping),1,Business,13,Unknown,,,Unknown,1971-05-01
197105120002,1971,5,12,217,United States,1,North America,Florida,West Palm Beach,26.714388,-80.052689,0,0.0,1,0,3,Bombing/Explosion,14,Private Citizens & Property,6,Explosives,0.0,0.0,Black Nationalists,1971-05-01
197105130001,1971,5,13,217,United States,1,North America,Illinois,Chicago,41.842602,-87.681229,0,0.0,0,0,2,Armed Assault,3,Police,5,Firearms,0.0,3.0,Black Panthers,1971-05-01
197105130002,1971,5,13,94,Iran,10,Middle East & North Africa,Tehran,Tehran,35.724533,51.40519,-9,0.0,1,0,2,Armed Assault,1,Business,5,Firearms,,,Unknown,1971-05-01
197105140001,1971,5,14,209,Turkey,10,Middle East & North Africa,Ankara,Ankara,39.930771,32.76754,0,0.0,1,0,3,Bombing/Explosion,7,Government (Diplomatic),6,Explosives,0.0,0.0,Turkish People's Liberation Army,1971-05-01
197105150001,1971,5,15,78,Greece,8,Western Europe,Ionian Islands,Kalamaki,37.742578,20.896502,1,0.0,1,0,2,Armed Assault,4,Military,8,Incendiary,0.0,0.0,Unknown,1971-05-01
197105170001,1971,5,17,209,Turkey,10,Middle East & North Africa,Istanbul,Istanbul,41.106178,28.689863,0,0.0,1,0,6,Hostage Taking (Kidnapping),7,Government (Diplomatic),13,Unknown,1.0,0.0,Turkish People's Liberation Army,1971-05-01
197105170002,1971,5,17,499,East Germany (GDR),9,Eastern Europe,Berlin,Berlin,52.50153,13.401851,-9,0.0,1,0,7,Facility/Infrastructure Attack,3,Police,8,Incendiary,,,Unknown,1971-05-01
197105170003,1971,5,17,94,Iran,10,Middle East & North Africa,Khuzestan,Ahvaz,31.285506,48.643416,-9,0.0,1,0,9,Unknown,19,Transportation,13,Unknown,,,Unknown,1971-05-01
197105180001,1971,5,18,499,East Germany (GDR),9,Eastern Europe,Berlin,Berlin,52.50153,13.401851,-9,0.0,1,0,7,Facility/Infrastructure Attack,3,Police,8,Incendiary,,,Unknown,1971-05-01
197105180002,1971,5,18,499,East Germany (GDR),9,Eastern Europe,Berlin,Berlin,52.50153,13.401851,-9,0.0,1,0,7,Facility/Infrastructure Attack,3,Police,8,Incendiary,,,Unknown,1971-05-01
197105180003,1971,5,18,499,East Germany (GDR),9,Eastern Europe,Berlin,Berlin,52.50153,13.401851,-9,0.0,0,0,7,Facility/Infrastructure Attack,3,Police,8,Incendiary,,,Unknown,1971-05-01
197105190001,1971,5,19,217,United States,1,North America,New York,New York City,40.697132,-73.931351,0,0.0,1,0,2,Armed Assault,3,Police,5,Firearms,0.0,2.0,Black Liberation Army,1971-05-01
197105200001,1971,5,20,217,United States,1,North America,California,San Jose,37.338475,-121.885794,-9,0.0,1,0,7,Facility/Infrastructure Attack,1,Business,8,Incendiary,0.0,0.0,Unknown,1971-05-01
197105210001,1971,5,21,217,United States,1,North America,New York,New York City,40.697132,-73.931351,0,0.0,1,0,1,Assassination,3,Police,5,Firearms,2.0,0.0,Black Liberation Army,1971-05-01
197105210002,1971,5,21,217,United States,1,North America,California,San Bruno,37.625511,-122.432556,0,0.0,0,0,7,Facility/Infrastructure Attack,10,Journalists & Media,8,Incendiary,0.0,0.0,Left-Wing Militants,1971-05-01
197105220001,1971,5,22,603,United Kingdom,8,Western Europe,Northern Ireland,Belfast,54.607712,-5.95621,1,0.0,1,0,1,Assassination,4,Military,5,Firearms,1.0,,Official Irish Republican Army (OIRA),1971-05-01
197105230001,1971,5,23,11,Argentina,3,South America,Cordoba,Cordoba,-31.399301,-64.182129,0,0.0,1,0,6,Hostage Taking (Kidnapping),1,Business,13,Unknown,0.0,0.0,Ejercito Revolucionaria del Pueblo (ERP) (Argentina),1971-05-01
197105230002,1971,5,23,217,United States,1,North America,California,Oakland,37.791927,-122.225906,-9,0.0,1,0,3,Bombing/Explosion,1,Business,6,Explosives,0.0,0.0,Unknown,1971-05-01
197105250001,1971,5,25,217,United States,1,North America,California,Walnut Creek,37.90118,-122.061628,0,0.0,1,0,3,Bombing/Explosion,21,Utilities,6,Explosives,0.0,0.0,Unknown,1971-05-01
197105250002,1971,5,25,603,United Kingdom,8,Western Europe,Northern Ireland,Belfast,54.607712,-5.95621,1,0.0,1,0,3,Bombing/Explosion,4,Military,6,Explosives,1.0,,Irish Republican Army (IRA),1971-05-01
197105280001,1971,5,28,217,United States,1,North America,Illinois,Bedford Park,41.77033,-87.81852,1,0.0,0,0,3,Bombing/Explosion,3,Police,6,Explosives,0.0,0.0,Black Nationalists,1971-05-01
197105290001,1971,5,29,185,Spain,8,Western Europe,Gipuzcoa,Donostia-San Sebastian,43.291618,-1.977903,0,0.0,1,0,6,Hostage Taking (Kidnapping),7,Government (Diplomatic),13,Unknown,0.0,0.0,Basque Fatherland and Freedom (ETA),1971-05-01
197105290002,1971,5,29,217,United States,1,North America,Illinois,Cairo,37.002437,-89.171826,0,0.0,1,0,2,Armed Assault,3,Police,5,Firearms,0.0,3.0,Black Nationalists,1971-05-01
197106030001,1971,6,3,217,United States,1,North America,California,Los Angeles,34.097866,-118.407379,-9,0.0,1,0,3,Bombing/Explosion,1,Business,6,Explosives,0.0,0.0,Unknown,1971-06-01
197106040001,1971,6,4,185,Spain,8,Western Europe,Valencia,Miramar,38.951603,-0.138765,0,0.0,1,0,3,Bombing/Explosion,16,Telecommunication,6,Explosives,,,Catalan Liberation Front (FAC),1971-06-01
197106050002,1971,6,5,217,United States,1,North America,New York,New York City,40.697132,-73.931351,0,0.0,1,0,2,Armed Assault,1,Business,5,Firearms,1.0,0.0,Black Liberation Army,1971-06-01
197106060001,1971,6,6,185,Spain,8,Western Europe,Unknown,Unknown,,,0,0.0,1,0,3,Bombing/Explosion,21,Utilities,6,Explosives,0.0,0.0,Catalan Liberation Front (FAC),1971-06-01
197106060002,1971,6,6,217,United States,1,North America,California,Menlo Park,37.454697,-122.177909,-9,0.0,1,0,3,Bombing/Explosion,1,Business,6,Explosives,0.0,0.0,Unknown,1971-06-01
197106100001,1971,6,10,217,United States,1,North America,California,Petaluma,38.232471,-122.644448,-9,0.0,1,0,3,Bombing/Explosion,1,Business,6,Explosives,0.0,0.0,Unknown,1971-06-01
197106110001,1971,6,11,406,South Yemen,10,Middle East & North Africa,Adan,Aden,12.825647,44.846416,0,0.0,1,0,3,Bombing/Explosion,11,Maritime,6,Explosives,0.0,0.0,Popular Front for the Liberation of Palestine (PFLP),1971-06-01
197106110002,1971,6,11,217,United States,1,North America,California,Los Angeles,34.097866,-118.407379,0,1.0,1,0,3,Bombing/Explosion,10,Journalists & Media,6,Explosives,0.0,0.0,Chicano Radicals,1971-06-01
197106110003,1971,6,11,217,United States,1,North America,California,Pasadena,34.13149,-118.101567,0,1.0,1,0,3,Bombing/Explosion,10,Journalists & Media,6,Explosives,0.0,0.0,Chicano Radicals,1971-06-01
197106120001,1971,6,12,185,Spain,8,Western Europe,Madrid,Madrid,40.465595,-3.696263,0,0.0,1,0,3,Bombing/Explosion,2,Government (General),6,Explosives,0.0,0.0,Catalan Liberation Front (FAC),1971-06-01
197106130001,1971,6,13,217,United States,1,North America,California,Los Angeles,34.097866,-118.407379,0,0.0,1,0,3,Bombing/Explosion,18,Tourists,6,Explosives,0.0,0.0,Unknown,1971-06-01
197106130002,1971,6,13,217,United States,1,North America,California,Los Angeles,34.097866,-118.407379,0,0.0,1,0,3,Bombing/Explosion,10,Journalists & Media,6,Explosives,0.0,0.0,Chicano Radicals,1971-06-01
197106150001,1971,6,15,217,United States,1,North America,California,East Los Angeles,34.022425,-118.167056,0,0.0,1,0,3,Bombing/Explosion,7,Government (Diplomatic),6,Explosives,0.0,0.0,Chicano Radicals,1971-06-01
197106160001,1971,6,16,217,United States,1,North America,California,Santa Cruz,36.974025,-122.030954,1,0.0,0,0,3,Bombing/Explosion,2,Government (General),6,Explosives,0.0,0.0,Chicano Radicals,1971-06-01
197106170001,1971,6,17,217,United States,1,North America,California,Los Angeles,34.097866,-118.407379,0,0.0,1,0,3,Bombing/Explosion,10,Journalists & Media,6,Explosives,0.0,0.0,Chicano Radicals,1971-06-01
197106180002,1971,6,18,217,United States,1,North America,New York,New York City,40.697132,-73.931351,0,0.0,1,0,2,Armed Assault,1,Business,5,Firearms,0.0,0.0,Black Liberation Army,1971-06-01
197106210001,1971,6,21,217,United States,1,North America,California,San Jose,37.338475,-121.885794,0,0.0,0,0,3,Bombing/Explosion,2,Government (General),6,Explosives,0.0,0.0,Unknown,1971-06-01
197106220001,1971,6,22,217,United States,1,North America,New York,Glen Cove,40.863958,-73.630786,0,0.0,0,0,3,Bombing/Explosion,7,Government (Diplomatic),6,Explosives,0.0,0.0,Jewish Defense League (JDL),1971-06-01
197106220002,1971,6,22,217,United States,1,North America,California,Los Angeles,34.097866,-118.407379,0,1.0,1,0,3,Bombing/Explosion,8,Educational Institution,6,Explosives,0.0,0.0,Chicano Liberation Front,1971-06-01
197106220003,1971,6,22,217,United States,1,North America,California,Los Angeles,34.097866,-118.407379,0,1.0,1,0,3,Bombing/Explosion,8,Educational Institution,6,Explosives,0.0,0.0,Chicano Liberation Front,1971-06-01
197106240001,1971,6,24,217,United States,1,North America,California,Oakland,37.791927,-122.225906,-9,0.0,1,0,3,Bombing/Explosion,1,Business,6,Explosives,0.0,0.0,Unknown,1971-06-01
197106240002,1971,6,24,217,United States,1,North America,California,Los Angeles,34.097866,-118.407379,0,0.0,1,0,3,Bombing/Explosion,8,Educational Institution,6,Explosives,0.0,0.0,Chicano Liberation Front,1971-06-01
197106250001,1971,6,25,217,United States,1,North America,New York,Freeport,40.658455,-73.587219,1,0.0,0,0,7,Facility/Infrastructure Attack,2,Government (General),8,Incendiary,0.0,0.0,Left-Wing Militants,1971-06-01
197106260001,1971,6,26,217,United States,1,North America,California,Los Angeles,34.097866,-118.407379,-9,0.0,1,0,3,Bombing/Explosion,1,Business,6,Explosives,0.0,0.0,Unknown,1971-06-01
197107000001,1971,7,0,185,Spain,8,Western Europe,Biscay,Bilbao,43.258434,-2.921819,0,0.0,1,0,3,Bombing/Explosion,1,Business,6,Explosives,0.0,0.0,Revolutionary Communist League (LCR) (Spain),1971-07-01
197107000002,1971,7,0,217,United States,1,North America,New York,New York City,40.697132,-73.931351,0,0.0,1,0,3,Bombing/Explosion,1,Business,6,Explosives,0.0,0.0,Secret Cuban Government,1971-07-01
197107010001,1971,7,1,217,United States,1,North America,California,Los Angeles,34.097866,-118.407379,0,0.0,1,0,3,Bombing/Explosion,4,Military,6,Explosives,0.0,0.0,Chicano Liberation Front,1971-07-01
197107020001,1971,7,2,185,Spain,8,Western Europe,Navarre,Pamplona,42.815372,-1.653616,0,0.0,1,0,3,Bombing/Explosion,1,Business,6,Explosives,,,GAC,1971-07-01
197107040001,1971,7,4,217,United States,1,North America,California,San Jose,37.338475,-121.885794,0,0.0,1,0,3,Bombing/Explosion,2,Government (General),6,Explosives,0.0,0.0,Unknown,1971-07-01
197107060001,1971,7,6,217,United States,1,North America,California,Montebello,34.015147,-118.122896,0,0.0,1,0,7,Facility/Infrastructure Attack,8,Educational Institution,8,Incendiary,0.0,0.0,Chicano Liberation Front,1971-07-01
197107080001,1971,7,8,217,United States,1,North America,California,Los Angeles,34.097866,-118.407379,0,0.0,1,0,3,Bombing/Explosion,1,Business,6,Explosives,0.0,0.0,Chicano Liberation Front,1971-07-01
197107080002,1971,7,8,217,United States,1,North America,California,Los Angeles,34.097866,-118.407379,0,0.0,1,0,3,Bombing/Explosion,2,Government (General),6,Explosives,0.0,0.0,Chicano Liberation Front,1971-07-01
197107090001,1971,7,9,217,United States,1,North America,Rhode Island,Providence,41.823875,-71.411994,0,0.0,1,0,3,Bombing/Explosion,2,Government (General),6,Explosives,0.0,0.0,Left-Wing Militants,1971-07-01
197107090002,1971,7,9,217,United States,1,North America,California,San Diego,32.715695,-117.161719,0,0.0,1,0,3,Bombing/Explosion,2,Government (General),6,Explosives,0.0,0.0,Left-Wing Militants,1971-07-01
197107120001,1971,7,12,603,United Kingdom,8,Western Europe,Northern Ireland,Belfast,54.607712,-5.95621,1,0.0,1,0,1,Assassination,4,Military,5,Firearms,1.0,,Irish Republican Army (IRA),1971-07-01
197107140001,1971,7,14,603,United Kingdom,8,Western Europe,Northern Ireland,Belfast,54.607712,-5.95621,1,0.0,1,0,1,Assassination,4,Military,5,Firearms,1.0,,Irish Republican Army (IRA),1971-07-01
197107170001,1971,7,17,185,Spain,8,Western Europe,Gipuzcoa,Eibar,43.18418,-2.473289,-9,0.0,1,0,3,Bombing/Explosion,14,Private Citizens & Property,6,Explosives,,,Unknown,1971-07-01
197107180001,1971,7,18,185,Spain,8,Western Europe,Madrid,Madrid,40.465595,-3.696263,0,0.0,1,0,3,Bombing/Explosion,19,Transportation,6,Explosives,,,Catalan Liberation Front (FAC),1971-07-01
197107180002,1971,7,18,185,Spain,8,Western Europe,Lerida,Lerida,41.614152,0.625783,0,0.0,1,0,3,Bombing/Explosion,21,Utilities,6,Explosives,,,Catalan Liberation Front (FAC),1971-07-01
197107180003,1971,7,18,217,United States,1,North America,California,Los Angeles,34.042309,-118.141507,0,0.0,1,0,3,Bombing/Explosion,1,Business,6,Explosives,0.0,0.0,Chicano Liberation Front,1971-07-01
197107210001,1971,7,21,217,United States,1,North America,California,San Francisco,37.755363,-122.443352,1,0.0,1,0,5,Hostage Taking (Barricade Incident),1,Business,5,Firearms,0.0,0.0,Black Liberation Army,1971-07-01
197107240001,1971,7,24,217,United States,1,North America,California,Santa Cruz,36.999276,-122.003482,1,0.0,1,0,3,Bombing/Explosion,4,Military,6,Explosives,0.0,0.0,Left-Wing Militants,1971-07-01
197107250001,1971,7,25,217,United States,1,North America,New York,New York City,40.697132,-73.931351,0,0.0,1,0,2,Armed Assault,7,Government (Diplomatic),8,Incendiary,0.0,0.0,Jewish Defense League (JDL),1971-07-01
197107270001,1971,7,27,209,Turkey,10,Middle East & North Africa,Izmir,Selcuk,37.950322,27.373266,0,0.0,1,0,3,Bombing/Explosion,1,Business,6,Explosives,,,RYF,1971-07-01
197107280001,1971,7,28,11,Argentina,3,South America,Cordoba,Cordoba,-31.399301,-64.182129,0,0.0,1,0,1,Assassination,4,Military,13,Unknown,1.0,0.0,Peronist Armed Forces (FAP),1971-07-01
197107280002,1971,7,28,217,United States,1,North America,California,Ben Lomond,37.089185,-122.086756,0,0.0,1,0,7,Facility/Infrastructure Attack,1,Business,8,Incendiary,0.0,0.0,Left-Wing Militants,1971-07-01
197107290001,1971,7,29,185,Spain,8,Western Europe,Barcelona,Barcelona,41.400635,2.150913,0,0.0,1,0,3,Bombing/Explosion,1,Business,6,Explosives,0.0,0.0,Revolutionary Communist League (LCR) (Spain),1971-07-01
197107300001,1971,7,30,217,United States,1,North America,California,Beverly Hills,34.081074,-118.394081,0,0.0,1,0,3,Bombing/Explosion,1,Business,6,Explosives,0.0,0.0,Jewish Defense League (JDL),1971-07-01
197108080001,1971,8,8,603,United Kingdom,8,Western Europe,Northern Ireland,Belfast,54.607712,-5.95621,1,0.0,1,0,1,Assassination,4,Military,5,Firearms,1.0,,Irish Republican Army (IRA),1971-08-01
197108090002,1971,8,9,603,United Kingdom,8,Western Europe,Northern Ireland,Belfast,54.607712,-5.95621,-9,0.0,1,0,3,Bombing/Explosion,1,Business,6,Explosives,1.0,,Irish Republican Extremists,1971-08-01
197108090003,1971,8,9,603,United Kingdom,8,Western Europe,Northern Ireland,Clady,54.794884,-7.537385,1,0.0,1,0,1,Assassination,4,Military,5,Firearms,1.0,,Irish Republican Army (IRA),1971-08-01
197108100001,1971,8,10,603,United Kingdom,8,Western Europe,Northern Ireland,Londonderry,55.011562,-7.312045,1,0.0,1,0,1,Assassination,4,Military,5,Firearms,1.0,,Irish Republican Army (IRA),1971-08-01
197108110001,1971,8,11,217,United States,1,North America,New York,New York City,40.697132,-73.931351,0,0.0,1,0,3,Bombing/Explosion,1,Business,6,Explosives,0.0,0.0,Jewish Defense League (JDL),1971-08-01
197108110003,1971,8,11,603,United Kingdom,8,Western Europe,Northern Ireland,Belfast,54.607712,-5.95621,-9,0.0,1,0,1,Assassination,14,Private Citizens & Property,5,Firearms,1.0,,Unknown,1971-08-01
197108110004,1971,8,11,603,United Kingdom,8,Western Europe,Northern Ireland,Belfast,54.607712,-5.95621,0,0.0,1,0,1,Assassination,14,Private Citizens & Property,5,Firearms,1.0,,Irish Republican Extremists,1971-08-01
197108120001,1971,8,12,217,United States,1,North America,Pennsylvania,Pittsburgh,40.438335,-79.997459,-9,0.0,1,0,3,Bombing/Explosion,1,Business,6,Explosives,0.0,0.0,Unknown,1971-08-01
197108140001,1971,8,14,603,United Kingdom,8,Western Europe,Northern Ireland,Belfast,54.607712,-5.95621,1,0.0,1,0,1,Assassination,4,Military,5,Firearms,1.0,,Official Irish Republican Army (OIRA),1971-08-01
197108150001,1971,8,15,217,United States,1,North America,Georgia,Fayetteville,33.44865,-84.454564,0,0.0,1,0,9,Unknown,3,Police,13,Unknown,1.0,0.0,Black Liberation Army,1971-08-01
197108150004,1971,8,15,217,United States,1,North America,Georgia,Atlanta,33.74502,-84.391669,0,0.0,1,0,2,Armed Assault,1,Business,5,Firearms,1.0,0.0,Black Liberation Army,1971-08-01
197108150005,1971,8,15,217,United States,1,North America,Vermont,Vernon,42.761624,-72.511495,-9,0.0,1,0,2,Armed Assault,21,Utilities,5,Firearms,0.0,1.0,Unknown,1971-08-01
197108180001,1971,8,18,217,United States,1,North America,Ohio,Cleveland,41.479561,-81.675461,0,0.0,1,0,3,Bombing/Explosion,22,Violent Political Party,6,Explosives,0.0,0.0,Unknown,1971-08-01
197108220001,1971,8,22,217,United States,1,North America,New York,New York City,40.697132,-73.931351,0,0.0,1,0,3,Bombing/Explosion,1,Business,6,Explosives,0.0,0.0,Armed Revolutionary Independence Movement (MIRA),1971-08-01
197108220002,1971,8,22,217,United States,1,North America,New Jersey,Hoboken,40.74617,-74.032814,0,0.0,1,0,7,Facility/Infrastructure Attack,1,Business,8,Incendiary,0.0,0.0,Armed Revolutionary Independence Movement (MIRA),1971-08-01
197108220003,1971,8,22,217,United States,1,North America,New York,New York City,40.697132,-73.931351,0,0.0,1,0,3,Bombing/Explosion,1,Business,6,Explosives,0.0,0.0,Armed Revolutionary Independence Movement (MIRA),1971-08-01
197108220004,1971,8,22,217,United States,1,North America,New York,New York City,40.697132,-73.931351,0,0.0,1,0,3,Bombing/Explosion,1,Business,6,Explosives,0.0,0.0,Armed Revolutionary Independence Movement (MIRA),1971-08-01
197108220005,1971,8,22,217,United States,1,North America,New York,New York City,40.697132,-73.931351,0,0.0,1,0,3,Bombing/Explosion,1,Business,6,Explosives,0.0,0.0,Armed Revolutionary Independence Movement (MIRA),1971-08-01
197108220006,1971,8,22,217,United States,1,North America,New York,New York City,40.697132,-73.931351,0,0.0,1,0,3,Bombing/Explosion,1,Business,6,Explosives,0.0,0.0,Armed Revolutionary Independence Movement (MIRA),1971-08-01
197108220007,1971,8,22,217,United States,1,North America,New York,New York City,40.697132,-73.931351,0,0.0,1,0,3,Bombing/Explosion,1,Business,6,Explosives,0.0,0.0,Armed Revolutionary Independence Movement (MIRA),1971-08-01
197108220008,1971,8,22,217,United States,1,North America,New York,New York City,40.697132,-73.931351,0,0.0,1,0,3,Bombing/Explosion,1,Business,6,Explosives,0.0,0.0,Armed Revolutionary Independence Movement (MIRA),1971-08-01
197108220009,1971,8,22,217,United States,1,North America,New York,New York City,40.697132,-73.931351,0,0.0,1,0,3,Bombing/Explosion,1,Business,6,Explosives,0.0,0.0,Armed Revolutionary Independence Movement (MIRA),1971-08-01
197108220010,1971,8,22,217,United States,1,North America,New York,New York City,40.697132,-73.931351,0,0.0,1,0,3,Bombing/Explosion,1,Business,6,Explosives,0.0,0.0,Armed Revolutionary Independence Movement (MIRA),1971-08-01
197108230001,1971,8,23,217,United States,1,North America,New Jersey,Hoboken,40.74617,-74.032814,0,0.0,1,0,7,Facility/Infrastructure Attack,1,Business,8,Incendiary,0.0,0.0,Armed Revolutionary Independence Movement (MIRA),1971-08-01
197108230002,1971,8,23,217,United States,1,North America,New Jersey,Hoboken,40.74617,-74.032814,0,0.0,1,0,7,Facility/Infrastructure Attack,1,Business,8,Incendiary,0.0,0.0,Armed Revolutionary Independence Movement (MIRA),1971-08-01
197108230003,1971,8,23,217,United States,1,North America,New Jersey,Hoboken,40.74617,-74.032814,0,0.0,1,0,7,Facility/Infrastructure Attack,1,Business,8,Incendiary,0.0,0.0,Armed Revolutionary Independence Movement (MIRA),1971-08-01
197108230004,1971,8,23,217,United States,1,North America,New Jersey,Hoboken,40.74617,-74.032814,0,0.0,1,0,7,Facility/Infrastructure Attack,1,Business,8,Incendiary,0.0,0.0,Armed Revolutionary Independence Movement (MIRA),1971-08-01
197108230005,1971,8,23,217,United States,1,North America,New Jersey,Hoboken,40.74617,-74.032814,0,0.0,1,0,7,Facility/Infrastructure Attack,1,Business,8,Incendiary,0.0,0.0,Armed Revolutionary Independence Movement (MIRA),1971-08-01
197108230006,1971,8,23,217,United States,1,North America,New York,New York City,40.697132,-73.931351,1,0.0,0,0,3,Bombing/Explosion,8,Educational Institution,6,Explosives,0.0,0.0,White supremacists/nationalists,1971-08-01
197108230007,1971,8,23,217,United States,1,North America,New York,New York City,40.697132,-73.931351,0,0.0,1,0,2,Armed Assault,1,Business,5,Firearms,0.0,0.0,Black Liberation Army,1971-08-01
197108240001,1971,8,24,185,Spain,8,Western Europe,Madrid,Madrid,40.465595,-3.696263,0,0.0,1,0,3,Bombing/Explosion,6,Airports & Aircraft,6,Explosives,0.0,0.0,Unknown,1971-08-01
197108240002,1971,8,24,217,United States,1,North America,Indiana,Hammond,41.583193,-87.499736,-9,0.0,1,0,7,Facility/Infrastructure Attack,2,Government (General),8,Incendiary,0.0,0.0,Unknown,1971-08-01
197108240003,1971,8,24,185,Spain,8,Western Europe,Madrid,Madrid,40.465595,-3.696263,0,0.0,1,0,3,Bombing/Explosion,6,Airports & Aircraft,6,Explosives,0.0,0.0,Black September,1971-08-01
197108250001,1971,8,25,603,United Kingdom,8,Western Europe,Northern Ireland,Belfast,54.607712,-5.95621,1,0.0,1,0,1,Assassination,4,Military,5,Firearms,1.0,,Irish Republican Army (IRA),1971-08-01
197108250002,1971,8,25,603,United Kingdom,8,Western Europe,Northern Ireland,Belfast,54.607712,-5.95621,0,0.0,1,0,3,Bombing/Explosion,1,Business,6,Explosives,1.0,,Irish Republican Army (IRA),1971-08-01
197108270001,1971,8,27,217,United States,1,North America,California,Los Angeles,34.097866,-118.407379,0,0.0,1,0,7,Facility/Infrastructure Attack,1,Business,8,Incendiary,0.0,0.0,Chicano Liberation Front,1971-08-01
197108280001,1971,8,28,217,United States,1,North America,California,San Francisco,37.755363,-122.443352,0,0.0,0,0,2,Armed Assault,3,Police,5,Firearms,0.0,2.0,Black Liberation Army,1971-08-01
197108280002,1971,8,28,98,Italy,8,Western Europe,Lazio,Rome,41.890961,12.490069,0,0.0,1,0,4,Hijacking,6,Airports & Aircraft,6,Explosives,0.0,0.0,Popular Front for the Liberation of Palestine (PFLP),1971-08-01
197108280003,1971,8,28,217,United States,1,North America,California,San Francisco,37.755363,-122.443352,0,1.0,1,0,3,Bombing/Explosion,3,Police,6,Explosives,,,"Weather Underground, Weathermen",1971-08-01
197108280004,1971,8,28,217,United States,1,North America,California,Sacramento,38.579065,-121.491014,0,1.0,1,0,3,Bombing/Explosion,2,Government (General),6,Explosives,0.0,0.0,"Weather Underground, Weathermen",1971-08-01
197108280005,1971,8,28,217,United States,1,North America,California,San Mateo,37.54703,-122.314834,0,0.0,1,0,3,Bombing/Explosion,2,Government (General),6,Explosives,0.0,0.0,Black Nationalists,1971-08-01
197108290001,1971,8,29,217,United States,1,North America,California,San Francisco,37.755363,-122.443352,0,0.0,1,0,2,Armed Assault,3,Police,5,Firearms,1.0,0.0,Black Liberation Army,1971-08-01
197108290002,1971,8,29,217,United States,1,North America,California,Vernon,34.097866,-118.407379,0,0.0,1,0,3,Bombing/Explosion,1,Business,6,Explosives,0.0,0.0,Chicano Liberation Front,1971-08-01
197108290003,1971,8,29,217,United States,1,North America,California,San Francisco,37.755363,-122.443352,0,0.0,1,0,3,Bombing/Explosion,1,Business,6,Explosives,0.0,0.0,"Weather Underground, Weathermen",1971-08-01
197108290004,1971,8,29,603,United Kingdom,8,Western Europe,Northern Ireland,Crossmaglen,54.077313,-6.608787,1,0.0,1,0,1,Assassination,4,Military,5,Firearms,1.0,,Irish Republican Army (IRA),1971-08-01
197108300001,1971,8,30,603,United Kingdom,8,Western Europe,Northern Ireland,Belfast,54.607712,-5.95621,1,0.0,1,0,1,Assassination,4,Military,5,Firearms,1.0,,Irish Republican Army (IRA),1971-08-01
197108300002,1971,8,30,217,United States,1,North America,Michigan,Pontiac,42.636876,-83.288425,0,0.0,1,0,3,Bombing/Explosion,19,Transportation,6,Explosives,0.0,0.0,Ku Klux Klan,1971-08-01
197109000001,1971,9,0,36,Cambodia,5,Southeast Asia,Phnom Penh,Phnom Penh,11.558831,104.917445,0,0.0,0,0,1,Assassination,7,Government (Diplomatic),6,Explosives,0.0,0.0,Unknown,1971-09-01
197109000002,1971,9,0,36,Cambodia,5,Southeast Asia,Phnom Penh,Phnom Penh,11.558831,104.917445,0,0.0,1,0,1,Assassination,7,Government (Diplomatic),6,Explosives,2.0,10.0,Unknown,1971-09-01
197109010001,1971,9,1,217,United States,1,North America,Georgia,Columbus,32.462925,-84.987629,0,0.0,1,0,3,Bombing/Explosion,8,Educational Institution,6,Explosives,0.0,0.0,White supremacists/nationalists,1971-09-01
197109020001,1971,9,2,217,United States,1,North America,North Carolina,Kannapolis,35.487474,-80.622003,0,0.0,1,0,7,Facility/Infrastructure Attack,8,Educational Institution,8,Incendiary,0.0,0.0,White supremacists/nationalists,1971-09-01
197109020002,1971,9,2,217,United States,1,North America,North Carolina,Fayetteville,35.078014,-78.963646,0,0.0,0,0,3,Bombing/Explosion,4,Military,6,Explosives,0.0,0.0,Left-Wing Militants,1971-09-01
